id,severity,firstPassSeverity,category,pattern,audience,surface,sourceFile,locus,quote,problem,whyItMatters,evidence,correction,confidence,verdict,persistsFrom,status,owner,notes
M08-002,Major,Major,DSM-5-TR accuracy,,both,rounds_questions.md,07_Evidence_and_Reading/Rounds_Questions/rounds_questions.md,page,"lasting ≥7 days (or any duration if hospitalization required), plus ≥3 of: **DIG FAST**",The manic-episode criterion B omits the rule that four symptoms (not three) are required when the mood is only irritable.,"Applying a threshold of 3 to irritable-only presentations over-diagnoses mania, and bipolar I is then a lifelong diagnosis with major treatment consequences. This distinction is also routinely tested on the shelf exam.",DSM-5-TR manic episode Criterion B: three or more symptoms (four if the mood is only irritable).,"lasting ≥7 days (or any duration if hospitalization required), plus ≥3 (≥4 if mood is only irritable) of: **DIG FAST**",high,confirmed,,open,,
M09-001,Major,Major,factual inaccuracies,,both,rapid_review.md,09_Exam_Prep/Shelf_High_Yield/rapid_review_buzzwords.md,page,MOUD (buprenorphine/methadone/naltrexone) reduces mortality.,Groups naltrexone with the opioid agonists as mortality-reducing. The mortality benefit is established for methadone and buprenorphine; naltrexone has shown no such association.,Learners who memorize this recall line will treat XR-naltrexone as interchangeable with agonist therapy on the outcome that most separates them. That affects how they counsel and choose a medication after an overdose.,"Larochelle MR et al., Ann Intern Med 2018;169:137-145 (PMID 29913516, doi:10.7326/M17-3107): methadone AHR 0.47 and buprenorphine AHR 0.63 for all-cause mortality after nonfatal overdose; naltrexone showed no association (AHR 1.44, CI 0.84-2.46).",methadone and buprenorphine reduce mortality; naltrexone has not been shown to (and requires an opioid-free window before starting).,high,modified,,open,,
M11-002,Major,Major,factual inaccuracies,,MS3,cotw_20260726_etohwd_ms3.md,08_Cases_and_Simulation/case-of-the-week/2026-07-26_alcohol-withdrawal-delirium-tremens_MS3.md,page,a shorter interval since the last drink at presentation,"The direction is reversed. In the cohort usually cited for this risk factor, patients who developed DT had gone MORE days since their last drink. Neither PAWSS nor the major reviews lists a short interval as a predictor of complicated withdrawal.","A learner would treat someone who presents 2-3 days after the last drink (already inside the DT window) as lower risk, which is exactly the patient who goes on to DT.","Ferguson JA et al. Risk factors for delirium tremens development. J Gen Intern Med 1996;11:410-4 (PMID 8842933): on multivariable analysis, more days since last drink (OR 1.3, 95% CI 1.09-1.61) and concurrent acute illness (OR 5.1) predicted DT.",a longer interval since the last drink at presentation (already late in the withdrawal timeline),medium,confirmed,,open,,
M11-001,Major,Major,factual inaccuracies,overlay-prose-mismatch,MS3,cotw_20260727_oud_ms3.md,08_Cases_and_Simulation/case-of-the-week/2026-07-27_opioid-use-disorder_MS3.md,topic_meta.tldr,"> One encounter, two failures: a COWS-threshold buprenorphine start precipitated withdrawal in a fentanyl-exposed patient, and the recovery is methadone or low-dose initiation - with acute pain treated alongside the MOUD, never instead of it.","The TL;DR (repeated verbatim as the 'Shelf-level takeaway' exam card) describes a different case. In the MS3 page, naloxone precipitated the withdrawal, no buprenorphine was given, and acute pain is never managed. The page's own answer is to start buprenorphine in the ED now, not methadone or low-dose initiation.","A learner who reads only the card takes away the wrong mechanism for this patient's withdrawal and the wrong next step (avoid a standard buprenorphine start). The page teaches the opposite. As a free-standing claim, 'the recovery is methadone or low-dose initiation' also leaves out that buprenorphine-precipitated withdrawal is usually treated first with more buprenorphine plus adjuncts.","Page text Q1/Q2 (naloxone-precipitated withdrawal) and Q5 'In this case... Buprenorphine is the practical answer — start it here'; Englander et al., JAMA Intern Med 2024 (ref 3), on managing precipitated withdrawal.","> Two toxidromes, one encounter: naloxone reversed the overdose and precipitated withdrawal. Observe for re-sedation, treat the withdrawal, start buprenorphine in the building, and send him out with naloxone and a named follow-up.",high,confirmed,,open,,
R01-002,Major,Major,emergency psychiatry,lithium-dialysis-threshold,Resident,cl_reference.md,14_Tracks/Resident/cl_reference.md,topic_meta.points,"Lithium: toxicity generally ≥1.5 mEq/L, dialysis if >4.0 (or >2.5 with severe signs) — treat the patient, not the number, in chronic toxicity.","The key-point card repeats the outdated '>2.5 with severe signs' dialysis floor. EXTRIP makes decreased consciousness, seizures or life-threatening dysrhythmias an indication at any level, and ties >4.0 to impaired kidney function.","The card is shown on its own above the page, so a resident could screen out a symptomatic patient with a lower level from dialysis.","Decker BS et al., EXTRIP, CJASN 2015;10:875-887.","Lithium: toxicity generally ≥1.5 mEq/L; dialysis for >4.0 with impaired kidney function, >5.0 regardless, or decreased consciousness, seizures or life-threatening dysrhythmias at any level — treat the patient, not the number, in chronic toxicity.",high,modified,,open,,
R01-001,Major,Major,emergency psychiatry,lithium-dialysis-threshold,Resident,cl_reference.md,14_Tracks/Resident/cl_reference.md,page,"- **Hemodialysis** if level **>4.0** mEq/L (any patient), or **>2.5** with severe neuro/renal signs or life-threatening features.","The dialysis rule uses the pre-EXTRIP level floor. Under EXTRIP, decreased consciousness, seizures or life-threatening dysrhythmias are indications for dialysis at any lithium level, and >4.0 is recommended when kidney function is impaired (>5.0 is suggested regardless).","In chronic toxicity, severe neurotoxicity often occurs at levels of 1.5–2.5. A resident using this 2 a.m. reference would not call for dialysis for a seizing or obtunded patient at a level of 2.2, which risks lasting neurologic injury (SILENT). The page's own advice to 'treat the patient, not the number' contradicts the rule.","Decker BS et al., EXTRIP Workgroup, 'Extracorporeal treatment for lithium poisoning', Clin J Am Soc Nephrol 2015;10:875-887. Recommended: [Li] >4.0 mEq/L with impaired kidney function, OR decreased consciousness, seizures or life-threatening dysrhythmias irrespective of [Li]. Suggested: [Li] >5.0, significant confusion, or expected time to [Li] <1.0 >36 h.","- **Hemodialysis (EXTRIP 2015):** recommended if level **>4.0** mEq/L with impaired kidney function, or with decreased consciousness, seizures, or life-threatening dysrhythmias **at any level**; suggested if **>5.0**, significant confusion, or expected time to <1.0 mEq/L exceeds 36 h despite optimal care.",high,confirmed,,open,,
Q4-002,Major,Major,emergency psychiatry,qb-rationale-contradicts-key,both,qb_sud_014,question_bank.json,rationale,"CIWA-Ar-guided benzodiazepines are the treatment, and DT vigilance is the priority.","The rationale's closing sentence says CIWA-Ar-guided dosing is the treatment. That contradicts the corrected key, which says 'not score-gated dosing alone' for a patient with a withdrawal seizure.","The item teaches two incompatible regimens. A learner who reads the rationale as the explanation of the key will leave with the score-gated regimen, which is the unsafe one for this patient.","ASAM Alcohol Withdrawal Management Guideline (2020), on benzodiazepine dosing after a withdrawal seizure and front-loading for high-risk patients. The keyed option in the same item agrees.","Prompt benzodiazepine with front-loaded or fixed-schedule dosing, supplemented by CIWA-Ar-triggered doses, is the treatment, and DT vigilance is the priority.",high,confirmed,A1C3-F001,open,,
Q4-001,Major,Major,emergency psychiatry,qb-rationale-contradicts-key,both,qb_sud_014,question_bank.json,item,Prior withdrawal seizure = highest predictor of future seizures; aggressive CIWA-Ar-guided benzodiazepines + DT monitoring is the standard.,"The keyed option was corrected (after A1C3-F001) to teach prompt benzodiazepine plus front-loaded or fixed-schedule dosing, 'not score-gated dosing alone', but the pearl still teaches CIWA-Ar-guided (score-gated) dosing as the standard. The item now contradicts itself.","The pearl is the line learners remember. A resident who acts on it writes a symptom-triggered-only order for a patient admitted after a withdrawal seizure. Benzodiazepine is then withheld whenever the score dips, during the window when recurrent seizures cluster, and those seizures can occur at low CIWA-Ar scores.","ASAM Clinical Practice Guideline on Alcohol Withdrawal Management (2020): patients with a withdrawal seizure should receive a benzodiazepine promptly, and front-loading or fixed-schedule dosing is appropriate for patients at high risk of complicated withdrawal. The item's own keyed option says the same thing.",Prior withdrawal seizure = strong predictor of future seizures; give a benzodiazepine promptly with front-loaded or fixed-schedule dosing plus symptom-triggered supplementation (not score-gated dosing alone) + DT monitoring.,high,confirmed,A1C3-F001,open,,
AQ2-001,Major,Major,factual inaccuracies,remediation-text-shipped,both,AR-34 Q6,audio-companion quiz deck data (see A3 transcript),item,"Re-key the item to match the deck's own overstatement-item convention (the key is the false claim): key 'The benefits of the program are uniform regardless of how long the patient was psychotic before treatment' as the common overstatement (its existing feedback already explains the DUP moderation), and reword the current keyed option into a true-statement distractor: 'The benefits were concentrated in patients with shorter duration of untreated psychosis (below the ~74-week median), so gains may be smaller when treatment starts late' — with feedback that this is an accurate limitation, not an overstatement: RAISE-ETP's moderator analysis showed greater benefit with shorter DUP, not that CSC is ineffective beyond 74 weeks.","The keyed answer option is a pasted editorial remediation instruction, not an answer choice; the prior fix (A3C2-F003) was applied as literal text into the option slot, so learners see a paragraph of reviewer instructions marked 'keyed correct'.",The item is unanswerable as shipped and exposes internal editorial text to learners; the stem remains double-keyed because the 'uniform benefit' distractor's feedback calls itself 'a common overstatement'.,"Prior finding A3C2-F003 (2026-09-01) on this item; Kane JM et al., Am J Psychiatry 2016 (RAISE-ETP 2-year: benefit greater with DUP below the 74-week median). Note Robinson DG et al., Schizophr Bull 2022;48(5):1021-1031 (doi:10.1093/schbul/sbac053): at 5 years DUP did NOT moderate the QLS advantage (P=.32), so the DUP moderation is a 2-year finding.","The 2-year benefits were concentrated in patients with shorter duration of untreated psychosis (below the 74-week median), so gains may be smaller when treatment starts late.",high,confirmed,A3C2-F003,open,,
AQ3-016,Major,Major,factual inaccuracies,cuijpers-combined-vs-cbt,both,AR-18 Q3,audio-companion quiz deck data (see A3 transcript),item,Combined treatment is superior to either pharmacotherapy or psychotherapy alone.,Mis-keyed: the cited meta-analysis found combined treatment superior to pharmacotherapy alone but NOT more effective than CBT alone at short or long term.,"Learners would state on rounds and exams that the paper showed combination beats psychotherapy, the opposite of its finding.","Cuijpers P et al., World Psychiatry 2023;22:105-15 (doi:10.1002/wps.21069): 'Combined treatment was more effective than pharmacotherapies alone ... but it was not more effective than CBT alone at either time point'; 'CBT was significantly more effective than other psychotherapies, but the difference was small (g=0.06) and became non-significant in most sensitivity analyses.'",Combined treatment is superior to pharmacotherapy alone but was not significantly more effective than CBT alone.,high,confirmed,,open,,
AQ3-017,Major,Major,factual inaccuracies,cuijpers-combined-vs-cbt,both,AR-18 Q3,audio-companion quiz deck data (see A3 transcript),rationale,The meta-analysis confirmed that the synergy of medication and therapy provides better outcomes than either treatment modality used in isolation.,Rationale inverts the finding for CBT alone.,Same false belief as the key.,"Cuijpers P et al., World Psychiatry 2023;22:105-15 (doi:10.1002/wps.21069): 'Combined treatment was more effective than pharmacotherapies alone ... but it was not more effective than CBT alone at either time point'; 'CBT was significantly more effective than other psychotherapies, but the difference was small (g=0.06) and became non-significant in most sensitivity analyses.'","The meta-analysis found combined treatment more effective than pharmacotherapy alone at short and longer-term follow-up, but not more effective than CBT alone.",high,confirmed,,open,,
AQ3-001,Major,Major,citation problems,remediation-instruction-shipped,both,AR-20 Q2,audio-companion quiz deck data (see A3 transcript),item,"Rewrite the item to the review's actual result, e.g. stem: 'A 2022 Cochrane review of 15 RCTs evaluated Shared Decision-Making (SDM) interventions in mental health care. Which outcome showed some evidence of improvement?' keyed to 'Patients' perceived involvement in the decision-making process immediately after the encounter', with feedback that effects on knowledge, overall satisfaction, and clinical outcomes were uncertain (low- to very-low-certainty evidence). Align Q6's feedback with the same summary, and attribute knowledge/decisional-conflict gains to the general patient decision-aid literature if that teaching point is kept.","The prior review's remediation instruction (A3C2-F007 'replacement') was pasted verbatim into the learner-facing stem; the options, key and feedback were never rewritten, so the item still keys 'Patient satisfaction and knowledge' while its own stem says that finding is uncertain.",Learners see an editorial instruction instead of a question and a key that contradicts it; the item teaches the Cochrane review backwards.,"Aoki Y et al., Shared decision-making interventions for people with mental health conditions, Cochrane Database Syst Rev 2022;11:CD007297 (doi:10.1002/14651858.CD007297.pub3): 15 RCTs; SDM 'may improve SDM-specific user-reported outcomes from encounters immediately after intervention' (SMD 0.63, low certainty); 'We are uncertain if SDM interventions improve users' overall satisfaction'; 'uncertain whether SDM interventions improve knowledge ... and the relationship between users and healthcare professionals'; clinical outcomes uncertain (very low certainty).",A 2022 Cochrane review of 15 RCTs evaluated shared decision-making (SDM) interventions in mental health care. Which outcome showed some evidence of improvement?,high,confirmed,A3C2-F007,open,,
AQ3-002,Major,Major,citation problems,sdm-cochrane-missummary,both,AR-20 Q2,audio-companion quiz deck data (see A3 transcript),item,Patient satisfaction and knowledge,The keyed answer is the one outcome set the named Cochrane review explicitly called uncertain; the only improved outcome was patients' perceived involvement immediately after the encounter (low-certainty evidence).,"Learners and residents would cite the Cochrane review as showing SDM improves knowledge and satisfaction, which it does not.","Aoki Y et al., Shared decision-making interventions for people with mental health conditions, Cochrane Database Syst Rev 2022;11:CD007297 (doi:10.1002/14651858.CD007297.pub3): 15 RCTs; SDM 'may improve SDM-specific user-reported outcomes from encounters immediately after intervention' (SMD 0.63, low certainty); 'We are uncertain if SDM interventions improve users' overall satisfaction'; 'uncertain whether SDM interventions improve knowledge ... and the relationship between users and healthcare professionals'; clinical outcomes uncertain (very low certainty).",Patients' perceived involvement in the decision immediately after the encounter,high,confirmed,A3C2-F007,open,,
AQ3-003,Major,Major,citation problems,sdm-cochrane-missummary,both,AR-20 Q2,audio-companion quiz deck data (see A3 transcript),rationale,The meta-analysis found that SDM interventions effectively enhanced how much patients knew about their treatment and how satisfied they were with the process.,"The rationale says SDM improved knowledge and satisfaction, but Aoki 2022 was uncertain on both. The replacement should not give one certainty grade to every outcome.",Teaches an efficacy claim the cited review does not support.,"Aoki Y et al., Shared decision-making interventions for people with mental health conditions, Cochrane Database Syst Rev 2022;11:CD007297 (doi:10.1002/14651858.CD007297.pub3): 15 RCTs; SDM 'may improve SDM-specific user-reported outcomes from encounters immediately after intervention' (SMD 0.63, low certainty); 'We are uncertain if SDM interventions improve users' overall satisfaction'; 'uncertain whether SDM interventions improve knowledge ... and the relationship between users and healthcare professionals'; clinical outcomes uncertain (very low certainty).","The review found low-certainty evidence that SDM interventions increase patients' perceived involvement in the decision immediately after the encounter; it was uncertain whether they improve knowledge, overall satisfaction or clinical outcomes.",high,modified,A3C2-F007,open,,
AQ3-013,Major,Major,factual inaccuracies,catie-ad-mmse-missummary,both,AR-23 Q2,audio-companion quiz deck data (see A3 transcript),rationale,"The study found an MMSE decline of −2.4 points over 36 weeks in the antipsychotic group compared to placebo, representing significant acceleration of the disease process.","The −2.4-point MMSE figure is the overall decline across all CATIE-AD patients (drug and placebo) over 36 weeks, not the antipsychotic-minus-placebo difference.",Learners would quote a drug effect roughly an order of magnitude too large as the CATIE-AD cognitive harm.,"Vigen CL et al., Am J Psychiatry 2011;168:831-9 (doi:10.1176/appi.ajp.2011.08121844): 'Overall, patients showed steady, significant declines ... MMSE; -2.4 points over 36 weeks'; cognition declined more with antipsychotics than placebo on MMSE, BPRS cognitive subscale and a cognitive summary score, 'consistent with 1 year's deterioration compared with placebo'.","All patients declined (MMSE −2.4 points over 36 weeks overall), and decline was significantly greater with antipsychotics than with placebo on the MMSE, BPRS cognitive subscale and a cognitive summary score — a magnitude the authors equated to about one year's additional deterioration.",high,confirmed,,open,,
AQ3-006,Major,Major,citation problems,remediation-instruction-shipped,both,AR-27 Q3,audio-companion quiz deck data (see A3 transcript),rationale,"Rewrite the item to the trial's published finding, e.g. stem: 'In BALANCE, how did lithium monotherapy compare with valproate monotherapy for relapse prevention?' keyed to 'Lithium was superior at preventing new intervention for an emergent mood episode of either pole (HR 0.71, 95% CI 0.51-1.00)', with feedback noting the primary outcome covered relapse of any polarity and the trial did not establish a specific depressive-pole advantage. Do not key a polarity-specific claim or the 0.63 figure unless it is verified against the paper's polarity-specific secondary outcomes in the full report.","The keyed feedback is a pasted editorial instruction. The key 'Depressive relapses' is supported by BALANCE's reported secondary analysis (HR 0.63), so the feedback should explain that result and mark it as secondary, not deny it.","Learners see an editorial instruction, and the item still teaches an unverified polarity-specific claim for choosing a maintenance agent; the stem/key need rewriting (or the item withdrawn) along the lines the instruction describes.","Geddes JR et al. (BALANCE), Lancet 2010;375:385-95 (doi:10.1016/S0140-6736(09)61828-6): primary outcome new intervention for an emergent mood episode of either pole; lithium vs valproate HR 0.71 (95% CI 0.51-1.00), combination vs valproate HR 0.59.","In the full report, lithium's advantage over valproate was most apparent for depressive relapses (HR 0.63, 95% CI 0.41–0.96) — a secondary, polarity-specific analysis; the primary outcome, new intervention for an emergent mood episode of either pole, favored lithium overall (HR 0.71, 95% CI 0.51–1.00).",medium,modified,A3C2-F006,open,,
AQ3-011,Major,Major,citation problems,sdoh-paper-misattribution,both,AR-29 Q1,audio-companion quiz deck data (see A3 transcript),item,The 2024 paper by Kirkbride et al. in 'World Psychiatry' used which of the following methods to establish the evidence base for social determinants of mental health?,"Misattribution: the 'umbrella review of 26 meta-analyses' (keyed) and the food-insecurity medium-effect finding (Q2) belong to Alon et al., Psychiatry Research 2024, not Kirkbride et al., World Psychiatry 2024, which is a narrative roadmap review.",Learners (and residents citing it) attach the wrong method and findings to a landmark paper; anyone checking Kirkbride will not find the keyed content.,"Alon N, ... Jeste DV. Social determinants of mental health in major depressive disorder: umbrella review of 26 meta-analyses and systematic reviews. Psychiatry Res 2024;335:115854 (doi:10.1016/j.psychres.2024.115854): childhood abuse/neglect, IPV in females and food insecurity associated with MDD with medium effect sizes. Kirkbride JB et al., World Psychiatry 2024;23:58-90 (doi:10.1002/wps.21160) is a narrative evidence-and-prevention roadmap across disorders, not a 26-meta-analysis umbrella review.",The 2024 umbrella review by Alon et al. in 'Psychiatry Research' used which of the following methods to establish the evidence base for social determinants of major depressive disorder?,high,confirmed,,open,,
M01-010,Moderate,Moderate,suicide assessment,denies-si-hi-shorthand,both,mse.html,02_Clinical_Skills/Mental_Status_Exam/mental-status-exam-module.html,tool,"Always document suicidal and homicidal ideation explicitly — including their absence. ""Denies SI/HI"" is not optional.","The tool presents 'Denies SI/HI' as the required documentation. The companion pocket guide in the same chunk warns against exactly that shorthand: its words-to-use-carefully list says '""Denies"" alone -> include what you asked and how risk was reasoned', and its can't-miss card says '""Denies SI/HI — no risk"" is not a risk assessment'.","Students will write 'denies SI/HI' as their whole safety record, without the questions asked or collateral findings. That kind of note fails to show an assessment took place.","Internal conflict with pg_interview.md; Joint Commission NPSG 15.01.01 EP 2-3 (screening with a validated tool followed by evidence-based assessment, documented).","Always document suicidal and homicidal ideation explicitly — including their absence, with what you asked (e.g., ""denies SI/HI when asked directly about thoughts, plan, and recent steps"").",medium,confirmed,,open,,
M01-002,Moderate,Moderate,suicide assessment,si-hi-escalation-threshold,both,orientation.md,14_Tracks/MS3/Student_Ready_Pack/01_orientation/MS3_orientation_packet.md,topic_meta.points,"Escalate immediately for: current suicidal intent or new plan, threats or escalating agitation","The key-point card sets escalation at intent/new plan and 'threats', leaving out SI/HI disclosed without intent or an overt threat. The wording should match the corrected page list (M01-001).","The card is shown without the page's context. A student may take it to mean that SI or HI short of intent or threat can wait for rounds, which contradicts the pocket guide's 'any positive answer goes now' rule.",pg_interview.md in this chunk: 'A positive answer anywhere above goes to your resident or attending now'.,"Escalate immediately for: any new or newly disclosed suicidal or homicidal thoughts, current suicidal intent or new plan, threats or escalating agitation",high,modified,,open,,
M01-001,Moderate,Moderate,suicide assessment,si-hi-escalation-threshold,both,orientation.md,14_Tracks/MS3/Student_Ready_Pack/01_orientation/MS3_orientation_packet.md,page,"- Current suicidal intent, new plan, access to lethal means, or sudden worsening.
- Threats toward others or escalating agitation.","The packet's 'escalate immediately' list sets the student's reporting threshold at intent/plan/means for suicide and at 'threats' for violence; it does not tell a student what to do when a patient discloses suicidal thoughts without stated intent, or homicidal thoughts about a person without an overt threat. The companion Interview & MSE pocket guide sets the correct, lower threshold ('A positive answer anywhere above goes to your resident or attending now').","An MS3 who cannot yet judge intent reliably may sit on a disclosure of passive or active SI, or of HI toward a named person, until rounds because it 'did not meet' the listed criteria; judging intent and deciding on duty-to-protect steps belong to the supervisor, not the student.","Internal inconsistency with pg_interview.md ('A positive answer anywhere above goes to your resident or attending now, not at the end of the day — the disposition call is theirs'); Joint Commission NPSG 15.01.01 (a positive screen triggers clinician assessment); duty-to-protect statutes differ by state and depend on identifying a victim, which is a supervisor-level decision.","- Any new or newly disclosed suicidal thoughts (even passive or without a plan), current suicidal intent, new plan, preparatory behavior, access to lethal means, or sudden worsening.
- Thoughts of harming or killing someone (especially a named person), threats toward others, or escalating agitation.",high,confirmed,,open,,
M01-005,Moderate,Moderate,citation problems,rosenhan-uncaveated,both,week1.md,01_Six_Week_Curriculum/Week_1_Foundations/README.md,topic_meta.points,"Rosenhan 1973 (labeling), and Appelbaum & Grisso 1988 (capacity) — three papers that shape","Rosenhan's 'On being sane in insane places' is recommended as a landmark with no caveat. Archival investigations since 2019 have documented serious evidence that the data were misreported or fabricated (for example, missing pseudopatients and an excluded participant whose experience contradicted the thesis).","Students on a national curriculum will cite this study as evidence that psychiatric diagnosis cannot tell the sane from the insane, a claim its own records do not support.",Scull A. 'Rosenhan revisited: successful scientific fraud.' Hist Psychiatry 2023 (PMID 36737877); Cahalan S. The Great Pretender (2019).,"Rosenhan 1973 (labeling — read with Scull 2023, which documents serious doubts about its data), and Appelbaum & Grisso 1988 (capacity) — three papers that shape",medium,not-verified (first-pass reviewer judgment),,open,,
M01-006,Moderate,Moderate,citation problems,rosenhan-uncaveated,both,week1.md,01_Six_Week_Curriculum/Week_1_Foundations/README.md,page,**Suggested reading:** Engel 1977 (biopsychosocial) · Rosenhan 1973 (labeling) · Appelbaum & Grisso 1988 (capacity).,The page text repeats the overlay: Rosenhan 1973 appears as suggested reading with no note of the documented concerns about its data.,Fixing only the overlay card would leave the page text recommending the study without a caveat.,Scull A. Hist Psychiatry 2023 (PMID 36737877); Cahalan 2019.,**Suggested reading:** Engel 1977 (biopsychosocial) · Rosenhan 1973 (labeling; read with Scull 2023 on the study's contested data) · Appelbaum & Grisso 1988 (capacity).,medium,not-verified (first-pass reviewer judgment),,open,,
M01-003,Moderate,Moderate,suicide assessment,si-hi-escalation-threshold,both,week1.md,01_Six_Week_Curriculum/Week_1_Foundations/README.md,page,"Escalate current intent, preparatory behavior, means access, intoxication/withdrawal, severe agitation, psychosis, or contradictory collateral.","The required Week 1 safety set tells students to ask directly about suicidal thoughts, but its escalation list begins at intent. It does not say that a disclosure of suicidal (or homicidal) thoughts by itself must go to the resident. There is also no homicidal-ideation item anywhere in the Week 1 set: the agitation bullet covers threats and behavior, not a disclosed wish to kill someone.","In their first week, students may conclude that ideation without stated intent is theirs to hold. They are not yet competent to decide that.",pg_interview.md in this chunk ('A positive answer anywhere above goes to your resident or attending now … the disposition call is theirs').,"Tell the resident the same encounter about any new suicidal or homicidal thoughts, and escalate immediately for current intent, preparatory behavior, means access, intoxication/withdrawal, severe agitation, psychosis, or contradictory collateral.",high,confirmed,,open,,
M01-004,Moderate,Moderate,emergency psychiatry,,both,week2.md,01_Six_Week_Curriculum/Week_2_Mood_Psychosis_Pharm/README.md,topic_meta.points,the screen is diagnostic and the lorazepam challenge can be therapeutic,"This sentence has the roles backwards. The Bush-Francis screening items (the first 14; positive if 2 or more) are a screen, not a diagnosis. The lorazepam challenge is the diagnostic test (a response supports catatonia), and it is also the start of treatment.","A student may record catatonia as diagnosed on the strength of a positive screen, skipping the DSM-5-TR criteria (3 of 12 features) and the medical workup. Or they may not realise that a negative or partial lorazepam response carries diagnostic weight.","Bush G et al., Acta Psychiatr Scand 1996;93:129-136 (BFCSI: 14-item screen, 2+ items positive; the lorazepam challenge confirmed the diagnosis in most cases); DSM-5-TR catatonia criteria (3 or more of 12 psychomotor features).","a positive screen prompts a supervised diagnostic assessment, and a lorazepam challenge both supports the diagnosis and begins treatment",high,confirmed,,open,,
M01-009,Moderate,Moderate,current psychopharmacology,,both,week2.md,01_Six_Week_Curriculum/Week_2_Mood_Psychosis_Pharm/README.md,page,Efficacy differences are small; the side-effect profile is what you are actually choosing.,"Stated without qualification, this leaves out clozapine, whose superior efficacy in treatment-resistant schizophrenia was shown in CATIE's own Phase 2E and in later network meta-analyses. The same absolute framing appears in the overlay ('not by generation') and in the reflection ('pick by profile, not class').","A student may conclude that after two failed antipsychotic trials, switching to a third agent chosen by side-effect profile is equivalent to clozapine. That delays the one evidence-based treatment for treatment resistance.","McEvoy JP et al., CATIE Phase 2E, Am J Psychiatry 2006;163:600-610 (clozapine more effective than switching to another atypical); Leucht S et al., Lancet 2013 network meta-analysis; APA Practice Guideline for Schizophrenia 2020 (clozapine for treatment-resistant schizophrenia).",Efficacy differences are small (except clozapine for treatment-resistant illness); the side-effect profile is what you are usually choosing.,high,confirmed,,open,,
M02-006,Moderate,Moderate,suicide assessment,passive-wish-credited-as-direct-si,both,sp-interview.html — Dana intent si_direct (patterns),_prototypes/sp-interview/sp-interview.html,tool,"""take (your|her) (own )?life"",
      ""thoughts? of dying"",
      ""wish(ed)? you (were dead|wouldn'?t wake)"",
      ""not (want(ing)? to )?wake up"",
      ""better off dead"",","NOT a drop-in-only fix. Applied alone, the deletion breaks the case. The si_active gate (and g_si_mixed for Marcus) requires si_direct, so a learner who asks exactly the question the house pocket guide lists first ('Have you wished you would not wake up?', pg_interview Safety Questions) would get no match. Dana or Marcus would then withhold the passive ideation they actually have, which is unrealistic and teaches that the passive question fails. The deletion also leaves most passive patterns in si_direct: 'better off dead' (PHQ-9 item-9 wording), 'want to die', 'thoughts about death/not waking up', 'better off without', 'not worth living', 'what's the point of living', and 'wish you weren't here'. The required fix: move all passive-wish patterns into a new intent si_passive (quality partial); add si_passive to the gate's requiresIntents so the disclosure still unlocks; add si_passive to c_si.partialIfOnly so full critical credit needs an active-ideation question.","The tool teaches that a passive death-wish question is an adequate suicide screen. In practice, a 'yes' or 'no' to a passive wish leaves active ideation unasked, and that is the question the case exists to train.","C-SSRS screener structure: Q1 wish to be dead, then Q2 'actually had any thoughts of killing yourself' as a separate required item. The case's own technique anchor: ""Asked about suicide plainly — 'killing yourself' / 'ending your life' — not euphemism"".","""take (your|her) (own )?life"",
      ""better off dead"",",medium,modified,,open,,
M02-009,Moderate,Moderate,hidden assumptions,,both,sp-interview.html — Dana debriefTeachingPoints[0],_prototypes/sp-interview/sp-interview.html,tool,"Rapport shapes how the rest of the interview goes, not whether she tells you.","The case is designed so that a plain question always gets full disclosure, and the debrief states this without flagging it as a simulation choice. Collateral from her husband, who heard what prompted the admission, is never mentioned as part of the risk assessment.","Learners may generalize that a plainly asked 'no' is reliable and ends the assessment. Most inpatients who die by suicide denied suicidal ideation at their last communication, which is why collateral belongs in the formulation.","Busch, Fawcett & Jacobs, J Clin Psychiatry 2003;64(1):14-19 (doi:10.4088/jcp.v64n0105): 78% of inpatient/immediately post-discharge suicides denied SI at last communication. VA/DoD Suicide Risk CPG (2024) on collateral information.","Rapport shapes how the rest of the interview goes, not whether she tells you — that is a design choice of this case. Real patients often deny when asked, so a plain 'no' never ends a risk assessment, and collateral from Tom, who heard what prompted the admission, belongs in it.",high,not-verified (first-pass reviewer judgment),,open,,
M02-008,Moderate,Moderate,suicide assessment,no-firearm-inquiry,both,sp-interview.html — Dana debriefTeachingPoints[3],_prototypes/sp-interview/sp-interview.html,tool,"Her plea about Tom and the pills is a values moment, not a promise to extract. Notice it; do not negotiate confidentiality you cannot keep.","The debrief never says that lethal-means counselling is still indicated: securing the sleeping pills, with Tom involved if she agrees. It also never mentions asking about firearms in the home once another method has been named. None of the three cases mentions firearms anywhere in hints, debriefs or reveals.","A learner may read honoring her plea as leaving the means alone. They may also stop at the method the patient names, even though firearms are the most lethal and the most modifiable home means.",VA/DoD Suicide Risk CPG (2024) recommendation on lethal-means safety counselling; Joint Commission NPSG 15.01.01 (2019) EP 5 (counselling and follow-up care including lethal means); AFSP/SPRC CALM guidance.,"Her plea about Tom and the pills is a values moment, not a promise to extract. Notice it; do not negotiate confidentiality you cannot keep. Means safety still follows: plan with her, and with her knowledge Tom, how the pills get secured, and ask whether there are firearms in the home even though she named pills — done openly with her, not around her.",high,modified,,open,,
M02-007,Moderate,Moderate,suicide assessment,passive-wish-credited-as-direct-si,both,sp-interview.html — Marcus intent si_direct (patterns),_prototypes/sp-interview/sp-interview.html,tool,"""take (your|his) (own )?life"",
      ""thoughts? of dying"",
      ""wish(ed)? you (were dead|wouldn'?t wake)"",
      ""not (want(ing)? to )?wake up"",","NOT a drop-in-only fix. Applied alone, the deletion breaks the case. The g_si_mixed gate requires si_direct, so a learner who asks exactly the question the house pocket guide lists first ('Have you wished you would not wake up?', pg_interview Safety Questions) would get no match. Marcus would then withhold the passive ideation they actually have, which is unrealistic and teaches that the passive question fails. The deletion also leaves most passive patterns in si_direct: 'better off dead' (PHQ-9 item-9 wording), 'want to die', 'thoughts about death/not waking up', 'better off without', 'not worth living', 'what's the point of living', and 'wish you weren't here'. The required fix: move all passive-wish patterns into a new intent si_passive (quality partial); add si_passive to the gate's requiresIntents so the disclosure still unlocks; add si_passive to c_si.partialIfOnly so full critical credit needs an active-ideation question.",Learners get full critical credit for a screen that never asks about thoughts of killing oneself.,C-SSRS screener Q1 vs Q2 distinction. The case's own anchor 'Screened suicide plainly despite the elevated surface'.,"""take (your|his) (own )?life"",",medium,modified,,open,,
M02-001,Moderate,Major,DSM-5-TR accuracy,mixed-features-mislabel,both,sp-interview.html — Marcus criticalMiss.partial,_prototypes/sp-interview/sp-interview.html,tool,Marcus had a mixed-features 'flicker' this week that scared him — elevated does not mean safe.,This calls one fleeting 'what's even the point' thought during a one-hour irritable 'flip' a mixed-features presentation. DSM-5-TR 'with mixed features' needs at least 3 depressive symptoms present on most days of the manic episode. Irritability is a manic symptom and does not count toward it.,"Learners, and shelf takers, will come away thinking that a single transient suicidal thought or irritability during mania meets the mixed-features specifier. The result is a wrong specifier and a garbled idea of what mixed features means.","DSM-5-TR (2022), Bipolar I disorder, 'with mixed features' specifier: ≥3 of dysphoria/depressed mood, anhedonia, psychomotor retardation, fatigue, guilt/worthlessness, recurrent thoughts of death/SI, present on the majority of days of the current or most recent manic/hypomanic episode.",Marcus had a fleeting 'what's the point' flicker during an irritable crash this week that scared him — elevated does not mean safe.,high,confirmed,,open,,
M02-002,Moderate,Major,DSM-5-TR accuracy,mixed-features-mislabel,both,sp-interview.html — Marcus debriefTeachingPoints[3],_prototypes/sp-interview/sp-interview.html,tool,Mixed features hide inside the velocity; Marcus's Tuesday 'flicker' only surfaces when asked plainly,"The debrief presents Marcus's single passing thought as an example of mixed features, which it is not under DSM-5-TR (≥3 depressive symptoms on most days). The general point, that suicidal thoughts can be hidden inside a manic presentation, is correct.","This teaching point is the one learners take away. As written, it teaches a wrong threshold for a DSM-5-TR specifier that affects treatment choice and is tested on the shelf.","DSM-5-TR (2022) mixed-features specifier criteria (≥3 depressive symptoms, majority of days).",Suicidal thoughts can hide inside the velocity even when full mixed features are absent; Marcus's Tuesday 'flicker' only surfaces when asked plainly,high,modified,,open,,
M02-004,Moderate,Moderate,DSM-5-TR accuracy,,both,sp-interview.html — Marcus debriefTeachingPoints[4],_prototypes/sp-interview/sp-interview.html,tool,Whether this is antidepressant-emergent activation or unmasked bipolar disorder is a discussion for rounds,"This frames the diagnosis as an open question without giving the DSM-5-TR rule that decides it. A full manic syndrome that emerges during antidepressant treatment and persists beyond the drug's physiological effect counts as a manic episode, which makes it bipolar I. Marcus has a full syndrome, needed hospitalization, and has been off the drug for 2 weeks.","A learner may apply the old DSM-IV exclusion and conclude that antidepressant-associated mania does not count toward bipolar I. That error is shelf-tested, and it changes long-term treatment, including mood-stabilizer use and avoiding antidepressant monotherapy.","DSM-5-TR (2022) Bipolar I disorder, Criterion A note for manic episode: 'A full manic episode that emerges during antidepressant treatment ... but persists at a fully syndromal level beyond the physiological effect of that treatment is sufficient evidence for a manic episode and, therefore, a bipolar I diagnosis.'",DSM-5-TR is explicit that a full manic syndrome persisting beyond the antidepressant's physiological effect counts as a manic episode (bipolar I) rather than a side effect; how that applies here is a discussion for rounds,high,not-verified (first-pass reviewer judgment),,open,,
M02-005,Moderate,Moderate,suicide assessment,si-disclosure-no-followup,both,sp-interview.html — Marcus hints.c_si,_prototypes/sp-interview/sp-interview.html,tool,"He's up — which is exactly why you screen. Ask plainly about thoughts of killing himself, especially about the crash windows.","Unlike Dana's case, Marcus's case has no follow-up once he discloses. His 'flicker' earns full critical credit, and nothing prompts plan, intent, access to means including firearms, or past attempts. This is an impulsive manic patient with a family history of bipolar disorder.","Learners are rewarded for stopping at 'it passed, I'd tell you' after a suicidal-thought disclosure in a manic patient. Impulsivity is exactly where means access and intent matter most.","VA/DoD Suicide Risk CPG (2024) and Joint Commission NPSG 15.01.01 EP 3–5: a positive screen is followed by an evidence-based assessment of ideation, plan, intent, behavior and access to lethal means. Mania and impulsivity are recognized acute risk factors.","He's up — which is exactly why you screen. Ask plainly about thoughts of killing himself, especially about the crash windows — and if he names anything, follow it: plan, intent, access to means including firearms, and past attempts.",medium,confirmed,,open,,
M02-013,Moderate,Moderate,misleading wording,,both,sp-interview.html — Ray intent challenge_delusion (patterns),_prototypes/sp-interview/sp-interview.html,tool,"""no one('?s| is) (watching|following|after|poisoning|recording|pumping)"",","Ray opens by asking whether he is being recorded, and the case credits answering honestly ('no one is recording'; 'Introduced self ... addressed the recording question honestly'). The same words also match the challenge_delusion flag. So the honest answer is also flagged as reality-testing the delusion: rapport drops by 2, the command-hallucination gate is blocked, and Ray replies 'You think I'm crazy. We're done here.'","Learners are penalized for truthfully answering a factual question, and their feedback wrongly calls it challenging the delusion. That teaches them to avoid honesty with paranoid patients, the opposite of the case's goal.",Internal: greeting_agenda pattern 'no one('?s| is) recording' and the anchor 'honesty about recording' vs this flag pattern. Transparency about recording and documentation is standard advice for paranoid patients.,"""no one('?s| is) (watching|following|after|poisoning|pumping)"",",high,not-verified (first-pass reviewer judgment),,open,,
M02-010,Moderate,Moderate,emergency psychiatry,no-firearm-inquiry,both,sp-interview.html — Ray debriefTeachingPoints[2],_prototypes/sp-interview/sp-interview.html,tool,"here the danger points outward, toward the neighbors the voice names.","The debrief teaches screening for thoughts of harming others but not weapon/firearm access, past violence, or same-day escalation of an identified-target disclosure.","An MS3 who hears this disclosure may note it without asking about weapon access or escalating. For a resident, identifiable targets can raise duty-to-protect questions, and those depend on this information.","NICE NG10 (2015) and APA Practice Guidelines for Psychiatric Evaluation of Adults (3rd ed., 2016), Guideline II on violence-risk assessment: access to firearms/weapons, history of violence, specific targets. Threat/control-override symptoms are a recognized violence correlate in psychosis.","here the danger points outward, toward the neighbors the voice names — so also ask about access to weapons, including firearms, and any past violence, and tell your supervising team the same day.",high,modified,,open,,
M02-012,Moderate,Moderate,suicide assessment,si-disclosure-no-followup,both,sp-interview.html — Ray hints.c_si,_prototypes/sp-interview/sp-interview.html,tool,Screen suicide plainly; his exhaustion is real even though the danger feels external.,"Ray's 'open' answer to the suicide screen discloses a passive death wish ('wished I could just sleep and not wake up'). The case has no follow-up item, no hint and no debrief point about it. This is a first-episode psychosis with command hallucinations and food refusal, a high-risk period for suicide.",Learners take the 'No. I want to LIVE' framing at face value and leave a disclosed death wish unexplored.,"VA/DoD Suicide Risk CPG (2024) on follow-up of a positive screen. Elevated suicide risk in early/first-episode psychosis is well established (e.g., APA Schizophrenia Practice Guideline 2020, assessment of suicide risk).","Screen suicide plainly; his exhaustion is real even though the danger feels external — and if he names even a wish not to wake up, follow it: plan, intent, means, past attempts.",medium,confirmed,,open,,
M02-011,Moderate,Moderate,emergency psychiatry,,both,sp-interview.html — Ray hints.c_medical,_prototypes/sp-interview/sp-interview.html,tool,"Medications, head injury, fever — the organic screen matters in new psychosis.","Ray's scripted environmental and sensory symptoms (headaches on waking that worsen with the heat, a smell, a metallic taste) fit a combustion-gas/CO exposure and also widen the neurologic differential. The organic-screen hint never prompts either, so learners are taught to fold these symptoms into the delusion. A COHb level would not help on hospital day 2, so the prompt should be an exposure history, not a lab.","Learners may learn to fold real somatic and environmental clues into the delusion, and miss a treatable or dangerous exposure that can coexist with psychosis.","Standard CO-poisoning teaching (e.g., CDC CO clinical guidance): headache, fatigue and nausea that are worse at home or when heating is in use and improve away from home. Atypical sensory modalities in first-episode psychosis prompt neurologic workup (APA Schizophrenia Practice Guideline, 3rd ed., 2020, initial evaluation).","Medications, head injury, fever — the organic screen matters in new psychosis. His morning headaches that worsen when the heat runs, the smell and the metallic taste deserve a real answer too: ask whether anyone else in the building has symptoms and whether the apartment has a working carbon-monoxide detector, and remember that smell/taste phenomena widen the neurologic differential.",medium,modified,,open,,
M03-003,Moderate,Moderate,factual inaccuracies,,both,ddx.md,02_Clinical_Skills/Differential_Diagnosis/inpatient_differential_scaffolds.md,page,"medication effects (e.g., interferon, steroids), pancreatic/CNS disease, pseudodementia in elders.","'Pseudodementia' means depression that looks like dementia, so it cannot be a medical mimic of depression; the direction is reversed. The list also leaves out hypoactive delirium, which is the classic inpatient mimic of depression. Section 6 of the same page uses the term correctly: 'depression (pseudodementia)'.","A withdrawn, slowed older patient with hypoactive delirium may be labelled depressed and started on an antidepressant while the medical cause goes untreated. This is the can't-miss the scaffold is meant to catch.","Standard C-L teaching: in hospitalized patients referred for 'depression', hypoactive delirium is frequently the actual diagnosis (e.g., Farrell & Ganzini, Arch Intern Med 1995). NICE CG103 delirium guideline (hypoactive subtype).","medication effects (e.g., interferon, steroids), pancreatic/CNS disease, hypoactive delirium and early neurocognitive disorder in elders.",high,not-verified (first-pass reviewer judgment),,open,,
M03-004,Moderate,Moderate,suicide assessment,screen-as-assessment,both,ddx.md,02_Clinical_Skills/Differential_Diagnosis/inpatient_differential_scaffolds.md,page,- **First move:** explicit C-SSRS + collaborative safety plan;,"Makes a structured screening/severity instrument plus a safety plan the whole first move for a suicidal patient. It leaves out the clinician's risk formulation: acute versus chronic risk factors, access to means including firearms, collateral, and intoxication.",An MS3 may treat a completed C-SSRS as the suicide assessment and skip means inquiry and collateral. That is the screening-versus-assessment confusion the curriculum warns against elsewhere.,"Joint Commission NPSG 15.01.01 (EP 2 screening with a validated tool vs EP 3 evidence-based assessment by a clinician); APA Practice Guideline for Psychiatric Evaluation of Adults (2016), Guideline III (suicide risk assessment).","- **First move:** a direct suicide risk assessment (C-SSRS can structure the questions; add means/firearm access, intoxication and collateral) + collaborative safety plan;",medium,confirmed,,open,,
M03-005,Moderate,Moderate,outdated recommendations,,both,medical_workup.md,03_Core_Topics/Medical_Workup/medical_workup_inpatient_teaching.md,page,urinalysis with culture (especially in older adults — UTI is a classic delirium driver),Puts a urine culture in the core screen for 'most new admissions' and frames UTI as the delirium driver. Current guidance advises against urine cultures and against treating bacteriuria in older adults with delirium unless they have urinary or systemic signs.,"Asymptomatic bacteriuria is common in older adults. Routine cultures lead to attributing the delirium to a 'UTI', unnecessary antibiotics (and C. difficile), and anchoring that stops the search for the real cause.","IDSA Clinical Practice Guideline for Asymptomatic Bacteriuria (Nicolle et al., Clin Infect Dis 2019): in older patients with functional/cognitive impairment, bacteriuria and delirium without local GU or systemic signs, assess for other causes rather than treat. AMDA/AGS Choosing Wisely: do not obtain a urine culture unless there are clear signs and symptoms of UTI.","urinalysis, with culture when there are urinary symptoms, fever or systemic signs (asymptomatic bacteriuria is common in older adults and should not end the delirium search)",medium,not-verified (first-pass reviewer judgment),,open,,
M03-001,Moderate,Major,current psychopharmacology,snri-first-line-ocd,both,t_anxiety.md,03_Core_Topics/Anxiety/anxiety_trauma_ocd_inpatient_teaching.md,page,"**SSRIs and SNRIs are first-line** across anxiety disorders, OCD, and PTSD","The prose says SNRIs are first-line for OCD. That contradicts the page's TL;DR and its own exam anchors: an SSRI is first-line for OCD, and SNRIs are not.",A learner (or a shelf answer) could choose venlafaxine as the initial OCD agent. The TL;DR fix left the prose sentence contradicting it.,"APA Practice Guideline for OCD (2007; 2013 Guideline Watch): SSRIs and clomipramine are first-line medications, and venlafaxine is a second-line/augmentation option. Same defect as prior finding MS3V03-F002, which fixed only the TL;DR.","**SSRIs are first-line** across anxiety disorders, OCD, and PTSD (SNRIs are also first-line for anxiety disorders and venlafaxine is an option for PTSD, but not for OCD)",high,modified,,open,,
M03-002,Moderate,Moderate,current psychopharmacology,snri-first-line-ocd,both,t_anxiety.md,03_Core_Topics/Anxiety/anxiety_trauma_ocd_inpatient_teaching.md,page,"- SSRIs/SNRIs are first-line; benzodiazepines are a liability on the unit, not a maintenance plan.","This pearl stands on its own and sits beside an OCD pearl, so it reads as SNRIs being first-line across the page's scope, OCD included. That contradicts the TL;DR.",Pearls are the part learners memorise. This one repeats the SNRI-for-OCD error the TL;DR fix was meant to remove.,"APA OCD guideline 2007/2013 Guideline Watch; page TL;DR ('SNRIs are alternatives for anxiety disorders and PTSD, not OCD').","- SSRIs are first-line (SNRIs also for anxiety disorders, venlafaxine for PTSD, not OCD); benzodiazepines are a liability on the unit, not a maintenance plan.",high,modified,,open,,
M03-006,Moderate,Moderate,DSM-5-TR accuracy,,both,t_mood.md,03_Core_Topics/Mood/mood_disorders_inpatient_teaching.md,topic_meta.quiz,*Rationale:* This is bipolar mania; discontinue the antidepressant and begin an antimanic agent while protecting sleep.,Calls any mania that appears on an SSRI 'bipolar mania' without qualification. DSM-5-TR counts antidepressant-emergent mania toward bipolar I only if it persists at a fully syndromal level beyond the drug's physiological effect; otherwise the diagnosis is substance/medication-induced bipolar disorder. The keyed management is correct.,"Learners will assign a lifelong bipolar I diagnosis at first presentation, and they will miss a distinction that NBME items test directly.","DSM-5-TR Bipolar I Disorder, Manic Episode Criterion D note; DSM-5-TR Substance/Medication-Induced Bipolar and Related Disorder.","*Rationale:* Treat this as mania now: discontinue the antidepressant and begin an antimanic agent while protecting sleep. If full mania persists beyond the antidepressant's physiological effect, DSM-5-TR counts it toward bipolar I.",high,not-verified (first-pass reviewer judgment),,open,,
M03-008,Moderate,Moderate,misleading wording,,both,t_personality.md,03_Core_Topics/Personality/personality_disorders_inpatient_teaching.md,topic_meta.cant,Avoid polypharmacy and reactive medication changes driven by crises — they rarely help and can harm.,"The page names diagnostic overshadowing as 'the cardinal error': under-treating an acute mood, psychotic, substance or medical illness, or an acute-on-chronic rise in suicide risk, because of a BPD label. The standalone can't-miss card leaves that out and features polypharmacy instead. The overlay and the prose disagree on what cannot be missed.",A learner using only the card may attribute an acute escalation to 'the personality disorder' and miss a treatable illness or a real rise in suicide risk.,Page prose: 'The cardinal error is *diagnostic overshadowing*'; 'Distinguish chronic suicidality ... from acute-on-chronic escalation'.,"Don't let a BPD label overshadow an acute mood, psychotic, substance or medical illness, or an acute rise above chronic suicide risk; avoid polypharmacy and reactive medication changes driven by crises.",medium,not-verified (first-pass reviewer judgment),,open,,
M03-007,Moderate,Moderate,citation problems,,both,t_personality.md,03_Core_Topics/Personality/personality_disorders_inpatient_teaching.md,page,(prefer a sedating antihistamine or low-dose quetiapine over benzodiazepines and TCAs),"Places 'low-dose quetiapine' inside the 'NICE rule'. NICE CG78 names only a sedative antihistamine, chosen for a low side-effect profile, low misuse potential and relative safety in overdose. Quetiapine is not named and does not fit the overdose-safety criterion well.","It gives off-label quetiapine NICE backing for crisis sedation in a population with high overdose rates. Quetiapine carries metabolic, QTc and overdose risks.","NICE CG78 Borderline personality disorder (2009), recs 1.3.5.1-1.3.5.2 (short-term sedative in crisis, ≤1 week; 'choose a drug (such as a sedative antihistamine) that has a low side-effect profile, low addictive properties, minimum potential for misuse and relative safety in overdose').","(NICE names a sedative antihistamine — low side-effect burden, low misuse potential, relatively safe in overdose — rather than a benzodiazepine)",medium,not-verified (first-pass reviewer judgment),,open,,
M04-001,Moderate,Moderate,outdated recommendations,refeeding-start-low-go-slow,both,t_eating.md,03_Core_Topics/Eating_Disorders/eating_disorders_inpatient_teaching.md,topic_meta.points,"Refeeding syndrome — start low, go slow, watch phosphate, give thiamine.","The overlay card still teaches blanket 'start low, go slow' refeeding, while the page prose (remediated after prior finding MS3V04-F002) now correctly says current guidance favours higher-calorie refeeding with electrolyte surveillance over prolonged underfeeding. Overlay and prose contradict each other.","A learner reading the stripped card will advocate conservative low-calorie starts for all malnourished patients, prolonging underfeeding (itself harmful, with longer admissions) contrary to SAHM 2022 guidance and the page's own text.","SAHM position paper 2022 (J Adolesc Health) — higher-calorie refeeding is safe in mild–moderate malnutrition with electrolyte monitoring; StRONG trial (Garber et al., JAMA Pediatr 2021); RCPsych MEED 2022. Page prose on this same page: 'The safe posture is close monitoring, not prolonged underfeeding'. Residue of prior finding MS3V04-F002 (prose fixed, overlay not).","Refeeding syndrome — refeed per protocol with close electrolyte surveillance rather than prolonged underfeeding; watch phosphate, give thiamine.",high,not-verified (first-pass reviewer judgment),,open,,
M04-003,Moderate,Moderate,factual inaccuracies,,both,t_eating.md,03_Core_Topics/Eating_Disorders/eating_disorders_inpatient_teaching.md,page,**olanzapine** may modestly help weight and obsessionality in AN,"The key RCT (Attia et al., Am J Psychiatry 2019) found a modest BMI benefit for olanzapine but no significant difference versus placebo in obsessionality (YBOCS obsessions subscale), which was a co-primary outcome.",A learner will believe olanzapine treats the obsessional/psychological core of AN and may recommend it on that basis; the trial found no psychological benefit.,"Attia E et al. Olanzapine versus placebo in adult outpatients with anorexia nervosa: RCT. Am J Psychiatry 2019;176(6):449-456 (PMID 30654643, doi:10.1176/appi.ajp.2018.18101125): 'no significant difference between treatment groups in change in the YBOCS obsessions subscale ... modest therapeutic effect ... on weight ... but no significant benefit for psychological symptoms.'",**olanzapine** may modestly help weight (but not obsessionality) in AN,high,not-verified (first-pass reviewer judgment),,open,,
M04-002,Moderate,Moderate,outdated recommendations,refeeding-start-low-go-slow,both,t_eating.md,03_Core_Topics/Eating_Disorders/eating_disorders_inpatient_teaching.md,page,"**Refeeding syndrome = watch the phosphate** — start low, go slow, replete phosphate, give thiamine; the most malnourished are the highest risk.","The high-yield pearl repeats 'start low, go slow' as the refeeding rule, contradicting the page's own refeeding section, which says current guidance supports higher-calorie refeeding with electrolyte surveillance and reserves the most conservative starts for the most severely malnourished.",Pearls are what learners memorise; this one reinstates the superseded blanket-underfeeding teaching the prose was corrected to remove.,"SAHM 2022 refeeding position paper; StRONG trial (Garber et al., JAMA Pediatr 2021); RCPsych MEED 2022; same page's refeeding paragraph.","**Refeeding syndrome = watch the phosphate** — refeed per protocol with close electrolyte monitoring (conservative starts only for the most severely malnourished), replete phosphate, give thiamine; the most malnourished are the highest risk.",high,not-verified (first-pass reviewer judgment),,open,,
M04-007,Moderate,Moderate,misleading wording,,both,t_geri.md,03_Core_Topics/Geriatric/geriatric_psychiatry_inpatient_teaching.md,topic_meta.points,Effortful 'I don't know' answers with disengagement suggest pseudodementia — treat the depression and cognition improves.,"The card promises that cognition improves once the depression is treated. Late-life depression with cognitive impairment often does not fully resolve and carries a high risk of later dementia, so this is taught as reassurance rather than a reason for follow-up. The quiz option on the same page says 'treat the depression and retest cognition', which is the safer framing.","A learner may reassure the family and close the cognitive question when the mood lifts, missing an early neurodegenerative process that needs follow-up.","Alexopoulos GS et al., Am J Psychiatry 1993;150:1693-1699 — 'reversible dementia' of depression: about 43% developed irreversible dementia over roughly 3 years, vs about 12% of depressed patients without cognitive impairment; the association between late-life depression and later dementia is repeatedly replicated.","Effortful 'I don't know' answers with disengagement suggest pseudodementia — treat the depression and retest cognition; follow it after remission, because depression with cognitive impairment often precedes dementia.",medium,not-verified (first-pass reviewer judgment),,open,,
M04-005,Moderate,Moderate,citation problems,overlay-prose-conflict,both,t_perinatal.md,03_Core_Topics/Perinatal/perinatal_psychiatry_inpatient_teaching.md,topic_meta.points,"Postpartum psychosis typically appears in the first 1–4 weeks, recurs in 30–50% of subsequent deliveries, and is bipolar-spectrum until proven otherwise — screen for prior mania.","The card's unsourced 30–50% recurrence figure conflicts with the page's own evidence-backed pearl (~29% severe recurrence after a prior postpartum psychosis, per the cited Wesseloo 2016 meta-analysis) and with the page's statement that data are insufficient to quote a figure for bipolar-plus-prior-episode.","Learners see two different recurrence numbers for the same counselling question, and the card's figure is not what the linked evidence source reports.","Wesseloo R et al., Am J Psychiatry 2016;173:117-127 (PMID 26514657): severe postpartum episodes in 29% (95% CI 20–41) of women with a history of postpartum psychosis; overall high-risk relapse 35%; insufficient data for bipolar + prior postpartum episode. Page pearl on this surface quotes the same ~29%.","Postpartum psychosis typically appears in the first 1–4 weeks, recurs as a severe episode after roughly 29% of subsequent deliveries in women with a prior episode, and is bipolar-spectrum until proven otherwise — screen for prior mania.",high,not-verified (first-pass reviewer judgment),,open,,
M04-006,Moderate,Moderate,current psychopharmacology,,both,t_perinatal.md,03_Core_Topics/Perinatal/perinatal_psychiatry_inpatient_teaching.md,page,"for postpartum depression specifically, zuranolone is an oral option.",Zuranolone is introduced with no mention of its boxed warning (CNS-depressant effects impairing driving; patients must not drive or do hazardous activities for at least 12 hours after each dose) or its fixed 14-day course.,The patient population is new mothers who often drive with an infant; a learner who counsels or documents zuranolone without the driving restriction omits the label's central safety instruction.,"Zurzuvae (zuranolone) US prescribing information, FDA approval Aug 2023 — BOXED WARNING: impaired ability to drive or engage in other potentially hazardous activities; advise not to drive for at least 12 hours after administration; 14-day course taken in the evening with fat-containing food.","for postpartum depression specifically, zuranolone is an oral 14-day option (boxed warning: CNS depression — no driving or other hazardous activity for at least 12 hours after each dose).",high,confirmed,,open,,
M04-017,Moderate,Moderate,legal/ethical issues,paraphilia-reporting-overbroad,both,t_sexual.md,03_Core_Topics/Sexual_Gender/sexual_paraphilic_gender_inpatient_teaching.md,topic_meta.cant,Paraphilic disorders involving a child or non-consenting person raise safety and reporting duties.,"The card implies that paraphilic behavior against any non-consenting person creates a reporting duty. Mandated reporting covers child abuse and, by state, elder or dependent-adult abuse. For competent adult victims, disclosure is justified only under duty-to-protect law.","A learner could breach confidentiality, and HIPAA, by 'reporting' disclosed paraphilic behaviour against adults, or could miss that the real trigger is a threat to an identifiable person under their state's law.",State mandatory-reporting statutes (child abuse universal; elder/dependent-adult abuse by state); Tarasoff v Regents (Cal 1976) and state duty-to-protect statutes (mandatory/permissive/none); HIPAA 45 CFR 164.512(j) (serious and imminent threat).,"Paraphilic disorders involving a child (or a vulnerable adult) can trigger mandated abuse reporting; with non-consenting adults, confidentiality holds unless your state's duty-to-protect law is triggered by a credible threat to an identifiable person.",medium,modified,,open,,
M04-018,Moderate,Moderate,legal/ethical issues,paraphilia-reporting-overbroad,both,t_sexual.md,03_Core_Topics/Sexual_Gender/sexual_paraphilic_gender_inpatient_teaching.md,page,- Non-consenting paraphilic behavior triggers safety and reporting duties.,"The pearl states that any non-consenting paraphilic behaviour triggers reporting duties; mandated reporting applies when a child (or, under APS statutes, an elder or dependent adult) is at risk, and otherwise only state duty-to-protect rules apply to a credible threat. The reviewer's correction left out vulnerable-adult reporting.",A learner could breach confidentiality over a disclosure that no statute requires reporting.,As for the overlay finding: state child/elder-abuse reporting statutes; state duty-to-protect laws (mandatory/permissive/none); HIPAA 45 CFR 164.512(j).,"- A child (or, in most states, an elder or dependent adult) at risk triggers protective-services reporting; other non-consenting paraphilic behavior triggers a safety assessment and, only for a credible threat to an identifiable person, your state's duty-to-protect rules.",medium,modified,,open,,
M04-016,Moderate,Moderate,outdated recommendations,,both,t_sleep.md,03_Core_Topics/Sleep/sleep_wake_disorders_inpatient_teaching.md,page,iron repletion and dopaminergic/alpha-2-delta agents for restless legs,"The page lists dopaminergic agents alongside alpha-2-delta ligands for RLS. The 2024 AASM guideline strongly recommends alpha-2-delta ligands and iron, and conditionally recommends against standard use of pramipexole, ropinirole and rotigotine because of augmentation.","A learner would treat dopamine agonists as an equal first choice, which puts patients at risk of augmentation (worsening, earlier-onset RLS), the reason the guideline moved away from them.","Winkelman JW et al., Treatment of restless legs syndrome and periodic limb movement disorder: an AASM clinical practice guideline, J Clin Sleep Med 2025;21(1):137-152 (released 2024) — strong for gabapentin enacarbil, gabapentin, pregabalin, IV ferric carboxymaltose; conditional against standard use of pramipexole, ropinirole, rotigotine.","iron repletion and alpha-2-delta ligands (gabapentin, pregabalin) for restless legs — the 2024 AASM guideline advises against standard use of dopamine agonists because of augmentation",high,not-verified (first-pass reviewer judgment),,open,,
M05-005,Moderate,Moderate,current psychopharmacology,,both,agitation.md,04_Acute_and_Safety/Agitation_and_Restraint/agitation_restraint_inpatient_teaching.md,page,"Avoid benzodiazepines in delirium and in older adults, where they tend to worsen confusion.","The blanket 'avoid benzodiazepines in delirium and older adults' has no exception for alcohol/sedative withdrawal delirium or catatonia. The page lists both as drivers to exclude, and benzodiazepines are first-line for both.","A learner managing an agitated patient in delirium tremens could argue against benzodiazepines or delay them, which risks seizures, worsening autonomic instability and death.",ASAM Alcohol Withdrawal Management Guideline (2020): benzodiazepines are first-line for alcohol withdrawal delirium. NICE CG103 and the APA delirium guideline (2025) exempt withdrawal when they advise against benzodiazepines in delirium.,"Avoid benzodiazepines in delirium and in older adults, where they tend to worsen confusion — except in alcohol or sedative withdrawal and in catatonia, where they are the treatment.",high,modified,,open,,
M05-007,Moderate,Moderate,current psychopharmacology,,both,catatonia.md,04_Acute_and_Safety/Catatonia/catatonia_inpatient_teaching.md,page,**avoid antipsychotics until catatonia is excluded** — they can precipitate or worsen NMS and malignant catatonia.,"'Until catatonia is excluded' never ends when catatonia is confirmed, so it implies a permanent ban that conflicts with treating the underlying psychosis and with the overlay's safety line. The same wording recurs in the page's pearl.","A learner may believe antipsychotics are permanently contraindicated in any patient with catatonia, and may resist necessary treatment of the underlying psychotic disorder. The overlay's safety line ('until malignant catatonia/NMS is addressed') already says it differently.","BAP consensus guideline on catatonia (Rogers et al., 2023): avoid dopamine antagonists in acute and malignant catatonia. When the underlying psychosis needs treatment, reintroduce cautiously after improvement, with benzodiazepine cover, preferring agents with lower D2 potency (e.g., clozapine in selected cases).","**avoid antipsychotics until catatonia is excluded or has responded to treatment** — they can precipitate or worsen NMS and malignant catatonia; if the underlying psychosis then needs one, the team introduces it cautiously, with benzodiazepine cover.",medium,modified,,open,,
M05-006,Moderate,Moderate,emergency psychiatry,,both,catatonia.md,04_Acute_and_Safety/Catatonia/catatonia_inpatient_teaching.md,page,"Check vital signs and basic labs, review the medication list (especially recent antipsychotic exposure)","The workup paragraph never names CK or EEG. CK is the key test for separating malignant catatonia/NMS and for detecting rhabdomyolysis. EEG is the only way to exclude nonconvulsive status epilepticus, which the page's own overlay puts on the rule-out list.","A learner following 'basic labs' may not send a CK or ask for an EEG in a mute, immobile patient, and could miss rhabdomyolysis, early NMS or nonconvulsive status.","BAP consensus guideline on catatonia (Rogers et al., J Psychopharmacol 2023): recommended investigations include CK (and iron studies), with EEG where seizure activity or encephalopathy is possible.","Check vital signs and basic labs including CK, obtain an EEG when nonconvulsive status epilepticus is possible, review the medication list (especially recent antipsychotic exposure)",high,confirmed,,open,,
M05-009,Moderate,Moderate,unsupported statements,,both,cultural_psychiatry.md,03_Core_Topics/Cultural_Psychiatry/cultural_psychiatry_inpatient_teaching.md,page,not by different rates of underlying illness,"The page says, as a flat fact, that mental-health disparities never involve different rates of illness. Some differences in incidence are real and robust, for example raised incidence of psychotic disorders among migrant and racialized minority groups. They are explained mainly by social adversity and discrimination, not inherent group differences, which is itself the page's point.","Learners would believe true incidence differences do not exist. That undercuts the page's own argument that social determinants are clinical data, and can lead learners to dismiss real epidemiologic risk.","Selten et al., World Psychiatry 2020, and the EU-GEI incidence studies (Jongsma et al., JAMA Psychiatry 2018): higher psychosis incidence in migrant/minority groups, linked to social disadvantage and discrimination.","not primarily by inherent group differences in illness — and where real differences in incidence exist, they largely track social adversity and discrimination",medium,not-verified (first-pass reviewer judgment),,open,,
M05-013,Moderate,Moderate,emergency psychiatry,,both,exp_consult.md,14_Tracks/MS3/Student_Ready_Pack/04_expansion_modules/consult_capacity_delirium_catatonia_withdrawal.md,page,"| New psychosis | substance/medication, delirium, mania, trauma, primary psychotic disorder |","The 'must consider' list for new psychosis leaves out psychotic disorder due to another medical or neurologic condition. Examples include autoimmune/NMDA-receptor encephalitis, seizures, CNS lesions, endocrine disease, HIV and neurosyphilis. Delirium is a separate category. The mutism row does include neurologic illness.",A consult learner working from this table could label first-episode psychosis primary without a medical/neurologic workup and miss treatable causes such as encephalitis.,"DSM-5-TR criterion E for schizophrenia (not attributable to another medical condition) and 'Psychotic Disorder Due to Another Medical Condition'. APA Practice Guideline for the Treatment of Patients With Schizophrenia (3rd ed., 2020) recommends assessing for medical causes at initial evaluation.","| New psychosis | substance/medication, delirium, medical/neurologic illness (e.g., encephalitis, seizure, endocrine), mania, trauma, primary psychotic disorder |",high,confirmed,,open,,
M05-001,Moderate,Major,emergency psychiatry,hyperthermia-ruleout-missing-withdrawal,both,toxidromes.md,04_Acute_and_Safety/Toxidromes/hyperthermia_toxidromes_inpatient_teaching.md,topic_meta.ruleOut,- Malignant hyperthermia,"The rule-out list leaves out alcohol/sedative withdrawal (DTs) and sympathomimetic toxicity, two common causes of fever, altered mental status and autonomic instability. It is an omission, not a misstatement.","Delirium tremens peaks 48–96 h after admission, which is exactly when an inpatient becomes febrile and altered. A learner working through this list would not consider DTs, which need aggressive benzodiazepine dosing and ICU-level care, or stimulant toxicity.","ASAM Clinical Practice Guideline on Alcohol Withdrawal Management (2020): DTs present with hyperthermia, autonomic hyperactivity and delirium. Standard toxicology references (e.g., Goldfrank's) list sympathomimetic toxicity and sedative-hypnotic withdrawal in the differential of drug-associated hyperthermia.","- Malignant hyperthermia
- Alcohol/sedative-hypnotic withdrawal (delirium tremens)
- Sympathomimetic toxicity (cocaine, amphetamines)",high,modified,,open,,
M05-003,Moderate,Moderate,emergency psychiatry,hyperthermia-ruleout-missing-withdrawal,both,toxidromes.md,04_Acute_and_Safety/Toxidromes/hyperthermia_toxidromes_inpatient_teaching.md,topic_meta.firstMove,"send a CK, and rule out infection/heat stroke",The standalone first-move card has the same gap: it names only infection and heat stroke as the non-drug causes to exclude.,"The card is shown without the page around it, so a learner reading only the card never considers withdrawal delirium or stimulant toxicity in a febrile, altered patient.",ASAM Alcohol Withdrawal Management Guideline (2020).,"send a CK, and rule out infection, heat stroke, alcohol/sedative withdrawal, and stimulant toxicity",high,confirmed,,open,,
M05-002,Moderate,Moderate,emergency psychiatry,hyperthermia-ruleout-missing-withdrawal,both,toxidromes.md,04_Acute_and_Safety/Toxidromes/hyperthermia_toxidromes_inpatient_teaching.md,page,rule out infection and heat stroke — then discriminate,The page's universal first moves exclude only infection and heat stroke before narrowing to the four drug syndromes. Alcohol/sedative withdrawal and sympathomimetic toxicity never enter the differential.,"A learner would jump from infection and heat stroke straight to NMS, serotonin syndrome, anticholinergic toxicity and catatonia, and could miss DTs. DTs present the same triad and are treated very differently.",ASAM Alcohol Withdrawal Management Guideline (2020); standard toxicology teaching on hyperthermic syndromes.,"rule out infection, heat stroke, alcohol/sedative withdrawal, and stimulant toxicity — then discriminate",high,confirmed,,open,,
M05-004,Moderate,Moderate,misleading wording,,both,toxidromes.md,04_Acute_and_Safety/Toxidromes/hyperthermia_toxidromes_inpatient_teaching.md,page,The medication change in the last 72 hours names the syndrome — always reconstruct it.,"The pearl makes a medication change in the last 72 h the defining clue. NMS often starts days to weeks into treatment and can occur on a stable dose, especially with dehydration, heat, agitation or IM loading. Malignant catatonia may have no drug trigger at all.","A learner who finds no recent medication change in a rigid, febrile patient who has been on a stable antipsychotic for weeks may push NMS down the list and delay stopping the drug.","Strawn, Keck & Caroff, Am J Psychiatry 2007 (the page's own cited source): most NMS cases begin within the first days to weeks of treatment, but NMS can occur at any point during antipsychotic exposure, and dehydration and agitation are risk factors.","The medication history — especially changes in the last 72 hours, though NMS can arise after weeks on a stable dose — usually names the syndrome; always reconstruct it.",medium,not-verified (first-pass reviewer judgment),,open,,
M05-008,Moderate,Moderate,legal/ethical issues,tarasoff-universal,both,violence.md,04_Acute_and_Safety/Violence_Risk/violence_risk_inpatient_teaching.md,page,"When a patient makes a credible threat against an identifiable person, the **duty to protect (Tarasoff)** is triggered; escalate to your supervising clinician immediately rather than deciding alone.","The page presents the duty to protect as a universal trigger. US states differ: some mandate a duty to warn or protect, some permit disclosure without requiring it, and a few have no statutory duty. They also differ on what threat triggers the duty and what discharges it. The linked violence.html tool says obligations vary by state; this page does not.","Learners in other states would absorb the wrong legal rule, which matters if the curriculum is adopted nationally. Escalating to a supervisor is correct everywhere; the stated legal trigger is not.","State duty-to-warn/protect statutes vary (e.g., the NCSL 'Mental Health Professionals' Duty to Warn' survey: mandatory, permissive, or no duty). The page's own violence.html tool says 'Duty-to-protect obligations vary by state'.","When a patient makes a credible threat against an identifiable person, a **duty to protect (Tarasoff)** may be triggered — whether it is mandatory, permissive, or absent, and what discharges it, varies by state; escalate to your supervising clinician immediately rather than deciding alone.",high,confirmed,,open,,
M05-014,Moderate,Moderate,current psychopharmacology,,both,withdrawal.html,03_Core_Topics/SUD_Withdrawal/withdrawal-ciwa-cows-card.html,tool,"for buprenorphine, generally wait for COWS ≥8–12 to avoid precipitated withdrawal.","There is no fentanyl caveat. With high-potency synthetic opioids, precipitated withdrawal can occur even at these scores, and ASAM 2023 adds high-dose and low-dose initiation strategies.","In a fentanyl-dominant drug supply, a learner who treats COWS 8–12 as a safe threshold may help set up a precipitated withdrawal. That drives treatment dropout and return to use, with overdose risk.","ASAM Clinical Considerations: Buprenorphine Treatment of OUD for Individuals Using High-potency Synthetic Opioids, J Addict Med 2023 (doi:10.1097/ADM.0000000000001202). The exact recommended threshold is not verified here; the guidance's existence and scope are.","for buprenorphine, generally wait for COWS ≥8–12 to avoid precipitated withdrawal; with fentanyl use, precipitated withdrawal can still occur — follow your protocol, which may use a high-dose or low-dose initiation strategy.",medium,modified,,open,,
M06-007,Moderate,Moderate,emergency psychiatry,,both,decision-aids.html,04_Acute_and_Safety/Decision_Aids/decision-aids.html,tool,"{t:""24–48 h"",h:""Withdrawal seizures""","The timeline puts alcohol-withdrawal seizures at 24–48 h. They typically occur 6–48 h after the last drink and peak around 12–24 h, often before hallucinosis or DTs.","A learner reading the timeline would think seizure risk starts at 24 h. They might under-treat, or not anticipate a seizure, in a patient 8–20 h from the last drink, which is exactly the window when most present to a unit.","ASAM Clinical Practice Guideline on Alcohol Withdrawal Management (2020), Table/clinical course: seizures can occur 6–48 h after cessation. Standard texts (Kaplan & Sadock) give a peak at about 12–24 h.","{t:""6–48 h (peak ~12–24 h)"",h:""Withdrawal seizures""",medium,confirmed,,open,,
M06-005,Moderate,Moderate,current psychopharmacology,ect-blanket-hold-anticonvulsants,both,ect_neuromodulation.md,05_Psychopharmacology/ECT_Neuromodulation/ect_neuromodulation_inpatient_teaching.md,topic_meta.points,Hold benzodiazepines and anticonvulsants pre-ECT (they blunt the seizure),"This is an unqualified instruction to hold anticonvulsants and benzodiazepines. Anticonvulsants prescribed for epilepsy are continued through ECT. In catatonia, lorazepam is commonly continued alongside ECT: the pre-treatment dose is minimised or timed, or reversed with flumazenil, rather than stopped. The page prose says 'hold/adjust'.","A learner applying this card could stop an antiepileptic in a patient with epilepsy, risking breakthrough or status seizures. They could also abruptly stop lorazepam in a catatonic patient, risking withdrawal and catatonic relapse.","APA Task Force on ECT, The Practice of ECT (2nd ed., 2001), §8 (concurrent medications: anticonvulsants continued when prescribed for seizure disorder). Fink & Taylor, catatonia management (combined lorazepam and ECT, with flumazenil as needed).","Minimise or time benzodiazepines and mood-stabilising anticonvulsants pre-ECT (they blunt the seizure) — continue antiepileptics prescribed for epilepsy, and don't abruptly stop lorazepam in catatonia",high,confirmed,,open,,
M06-006,Moderate,Moderate,current psychopharmacology,ect-blanket-hold-anticonvulsants,both,ect_neuromodulation.md,05_Psychopharmacology/ECT_Neuromodulation/ect_neuromodulation_inpatient_teaching.md,page,- Hold benzodiazepines/anticonvulsants before ECT (they blunt the seizure).,"The pearl repeats the unqualified 'hold' instruction and contradicts the body's own 'hold/adjust'. Antiepileptics for epilepsy are continued, and lorazepam in catatonia is minimised or timed rather than stopped.","Pearls are memorised verbatim. Stopping an antiepileptic, or stopping lorazepam abruptly in catatonia, can cause seizures or a catatonic relapse.","APA Task Force on ECT (2001), concurrent medications.",- Minimise or time benzodiazepines and mood-stabilising anticonvulsants before ECT (they blunt the seizure) — but continue antiepileptics given for epilepsy.,high,confirmed,,open,,
M06-008,Moderate,Moderate,legal/ethical issues,jurisdiction-rule-as-universal,both,ethics_legal.md,03_Core_Topics/Ethics_Legal/ethics_law_confidentiality_inpatient_teaching.md,topic_meta.points,"- Duty to protect (Tarasoff): a serious threat to a reasonably identifiable person overrides confidentiality — warn, notify police, or hospitalize.","The standalone card states the duty to protect as universal. It varies by state: mandatory in some states, permissive in others, and in a few (e.g., Texas, per Thapar v. Zezulka 1999) there is no duty to warn at all, with disclosure limited to what the statute permits. The page prose's 'specifics vary by state' does not appear on the card.","A learner nationally could believe warning the victim is always required or always permitted. In some states, a warning outside the statute's terms is an unprotected breach, and in others the options that satisfy the duty are specifically listed.","Tarasoff v. Regents (Cal. 1976). Thapar v. Zezulka, 994 S.W.2d 635 (Tex. 1999). NCSL duty-to-warn state survey (mandatory / permissive / no statute). HIPAA 45 CFR 164.512(j) permits, but does not require, disclosure.","- Duty to protect (Tarasoff): a serious threat to a reasonably identifiable person can override confidentiality: warn, notify police, or hospitalize. Whether this is mandatory, permissive, or absent depends on your state's statute.",high,confirmed,,open,,
M06-009,Moderate,Moderate,legal/ethical issues,jurisdiction-rule-as-universal,both,ethics_legal.md,03_Core_Topics/Ethics_Legal/ethics_law_confidentiality_inpatient_teaching.md,topic_meta.points,"- Child and elder abuse are mandated reports on reasonable suspicion, not proof; good-faith reporters are protected.","Child-abuse reporting is mandatory for physicians in every state, but elder-abuse reporting is not uniform. At least one large state (New York) has no general mandatory elder-abuse reporting duty for physicians outside care facilities, and reportable categories and reporter lists differ.","A learner would treat elder-abuse reporting as a universal physician mandate. In some states they would report without the patient's consent when the law makes reporting voluntary and consent-sensitive, and in others they would miss the specific reportable categories.","State adult-protective-services statutes vary (e.g., NY Social Services Law: reporting of community elder abuse is voluntary for physicians; mandatory only for residents of residential health care facilities under Public Health Law §2803-d). CAPTA-derived child-abuse reporting is mandatory in all states.","- Child abuse is a mandated report on reasonable suspicion, not proof, and elder/dependent-adult abuse is mandated in most (not all) states; good-faith reporters are protected.",high,confirmed,,open,,
M06-010,Moderate,Moderate,legal/ethical issues,jurisdiction-rule-as-universal,both,ethics_legal.md,03_Core_Topics/Ethics_Legal/ethics_law_confidentiality_inpatient_teaching.md,page,- Child and elder abuse are mandated reports on *reasonable suspicion*; good-faith reporters are protected.,"The pearl repeats elder-abuse reporting as a universal mandate. Physician elder-abuse reporting duties vary by state and are voluntary in some (e.g., New York outside care facilities).","Pearls are memorised as universal rules, so a learner in a voluntary-reporting state would believe they must report.",State APS statutes vary; NY Public Health Law §2803-d is limited to residential facilities.,- Child abuse is a mandated report on *reasonable suspicion*; elder/dependent-adult abuse is mandated in most states (check yours); good-faith reporters are protected.,high,confirmed,,open,,
M06-001,Moderate,Moderate,current psychopharmacology,,both,interaction-cards.html,05_Psychopharmacology/Monitoring_and_Labs/interaction-cards.html,tool,Check a clozapine level about a week after the change — and tell the prescriber it happened.,"For smoking cessation (including enforced abstinence on admission) the card's one action is to wait about a week for a level. Clozapine levels rise substantially within days once CYP1A2 induction wears off, and standard guidance is to reduce the dose ahead of the rise, not to wait for a level.","A learner who follows the card as written tells the prescriber after the fact and waits a week. In that week a newly admitted non-smoking patient can develop clozapine toxicity (sedation, hypotension, seizures) that the card itself warns about.","Maudsley Prescribing Guidelines (14th ed., 2021), smoking and psychotropics: on stopping smoking, reduce clozapine dose gradually (roughly 25–50% over about a week) and monitor plasma levels. CYP1A2 de-induction is largely complete within about 1 week. Hiemke et al., AGNP TDM consensus 2017 (cited on the card).",Tell the prescriber the same day — a pre-emptive clozapine dose reduction is usually needed when smoking stops — and check a clozapine level about a week after the change.,medium,confirmed,,open,,
M06-003,Moderate,Moderate,current psychopharmacology,carbamazepine-teratogen-inducer-omitted,both,med_monitoring.md,05_Psychopharmacology/Monitoring_and_Labs/medication_monitoring_inpatient_teaching.md,topic_meta.points,"carbamazepine needs CBC/LFTs/sodium, HLA-B*1502 in at-risk ancestry, and watch for SIADH.","The key-point card calls valproate and lithium teratogens needing β-hCG, then lists carbamazepine's monitoring without saying it is also a teratogen or that it induces contraceptive metabolism.","Set beside the valproate/lithium sentence, the card implies carbamazepine is a pregnancy-safer alternative that needs no pregnancy test.","Carbamazepine USPI, Warnings (pregnancy: neural-tube defects) and Drug Interactions (hormonal contraceptives).","carbamazepine is also a teratogen that lowers hormonal-contraceptive levels (β-hCG, contraception counselling) and needs CBC/LFTs/sodium, HLA-B*1502 in at-risk ancestry, and watch for SIADH.",high,confirmed,,open,,
M06-004,Moderate,Moderate,current psychopharmacology,,both,med_monitoring.md,05_Psychopharmacology/Monitoring_and_Labs/medication_monitoring_inpatient_teaching.md,page,**myocarditis (early — check troponin/CRP if symptomatic)**,"Troponin/CRP is tied to symptoms only. Clozapine myocarditis clusters in weeks 1–4 and often presents with non-specific findings (fever, tachycardia, malaise) that are easily read as benign early side effects. Widely used protocols check troponin and CRP at baseline and weekly for the first 4 weeks.","A learner would not order baseline or surveillance troponin/CRP during initiation. They could also put down early tachycardia and fever to 'expected' clozapine effects and miss the leading early cause of death on clozapine, which the same page calls 'the early killer'.","Ronaldson et al., Aust N Z J Psychiatry 2011 monitoring protocol (baseline plus weekly troponin/CRP for 4 weeks). Maudsley Prescribing Guidelines 14th ed. Clozapine USPI Warnings 5.x (myocarditis is most frequent in the first 2 months). The US label does not mandate routine troponin.","**myocarditis (early, mostly weeks 1–4 — many protocols check troponin/CRP at baseline and weekly for the first 4 weeks; check urgently with fever, tachycardia, chest pain, or flu-like illness)**",high,confirmed,,open,,
M06-002,Moderate,Moderate,current psychopharmacology,carbamazepine-teratogen-inducer-omitted,both,med_monitoring.md,05_Psychopharmacology/Monitoring_and_Labs/medication_monitoring_inpatient_teaching.md,page,"| **Carbamazepine** | CBC, LFTs, sodium, level; HLA-B*1502 in at-risk ancestry | Level, CBC, LFTs, sodium | Agranulocytosis/aplastic anemia; SIADH (hyponatremia); Stevens-Johnson (HLA-B*1502); auto-induction of its own metabolism |","The carbamazepine row leaves out that it is a teratogen (neural-tube defects), so there is no β-hCG at baseline. It also leaves out that it is a potent CYP3A4/pan-inducer that lowers hormonal-contraceptive and many psychotropic levels. The valproate and lithium rows both carry pregnancy content.","The page teaches 'β-hCG before starting' for valproate and lithium only. A learner would start carbamazepine without a pregnancy test or contraception counselling, and would miss that it can make an oral contraceptive fail and drop co-prescribed antipsychotic levels.","Carbamazepine (Tegretol) USPI, Warnings: Usage in Pregnancy (neural-tube defects) and Drug Interactions (CYP3A4 induction; hormonal contraceptives). CANMAT/ISBD 2018 bipolar guideline, safety monitoring table.","| **Carbamazepine** | CBC, LFTs, sodium, level, β-hCG; HLA-B*1502 in at-risk ancestry | Level, CBC, LFTs, sodium | Agranulocytosis/aplastic anemia; SIADH (hyponatremia); Stevens-Johnson (HLA-B*1502); auto-induction of its own metabolism; potent enzyme inducer (lowers hormonal contraceptives and many psychotropics); teratogen (neural-tube) |",high,confirmed,,open,,
M07-003,Moderate,Moderate,misleading wording,spi-cohort-stated-as-causal,both,brief_psychotherapy.md,02_Clinical_Skills/Brief_Psychotherapy/brief_psychotherapy_inpatient.md,topic_meta.points,Safety planning with follow-up reduces suicidal behaviors by approximately 50%;,"Stanley 2018 is a non-randomized cohort comparison (OR 0.56, 95% CI 0.33-0.95; 3.03% vs 5.29%) that found SPI+ was 'associated with' 45% fewer suicidal behaviors; the card states a causal 50% reduction. Therapy on the Unit correctly says ~45%, associated, cohort not RCT.","The standalone card teaches an RCT-grade causal effect size that learners will quote on rounds and exams, and it conflicts with the sibling page's calibrated statement.",Stanley B et al. JAMA Psychiatry 2018;75(9):894-900 (PMID 29998307): 'cohort comparison design'; 'SPI+ was associated with 45% fewer suicidal behaviors ... OR 0.56; 95% CI 0.33-0.95'.,Safety planning with follow-up was associated with ~45% fewer suicidal behaviors in a large VA ED cohort (Stanley 2018; not an RCT);,high,not-verified (first-pass reviewer judgment),,open,,
M07-002,Moderate,Moderate,citation problems,,both,brief_psychotherapy.md,02_Clinical_Skills/Brief_Psychotherapy/brief_psychotherapy_inpatient.md,page,"**lowest cognitive demand → best inpatient fit** (Uphoff, *Cochrane* 2020)","The inpatient-fit claim is attributed to Uphoff 2020, but that Cochrane review explicitly excluded RCTs conducted in inpatient settings; its BA-vs-TAU advantage was also moderate-certainty and not robust in worst-case/ITT sensitivity analyses.","Learners will believe a Cochrane review established BA as the best inpatient intervention, when inpatient suitability is an extrapolation from outpatient trials.","Uphoff E et al. Behavioural activation therapy for depression in adults. Cochrane Database Syst Rev 2020;7:CD013305 (PMID 32628293, doi:10.1002/14651858.CD013305.pub2) — Selection criteria: 'We excluded RCTs conducted in inpatient settings'; BA vs TAU RR 1.40 (1.10-1.78), 'no longer evident in sensitivity analyses using a worst-case or intention-to-treat scenario'.","(Uphoff, *Cochrane* 2020 — outpatient trials only; inpatient RCTs were excluded); **lowest cognitive demand → a reasonable inpatient fit by extrapolation**",high,not-verified (first-pass reviewer judgment),,open,,
M07-001,Moderate,Moderate,citation problems,trial-subgroup-as-main-result,both,brief_psychotherapy.md,02_Clinical_Skills/Brief_Psychotherapy/brief_psychotherapy_inpatient.md,page,"Repeat self-harm re-presentation 13.5% vs 22.1%, **NNT 12** (Hatcher 2011)","Hatcher 2011 was null in its primary intention-to-treat analysis (13.4% vs 14.1% re-presentation, n=1,094); 13.5% vs 22.1% / NNT 12 is only the prespecified subgroup whose index episode was repeat self-harm, and the authors concluded PST 'is not recommended for everyone who presents to hospital with self-harm'.","Presented without the subgroup qualifier, the cell teaches that a single Zelen RCT showed PST cuts re-presentation with NNT 12 across self-harm presentations, when the overall trial showed no effect.","Hatcher S et al. Br J Psychiatry 2011;199(4):310-316 (PMID 21816868, doi:10.1192/bjp.bp.110.090126): all episodes 13.4% vs 14.1%, P=0.79; first-episode 13.4% vs 9.4%; repeat-self-harm subgroup 13.5% vs 22.1%, NNT 12, P=0.03.","In the prespecified subgroup presenting with *repeat* self-harm, re-presentation 13.5% vs 22.1%, **NNT 12**; no effect in the trial overall (Hatcher 2011)",high,not-verified (first-pass reviewer judgment),,open,,
M07-011,Moderate,Moderate,citation problems,,both,family_modalities.md,06_Family_and_Relational/family_therapy_modalities_inpatient.md,page,"**family/group-format psychoeducation was the standout for recurrence (OR 0.12, 0.02–0.94)**, and **family/conjoint therapy improved treatment retention (OR 0.46, 0.26–0.82)** and helped stabilize depressive symptoms (SMD −0.46, not significant)","Mis-summarises Miklowitz 2021: OR 0.12 compares psychoeducation delivered in family/group format with the same strategies delivered individually (a component comparison, not vs control), retention OR 0.46 is vs standard psychoeducation, and 'helped stabilize ... not significant' is self-contradictory (95% CI −1.01 to 0.08 crosses zero; authors: 'with less certainty').","Learners will believe family-format psychoeducation cuts bipolar recurrence ~8-fold vs usual care and that family therapy demonstrably improves depressive symptoms, neither of which the paper shows.","Miklowitz DJ et al. JAMA Psychiatry 2021;78(2):141-150 (PMID 33052390, doi:10.1001/jamapsychiatry.2020.2993): 'Psychoeducation ... in a family or group format was associated with reducing recurrences vs the same strategies in an individual format (OR 0.12; 95% CI 0.02-0.94)'; family/conjoint therapy SMD −0.46 (−1.01 to 0.08) 'with less certainty'; retention OR 0.46 'compared with standard psychoeducation'.","**psychoeducation delivered in a family or group format reduced recurrence relative to the same content delivered individually (OR 0.12, 0.02–0.94)**, and **family/conjoint therapy was associated with better retention than standard psychoeducation (OR 0.46, 0.26–0.82)**; its effect on depressive symptoms was uncertain (SMD −0.46, CI crossing zero)",high,not-verified (first-pass reviewer judgment),,open,,
M07-013,Moderate,Moderate,unsupported statements,phase-outcome-claim,both,family_playbook.md,06_Family_and_Relational/family_meeting_playbook_90min.md,topic_meta.cant,"the clinical work that changes outcomes is in Phase 3 (family perspective) and Phase 4 (shared planning), not the didactic.","No study isolates which phase of a single family meeting changes outcomes; and the evidence base the library cites (family psychoeducation, Rodolico 2022; Xia 2011) is for structured illness education plus skills — so dismissing 'the didactic' contradicts Family Therapy Modalities, which calls psychoeducation the highest-evidence approach.","A red-flag card teaches learners to deprioritise the structured illness education that carries the evidence, on the strength of an unsupported claim.",Rodolico A et al. Lancet Psychiatry 2022 (family psychoeducation alone OR 0.18 vs TAU); Xia 2011 Cochrane CD002831; no trial compares components of a single inpatient family meeting.,the work families most often miss out on is in Phase 3 (family perspective) and Phase 4 (shared planning) — keep the didactic structured and brief so it does not crowd them out.,medium,not-verified (first-pass reviewer judgment),,open,,
M07-007,Moderate,Moderate,misleading wording,psychoeducation-nnt-calibration,both,therapy_on_the_unit.md,02_Clinical_Skills/Psychotherapy/therapy_on_the_unit_inpatient_teaching.md,topic_meta.points,structured psychoeducation (readmission NNT ~5 in psychosis),"The overlay card states readmission NNT ~5 without the caveat the page itself insists on (206 participants, 'hospital-based studies of limited quality', 'true size of effect is likely to be less'); overlay and prose disagree on how the number may be used.",The card is what learners see first and quote; the page explicitly says 'don't quote NNT 5 as though it were precise'.,"Xia J, Merinder LB, Belgamwar MR. Cochrane Database Syst Rev 2011;(6):CD002831 — readmission RR 0.71, NNT 5, n=206; authors' caveat on limited-quality hospital-based studies. The page's §2b quotes this caveat.","structured psychoeducation (readmission NNT ~5 in psychosis, from 206 participants in limited-quality trials — likely an overestimate)",high,not-verified (first-pass reviewer judgment),,open,,
M07-005,Moderate,Moderate,legal/ethical issues,listening-not-disclosing-unqualified,both,therapy_on_the_unit.md,02_Clinical_Skills/Psychotherapy/therapy_on_the_unit_inpatient_teaching.md,topic_meta.clinicalWorkflow.collateral,"You can always listen to a family without the patient's permission — consent governs what you share, not what you hear.","'Always listen' leaves out the caveat that acknowledging the admission, or placing an outbound call, discloses PHI. That needs the patient's agreement or a HIPAA exception.","A learner acting on this card may call a relative, or confirm the admission to an inbound caller, to 'just listen', breaching HIPAA and the patient's trust — especially where the patient has objected to family contact.","HIPAA Privacy Rule 45 CFR 164.510(a)-(b) (facility directory opt-out; disclosures to family require agreement/opportunity to object except incapacity or emergency); HHS OCR guidance 'HIPAA Privacy Rule and Sharing Information Related to Mental Health' (2014, updated) — providers may listen to family concerns but should not confirm presence if the patient objected.","You can listen to a family without the patient's permission — but without it (and absent a recognized exception such as incapacity or emergency) don't confirm the admission or share anything back; consent governs what you share, including that they are here, not what you hear.",high,modified,,open,,
M07-006,Moderate,Moderate,legal/ethical issues,listening-not-disclosing-unqualified,both,therapy_on_the_unit.md,02_Clinical_Skills/Psychotherapy/therapy_on_the_unit_inpatient_teaching.md,page,"You can always *receive* information from a family — observations, history, concerns — without the patient's permission. Consent governs what you share, not what you hear.","Same unqualified 'always': receiving information is permitted, but acknowledging the patient's presence on the unit, or initiating contact, discloses PHI and requires agreement or a HIPAA exception (incapacity, emergency, serious threat).","Taught as a universal rule, it licenses outbound calls and presence-confirmation that breach confidentiality when the patient has declined family contact.",45 CFR 164.510(a)-(b); 45 CFR 164.512(j); HHS OCR mental-health information-sharing guidance.,"You can always *receive* information from a family — observations, history, concerns — without the patient's permission, provided you do not confirm the patient is here or share anything back unless the patient agrees or a recognized exception (incapacity, emergency, serious threat) applies. Consent governs what you share, not what you hear.",high,confirmed,,open,,
M08-003,Moderate,Moderate,current psychopharmacology,,both,rounds_questions.md,07_Evidence_and_Reading/Rounds_Questions/rounds_questions.md,page,All current antipsychotics modulate dopamine — most are D2 receptor antagonists or partial agonists.,"The sentence presents dopamine and D2 action as universal to antipsychotics, which pimavanserin and xanomeline–trospium contradict. The reviewer's correction named only one of these two exceptions.","Learners would believe D2 blockade is a necessary property of every antipsychotic. They would miss the first mechanistically distinct schizophrenia agent, a current exam and rounds topic.","FDA approval of xanomeline–trospium chloride (Cobenfy) for adult schizophrenia, September 26, 2024. The label describes an M1/M4 muscarinic agonist mechanism without direct D2 antagonism.","Nearly all current antipsychotics act directly at the D2 receptor, as antagonists or partial agonists. Exceptions include xanomeline–trospium (FDA-approved 2024 for schizophrenia), a muscarinic M1/M4 agonist with no direct D2 binding that is thought to modulate dopamine indirectly, and pimavanserin (a 5-HT2A inverse agonist approved for Parkinson's disease psychosis).",high,modified,,open,,
M08-004,Moderate,Moderate,current psychopharmacology,,both,rounds_questions.md,07_Evidence_and_Reading/Rounds_Questions/rounds_questions.md,page,"Other serious risks include seizures (~4%), myocarditis (~1%), and severe metabolic effects.","In a question about what monitoring clozapine requires, the list of serious risks leaves out clozapine-induced gastrointestinal hypomotility (constipation progressing to ileus or bowel obstruction). This is a leading cause of clozapine deaths and the subject of an FDA strengthened warning.","Learners would not screen for or treat constipation on rounds. Bowel function is a daily monitoring item for every patient on clozapine, and missed hypomotility can be fatal.","FDA Drug Safety Communication, January 28, 2020: strengthened existing warning that clozapine-induced constipation can progress to serious bowel complications. Clozapine prescribing information Warnings (Gastrointestinal Hypomotility with Severe Complications).","Other serious risks include seizures (~4%), myocarditis (~1%), gastrointestinal hypomotility (ask about bowel habits daily and treat constipation proactively; ileus can be fatal), and severe metabolic effects.",high,confirmed,,open,,
M08-005,Moderate,Moderate,emergency psychiatry,,both,rounds_questions.md,07_Evidence_and_Reading/Rounds_Questions/rounds_questions.md,page,"CK is typically markedly elevated (often >10,000 U/L).","'Often >10,000 U/L' overstates the usual CK and can anchor a learner against NMS when CK is moderately raised. The consensus criterion is ≥4× ULN.","A learner may dismiss NMS in a rigid, febrile patient with a CK of 2,000–3,000 and continue the antipsychotic.","Gurrera RJ et al., International consensus study of NMS diagnostic criteria, J Clin Psychiatry 2011;72(9):1222–1228 (CK ≥4× ULN). DSM-5-TR text for NMS lists CK of at least 4 times the upper limit of normal.","CK is usually elevated (consensus threshold ≥4× the upper limit of normal; it can exceed 10,000 U/L) but may be only modestly raised early, so a lower CK does not exclude NMS.",medium,modified,,open,,
M08-006,Moderate,Moderate,current psychopharmacology,,both,rounds_questions.md,07_Evidence_and_Reading/Rounds_Questions/rounds_questions.md,page,"Response in FEP is typically visible within **2 weeks** — if no improvement by then, reassess adherence and consider switching rather than waiting months.","The pearl advises switching antipsychotics after 2 weeks without improvement in first-episode psychosis. Studies of first-episode patients specifically show that a substantial share respond later, and first-episode guidance calls for an adequate trial of about 4–6 weeks at a therapeutic dose before switching. The 2-week early-non-improvement rule comes mainly from studies of multi-episode patients.","Early switching can lead to cycling through agents, losing a drug that would have worked, and progressing prematurely toward a label of treatment resistance.","Emsley R et al., Am J Psychiatry 2006;163:743–745 (many first-episode responders respond after 4+ weeks). Gallego JA et al., J Clin Psychiatry 2011;72:1691–1696 (response accrues over months in first-episode schizophrenia). APA Practice Guideline for Schizophrenia, 3rd ed., 2020. Samara MT et al., JAMA Psychiatry 2015 (early non-improvement as a predictor, mostly in chronic samples).","Early improvement is often visible within **2 weeks**, and its absence is a warning sign — check adherence and dose — but first-episode patients can respond late, so give an adequate trial (≥4–6 weeks at a therapeutic dose) before switching.",high,confirmed,,open,,
M08-001,Moderate,Major,DSM-5-TR accuracy,,both,rounds_questions.md,07_Evidence_and_Reading/Rounds_Questions/rounds_questions.md,page,If yes → schizoaffective. If psychosis only occurs during mood episodes → mood disorder with psychotic features.,"The pearl says any lifetime psychosis without a mood episode means schizoaffective disorder, dropping the criterion (stated correctly in this item's own Answer) that mood episodes must be present for the majority of the total illness duration.","A learner would label a patient with schizophrenia who has had one brief depressive episode as schizoaffective. The pearl also contradicts the item's own Answer, and it is the line learners are most likely to remember.","DSM-5-TR schizoaffective disorder Criteria B and C: delusions/hallucinations for ≥2 weeks without a major mood episode, and mood-episode symptoms present for the majority of the total duration of active and residual illness. Otherwise the diagnosis is schizophrenia.",If yes (for ≥2 weeks) → schizoaffective disorder only if mood episodes have also been present for the majority of the total illness duration; otherwise schizophrenia. If psychosis only occurs during mood episodes → mood disorder with psychotic features.,high,confirmed,,open,,
M08-007,Moderate,Moderate,current psychopharmacology,,both,rounds_questions.md,07_Evidence_and_Reading/Rounds_Questions/rounds_questions.md,page,"Requires slow titration (starting 25 mg/day, increasing every 2 weeks) to minimize risk of Stevens-Johnson syndrome (SJS).","The titration schedule leaves out the valproate interaction. Valproate roughly doubles lamotrigine levels, so the label requires a halved schedule (25 mg every other day). The schedule also needs restarting after a missed stretch of more than 5 half-lives.",Many inpatients with bipolar disorder are already on valproate. Titrating at the standard rate raises the risk of SJS/TEN.,"Lamictal (lamotrigine) prescribing information, Dosage and Administration and Boxed Warning: rash risk increased with coadministration of valproate or exceeding the recommended initial dose/escalation; separate reduced escalation regimen for patients taking valproate.","Requires slow titration (starting 25 mg/day, increasing every 2 weeks; halve the schedule — 25 mg every other day — in patients taking valproate) to minimize risk of Stevens-Johnson syndrome (SJS).",high,confirmed,,open,,
M08-010,Moderate,Moderate,factual inaccuracies,,both,rounds_questions.md,07_Evidence_and_Reading/Rounds_Questions/rounds_questions.md,page,Social anxiety disorder is the most common anxiety disorder with onset typically in adolescence.,"In US epidemiology, specific phobia, not social anxiety disorder, is the most prevalent anxiety disorder (NCS-R lifetime: specific phobia 12.5% vs social phobia 12.1%; 12-month: 8.7% vs 6.8%).","Learners would believe something false, and this fact is a common exam item.","Kessler RC et al., Arch Gen Psychiatry 2005;62:593–602 and 617–627 (NCS-R lifetime and 12-month prevalence).","Social anxiety disorder is among the most common anxiety disorders (second to specific phobia), with onset typically in adolescence.",high,not-verified (first-pass reviewer judgment),,open,,
M08-008,Moderate,Moderate,current psychopharmacology,,both,rounds_questions.md,07_Evidence_and_Reading/Rounds_Questions/rounds_questions.md,page,Wait for adequate withdrawal (COWS ≥10–12) before initiating.,"The COWS threshold is taught as the whole rule for starting buprenorphine. With fentanyl use, precipitated withdrawal can still occur, and ASAM 2023 adds high-dose initiation (for patients in withdrawal) and low-dose initiation (when the patient is not yet in withdrawal).","Learners would expect a COWS of 12 to guarantee a safe start. After a precipitated withdrawal, patients are more likely to leave treatment, which raises overdose risk.","ASAM, Clinical Considerations: Buprenorphine Treatment of Opioid Use Disorder for Individuals Using High-Potency Synthetic Opioids (2023); SAMHSA TIP 63 (2021 update).","Wait for adequate withdrawal (COWS ≥10–12) before a standard initiation; with fentanyl use, precipitated withdrawal can still occur, and current ASAM guidance adds high-dose initiation and low-dose initiation (which does not require waiting for withdrawal).",medium,modified,,open,,
M08-009,Moderate,Moderate,current psychopharmacology,,both,rounds_questions.md,07_Evidence_and_Reading/Rounds_Questions/rounds_questions.md,page,Testing for CYP2D6 and CYP2C19 polymorphisms to predict drug metabolism.,"This answer defines pharmacogenomic testing in psychiatry but leaves out HLA-B*15:02 screening before carbamazepine in patients of Asian ancestry. It is the one psychiatric pharmacogenomic test backed by an FDA boxed warning, and it prevents SJS/TEN rather than merely explaining nonresponse.",Learners would think of pharmacogenomic testing only as optional metabolizer profiling. They could miss a test the label recommends before starting a mood stabilizer.,"Carbamazepine (Tegretol) prescribing information, Boxed Warning: screen patients with ancestry in at-risk populations for HLA-B*1502 before starting. CPIC guideline for HLA genotype and carbamazepine/oxcarbazepine (2017 update).",Testing for CYP2D6 and CYP2C19 polymorphisms to predict drug metabolism — plus HLA-B*15:02 screening before carbamazepine in patients of Asian ancestry (FDA boxed warning; SJS/TEN risk).,high,confirmed,,open,,
M09-002,Moderate,Moderate,DSM-5-TR accuracy,mania-criterion-a-energy,both,rapid_review.md,09_Exam_Prep/Shelf_High_Yield/rapid_review_buzzwords.md,page,"Manic ≥1 week (or any duration if hospitalized), elevated/irritable + DIGFAST → **bipolar I**","Leaves out the DSM-5/5-TR Criterion A requirement of persistently increased activity or energy, and gives no symptom count (≥3, or ≥4 if mood is only irritable).",The activity/energy co-requirement and the 3-versus-4 symptom rule are standard exam discriminators. A verbatim-memorized line that omits them teaches the DSM-IV version.,DSM-5-TR (2022) Manic Episode Criteria A and B.,"Manic ≥1 week (or any duration if hospitalized), elevated/irritable mood **plus increased activity/energy** + ≥3 DIGFAST (≥4 if only irritable) → **bipolar I**",high,not-verified (first-pass reviewer judgment),,open,,
M09-003,Moderate,Moderate,DSM-5-TR accuracy,,both,rapid_review.md,09_Exam_Prep/Shelf_High_Yield/rapid_review_buzzwords.md,page,Trauma + re-experiencing/avoidance/hyperarousal → **PTSD**,"Gives the three-cluster DSM-IV structure. DSM-5-TR has four clusters, including negative alterations in cognition and mood, and requires a duration of more than 1 month. The shelf page in this same chunk correctly lists four.",Learners memorize this line for the exam. It contradicts the sibling shelf page and omits the cluster and duration that exams use to separate PTSD from acute stress disorder.,"DSM-5-TR PTSD Criteria B-E (intrusion, avoidance, negative alterations in cognition/mood, arousal/reactivity) and Criterion F (>1 month).",Trauma + intrusion/avoidance/negative cognition-mood/hyperarousal >1 month → **PTSD**,high,not-verified (first-pass reviewer judgment),,open,,
M09-007,Moderate,Moderate,current psychopharmacology,,both,rapid_review.md,09_Exam_Prep/Shelf_High_Yield/rapid_review_buzzwords.md,page,start buprenorphine only when objective withdrawal present (COWS ≈ 8–12).,'Only when objective withdrawal is present' excludes low-dose initiation. The reviewer's '(often higher with fentanyl)' is an unverified threshold claim.,"A resident taking 'only' at face value would withhold buprenorphine from a patient in whom low-dose initiation is appropriate. For standard induction, the fixed threshold understates the risk of precipitated withdrawal with fentanyl.","ASAM National Practice Guideline for OUD, 2020 focused update (standard vs low-dose initiation); SAMHSA TIP 63 (2021 update); ASAM/AAAP clinical considerations on buprenorphine initiation in the fentanyl era (2023-2024).","standard buprenorphine induction starts once objective withdrawal is present (COWS ≈ 8–12; with fentanyl, precipitated withdrawal can still occur at these scores); low-dose initiation is an alternative that does not require withdrawal.",medium,modified,,open,,
M09-004,Moderate,Moderate,emergency psychiatry,toxidrome-omits-first-step,both,rapid_review.md,09_Exam_Prep/Shelf_High_Yield/rapid_review_buzzwords.md,page,Dopamine blocker + **lead-pipe rigidity + hyporeflexia** + high CK → **NMS** → stop antipsychotic; dantrolene/bromocriptine.,"The NMS line omits hyperthermia and altered mental status, which are core criteria, and presents dantrolene/bromocriptine as the treatment instead of stopping the drug plus supportive care. Any fix must keep the hyporeflexia discriminator that the serotonin-syndrome line depends on.",Learners memorize this line and would recognize NMS without its defining fever. On a 'next step' item they would jump to a drug and skip supportive care.,"DSM-5-TR Neuroleptic Malignant Syndrome (hyperthermia and generalized rigidity are essential features); Strawn, Keck & Caroff, Am J Psychiatry 2007 review of NMS management.","Dopamine blocker + **fever + lead-pipe rigidity + hyporeflexia** + altered mental status + autonomic instability + high CK → **NMS** → stop antipsychotic + supportive care (cooling, fluids, ICU-level monitoring); benzodiazepines, dantrolene/bromocriptine as adjuncts.",high,modified,,open,,
M09-005,Moderate,Moderate,emergency psychiatry,toxidrome-omits-first-step,both,rapid_review.md,09_Exam_Prep/Shelf_High_Yield/rapid_review_buzzwords.md,page,+ diaphoresis → **serotonin syndrome** → cyproheptadine.,"Gives cyproheptadine as the treatment and omits the first steps: stop the serotonergic agent(s), give supportive care, and use benzodiazepines for agitation. Cyproheptadine is reserved for moderate cases that persist despite these.","Exam items on the 'next best step' are keyed to discontinuing the agent and supportive care. On a ward, reaching for cyproheptadine first delays the measures that matter, including cooling in severe cases.","Boyer & Shannon, N Engl J Med 2005;352:1112-20 (serotonin syndrome management).","+ diaphoresis → **serotonin syndrome** → stop serotonergic agents, supportive care + benzodiazepines; cyproheptadine if moderate/persistent.",high,confirmed,,open,,
M09-008,Moderate,Moderate,misleading wording,,MS3,shelf.md,14_Tracks/MS3/Student_Ready_Pack/07_shelf_guide/shelf_review_guide.md,page,"Name one medical/substance mimic.
- Name first-line treatment.
- Name one safety or legal issue.
- Name one discharge barrier.

## High-Yield Domains","The 'High-Yield Domains' list, framed as the exam content, omits eating disorders, somatic symptom/factitious disorders, sleep-wake disorders and neurodevelopmental/child disorders. All four are on the NBME Psychiatry and NBOME COMAT Clinical Psychiatry blueprints.","A learner who studies to this list will under-prepare tested areas. Eating disorders are one example, including the can't-miss refeeding syndrome that the rapid review covers.","NBME Psychiatry Clinical Science Subject Examination content outline; NBOME COMAT Clinical Psychiatry blueprint (both list eating, somatic, sleep and neurodevelopmental disorders).","Name one medical/substance mimic.
- Name first-line treatment.
- Name one safety or legal issue.
- Name one discharge barrier.

## High-Yield Domains

The domains below anchor inpatient care; the exam blueprint also covers eating, somatic symptom/factitious, sleep-wake and neurodevelopmental/child disorders — see the Rapid Review and the official blueprint.",medium,not-verified (first-pass reviewer judgment),,open,,
M10-001,Moderate,Moderate,emergency psychiatry,,both,cases.md,14_Tracks/MS3/Student_Ready_Pack/08_synthetic_cases/synthetic_practice_cases.md,page,- Catatonia and delirium can overlap; ask for help early.,"Case 4 plants a recently started antipsychotic in a patient with possible catatonia, but the teaching points never tell the learner to flag the dopamine blocker for hold/reassessment or to screen for NMS/malignant catatonia.","A learner can leave the case believing the new antipsychotic simply continues; antipsychotics can worsen catatonia and precipitate NMS, which is the can't-miss branch in exactly this scenario.","Heckers & Walther, NEJM 2023;389:1797 and Rogers et al., Clin Med 2023;23:242 (both cited on this site's catatonia COTW): avoid/hold dopamine antagonists in catatonia; screen for NMS (temperature, autonomic signs, rigidity, CK). The site's own Aug 31 catatonia COTW Q6 teaches this.","- Catatonia and delirium can overlap; ask for help early.
- The recently started antipsychotic may be causing or worsening the picture — flag it for the team to hold/reassess, and check vitals, rigidity, and CK to screen for NMS.",high,confirmed,MS3V09-F009,open,,
M10-006,Moderate,Moderate,ambiguity,,both,cotw_20260907_fep_ms3.md,08_Cases_and_Simulation/case-of-the-week/2026-09-07_first-episode-psychosis_MS3.md,page,For the past two weeks he has heard two voices commenting on his actions,"The stem is internally contradictory: voices began only two weeks ago, yet he stopped cannabis six weeks ago because 'it made the voices louder'. Q4 and the differential then reason from symptoms 'persisted and worsened six weeks after stopping'.","The case's key discrimination (substance-induced vs primary psychosis, DSM-5-TR ~1-month persistence after abstinence) depends on the timeline; a careful learner who spots the contradiction cannot tell whether hallucinations predated abstinence, and the teaching point loses its footing.","DSM-5-TR substance/medication-induced psychotic disorder, criterion C (symptoms persisting a substantial period, e.g., about 1 month, after cessation suggest an independent psychotic disorder); internal consistency of the stem with Q4 and differential item 2.",For the past two months he has heard two voices commenting on his actions,high,not-verified (first-pass reviewer judgment),,open,,
M10-003,Moderate,Moderate,emergency psychiatry,,both,cotw_20260914_ssnms_ms3.md,08_Cases_and_Simulation/case-of-the-week/2026-09-14_serotonin-syndrome-vs-nms_MS3.md,page,and **benzodiazepines** for agitation and to blunt the neuromuscular hyperactivity [1].,"Management of the agitated, hyperthermic serotonin-toxic patient omits the standard warning to avoid physical restraints.","The reflexive ward response to a restless, febrile patient pulling at lines is restraint; isometric contraction against restraints worsens hyperthermia and lactic acidosis and is associated with death in serotonin toxicity.","Boyer & Shannon, NEJM 2005;352:1112 (ref [1]): physical restraints should be avoided because they may enforce isometric muscle contractions associated with severe lactic acidosis and hyperthermia; agitation is controlled with benzodiazepines.","and **benzodiazepines** for agitation and to blunt the neuromuscular hyperactivity; avoid physical restraints, which increase isometric muscle activity, hyperthermia and lactic acidosis [1].",high,confirmed,,open,,
M10-002,Moderate,Moderate,emergency psychiatry,,both,cotw_20260914_ssnms_ms3.md,08_Cases_and_Simulation/case-of-the-week/2026-09-14_serotonin-syndrome-vs-nms_MS3.md,page,"Recognition and escalation, not memorizing rare complications, is the MS3-level skill.","The page sets an escalation threshold of T > 38.5 °C but never applies it to its own patient, who is at 38.7 °C with tachycardia and hypertension.","A learner may treat this patient as a ward-level moderate case and wait for deterioration, when by the page's own criterion (and its cited source) urgent cooling, sedation and ICU-level care are indicated now.","Maitland & Baker, Drug Ther Bull 2022;60:88 (ref [5], PubMed-verified abstract): 'In case of temperature exceeding 38.5°C, urgent cooling measures and sedation should be employed, progressing to rapid sequence intubation and paralysis if cooling measures are ineffective.'","This patient (T 38.7 °C, HR 122, BP 162/92) already meets the > 38.5 °C threshold — call your senior now for ICU-level evaluation rather than waiting for further deterioration. Recognition and escalation, not memorizing rare complications, is the MS3-level skill.",high,modified,,open,,
M11-005,Moderate,Moderate,DSM-5-TR accuracy,,MS3,cotw_20260720_mdd_ms3.md,08_Cases_and_Simulation/case-of-the-week/2026-07-20_mdd-treatment-selection-augmentation_MS3.md,page,"a syndrome defined by ≥2 weeks of depressed mood and/or anhedonia (loss of pleasure) plus associated neurovegetative and cognitive symptoms, causing functional impairment","The definition leaves out the core DSM-5-TR count: at least 5 of 9 symptoms present during the same 2-week period, at least one of which is depressed mood or anhedonia.","The symptom count separates MDD from adjustment disorder, subthreshold depression and other specified depressive disorder. The page's own differential ('does not meet full MDD criteria') depends on it, and the shelf tests it.","DSM-5-TR (2022), Major Depressive Disorder Criterion A.","a syndrome defined by ≥5 of 9 symptoms over the same ≥2-week period — at least one being depressed mood or anhedonia (loss of pleasure), the rest neurovegetative and cognitive symptoms — causing clinically significant distress or impairment",high,not-verified (first-pass reviewer judgment),,open,,
M11-004,Moderate,Moderate,misleading wording,,MS3,cotw_20260720_mdd_ms3.md,08_Cases_and_Simulation/case-of-the-week/2026-07-20_mdd-treatment-selection-augmentation_MS3.md,page,so this is not yet an adequate trial and not yet a failed one,"This mixes up how much the patient improved with whether the trial was adequate. On the page's own definition (adequate dose for ≥6-8 weeks), and with the stem stating she is 'on an adequately dosed SSRI' at 6 weeks, she is already at the lower bound of an adequate trial. A minimal response does not make the trial inadequate.",Learners come away thinking a small response resets the trial clock. That contradicts the dose × duration rule the page teaches and can prolong an ineffective trial.,Page's own Q3 definition ('adequate dose for adequate duration (≥6–8 weeks)'); CANMAT 2023 MDD update (dose optimisation or switch when improvement is <20-25% after an adequate early trial).,"so it is not a partial response — and although at 6 weeks on an adequate dose she has reached the lower bound of an adequate trial, it is not yet clearly a failed one",medium,not-verified (first-pass reviewer judgment),,open,,
M11-003,Moderate,Moderate,current psychopharmacology,uk-guidance-vs-us-label,both,cotw_20260720_mdd_ms3.md,08_Cases_and_Simulation/case-of-the-week/2026-07-20_mdd-treatment-selection-augmentation_MS3.md,page,(7–14 days from most SSRIs; 5–6 weeks from fluoxetine),"The 7-day minimum washout before an MAOI comes from UK NHS SPS guidance. It is shorter than US FDA labeling, which requires at least 14 days after stopping sertraline, escitalopram, citalopram, paroxetine or fluvoxamine (at least 5 weeks after fluoxetine).","A US learner or resident (the page also ships to residents) could start an MAOI 7 days after an SSRI, contrary to the label, with a risk of serotonin toxicity.","NHS SPS 'SSRIs to other antidepressants: switching in adults' (checked 2026-09-24): 'wait 7 to 14 days'. US prescribing information for sertraline, escitalopram, citalopram and paroxetine (Contraindications / Drug Interactions: at least 14 days); fluoxetine PI: at least 5 weeks.",(at least 14 days from most SSRIs per US labeling — UK guidance allows 7–14; at least 5 weeks from fluoxetine),high,confirmed,,open,,
M12-002,Moderate,Moderate,hidden assumptions,,both,evidence_inpatient.md,07_Evidence_and_Reading/Inpatient_Evidence/evidence_inpatient.md,page,MMSE scores <19 are highly likely to be associated with incompetence; scores ≥23–26 strongly suggest competence,"Teaching that a high MMSE 'strongly suggests competence' conflicts with the page's own finding that clinical assessment overestimates capacity in schizophrenia; the MMSE does not test appreciation or reasoning, the abilities most often lost in psychosis, mania and severe depression — the core inpatient-psychiatry population.","A learner may treat a normal MMSE as evidence of capacity in a psychotic or manic patient refusing treatment, and skip the four-ability assessment.","Sessums LL et al., JAMA 2011 (Rational Clinical Examination: medical decision-making capacity) — low MMSE raises likelihood of incapacity but a normal score does not exclude it; Appelbaum NEJM 2007; the page's own §8 MacCAT-T vs clinical-assessment finding (53.5% vs 18.4%).","MMSE scores <19 make incapacity likely, but a normal MMSE does not establish capacity — it does not test appreciation or reasoning, which psychosis, mania and severe depression often impair despite intact cognition",high,not-verified (first-pass reviewer judgment),,open,,
M12-001,Moderate,Moderate,legal/ethical issues,jurisdiction-as-universal,both,evidence_inpatient.md,07_Evidence_and_Reading/Inpatient_Evidence/evidence_inpatient.md,page,Three landmark U.S. Supreme Court cases define the legal landscape:,"All three cases concern prisoners or criminal defendants. The page presents them as the whole legal landscape and does not say that civil involuntary medication is governed by state law, which varies.","A learner on a civil inpatient unit may believe Harper-style administrative review authorises forced medication of a committed patient; in many states (e.g., Rogers-type or Rivers-type jurisdictions) a separate court order is required, and commitment alone never authorises treatment over refusal.","Washington v. Harper, 494 U.S. 210 (1990) (prison inmates); Riggins v. Nevada, 504 U.S. 127 (1992); Sell v. United States, 539 U.S. 166 (2003). Civil involuntary medication: Rogers v. Okin (1st Cir. 1980)/Rogers v. Commissioner (Mass. 1983), Rivers v. Katz (N.Y. 1986), Rennie v. Klein (3d Cir. 1983) — state-specific judicial vs administrative review.","Three landmark U.S. Supreme Court cases define the legal landscape for involuntary medication of prisoners and criminal defendants. Civil involuntary medication of committed inpatients is governed by state law and varies, from a court order in some states to administrative or clinical review in others; in most states, commitment alone does not authorize treatment over refusal:",high,modified,,open,,
M12-003,Moderate,Moderate,citation problems,population-mismatch,both,evidence_inpatient.md,07_Evidence_and_Reading/Inpatient_Evidence/evidence_inpatient.md,page,"Unmet social needs stack **dose-dependently**: 30-day readmission climbs from ~11.5% for patients with no documented social risk to ~63.5% for those with five domains of need (adjusted OR up to ~12.55; Bensken et al., *JGIM* 2021).","The figures are correct for Bensken 2021, but that study is an all-cause analysis of the 2017 Nationwide Readmissions Database (13.2 million general hospital patients, only 2.4% with any Z-coded social need), not a psychiatric readmission cohort; placed in a psychiatric readmission section it reads as a psychiatric estimate. The study is also absent from the Sources list.","Learners would quote a 63.5% psychiatric readmission rate for patients with multiple social needs, a figure never measured in psychiatric inpatients.","According to PubMed, Bensken WP, Alberti PM, Koroukian SM. J Gen Intern Med 2021;36(5):1173-1180 (PMID 33634384, doi:10.1007/s11606-021-06646-3): NRD 2017, all-cause; 11.5% vs 63.5% 30-day readmission; aOR 12.55 for 5 domains.","Unmet social needs stack **dose-dependently**: in an all-cause analysis of US hospital readmissions (not limited to psychiatric admissions), 30-day readmission climbed from ~11.5% for patients with no documented social risk to ~63.5% for those with five domains of need (adjusted OR up to ~12.55; Bensken et al., *JGIM* 2021; doi:10.1007/s11606-021-06646-3).",high,not-verified (first-pass reviewer judgment),,open,,
M13-003,Moderate,Moderate,unsupported statements,contested-self-help-presented-as-standard,both,book_library.md,07_Evidence_and_Reading/Book_Summaries/ms3_book_library.md,topic_meta.points,For trauma: The Body Keeps the Score is the standard patient/family resource;,"The overlay calls a contested popular book 'the standard' trauma resource. Its claims about traumatic memory being stored in the body, and several of the treatments it champions (neurofeedback, yoga, and similar as core PTSD treatment), go beyond or against current evidence. PTSD guidelines put trauma-focused psychotherapy (CPT, PE) first-line, and the book does not.",A learner will treat and recommend the book as the evidence-based default. Patients and families can then be steered away from first-line trauma-focused therapy or toward unproven treatments.,"VA/DoD PTSD CPG 2023 and American Psychological Association PTSD Clinical Practice Guideline 2017 (trauma-focused psychotherapies CPT/PE/EMDR first-line); published critiques of the book's memory and neuroscience claims (e.g., McNally's work on traumatic memory).",For trauma: The Body Keeps the Score is widely read but its neuroscience and treatment claims are contested — pair it with the message that trauma-focused therapy (CPT/PE) is first-line;,medium,not-verified (first-pass reviewer judgment),,open,,
M13-004,Moderate,Moderate,misleading wording,contested-self-help-presented-as-standard,both,book_library.md,07_Evidence_and_Reading/Book_Summaries/ms3_book_library.md,page,Gabor Maté's trauma-informed understanding of ADHD—links attention challenges to stress and development.,"The annotation presents, without qualification, Maté's thesis that ADHD comes mainly from early stress and attachment disruption. That view departs from the consensus that ADHD is a neurodevelopmental disorder with high heritability.","A learner may believe, or tell families, that ADHD is caused by early stress or parenting. That misstates the etiology and can blame parents, in a curated section that learners use to recommend books to families.","Faraone & Larsson, Mol Psychiatry 2019 (mean twin heritability about 74%); World Federation of ADHD International Consensus Statement, Faraone et al., Neurosci Biobehav Rev 2021.",Gabor Maté's trauma-informed understanding of ADHD—links attention challenges to stress and development; note that this environmental view departs from the evidence that ADHD is highly heritable (twin heritability about 74%).,medium,not-verified (first-pass reviewer judgment),,open,,
M13-001,Moderate,Moderate,emergency psychiatry,,both,rotation-curator.html (embedded withdrawal topic_meta clinicalWorkflow string),13_Faculty_Resources/Rotation_Curation/rotation-curator.html,tool,Alcohol: CIWA-Ar q4h through the risk window; step down only after sustained low scores,Presents q4h as the CIWA-Ar reassessment interval for the whole risk window. Symptom-triggered protocols reassess hourly (or every 1-2 h) while scores are at or above the treatment threshold and move to q4h only once scores stay below it.,"Symptom-triggered dosing is only safe with frequent reassessment. A learner writing or checking orders at q4h for a patient with active, rising withdrawal would under-treat through the window when seizures and DTs develop.","Saitz et al., JAMA 1994 (symptom-triggered CIWA-Ar trial: hourly assessment while score >=8, spacing out once below threshold); ASAM Clinical Practice Guideline on Alcohol Withdrawal Management 2020 (frequent reassessment during symptom-triggered treatment).","Alcohol: CIWA-Ar q1h while scores are at or above the treatment threshold, then q4h once below it, through the risk window; step down only after sustained low scores",medium,confirmed,,open,,
M13-002,Moderate,Moderate,suicide assessment,,both,therapy_reading_room.md,07_Evidence_and_Reading/Therapy_Reading_Room/therapy_reading_room.md,page,"counsel about means honestly, on population-level evidence; Shank et al. 2026",The annotation frames means counselling as resting on weak population-level evidence and omits strong individual-level cohort evidence that firearm ownership is associated with higher suicide risk.,"A learner may conclude that firearm lethal-means counselling for an individual patient has little evidence behind it, and counsel half-heartedly or skip firearm access at discharge.","Shank et al., Inj Prev 2026;32(1):7-15 (PMID 40185617): the abstract limits its scope to population-level firearm interventions and says 'The ecological level of analysis precluded individual-level causal inference.' Individual-level evidence: Studdert et al., NEJM 2020;382:2220-9, a cohort study of handgun ownership in California (suicide HR about 3.3 for men and about 7.2 for women); Anglemyer et al., Ann Intern Med 2014 (firearm access OR about 3 for suicide).","counsel about means honestly — this review's evidence is population-level, but individual cohort data link handgun ownership to a three- to sevenfold higher suicide rate (Studdert et al., NEJM 2020); Shank et al. 2026",high,modified,,open,,
RD-001,Moderate,Moderate,emergency psychiatry,resident-escalation-omitted,Resident,welcome.md,13_Faculty_Resources/Outreach/MS3_Inpatient_Rotation_OnePager.md,page,"**Your responsibilities** — Own the workup and plan for your patients; run the acute calls (suicide, violence, agitation, capacity, withdrawal, delirium, catatonia) with the bedside tools; document defensibly; and teach the student — orienting them, giving feedback, and modeling the work.","The resident welcome replaces the MS3 page's escalation aside with 'run the acute calls ... with the bedside tools'. No resident page states which decisions need real-time attending involvement. The list added here is a program-policy statement, and the program director should confirm it matches MMC's written supervision policy.","A resident new to the unit may read 'run the acute calls ... with the bedside tools' as licence to decide restraint/seclusion, involuntary holds or medication over objection, high-risk or AMA discharge, and consequential capacity determinations without contemporaneous attending involvement — the exact decisions where a missed escalation harms patients and carries med-legal exposure.","ACGME Common Program Requirements (Residency), Section VI.A.2 (supervision): each program must set guidelines for circumstances and events in which residents must communicate with the supervising faculty member(s). CMS Conditions of Participation 42 CFR 482.13(e) (restraint/seclusion orders and attending notification per hospital policy). The MS3 version of the same page carried an explicit escalation aside that this resident version removes.","**Your responsibilities** — Own the workup and plan for your patients; run the acute calls (suicide, violence, agitation, capacity, withdrawal, delirium, catatonia) with the bedside tools, bringing your supervising attending in real time, per the program's supervision policy, for restraint or seclusion, involuntary holds or treatment over objection, high-risk or against-medical-advice discharges, consequential capacity determinations, any acute deterioration, and whenever you are unsure; document defensibly; and teach the student — orienting them, giving feedback, and modeling the work.",medium,modified,,open,,
R01-009,Moderate,Moderate,current psychopharmacology,,Resident,adv_psychopharm.md,14_Tracks/Resident/adv_psychopharmacology.md,topic_meta.points,"Build monitoring at order entry: lithium renal/thyroid/PTH, clozapine ANC + bowel regimen, antipsychotic metabolic panel, QTc when stacking.","The order-entry checklist for clozapine leaves out myocarditis surveillance (baseline and early serial troponin/CRP) and lithium levels. Myocarditis is the early, potentially fatal clozapine risk that the page's own prose says to watch for.","Residents who build clozapine orders from this card may start it with no baseline troponin/CRP and no early surveillance. Most myocarditis occurs in the first 4 weeks, when inpatients are on the unit.","Ronaldson KJ et al., Aust N Z J Psychiatry 2011 monitoring protocol (baseline, then weekly troponin/CRP for 4 weeks). Widely adopted, e.g., in SMI Adviser clozapine guidance. The clozapine PI warns of myocarditis/cardiomyopathy.","Build monitoring at order entry: lithium levels + renal/thyroid/PTH, clozapine ANC + baseline and early troponin/CRP (myocarditis) + bowel regimen, antipsychotic metabolic panel, QTc when stacking.",medium,confirmed,,open,,
R01-010,Moderate,Moderate,current psychopharmacology,,Resident,adv_psychopharm.md,14_Tracks/Resident/adv_psychopharmacology.md,page,"esketamine (intranasal, REMS-restricted) and IV ketamine offer rapid effect in TRD including with acute suicidality.","The sentence implies both agents treat acute suicidality. The esketamine label covers depressive symptoms in MDD with acute suicidal ideation or behaviour, but explicitly states that it has not been shown to prevent suicide or reduce suicidal ideation or behaviour. IV ketamine is off-label.",A resident could offer esketamine or ketamine as an anti-suicidal intervention instead of standard safety measures and hospital-level care.,"Spravato (esketamine) US PI, Limitations of Use: 'effectiveness... in preventing suicide or in reducing suicidal ideation or behavior has not been demonstrated'; use does not preclude hospitalisation.","esketamine (intranasal, REMS-restricted; labeled for TRD and, with an oral antidepressant, for depressive symptoms in MDD with acute suicidal ideation or behavior — though it has not been shown to reduce suicidality itself) and off-label IV ketamine offer rapid antidepressant effect in TRD.",high,modified,,open,,
R01-012,Moderate,Moderate,current psychopharmacology,,Resident,cl_reference.md,14_Tracks/Resident/cl_reference.md,page,"- **Renal impairment:** dose-reduce **lithium, gabapentin/pregabalin, risperidone/paliperidone, amisulpride**; paliperidone is heavily renally cleared.",'Dose-reduce' omits the label thresholds where lithium (CrCl <30) and paliperidone palmitate LAI (CrCl <50) are not recommended at all.,"A resident could 'reduce' lithium or start paliperidone palmitate in advanced CKD when the label advises avoiding it, risking toxicity from a drug that cannot be removed quickly (LAI).",Lithium carbonate US PI (renal impairment: CrCl 30-89 start low/titrate slowly; <30 not recommended); Invega Sustenna PI (not recommended CrCl <50 mL/min); Invega PI (not recommended CrCl <10).,"- **Renal impairment:** dose-reduce **lithium, gabapentin/pregabalin, risperidone/paliperidone, amisulpride** — lithium is not recommended at CrCl <30 and paliperidone palmitate LAI at CrCl <50; paliperidone is heavily renally cleared.",high,modified,,open,,
R01-005,Moderate,Moderate,citation problems,,Resident,rp-agitation.html,_prototypes/agitation-trainer/rp-agitation.html,tool,"For stimulant/sympathomimetic intoxication, benzodiazepines are the evidence-based first-line pharmacologic class; they calm sympathetic drive without the D2 risks of antipsychotics.","The claim rests on expert consensus (Project BETA), not trial evidence. Its co-citation martel2021 is an RCT in undifferentiated ED agitation that found IM lorazepam less effective than droperidol (29% vs 64% sedated at 15 min) and linked to the most respiratory depression (48%). That trial does not support benzodiazepine-first for stimulant agitation.",Calling benzodiazepines 'evidence-based' and citing a trial that points the other way teaches residents to misread the agitation literature. It also hides the respiratory-depression trade-off.,Martel ML et al. Acad Emerg Med 2021;28:421-434 (PMID 32888340; DOI 10.1111/acem.14124); Wilson MP et al. West J Emerg Med 2012 (Project BETA psychopharmacology consensus).,"For stimulant/sympathomimetic intoxication, benzodiazepines are the consensus first-line pharmacologic class (Project BETA); they calm sympathetic drive without the D2 risks of antipsychotics — but watch respiration, especially with co-ingested sedatives.",high,not-verified (first-pass reviewer judgment),,open,,
R01-006,Moderate,Moderate,emergency psychiatry,withdrawal-thiamine-omission,Resident,rp-agitation.html,_prototypes/agitation-trainer/rp-agitation.html,tool,"Alcohol/sedative-hypnotic withdrawal is the key exception where benzodiazepines are first-line — treat the withdrawal per your local protocol; antipsychotics are adjuncts, not monotherapy.",The withdrawal teaching point omits thiamine and never flags possible evolving delirium tremens that needs a higher level of care.,"At the point of action, a resident who follows this teaching point could sedate the patient and give dextrose-containing fluids without thiamine, risking precipitated Wernicke encephalopathy. They could also leave an evolving DT on a psychiatric unit.",ASAM Clinical Practice Guideline on Alcohol Withdrawal Management 2020 (thiamine for all patients at risk; assess for complicated withdrawal/DT and level of care).,"Alcohol/sedative-hypnotic withdrawal is the key exception where benzodiazepines are first-line — treat the withdrawal per your local protocol, give thiamine before or with any glucose (never delay dextrose for true hypoglycemia), and escalate the level of care if this is evolving delirium tremens; antipsychotics are adjuncts, not monotherapy.",high,modified,,open,,
R01-014,Moderate,Moderate,emergency psychiatry,,Resident,rp-brief-psych.html,_prototypes/brief-psych/rp-brief-psych.html,tool,A distress-tolerance skill is for riding out a wave — not a substitute for a safety assessment when risk is present.,"The TIPP card coaches cold water and intense exercise with no cardiac or eating-disorder caution, and those patients are common on inpatient units.","On an inpatient unit, patients with anorexia, bradycardia, or propranolol for akathisia are common. A resident coaching TIPP without screening could provoke symptomatic bradycardia or unsafe exertion.","Linehan MM. DBT Skills Training Handouts and Worksheets, 2nd ed., 2015 — Distress Tolerance Handout 6 (TIP skills) caution box.","A distress-tolerance skill is for riding out a wave — not a substitute for a safety assessment when risk is present. Check with the medical team before using the cold-water or intense-exercise steps in a patient with a heart condition, a low baseline heart rate (including from an eating disorder), or heart-rate-lowering medication such as a beta-blocker.",high,modified,,open,,
R01-013,Moderate,Moderate,unsupported statements,,Resident,rp-brief-psych.html,_prototypes/brief-psych/rp-brief-psych.html,tool,"The strongest single inpatient psychological intervention: readmission NNT ~5, relapse NNT ~9.","The NNTs come from Xia 2011, which is limited to schizophrenia. The readmission NNT 5 rests on n=206, and the review's authors say the true effect is likely smaller. No comparative evidence supports 'strongest single inpatient psychological intervention'. The tool's cue is transdiagnostic.","Residents will quote these NNTs as transdiagnostic and ranked-best, and overstate the evidence when choosing between brief interventions.","Xia J, Merinder LB, Belgamwar MR. Cochrane 2011;CD002831 (PMID 21678337): relapse RR 0.70, NNT 9 (n=1214); readmission RR 0.71, NNT 5 (n=206); 'true size of effect is likely to be less'.","In schizophrenia, psychoeducation reduced relapse (NNT ~9) and readmission (NNT ~5, small trials) in a Cochrane review whose authors expect the true effect is smaller.",high,not-verified (first-pass reviewer judgment),,open,,
R02-001,Moderate,Moderate,current psychopharmacology,ss-nms-confounded-management,Resident,cotw_20260914_ssnms_res.md,08_Cases_and_Simulation/case-of-the-week/2026-09-14_serotonin-syndrome-vs-nms_Resident.md,page,stop all dopamine antagonists immediately (and restart any withdrawn dopaminergic therapy if that was the trigger);,The all-severity first step in a case built on a confounded medication list stops only the D2 antagonists; nothing on the page says to hold the recently up-titrated venlafaxine while serotonin toxicity is still on the differential.,"A resident following the ladder literally keeps a febrile (39.4 °C), rigid, confused patient on an escalated SNRI; if the syndrome is (or includes) serotonin toxicity, continued exposure sustains it, and there is no cost to holding it during the workup.","Boyer & Shannon, N Engl J Med 2005;352:1112-20 (page ref 2): discontinuation of all serotonergic agents is the first step in serotonin syndrome; Tormoehlen & Rusyniak, Handb Clin Neurol 2018 (ref 5): when NMS and SS cannot be separated, withdraw both classes of precipitant.",stop all dopamine antagonists immediately (and restart any withdrawn dopaminergic therapy if that was the trigger); hold venlafaxine and any other serotonergic agent until serotonin toxicity is excluded;,medium,confirmed,,open,,
R02-002,Moderate,Moderate,current psychopharmacology,ss-nms-confounded-management,Resident,cotw_20260914_ssnms_res.md,08_Cases_and_Simulation/case-of-the-week/2026-09-14_serotonin-syndrome-vs-nms_Resident.md,page,"consider **bromocriptine** (2.5 mg q8h, titrated) or **amantadine**",Bromocriptine is recommended without the standard caution that it has serotonergic activity and has been associated with worsened (including fatal) outcomes when serotonin syndrome was misdiagnosed as NMS — the exact confusion this case is built around.,"In a patient who is also on a recently increased SNRI, a resident may start bromocriptine before serotonin toxicity is reasonably excluded, which can worsen the syndrome the case explicitly keeps on the differential.","Boyer EW, Shannon M. N Engl J Med 2005;352:1112-20 (the page's ref 2): bromocriptine is contraindicated in serotonin syndrome and has been implicated in fatal outcomes when SS was misdiagnosed as NMS.","consider **bromocriptine** (2.5 mg q8h, titrated) or **amantadine** — only once serotonin toxicity is reasonably excluded, because bromocriptine can worsen serotonin syndrome",medium,confirmed,,open,,
R02-003,Moderate,Moderate,ambiguity,,Resident,cotw_20260914_ssnms_res.md,08_Cases_and_Simulation/case-of-the-week/2026-09-14_serotonin-syndrome-vs-nms_Resident.md,page,"continue dopamine agonists ≥10 days after resolution to avoid rebound, given depot/long half-life exposures","The duration rule is garbled: the conventional guidance is ~10 days after resolution following oral antipsychotics and 2–3 weeks after depot exposure, but the sentence attaches the 10-day figure to depot/long-half-life exposure.","A resident managing depot-associated NMS could stop bromocriptine/amantadine at 10 days while the depot is still releasing drug, risking rebound NMS.","Strawn JR, Keck PE Jr, Caroff SN. Neuroleptic malignant syndrome. Am J Psychiatry 2007;164:870-6: continue dopaminergic treatment ~10 days after resolution for oral agents and 2–3 weeks after depot antipsychotics.",continue dopamine agonists ~10 days after resolution (2–3 weeks after depot or other long-half-life exposure) to avoid rebound,medium,not-verified (first-pass reviewer judgment),,open,,
R02-004,Moderate,Moderate,emergency psychiatry,nms-succinylcholine-omitted,Resident,cotw_20260914_ssnms_res.md,08_Cases_and_Simulation/case-of-the-week/2026-09-14_serotonin-syndrome-vs-nms_Resident.md,page,Intubation and paralysis if refractory hyperthermia.,"Paralysis (and, in the next bullet, ECT) is recommended in a patient with CK >28,000, myoglobinuria and rising creatinine without stating that succinylcholine must be avoided and a non-depolarizing agent used.","The psychiatry resident often hands this patient to ICU/anesthesia or consents for ECT; succinylcholine in rhabdomyolysis risks hyperkalemic cardiac arrest, and the caution belongs in the plan that travels with the patient.","Succinylcholine is contraindicated in rhabdomyolysis/hyperkalemia risk (succinylcholine US label, warnings); Boyer & Shannon 2005 (ref 2) specify non-depolarizing paralysis for hyperthermic serotonin toxicity. Same defect class as prior finding RV11-F010 on the earlier (2026-07-09) SS/NMS case.","Intubation and paralysis with a non-depolarizing agent if refractory hyperthermia — avoid succinylcholine (rhabdomyolysis/hyperkalemia), a caution that also travels with any ECT referral.",medium,confirmed,,open,,
R03-004,Moderate,Moderate,legal/ethical issues,,Resident,cotw_20260727_oud_res.md,08_Cases_and_Simulation/case-of-the-week/2026-07-27_opioid-use-disorder_Resident.md,page,- **Bridge MOUD supply** and a same-week appointment.,The line does not say that a discharge 'bridge' prescription exists only for buprenorphine. Methadone continuity requires OTP linkage or a dispensed (not prescribed) supply of up to 3 days.,"A resident following this line for a methadone-started patient could write an unlawful methadone-for-OUD prescription, or accept a 'same-week' intake that leaves a multi-day gap in the highest-mortality window.",21 CFR 1306.07(a)–(c) (methadone for OUD only via an OTP; hospital administration incidental to another condition; 3-day dispensing exception as amended by DEA 2023); 42 CFR Part 8 (2024 revision) governs OTP dispensing and take-homes. The page's own Workup item 11 draws the distinction correctly.,"- **Bridge MOUD supply**: a buprenorphine prescription plus a same-week appointment. Methadone for OUD cannot be prescribed, so arrange OTP dosing for the next day, or, where your hospital does this, dispense up to a three-day supply under the DEA three-day rule.",high,modified,,open,,
R03-005,Moderate,Moderate,emergency psychiatry,,Resident,cotw_20260727_oud_res.md,08_Cases_and_Simulation/case-of-the-week/2026-07-27_opioid-use-disorder_Resident.md,page,**Occult sedative or alcohol withdrawal** — negative UDS and history make this less likely but it remains the dangerous miss,"The page treats a negative UDS as lowering the probability of sedative withdrawal. Standard immunoassays often miss several benzodiazepines and do not detect xylazine, both relevant in a fentanyl user.","In a fentanyl-using patient the negative screen gives false reassurance, so a resident may discount benzodiazepine or adulterant withdrawal as a cause of her autonomic instability and agitation, missing a seizure-risk withdrawal.",Known cross-reactivity limits of oxazepam/nordiazepam-calibrated benzodiazepine immunoassays; CDC/DEA reporting 2023–2025 of bromazolam and xylazine in the illicit fentanyl supply; neither detected by routine urine drug screens.,"**Occult sedative or alcohol withdrawal** — history makes this less likely, but a negative UDS is weak reassurance (standard benzodiazepine immunoassays often miss clonazepam, lorazepam and some novel benzodiazepines such as bromazolam, and do not detect xylazine — both of the latter now common fentanyl adulterants); it remains the dangerous miss",medium,modified,,open,,
R03-001,Moderate,Moderate,factual inaccuracies,,Resident,cotw_20260810_panic_res.md,08_Cases_and_Simulation/case-of-the-week/2026-08-10_anxiety-panic-disorder_Resident.md,page,"no post-ictal confusion, no aura stereotypy, intact awareness","Lists 'intact awareness' as a feature arguing against temporal lobe epilepsy with ictal fear. Ictal fear is classically a focal aware seizure (formerly simple partial), in which awareness is by definition preserved, so intact awareness does not discriminate.",A resident would treat preserved awareness during an attack as evidence against a focal seizure and under-refer for EEG in the minority of 'panic' presentations that are mesial temporal seizures.,"ILAE 2017 operational seizure classification (Fisher et al., Epilepsia 2017): focal aware seizures with emotional (fear) onset preserve awareness; ictal fear is the commonest emotional aura of mesial temporal lobe epilepsy.","no post-ictal confusion, no aura stereotypy (intact awareness does *not* argue against it — ictal fear is often a focal aware seizure)",high,not-verified (first-pass reviewer judgment),,open,,
R03-002,Moderate,Moderate,citation problems,,Resident,cotw_20260810_panic_res.md,08_Cases_and_Simulation/case-of-the-week/2026-08-10_anxiety-panic-disorder_Resident.md,page,"The BMJ analysis ranks **remission against adverse events**, and it is over the longer horizon and the harms axis that SSRIs win.","The BMJ NMA (Chawla 2022) pooled acute-phase RCTs just as the Cochrane NMA did; it did not examine a longer time horizon. On remission alone it ranked benzodiazepines first (SUCRA 84.5%), and SSRIs 'won' only on the joint remission-plus-adverse-event cluster ranking.","Residents are taught, in an explicit NMA-appraisal exercise, that the BMJ analysis shows SSRI superiority over a longer horizon — a result it does not contain — which undercuts the very reading skill the question is drilling.","Chawla N et al., BMJ 2022;376:e066084 (PubMed abstract): benzodiazepines top SUCRA for remission (84.5%), TCAs 68.7%, SSRIs 66.4%; SSRIs favoured only on the SUCRA cluster plot combining remission and adverse events; no long-term analysis.","The BMJ analysis ranks **remission against adverse events** — on remission alone it too ranked benzodiazepines first — and it is on the harms axis, not over a longer horizon (its trials were also acute-phase), that SSRIs win.",high,not-verified (first-pass reviewer judgment),,open,,
R04-005,Moderate,Moderate,legal/ethical issues,uk-pregnancy-prevention-programme-as-us-rule,Resident,cotw_20260720_bipolar_res.md,08_Cases_and_Simulation/case-of-the-week/2026-07-20_bipolar-mania_Resident.md,page,is avoided in anyone who could become pregnant** unless a pregnancy-prevention programme is in place,"A formal 'pregnancy-prevention programme' is the UK MHRA/EU EMA regulatory construct; the US has no valproate PPP or REMS. The US standard is the FDA boxed warning: avoid in people who could become pregnant unless other treatments have failed or are unacceptable, with effective contraception and counselling.","A US resident will look for a programme that does not exist, or read enrolment in one as the licensing condition, rather than documenting failure/unacceptability of alternatives, contraception and informed consent.","Depakote/valproate US prescribing information, Boxed Warning (fetal risk) and 5.x Women of Childbearing Potential; MHRA Valproate Pregnancy Prevention Programme (2018, updated 2024); EMA PRAC 2018.","is avoided in anyone who could become pregnant** unless other treatments have failed or are unacceptable, and then only with effective contraception and documented counselling (US label; the UK/EU additionally mandate a formal pregnancy-prevention programme)",high,modified,,open,,
R04-004,Moderate,Moderate,current psychopharmacology,,Resident,cotw_20260720_mdd_res.md,08_Cases_and_Simulation/case-of-the-week/2026-07-20_mdd-treatment-selection-augmentation_Resident.md,page,or escalate to **esketamine** adjunct given emerging TRD status and passive SI [8].,"Cites passive SI as a reason to escalate to esketamine, contradicting the page's own Q5, which states (correctly, per ref [8] and the label) that esketamine has no demonstrated effect on suicidality; the MDSI indication is for acute SI/behavior, not outpatient passive SI.","Residents may select esketamine as an anti-suicidal intervention for an outpatient with passive SI, overstating its benefit and substituting it for formulation, means safety and safety planning.","Fountoulakis, Saitis & Schatzberg, Am J Psychiatry 2025;182(3):259-275 (PMID 39876682): effect on suicidality 'not significant at any time point'; SPRAVATO US label Limitation of Use (effectiveness in preventing suicide or reducing suicidal ideation/behavior not demonstrated).",or escalate to **esketamine** adjunct given emerging TRD status (not as a treatment for her passive SI) [8].,high,confirmed,,open,,
R04-001,Moderate,Moderate,legal/ethical issues,imminence-as-commitment-standard,Resident,cotw_20260723_suiciderisk_res.md,08_Cases_and_Simulation/case-of-the-week/2026-07-23_suicide-risk-assessment-safety-planning_Resident.md,page,but generally require a mental disorder plus imminent danger to self/others (or grave disability),"Imminence is not the general US standard for an emergency hold or commitment; most states require a substantial likelihood/risk of serious harm, and several statutes or courts expressly reject an imminence requirement.","A resident taught that danger must be 'imminent' may conclude a patient with active SI, fluctuating intent and firearm access does not qualify and discharge them, in a state where the lower 'likelihood of serious harm' standard (Maine's included) was met.","State civil-commitment statutes differ: e.g., Maine 34-B MRSA §3801 ('likelihood of serious harm'); Treatment Advocacy Center state-standards surveys document that most states do not require imminence; APA Position Statement on civil commitment.","but generally require a mental disorder plus a substantial likelihood of serious harm to self/others (or grave disability) — how imminent that harm must be is defined by your state's statute, and many states do not require imminence",medium,confirmed,,open,,
R05-001,Moderate,Moderate,suicide assessment,canon-summary-outdated,Resident,canon_200.md,14_Tracks/Resident/canon_200.md,page,"Meta-analysis of 48 RCTs (6,674 participants) demonstrating lithium reduces completed suicides (OR 0.13) and deaths from any cause (OR 0.38). The strongest evidence for any pharmacological anti-suicide intervention.","The Top-25 summary presents the 2013 meta-analysis as settled proof and calls it the strongest anti-suicide pharmacological evidence. The suicide OR comes from very few events, and the one large RCT designed to test the question, the VA Li+ Plus trial (Katz et al., JAMA Psychiatry 2022; n=519), was stopped for futility with no reduction in suicide-related events (HR 1.10). The summary also uses 'completed suicides'.","A resident may add lithium to usual care for a recently suicidal patient on the belief that it is proven suicide prevention, and may lean on it in place of means restriction, safety planning and follow-up.","Cipriani A et al. BMJ 2013;346:f3646. Katz IR et al. JAMA Psychiatry 2022;79(1):24-32 (PMID 34787653): trial stopped for futility; no overall difference in repeated suicide-related events (HR 1.10, 95% CI 0.77-1.55).","Meta-analysis of 48 RCTs (6,674 participants) finding fewer suicides with lithium than placebo (OR 0.13, based on few events) and fewer deaths from any cause (OR 0.38). Still the main pharmacological anti-suicide signal in mood disorders, but read it with the VA Li+ Plus RCT (Katz et al., JAMA Psychiatry 2022), which was stopped for futility after lithium added to usual care did not reduce suicide-related events.",high,confirmed,,open,,
R05-003,Moderate,Moderate,outdated recommendations,canon-summary-outdated,Resident,canon_200.md,14_Tracks/Resident/canon_200.md,page,CAPS-5 d=0.91; 67% no longer met PTSD criteria,"The summary gives the phase 3 efficacy result and nothing about what happened next. In August 2024 the FDA issued a complete response letter declining approval of MDMA-assisted therapy, citing concerns about trial design (functional unblinding/expectancy) and data. As of September 2026 it is still not FDA-approved.","Read on its own, the summary suggests an effective treatment that residents could recommend or refer patients to, when it is unapproved and the evidence behind it was judged insufficient.","FDA complete response letter to Lykos Therapeutics, Aug 2024 (reported by Psychiatric Times, BioSpace, Science); MAPS statement Aug 2026 describes regulatory 'progress', not approval.",CAPS-5 d=0.91; 67% no longer met PTSD criteria. Not FDA-approved: the FDA declined approval in 2024 (complete response letter) over trial-design and data concerns,medium,not-verified (first-pass reviewer judgment),,open,,
R05-002,Moderate,Moderate,current psychopharmacology,,Resident,canon_200.md,14_Tracks/Resident/canon_200.md,page,CM only efficacious intervention; strong recommendation,"The ASAM/AAAP guideline names contingency management as the standard of care, not the only effective intervention. It also recommends CBT and community reinforcement approaches and says pharmacotherapies (e.g., bupropion plus naltrexone for methamphetamine use disorder) may be used off-label. The canon's own #180 (ADAPT-2) reports a positive medication trial, so the summary contradicts itself.","A resident may withhold evidence-supported psychotherapies or off-label pharmacotherapy from a patient with stimulant use disorder where CM is not available, which is most US settings.","ASAM/AAAP Clinical Practice Guideline on the Management of Stimulant Use Disorder, J Addict Med 2024;18(1S Suppl 1):1-56 (PMID 38669101), key takeaways: 'Contingency management represents the current standard of care ... Pharmacotherapies may be utilized off-label to treat StUDs.'","CM is the standard of care and has the strongest evidence; CBT and community reinforcement approach also recommended, and off-label pharmacotherapy (e.g., bupropion + naltrexone for methamphetamine use disorder) may be considered",high,confirmed,,open,,
Q1-002,Moderate,Moderate,factual inaccuracies,akathisia-propranolol-strongest-evidence,both,qb_anx_003,question_bank.json,item,Which pharmacological intervention has the strongest evidence as first-line treatment for akathisia in this setting?,"The stem asks which agent has the 'strongest evidence'. The keyed agent, propranolol, does not have the strongest evidence: 5-HT2A antagonists such as mirtazapine show larger effects in both 2024–2026 network meta-analyses. Propranolol is the right key among the options offered, but not for the reason the stem asks about.","The stem teaches that propranolol is supported by the best evidence, which the current literature does not show.","Lima AR et al., Cochrane Database Syst Rev 2004 (CD001946): 3 small RCTs, n=51, no firm conclusions, data insufficient to recommend beta-blockers. Gerolymos C et al., JAMA Netw Open 2024;7(3):e241527 (doi:10.1001/jamanetworkopen.2024.1527), NMA of 15 RCTs: mirtazapine 15 mg (SMD -1.20), biperiden, vitamin B6 largest effects; propranolol SMD -0.78, not robust in sensitivity analyses. Furukawa Y et al., Schizophr Bull 2026 (doi:10.1093/schbul/sbae098), NMA of 19 RCTs: 5-HT2A antagonists SMD -1.07 vs beta-blockers SMD -0.46, both low-certainty evidence.",Which pharmacological intervention is the most appropriate first-line add-on treatment for akathisia in this setting?,high,not-verified (first-pass reviewer judgment),,open,,
Q1-001,Moderate,Major,citation problems,akathisia-propranolol-strongest-evidence,both,qb_anx_003,question_bank.json,item,Propranolol 20–40 mg BID — a non-selective beta-blocker with the strongest evidence base for akathisia from multiple small RCTs and Cochrane review.,The keyed option says propranolol has the 'strongest evidence base' and cites the Cochrane review in support. The item's own rationale says the Cochrane review found the data insufficient to recommend beta-blockers. Two recent network meta-analyses find larger effects for low-dose mirtazapine and other 5-HT2A antagonists. The prior finding A1C1-F002 was fixed in the rationale only; the option still makes the same claim.,"The item contradicts itself. A learner reading the keyed option will believe the Cochrane review supports propranolol and that nothing has better evidence, and will not think of mirtazapine as an evidence-based alternative.","Lima AR et al., Cochrane Database Syst Rev 2004 (CD001946): 3 small RCTs, n=51, no firm conclusions, data insufficient to recommend beta-blockers. Gerolymos C et al., JAMA Netw Open 2024;7(3):e241527 (doi:10.1001/jamanetworkopen.2024.1527), NMA of 15 RCTs: mirtazapine 15 mg (SMD -1.20), biperiden, vitamin B6 largest effects; propranolol SMD -0.78, not robust in sensitivity analyses. Furukawa Y et al., Schizophr Bull 2026 (doi:10.1093/schbul/sbae098), NMA of 19 RCTs: 5-HT2A antagonists SMD -1.07 vs beta-blockers SMD -0.46, both low-certainty evidence.","Propranolol 20–40 mg BID — a lipophilic non-selective beta-blocker and the conventional first-line add-on for akathisia, although its trial evidence is small and low-certainty.",high,confirmed,,open,,
Q1-003,Moderate,Moderate,outdated recommendations,akathisia-propranolol-strongest-evidence,both,qb_anx_003,question_bank.json,item,Akathisia pharmacotherapy: propranolol 20–40 mg BID is first-line (strongest evidence),The pearl repeats 'strongest evidence' for propranolol. The item's rationale and current network meta-analyses contradict this.,"The pearl is shown as a standalone takeaway, so it will be remembered without the rationale's caveat.","Lima AR et al., Cochrane Database Syst Rev 2004 (CD001946): 3 small RCTs, n=51, no firm conclusions, data insufficient to recommend beta-blockers. Gerolymos C et al., JAMA Netw Open 2024;7(3):e241527 (doi:10.1001/jamanetworkopen.2024.1527), NMA of 15 RCTs: mirtazapine 15 mg (SMD -1.20), biperiden, vitamin B6 largest effects; propranolol SMD -0.78, not robust in sensitivity analyses. Furukawa Y et al., Schizophr Bull 2026 (doi:10.1093/schbul/sbae098), NMA of 19 RCTs: 5-HT2A antagonists SMD -1.07 vs beta-blockers SMD -0.46, both low-certainty evidence.","Akathisia pharmacotherapy: after dose reduction or switch, propranolol 20–40 mg BID is the conventional first-line add-on (low-certainty evidence; low-dose mirtazapine is an evidence-based alternative)",high,not-verified (first-pass reviewer judgment),,open,,
Q1-005,Moderate,Moderate,current psychopharmacology,,both,qb_cdev_002,question_bank.json,item,Risperidone and aripiprazole are FDA-approved for irritability and aggression associated with autism — they do not treat,"The FDA approvals for irritability associated with autistic disorder are pediatric only: risperidone for ages 5–16 and aripiprazole for ages 6–17. The patient in the stem is 18, so for him either drug is off-label. The keyed answer implies an approval that does not cover his age.",Learners will think these drugs are on-label for autistic adults. They may tell families so and document an FDA indication that does not exist.,Risperdal (risperidone) USPI: irritability associated with autistic disorder in pediatric patients 5–16 years (approved 2006). Abilify (aripiprazole) USPI: irritability associated with autistic disorder in pediatric patients 6–17 years (approved 2009).,"Risperidone and aripiprazole are FDA-approved for irritability (including aggression and self-injury) associated with autism in children and adolescents (risperidone 5–16 years, aripiprazole 6–17 years; use at 18 is off-label) — they do not treat",high,confirmed,,open,,
Q1-006,Moderate,Moderate,DSM-5-TR accuracy,adhd-two-settings-dsm-iv-wording,both,qb_cdev_005,question_bank.json,item,Symptoms before age 12 with impairment in at least two settings,"'Impairment in at least two settings' is the DSM-IV wording (criterion C). DSM-5 and DSM-5-TR require several symptoms to be present in two or more settings (C), plus clear evidence of functional interference (D). Impairment does not have to occur in two settings.",This is a shelf-tested criterion. Learners will memorize the superseded DSM-IV rule and may wrongly exclude ADHD when impairment is concentrated in one setting.,"DSM-5-TR ADHD Criterion C: 'Several inattentive or hyperactive-impulsive symptoms are present in two or more settings'; Criterion D: 'clear evidence that the symptoms interfere with, or reduce the quality of, social, academic, or occupational functioning.' DSM-IV-TR Criterion C read 'Some impairment from the symptoms is present in two or more settings.'","Several symptoms before age 12, present in at least two settings, with evidence of functional impairment",high,not-verified (first-pass reviewer judgment),,open,,
Q1-007,Moderate,Moderate,DSM-5-TR accuracy,adhd-two-settings-dsm-iv-wording,both,qb_cdev_005,question_bank.json,rationale,"ADHD requires several symptoms before age 12, ≥6 months, with impairment in ≥2 settings",The rationale repeats the DSM-IV 'impairment in two settings' wording. It also omits the symptom-count threshold.,It reinforces the superseded criterion.,"DSM-5-TR ADHD Criteria A–D (≥6 symptoms, ≥5 for age 17+; several before age 12; several present in ≥2 settings; clear functional interference).","ADHD requires ≥6 symptoms (≥5 at age 17+) for ≥6 months, several present before age 12 and several present in ≥2 settings, with clear functional impairment",high,not-verified (first-pass reviewer judgment),,open,,
Q1-009,Moderate,Moderate,legal/ethical issues,duty-to-protect-universal,both,qb_eth_002,question_bank.json,rationale,"A specific, credible threat to a named, identifiable person — with described means and timeline — triggers a duty to take reasonable protective steps.","The rationale presents the duty to protect as a universal legal obligation. State law makes it mandatory in some states, permissive in others, and absent in a few.","The curriculum is meant for national use. A learner will assume one rule applies everywhere and may misstate the legal basis for a disclosure. The clinical action (protective steps for a credible, specific threat) is still sound everywhere.","Tarasoff v. Regents (Cal. 1976); state duty-to-protect statutes vary (e.g., NCSL/APA state surveys: mandatory vs permissive vs no duty); Thapar v. Zezulka, 997 S.W.2d 635 (Tex. 1999).","A specific, credible threat to a named, identifiable person — with described means and timeline — triggers a duty to take reasonable protective steps (mandatory in some states; in others the law permits rather than requires disclosure, so know your state's statute).",high,modified,,open,,
Q1-011,Moderate,Moderate,hidden assumptions,,both,qb_eth_005,question_bank.json,item,Informed consent = capacity + disclosure + voluntariness — all three must be documented; 'intact cognition' is not the same as a documented capacity assessment.,"The pearl implies every informed consent needs a formally documented four-ability capacity assessment. Adults are presumed to have capacity, and a formal assessment is triggered by clinical concern. The real gap in the stem is that 'I understand' is self-report and does not show understanding or appreciation, which matters for ECT in a severely depressed patient.","Learners may either treat formal capacity documentation as a routine requirement of every consent, or miss the actual lesson: check understanding and appreciation (e.g., teach-back) when illness may impair them.","Appelbaum PS, NEJM 2007 'Assessment of patients' competence to consent to treatment' (presumption of capacity; assessment triggered by clinical indicators); APA Task Force on ECT (2001), consent section.","Informed consent = capacity + disclosure + voluntariness; adults are presumed capable, but 'intact cognition' and 'I understand' do not show understanding and appreciation — for a high-stakes consent such as ECT, check them (e.g., teach-back) and document it.",medium,not-verified (first-pass reviewer judgment),,open,,
Q1-012,Moderate,Moderate,legal/ethical issues,reporting-duty-jurisdiction,both,qb_eth_014,question_bank.json,rationale,Elder/dependent-adult abuse carries similar duties.,"Child-abuse reporting duties are close to uniform across states, but elder and dependent-adult reporting duties are not. Who must report, and in which settings, varies. New York, for example, has no general mandatory elder-abuse reporting for physicians outside residential care facilities.","A learner may believe a mandated duty (and the protection that comes with it) exists wherever they practise, and may disclose without checking the local legal basis.","State adult protective services statutes vary (e.g., NCEA state law summaries; New York has no universal mandated reporting of elder abuse in community settings).","Elder/dependent-adult abuse carries similar duties in most states, though who must report and in which settings varies by state.",high,confirmed,,open,,
Q1-013,Moderate,Major,DSM-5-TR accuracy,mixed-features-overlapping-symptoms,both,qb_mood_005,question_bank.json,item,"he also has racing thoughts, psychomotor agitation, and is sleeping only 3 hours per night despite feeling exhausted","The stem's 'mixed features' rests on racing thoughts, psychomotor agitation, and insomnia with exhaustion. DSM-5-TR's 'with mixed features' specifier requires ≥3 non-overlapping manic/hypomanic symptoms. It explicitly excludes psychomotor agitation, and it counts only decreased need for sleep (feeling rested), not insomnia. The patient therefore has one qualifying symptom and does not meet the specifier the keyed answer names.","Learners will label agitated depression with insomnia as 'mixed features'. That is a misapplied DSM-5-TR specifier, and it can push toward a bipolar-spectrum formulation. The item's safety message about agitation and suicide risk is sound; the criteria are not.","DSM-5-TR, depressive disorders, 'With mixed features' specifier: at least three of seven manic/hypomanic symptoms, including 'decreased need for sleep (feeling rested despite sleeping less than usual; to be contrasted with insomnia)'. Note: overlapping symptoms (psychomotor agitation, irritability, distractibility, insomnia) are excluded.","he also has racing thoughts, pressured speech, and increased goal-directed activity, and is sleeping only 3 hours per night yet feels rested",high,confirmed,,open,,
Q1-014,Moderate,Moderate,DSM-5-TR accuracy,mixed-features-overlapping-symptoms,both,qb_mood_005,question_bank.json,item,Mixed features (depression + racing thoughts/agitation/decreased sleep) carry elevated suicide risk,"The pearl lists agitation as a mixed-features symptom, but DSM-5-TR excludes it as an overlapping symptom. It also needs ≥3 manic symptoms. (The linked page's evidence line, 'depressed mood with concurrent activation/agitation', has the same framing.)",It teaches the wrong specifier criteria as a standalone takeaway.,DSM-5-TR 'With mixed features' specifier (see Q1-013).,"Mixed features (depression + ≥3 non-overlapping manic symptoms such as racing thoughts, pressured speech, or decreased need for sleep — not agitation or insomnia, which DSM-5-TR excludes) carry elevated suicide risk",high,not-verified (first-pass reviewer judgment),,open,,
Q1-015,Moderate,Moderate,emergency psychiatry,,both,qb_mood_013,question_bank.json,rationale,"the alert, attentive patient without fluctuating consciousness rules out delirium.","A single exam showing intact attention cannot rule out delirium, which by definition fluctuates and is often hypoactive in older adults. For a 70-year-old with new-onset psychosis, the standard is serial assessment plus a medical and neurocognitive workup.","A learner may stop delirium screening and the medical workup in an elderly patient after one normal exam, which is a can't-miss diagnosis on the geriatric unit.",DSM-5-TR delirium Criterion B ('tends to fluctuate in severity during the course of a day'); APA Practice Guideline on delirium / NICE CG103.,"the alert, attentive patient makes delirium less likely — though one exam cannot exclude a fluctuating course, so reassess and complete the medical workup.",high,confirmed,,open,,
Q1-016,Moderate,Moderate,legal/ethical issues,,both,qb_mood_015,question_bank.json,rationale,None of these criteria are met.,The rationale treats incomplete discharge tasks as grounds for continued stay without saying that a voluntary patient's discharge request is governed by state law. It also says 'none' of the criteria are met when mood has partly improved.,"Learners may believe a voluntary patient can be kept because paperwork is incomplete, which is unlawful detention unless involuntary criteria are met and the state's process is followed.","State voluntary-admission statutes (e.g., written release request → discharge within a statutory window unless involuntary proceedings are initiated); APA Position Statement on involuntary hospitalization.","None of these criteria is fully met, so the recommendation is to continue inpatient care. But if a voluntary patient still asks to leave, he can be held only if he meets involuntary criteria under state law; otherwise, complete the safety plan and follow-up before he goes rather than using them as grounds to hold him.",medium,modified,,open,,
Q1-018,Moderate,Moderate,misleading wording,ect-pregnancy-framing,both,qb_mood_016,question_bank.json,item,pregnancy is an explicit ECT indication when medications are undesirable,The keyed option calls pregnancy (when medications are undesirable) an explicit ECT indication. The item's own rationale and the linked page say the opposite: 'Pregnancy alone is not the indication; the severity is.' The option therefore contradicts the rationale.,Learners may believe that a preference to avoid medication in pregnancy is enough to justify ECT for depression of any severity.,t_mood.md as quoted in this item's evidence line; this item's rationale ('it is not an indication on its own').,ECT is preferred once illness in pregnancy is this severe,high,not-verified (first-pass reviewer judgment),,open,,
Q1-017,Moderate,Moderate,factual inaccuracies,ect-pregnancy-framing,both,qb_mood_016,question_bank.json,item,ECT with appropriate obstetric monitoring avoids this entirely.,"ECT does not avoid fetal drug exposure 'entirely'. Every session involves an induction anesthetic (e.g., methohexital/propofol), a depolarizing muscle relaxant, and often an anticholinergic, all of which cross the placenta. The advantage is brief, intermittent exposure instead of continuous psychotropic exposure.","Learners may tell a pregnant patient that ECT involves no drug exposure, which is inaccurate informed-consent information.","APA Task Force on ECT (2001), pregnancy section; ACOG/APA perinatal guidance; standard ECT anesthesia practice.",ECT limits fetal drug exposure to brief anesthetic and muscle-relaxant doses at each session rather than continuous psychotropic exposure.,high,not-verified (first-pass reviewer judgment),,open,,
Q2-001,Moderate,Moderate,emergency psychiatry,malignant-catatonia-omits-benzodiazepine,both,qb_cog_014,question_bank.json,item,"Stop all antipsychotics immediately, transfer to a medical unit for hemodynamic monitoring and supportive care, and obtain urgent psychiatric and neurology consultation — ECT should be considered for malignant or refractory catatonia.","The keyed answer for NMS/malignant catatonia omits benzodiazepines, the first-line pharmacotherapy the item's own rationale says must continue; the only option mentioning lorazepam is a distractor.","A learner who studies the key (and the pearl) learns 'stop antipsychotic, transfer, ECT' and may stop or withhold lorazepam in a deteriorating malignant catatonia/NMS patient.","Rogers JP et al., BAP consensus guidelines for catatonia, J Psychopharmacol 2023 (benzodiazepines first-line incl. malignant catatonia, ECT if no rapid response); item rationale itself: 'continue lorazepam — benzodiazepines remain first-line'.","Stop all antipsychotics immediately, transfer to a medical unit for hemodynamic monitoring and supportive care, continue lorazepam, and obtain urgent psychiatric and neurology consultation — ECT should be considered for malignant or refractory catatonia.",high,confirmed,,open,,
Q2-002,Moderate,Moderate,emergency psychiatry,malignant-catatonia-omits-benzodiazepine,both,qb_cog_014,question_bank.json,item,"stop antipsychotics, transfer to medical, and consider ECT urgently.","The standalone pearl for malignant catatonia/NMS omits lorazepam, contradicting the rationale that benzodiazepines remain first-line while ECT is arranged.",Pearls render as free-standing takeaways; a learner could omit benzodiazepine treatment in a life-threatening catatonic/NMS presentation.,"BAP catatonia guideline (Rogers 2023): lorazepam first-line, ECT for non-response/malignant; same item's rationale.","stop antipsychotics, transfer to medical, continue lorazepam, and consider ECT urgently.",high,confirmed,,open,,
Q2-003,Moderate,Moderate,emergency psychiatry,,both,qb_cog_014,question_bank.json,item,benzodiazepines are insufficient for malignant presentations; ECT can be lifesaving even when the antipsychotic cannot be fully cleared.,"The tier-2 'why' says benzodiazepines are insufficient in malignant catatonia, which contradicts tier 1 (benzodiazepines remain first-line while ECT is arranged). Separately, keyed tier-2 option C implies stopping the antipsychotic is optional and needs its own edit.",A learner may skip lorazepam in malignant catatonia or infer that the offending antipsychotic can continue if ECT is planned.,"Rogers JP et al., J Psychopharmacol 2023 (BAP): benzodiazepines first-line in all catatonia including malignant; stop dopamine antagonists; ECT urgently if no rapid response.","benzodiazepines alone may be insufficient for malignant presentations, so ECT should not be delayed if lorazepam does not produce rapid improvement — the antipsychotic is still stopped, and ECT can be lifesaving before it has fully cleared.",high,modified,,open,,
Q2-004,Moderate,Moderate,cultural psychiatry,race-schizophrenia-disparity-overclaim,both,qb_otherdx_008,question_bank.json,item,a documented clinician bias that is not explained by symptom profile or true prevalence differences.,"The key asserts as settled fact that the disparity is wholly clinician bias and not explained by prevalence differences; the best US meta-analysis finds a robust disparity that persists even with structured interviews and does not apportion it to bias versus true differences (and UK incidence data show real, socially patterned elevations).","Learners should guard against bias, but teaching an over-certain causal claim invites the opposite error (dismissing psychosis) and is not what the evidence shows.","Olbert CM, Nagendra A, Buck B. J Abnorm Psychol 2018;127:104-115 (doi:10.1037/abn0000309): OR 2.42 overall; structured assessments OR 1.77, not significantly attenuated; Gara MA et al. 2012/2019 show differential weighting of symptoms by clinicians.","a robust disparity that persists even with structured interviews, to which clinician bias (e.g., under-weighting affective symptoms) is a documented contributor — guard against it.",medium,not-verified (first-pass reviewer judgment),,open,,
Q2-005,Moderate,Moderate,cultural psychiatry,race-schizophrenia-disparity-overclaim,both,qb_otherdx_008,question_bank.json,item,"not due to prevalence differences, but clinician diagnostic bias; guard against it.",Pearl states a single cause for the disparity more certainly than the evidence supports.,Same as key: over-certain causal claim taught as fact.,Olbert 2018 meta-analysis (PMID 29094963): disparity robust across structured and unstructured assessment; cause not resolved.,"a disparity that persists after accounting for symptom profile, with clinician bias a documented contributor; guard against it.",medium,not-verified (first-pass reviewer judgment),,open,,
Q2-008,Moderate,Moderate,factual inaccuracies,,both,qb_otherdx_013,question_bank.json,item,A woman develops sudden left-arm paralysis after an argument; exam shows a positive Hoover sign,Hoover sign is a lower-limb test (involuntary hip extension of the weak leg during contralateral hip flexion against resistance); it cannot be elicited for arm paralysis.,"Learners will misunderstand a positive sign the curriculum teaches as a rule-in finding for FND, and may misreport it on an exam or OSCE.","Stone J, et al. / Daum C, Aybek S. positive signs in FND reviews: Hoover sign tests hip extension in functional leg weakness; upper-limb signs include drift without pronation. Same bank's qb_otherdx_005 describes it correctly for the leg.",A woman develops sudden left-leg paralysis after an argument; exam shows a positive Hoover sign,high,not-verified (first-pass reviewer judgment),,open,,
Q2-009,Moderate,Moderate,hidden assumptions,bpd-benzo-absolute,both,qb_per_005,question_bank.json,rationale,"'Never start or escalate benzodiazepines in BPD — highest risk of attempted or completed suicide of any class (Lieslehto 2023); reach for skills, not pills.'","The quoted rule is unscoped: it forbids benzodiazepines in any patient with BPD, whereas the keyed answer correctly limits it to BPD symptoms or crisis distress; benzodiazepines remain the treatment for alcohol/sedative withdrawal and catatonia in patients who also have BPD.","A learner could withhold symptom-triggered benzodiazepines from a BPD patient in alcohol withdrawal, risking seizures or delirium tremens.",ASAM Clinical Practice Guideline on Alcohol Withdrawal Management 2020 (benzodiazepines first-line); item key wording 'for BPD symptoms or crisis distress'.,"'Never start or escalate benzodiazepines for BPD symptoms or crisis distress — highest risk of attempted or completed suicide of any class (Lieslehto 2023); reach for skills, not pills.' (Withdrawal and catatonia remain benzodiazepine indications.)",high,not-verified (first-pass reviewer judgment),,open,,
Q2-006,Moderate,Moderate,current psychopharmacology,,both,qb_pha_006,question_bank.json,item,Confirm she is not pregnant and discuss contraception — valproate is a known teratogen (neural tube defects and other major malformations); this must be addressed before initiating in any person who could become pregnant.,"The key frames pregnancy test plus contraception counselling as sufficient to proceed; the US boxed warning says valproate should not be given to a woman of childbearing potential unless other medications have failed or are otherwise unacceptable — and for acute mania in a 27-year-old, lithium or an antipsychotic is the usual alternative.","Learners may treat valproate as routine first-line in reproductive-age women once contraception is discussed, contrary to the label (and the linked page, which says it should not be started).","Depakote (divalproex) US PI, Boxed Warning – Fetal Risk: 'Valproate should not be administered to a woman of childbearing potential unless other medications have failed to provide adequate symptom control or are otherwise unacceptable.'","Confirm she is not pregnant, discuss contraception, and first consider whether an alternative (e.g., lithium or an antipsychotic) is suitable — valproate is a known teratogen (neural tube defects and other major malformations); per its boxed warning it should not be used in any person who could become pregnant unless other medications have failed or are unacceptable.",high,confirmed,,open,,
Q3-003,Moderate,Moderate,DSM-5-TR accuracy,,both,qb_psy_003,question_bank.json,rationale,"In a young adult with new-onset psychosis, the organic yield is highest at the first episode.","The stem has a team 'ready to diagnose schizophrenia' after 3 weeks of symptoms, and the rationale never corrects this. DSM-5-TR schizophrenia requires 6 months of continuous signs. At 3 weeks the working primary diagnosis would be brief psychotic disorder, or schizophreniform disorder if it lasts longer.","Learners may believe schizophrenia can be diagnosed once secondary causes are excluded, whatever the duration.","DSM-5-TR Schizophrenia Criterion C (≥6 months); Brief psychotic disorder (≥1 day, <1 month); Schizophreniform disorder (1–6 months).","In a young adult with new-onset psychosis, the organic yield is highest at the first episode. Note also that 3 weeks of symptoms cannot meet the DSM-5-TR 6-month duration criterion for schizophrenia.",high,not-verified (first-pass reviewer judgment),,open,,
Q3-002,Moderate,Moderate,citation problems,,both,qb_psy_005,question_bank.json,rationale,The conclusion of CATIE: effectiveness is broadly comparable across FGAs and SGAs; the clinically actionable difference is in the side-effect profile matched to the patient's individual vulnerability.,"The stem concerns a first-episode patient, but CATIE enrolled people with chronic schizophrenia. The item applies CATIE to first-episode psychosis without saying so. Distractor D's opening clause ('CATIE only applies to chronic schizophrenia') is actually true, and the rationale never says which evidence covers first-episode patients.","Learners come away believing CATIE studied first-episode patients, and a careful examinee may be penalised for noticing the population mismatch.","Lieberman et al., NEJM 2005 (CATIE; chronic schizophrenia); Kahn et al., Lancet 2008 (EUFEST, first-episode: symptom reduction comparable across agents, with lower discontinuation on SGAs than on low-dose haloperidol).",The conclusion of CATIE (chronic schizophrenia; first-episode trials such as EUFEST point the same way): effectiveness is broadly comparable across FGAs and SGAs; the clinically actionable difference is in the side-effect profile matched to the patient's individual vulnerability.,high,not-verified (first-pass reviewer judgment),,open,,
Q3-001,Moderate,Moderate,current psychopharmacology,,both,qb_psy_007,question_bank.json,item,"Residual negative symptoms (flat affect, avolition, alogia) have persisted on both trials.","The stem names only residual negative symptoms and does not confirm adherence, so it does not meet the treatment-resistant schizophrenia criteria the keyed clozapine answer relies on.","Learners infer that residual negative symptoms alone after two trials mandate clozapine, and the antidepressant distractor becomes defensible, so the key is no longer clearly the only best answer.","Howes et al., TRRIP consensus, Am J Psychiatry 2017 (two adequate trials, confirmed adherence, specify symptom domain); APA Practice Guideline for Schizophrenia 2020, clozapine for treatment-resistant schizophrenia; Helfer et al., Am J Psychiatry 2016 (antidepressant add-on for negative symptoms, small benefit).","Auditory hallucinations and paranoid delusions, along with negative symptoms (flat affect, avolition, alogia), have persisted on both trials despite confirmed adherence.",high,modified,,open,,
Q3-010,Moderate,Moderate,unsupported statements,,both,qb_rel_010,question_bank.json,item,"The main barrier to family psychoeducation being delivered is clinician avoidance — structured family work is available to the minority of families who receive it largely because of clinician behavior, not family behavior.","Eassom 2014, the source cited, locates the barriers in organisational culture, leadership, staff training and supervision, and staff reservations, not mainly in individual clinicians avoiding the work. 'Clinician avoidance' as the main barrier overstates and individualises a service-level finding.","Learners and QI teams may treat low family-work rates as a matter of individual clinician attitude and miss the organisational fixes (leadership, workflow, training) the literature identifies.","Eassom E et al., BMJ Open 2014;4:e006108 (doi:10.1136/bmjopen-2014-006108): 'Organisational cultures and paradigms can work to limit family involvement… supported by strong leadership'; training necessary but not sufficient.","The main barriers to family psychoeducation being delivered sit with clinicians and services — staff reservations, training gaps, and organisational culture — not with family refusal.",medium,not-verified (first-pass reviewer judgment),,open,,
Q3-009,Moderate,Moderate,citation problems,,both,qb_rel_013,question_bank.json,item,"Psychoeducation — the hardest inpatient numbers for readmission prevention: readmission NNT 5 (Xia, Cochrane 2011) and relapse NNT 9; and it costs nothing except time.","The NNT 5 for readmission in Xia 2011 comes from only n=206 participants, in a review whose authors rate the trials as of limited quality and say the true effect is likely smaller. Calling it the 'hardest' (strongest) numbers, and in the pearl 'highest-evidence', misstates how certain the estimate is.","Learners and QI teams are taught to treat a small, low-certainty subgroup estimate as the strongest evidence in inpatient psychiatry.","Xia J, Merinder LB, Belgamwar MR. Cochrane Database Syst Rev 2011;CD002831 (doi:10.1002/14651858.CD002831.pub2): readmission n=206, RR 0.71, NNT 5 (CI 4–13); relapse n=1214, NNT 9; 'true size of effect is likely to be less'.","Psychoeducation — the most directly readmission-relevant evidence: readmission NNT 5 (Xia, Cochrane 2011; small subset, n=206, limited-quality trials) and relapse NNT 9; and it costs nothing except time.",high,not-verified (first-pass reviewer judgment),,open,,
Q3-011,Moderate,Moderate,citation problems,,both,qb_saf_010,question_bank.json,item,"Black patients face roughly 1.85× the adjusted odds of a restraint event on inpatient psychiatric units — this disparity is a quality-of-care issue, not an acuity artifact.","Singal et al. is a single-system retrospective chart review (adolescents and adults), and its adjusted odds ratio cannot rule out residual confounding by acuity. The key asserts a causal conclusion ('not an acuity artifact') that the study does not establish. It also presents one health system's AOR as the general inpatient figure.","Learners take away an overstated causal claim, which weakens their credibility when a colleague raises confounding. The accurate message (disparity persists after adjustment and warrants review) is strong enough on its own.","Singal S et al., Psychiatr Serv 2024;75(4):308-315 (doi:10.1176/appi.ps.20230057): retrospective review, n=29,739, one Northwell system; Black AOR 1.85.",Black patients faced roughly 1.85× the adjusted odds of a restraint event in a large inpatient psychiatric sample — a disparity that persists after adjustment and should be treated as a quality-of-care issue.,medium,not-verified (first-pass reviewer judgment),,open,,
Q4-003,Moderate,Moderate,current psychopharmacology,fentanyl-era-induction,both,qb_sud_005,question_bank.json,item,before initiating buprenorphine induction — this is required to avoid precipitating withdrawal.,The keyed option calls waiting for COWS ≥8–12 'required'. That holds only for standard induction; low-dose initiation is a recognised alternative. Any correction must still leave distractor C (a single test dose) clearly wrong.,Residents supervising inductions in the fentanyl era will learn that waiting for withdrawal is the only safe route. They will then not offer low-dose initiation to patients who cannot tolerate withdrawal or who precipitate despite adequate COWS scores.,"Weimer MB et al. ASAM Clinical Considerations: Buprenorphine Treatment of OUD for Individuals Using High-potency Synthetic Opioids. J Addict Med 2023;17(6):632-639, doi:10.1097/ADM.0000000000001202 (individualised initiation strategies, including low-dose initiation).","before initiating standard buprenorphine induction — this is how standard induction avoids precipitating withdrawal (low-dose initiation is a separate, structured multi-day protocol, not a single test dose).",high,modified,,open,,
Q4-004,Moderate,Moderate,current psychopharmacology,fentanyl-era-induction,both,qb_sud_005,question_bank.json,rationale,The COWS threshold (≥8–12) ensures residual full agonist has cleared enough receptors that induction is safe.,"'Ensures' overstates what the threshold does. With fentanyl, which is lipophilic and slowly released from tissue stores, precipitated withdrawal is well described in patients who already score in or above the 8–12 COWS range.",A learner who believes a threshold COWS guarantees a safe induction will not expect precipitated withdrawal in a fentanyl-exposed patient or prepare for it. Most US 'heroin' is now fentanyl.,"Weimer MB et al., J Addict Med 2023;17(6):632-639 (ASAM HPSO clinical considerations: precipitated withdrawal risk with HPSO exposure and individualised initiation).","The COWS threshold (≥8–12) makes it likely that residual full agonist has cleared enough receptors for induction to be tolerated — though with fentanyl, precipitated withdrawal can still occur at these scores.",high,confirmed,,open,,
Q4-006,Moderate,Moderate,current psychopharmacology,,both,qb_sud_016,question_bank.json,rationale,Naltrexone (reduces heavy drinking; avoid in acute hepatitis/opioid use),"The stem is built around cirrhosis, but the rationale's caution for naltrexone names only acute hepatitis and opioid use. It leaves out that naltrexone is contraindicated in liver failure or decompensated cirrhosis and needs LFT monitoring in compensated disease. That is the one teaching point the cirrhosis detail exists for.",Learners may start naltrexone in a patient with cirrhosis without checking whether the disease is decompensated and without monitoring liver tests. They also miss why acamprosate is often preferred in liver disease.,"Naltrexone FDA label: contraindicated in acute hepatitis or liver failure; boxed hepatotoxicity warning removed 2013, but use with caution in hepatic impairment. AASLD 2019/2020 ALD guidance: acamprosate is preferred and naltrexone is avoided in decompensated cirrhosis.","Naltrexone (reduces heavy drinking; avoid in acute hepatitis, decompensated cirrhosis/liver failure, or opioid use; monitor LFTs in compensated cirrhosis)",medium,confirmed,,open,,
Q4-005,Moderate,Moderate,current psychopharmacology,,both,qb_sud_016,question_bank.json,rationale,Disulfiram is second-line and adherence-dependent.,"The stem patient has cirrhosis, yet the rationale presents disulfiram as a routine second-line option. Disulfiram is hepatotoxic, and hepatology guidance says to avoid it in alcohol-associated liver disease or cirrhosis.","A learner would conclude that disulfiram is the next step for this patient if naltrexone or acamprosate fail, and would expose a cirrhotic patient to drug-induced hepatitis or liver failure.","AASLD Practice Guidance on alcohol-associated liver disease (Crabb et al., Hepatology 2020): disulfiram should be avoided in ALD. EASL CPG on alcohol-related liver disease (J Hepatol 2018): disulfiram should not be used in severe ALD. The disulfiram label warns of hepatitis and hepatic failure and advises extreme caution in cirrhosis.","Disulfiram is second-line and adherence-dependent, and should be avoided in cirrhosis because of hepatotoxicity.",medium,confirmed,,open,,
C1-001,Moderate,Moderate,misleading wording,,both,rounds_naming_uncertainty_001,communication_cases.json / reasoning_cases*.json / family_systems_scenarios.json / longitudinal_case.json,item,"but I haven't ruled out a substance-induced picture, and the toxicology is still pending. I'm watching the trajectory over the next 24 hours and I'll flag it as soon as the tox screen is back.","The keyed-best rounds answer names the pending urine tox screen as the data that will resolve bipolar mania versus substance-induced mania. A tox result shows exposure only. It cannot tell a primary mood episode from a substance-induced one, and a negative UDS misses many relevant agents. The diagnostic-reasoning case in the same appendix says so outright: 'Tox data are supportive but not explanatory by themselves' / 'Do not let a positive tox screen become a complete explanation.'","Learners copy this model answer. They will tell attendings the tox screen settles the question and may close on a diagnosis once it returns, which is the anchoring error the curriculum warns against elsewhere.","DSM-5-TR substance/medication-induced bipolar disorder, Criterion C: evidence for an independent disorder includes onset before substance use, persistence ~1 month after cessation of acute withdrawal/intoxication, or prior non-substance-related episodes. None of these is a tox result. Internal contradiction with mania_psychosis_substance_001 in this chunk.","but I haven't ruled out a substance-induced picture. The tox screen will show what she was exposed to, not which one this is — the timeline against her use, collateral on any prior episodes off substances, and whether symptoms persist as the substance clears will. I'll have collateral today and we'll track the course over the coming days.",high,not-verified (first-pass reviewer judgment),,open,,
C1-002,Moderate,Moderate,terminology inconsistencies,trd-one-trial,Resident,trd_augmentation_choice_001,communication_cases.json / reasoning_cases*.json / family_systems_scenarios.json / longitudinal_case.json,item,"Setting: Resident-level treatment planning
- Learner goal: Confirm true treatment resistance, then choose","The patient has failed one adequate antidepressant trial, yet the learner goal calls confirming that one failure 'true treatment resistance.' Current convention defines TRD as failure of at least two adequate trials in the current episode. The 2026-09-01 review fixed the matching wording in the Step 2 feedback but left this line.","Residents will document and counsel 'TRD' one trial early. That label drives payer and label decisions (e.g., esketamine's TRD indication) and misstates prognosis. Escalation here is justified by acuity, not by the label.","FDA Spravato label (TRD = inadequate response to ≥2 antidepressants in the current episode); EMA 2013 guideline on depression drug development; Gaynes et al. 2020 J Clin Psychiatry review of TRD definitions. Residual of prior finding RMISC-F003, which named this line and the Step 1 prompt as needing the same fix.","Setting: Resident-level treatment planning
- Learner goal: Confirm a truly adequate failed trial (one failure is not yet treatment-resistant depression, which conventionally requires two), then choose",high,not-verified (first-pass reviewer judgment),,open,,
C1-003,Moderate,Moderate,terminology inconsistencies,trd-one-trial,Resident,trd_augmentation_choice_001,communication_cases.json / reasoning_cases*.json / family_systems_scenarios.json / longitudinal_case.json,item,"(`confirm_resistance`)

*Prompt.* Before calling this treatment-resistant depression, what's the resident-level move?",The Step 1 prompt implies that one verified adequate trial failure makes the depression treatment-resistant. TRD conventionally requires at least two adequate failed trials.,"The keyed answer teaches that checking dose, duration, adherence and a repeated scale on a single trial is enough to call the depression TRD.",FDA Spravato label TRD definition (≥2 failed adequate antidepressant trials in the current episode); prior finding RMISC-F003 named this prompt.,"(`confirm_resistance`)

*Prompt.* Before calling this an adequate failed trial (treatment-resistant depression would require a second), what's the resident-level move?",high,not-verified (first-pass reviewer judgment),,open,,
C1-004,Moderate,Moderate,current psychopharmacology,,Resident,trd_augmentation_choice_001,communication_cases.json / reasoning_cases*.json / family_systems_scenarios.json / longitudinal_case.json,item,"- **(d)** Switch to a different SSRI at the same dose and reassess in another eight weeks.  *(rated: **harmful**)*
  - *feedback:* This restarts the clock on a patient with active suicidal ideation and a recent overdose without addressing whether escalation, not lateral switching, is what the acuity calls for.","Switching antidepressants after one adequate non-response is a guideline-supported next step. Here PHQ-9 went from 22 to 19, under 25% improvement, which counts as non-response, and for non-response switching is a standard option. Grading it 'harmful' puts a guideline option on the same level as the case's truly harmful distractors. The weakness of this option is incompleteness: a same-class switch with an 8-week wait and no plan for the patient's acuity.",Residents will learn that switching after one failed trial is harmful and will rule out a legitimate evidence-based strategy.,"CANMAT 2023 MDD update (Lam et al., Can J Psychiatry 2024): after inadequate response, both switching and adjunctive strategies are recommended options; APA MDD guideline 2010; STAR*D level 2 (switch and augment gave comparable remission); VAST-D (Mohamed et al., JAMA 2017): aripiprazole augmentation had modestly higher remission than switching to bupropion, a modest difference, and switching was not shown harmful.","- **(d)** Switch to a different SSRI at the same dose and reassess in another eight weeks.  *(rated: **missed**)*
  - *feedback:* Switching after one adequate non-response is a legitimate guideline option, but this skips the confirmation this step asks for, and an unexamined same-class switch with an eight-week wait does not answer this patient's acuity. Weigh switch versus augmentation explicitly, and raise ECT and rapid-acting options now.",medium,modified,,open,,
C1-005,Moderate,Moderate,unsupported statements,,Resident,trd_augmentation_choice_001,communication_cases.json / reasoning_cases*.json / family_systems_scenarios.json / longitudinal_case.json,item,"*(rated: **partial**)*
  - *feedback:* The anti-suicidal evidence for lithium is real","The feedback says lithium's anti-suicidal evidence applies to this patient without qualification. That evidence comes mainly from bipolar disorder and from observational/meta-analytic data. For a patient like this one (unipolar MDD, recent suicide-related event, lithium added to usual care), the largest RCT found no benefit and was stopped for futility.","Residents will overestimate lithium's suicide-prevention benefit in unipolar depression when weighing it against overdose lethality, the exact trade-off this case is built to teach.","Katz IR et al., JAMA Psychiatry 2022;79(1):24-32, doi:10.1001/jamapsychiatry.2021.3170 (VA CSP #590; n=519 with MDD or bipolar disorder and a recent suicide-related event; HR 1.10, 95% CI 0.77-1.55; stopped for futility). Cipriani et al. BMJ 2013 meta-analysis is mostly bipolar/mixed mood trials.","*(rated: **partial**)*
  - *feedback:* Lithium's anti-suicidal evidence is strongest in bipolar disorder and weaker in unipolar depression (a 2022 VA RCT in patients with a recent suicide-related event was stopped for futility)",high,not-verified (first-pass reviewer judgment),,open,,
AQ1-008,Moderate,Moderate,suicide assessment,,both,AR-36 Q4,audio-companion quiz deck data (see A3 transcript),rationale,This structured intervention provides patients with coping strategies and has shown a dramatic 50% reduction in subsequent suicidal acts.,"The rationale leaves out two facts. The effect came from the Safety Planning Intervention plus at least two structured follow-up phone calls, not the plan alone. The design was a non-randomized cohort comparison in VA EDs. The result was 3.0% vs 5.3% suicidal behavior over 6 months (OR 0.56), reported as 45% fewer suicidal behaviors.",Learners would believe that handing over a safety plan alone halves suicidal behavior and could skip the follow-up contact that was part of the tested intervention.,"Stanley B et al., JAMA Psychiatry 2018;75:894-900 (PMID 29998307): SPI+ (SPI plus telephone follow-up), cohort comparison at 9 VA EDs, 3.03% vs 5.29%, OR 0.56 (0.33–0.95).","Paired with structured follow-up phone calls, the intervention was associated with about 45% fewer suicidal behaviors over 6 months (3.0% vs 5.3%; OR 0.56) in a large non-randomized VA emergency-department cohort comparison (Stanley et al., 2018).",high,confirmed,,open,,
AQ1-004,Moderate,Moderate,factual inaccuracies,fudala-data2000-chronology,both,AR-41 Q1,audio-companion quiz deck data (see A3 transcript),rationale,"The trial demonstrated efficacy and safety in office-based settings, which was foundational for the passage of DATA 2000 and the shift away from exclusive methadone clinic models.","The chronology is reversed. DATA 2000 was enacted in October 2000, before Fudala's results were published (NEJM, September 2003). The trial's data supported FDA approval of Subutex/Suboxone in October 2002, which made office-based prescribing under DATA 2000 possible in practice.","Learners would misstate the regulatory history of office-based buprenorphine, a common teaching and exam topic.","Drug Addiction Treatment Act of 2000, Pub. L. 106-310 (enacted Oct 17, 2000); Fudala PJ et al., NEJM 2003;349:949-58; FDA approval of Subutex/Suboxone Oct 8, 2002.","The trial demonstrated efficacy and safety in office-based settings, supporting the 2002 FDA approval of buprenorphine and buprenorphine/naloxone that put DATA 2000's office-based model into practice and moved treatment beyond exclusive methadone clinics.",high,not-verified (first-pass reviewer judgment),,open,,
AQ1-006,Moderate,Moderate,current psychopharmacology,,both,AR-41 Q5,audio-companion quiz deck data (see A3 transcript),rationale,"Administering buprenorphine, a partial agonist with high affinity, to a patient not in withdrawal can displace full agonists and precipitate acute withdrawal.",The item presents a withdrawal threshold (COWS ≥8–12) as a universal 'critical requirement' and attributes it to Fudala 2003. It omits low-dose initiation and the fentanyl-era risk of precipitated withdrawal.,Residents in the fentanyl era would treat standard withdrawal-based induction as the only safe option. They could either precipitate withdrawal with it or leave patients untreated when low-dose initiation fits better.,"ASAM National Practice Guideline for the Treatment of OUD, 2020 Focused Update (low-dose initiation; timing of induction); SAMHSA TIP 63 (2021 update). COWS: Wesson & Ling, J Psychoactive Drugs 2003, not used in Fudala 2003.","For standard induction, buprenorphine — a high-affinity partial agonist — given to a patient not yet in withdrawal can displace full agonists and precipitate acute withdrawal. This threshold is general induction practice, not a Fudala 2003 finding; low-dose ('micro') initiation without a withdrawal period is a recognized alternative, and after fentanyl use precipitated withdrawal can occur even at COWS 8–12.",medium,modified,,open,,
AQ1-009,Moderate,Moderate,citation problems,,both,AR-42 Q5,audio-companion quiz deck data (see A3 transcript),rationale,"DBT remains the most evidence-based treatment, confirmed by multiple meta-analyses including a 2017 JAMA Psychiatry study.","The 2017 JAMA Psychiatry meta-analysis (Cristea et al.) did not rank DBT above other therapies. It found DBT and psychodynamic approaches were the only types more effective than control, with small effects inflated by risk of bias and publication bias. The same deck's Q6 feedback says so correctly, so the two rationales contradict each other.",The item misattributes a conclusion to a named paper and overstates the certainty of the evidence for DBT versus psychodynamic therapies.,"Cristea IA et al., JAMA Psychiatry 2017;74:319-328 (PMID 28249086): DBT g=0.34, psychodynamic g=0.41, 'effects are small, inflated by risk of bias and publication bias'.","DBT remains one of the best-studied treatments for BPD; a 2017 JAMA Psychiatry meta-analysis found DBT and psychodynamic approaches both more effective than control conditions, though with small effects.",high,not-verified (first-pass reviewer judgment),,open,,
AQ1-001,Moderate,Major,factual inaccuracies,machine-extracted-trial-missummary,both,AR-44 Q2,audio-companion quiz deck data (see A3 transcript),item,"In the Bowden trial, which patient populations were identified as responding particularly well to divalproex compared to lithium?",Bowden 1994 could not compare divalproex with lithium in rapid cycling: all eight patients with four or more manic episodes in the prior year were randomized to divalproex. The trial reported only that divalproex was as effective in rapid-cycling patients as in other patients. The mixed-state advantage over lithium comes from a later secondary analysis (Swann 1997).,"Learners and residents would cite a head-to-head subgroup superiority over lithium that the landmark trial never showed. That is a mis-summarised landmark result, taught as an answer key.","Bowden CL et al., JAMA 1994;271:918-24 (PMID 8120960), abstract: 'all eight patients with four or more manic episodes in the previous year were in the divalproex group ... Divalproex was as effective in rapid-cycling manic patients as in other patients.' Mixed or depressive mania: Swann AC et al., Arch Gen Psychiatry 1997 (secondary analysis).","In the Bowden trial and its secondary analyses, divalproex was effective in which patient subgroups, in whom lithium has historically performed less well?",high,confirmed,,open,,
AQ1-003,Moderate,Moderate,factual inaccuracies,machine-extracted-trial-missummary,both,AR-48 Q3,audio-companion quiz deck data (see A3 transcript),item,"Based on the study results, which drug demonstrates the highest efficacy but is limited by the worst side-effect profile (lowest acceptability)?","The stem still says amitriptyline had the lowest acceptability, and the keyed feedback now contradicts it: clomipramine was the only agent worse than placebo for dropouts. In head-to-head trials amitriptyline was one of seven agents with the highest dropout rates, not the worst. The earlier fix (A3C1-F001) corrected only the feedback.","The item contradicts itself, and a learner memorising the stem learns a false ranking.","Cipriani 2018 (PMID 29477251): clomipramine worse than placebo for acceptability (OR 1.30); amitriptyline, clomipramine, duloxetine, fluvoxamine, reboxetine, trazodone and venlafaxine had the highest dropout rates head-to-head.","Based on the study results, which drug had the highest efficacy odds ratio but was among the agents with the highest dropout rates (poor acceptability)?",high,not-verified (first-pass reviewer judgment),,open,,
AQ1-002,Moderate,Major,citation problems,machine-extracted-trial-missummary,both,AR-48 Q4,audio-companion quiz deck data (see A3 transcript),rationale,These two agents were specifically highlighted for providing the best overall balance between therapeutic effect and patient acceptability.,"The feedback says the 2018 NMA specifically highlighted escitalopram and sertraline as the best-balance pair. The paper names five agents with relatively higher response and lower dropout, and paroxetine and agomelatine are among them, so distractor A is also supported. The feedback misattributes the 2009 pairing, and the stem or distractor needs rewriting to leave one best answer. A feedback-only fix does not remove the ambiguity.","Learners would attribute a 2009 finding to the 2018 paper and present it on rounds as the 2018 result. The distractor 'paroxetine and agomelatine' is also half-supported by the 2018 data, which leaves the item ambiguous.","Cipriani A et al., Lancet 2018;391:1357-66 (PMID 29477251), abstract: head-to-head, more effective were agomelatine, amitriptyline, escitalopram, mirtazapine, paroxetine, venlafaxine and vortioxetine; more tolerable were agomelatine, citalopram, escitalopram, fluoxetine, sertraline and vortioxetine. Cipriani A et al., Lancet 2009;373:746-58 (MANGA) identified sertraline and escitalopram as the best balance.","Both appear among the five agents (escitalopram, mirtazapine, paroxetine, agomelatine and sertraline) that the 2018 analysis noted had relatively higher response and lower dropout; the escitalopram–sertraline pairing as the single best balance comes from Cipriani's earlier 2009 analysis of 12 antidepressants.",high,modified,,open,,
AQ1-010,Moderate,Moderate,misleading wording,machine-extracted-trial-missummary,both,AR-49 Q1,audio-companion quiz deck data (see A3 transcript),rationale,"The combination therapy yielded a 60% response rate, which was a modest but notable increase over either monotherapy alone.","In Barlow 2000 the acute combined response (60.3% on the PDSS) was not significantly different from the other groups. Combination therapy's advantage appeared only by the end of maintenance, and after discontinuation the CBT+imipramine arm lost durability (26.3% vs 41.0% for CBT+placebo).","Learners would believe combination therapy is acutely superior, which the trial did not show, and would miss that adding imipramine undermined CBT's durability.","Barlow DH et al., JAMA 2000;283:2529-36 (PMID 10815116): 'acute response rate for the combined treatment was 60.3% ... neither was significantly different from the other groups'; 6 months post-discontinuation CGI response 41.0% CBT+placebo vs 26.3% CBT+imipramine.","The combination therapy yielded a numerically higher 60% response rate, but this was not statistically different from the other groups acutely; its advantage emerged during maintenance and was not durable after imipramine was stopped.",high,not-verified (first-pass reviewer judgment),,open,,
AQ2-002,Moderate,Moderate,ambiguity,,both,AR-34 Q6,audio-companion quiz deck data (see A3 transcript),item,What is a common overstatement or limitation to keep in mind when interpreting the results of the RAISE-ETP trial?,"Stem accepts either 'an overstatement' or 'a limitation'; the distractor 'benefits are uniform regardless of DUP' is, per its own feedback, 'a common overstatement', so two options satisfy the stem.","A learner who correctly identifies the overstatement is marked wrong, teaching the opposite of the intended point.",Item's own distractor feedback: 'This is a common overstatement; the data showed that the benefits were significantly more pronounced in those with a shorter DUP.',Which limitation should you keep in mind when interpreting the results of the RAISE-ETP trial?,high,not-verified (first-pass reviewer judgment),,open,,
AQ2-005,Moderate,Moderate,citation problems,,both,AR-37 Q4,audio-companion quiz deck data (see A3 transcript),item,"The benefits far outweigh the risks, with an NNT of 10 and an NNH of 143.","Mixes denominators: NNT 10 is the MDD-specific figure, but NNH 143 is the pooled figure across all trials and indications (MDD, OCD, non-OCD anxiety). For MDD alone the suicidal ideation/attempt risk difference was 0.9% (NNH about 112) and not statistically significant, and Bridge described benefit as 'more modest in MDD'.",Learners will quote an MDD benefit-risk ratio the paper did not report and overstate the margin ('far outweigh') for the indication where it was narrowest.,"Bridge JA et al., JAMA 2007;297(15):1683-96 (doi:10.1001/jama.297.15.1683): MDD response RD 11.0% (NNT 10); SI/SA RD across all indications 0.7% (NNH 143); within MDD 0.9% (95% CI -0.1% to 1.9%), not significant.","The benefits outweigh the risks: for MDD the NNT for response was 10, while the NNH for suicidal ideation/attempt pooled across all pediatric indications was 143 (the MDD-only increase was about 0.9% and not statistically significant).",high,not-verified (first-pass reviewer judgment),,open,,
AQ2-006,Moderate,Moderate,current psychopharmacology,,both,AR-37 Q5,audio-companion quiz deck data (see A3 transcript),item,The first 4–8 weeks of treatment.,The FDA labelling asks for close monitoring during 'the initial few months' of therapy and at any dose change (increase or decrease); a 4-8 week window is narrower than the label and omits dose changes.,"A learner may relax suicidality monitoring after week 8 or after a dose increase, when the label still calls for close observation.","FDA class labelling for antidepressants, Boxed Warning and Warnings and Precautions 5.1 (Suicidal Thoughts and Behaviors): monitor closely 'especially during the initial few months of drug therapy and at times of dosage changes'.",The first few months of treatment and after any dose change.,high,confirmed,,open,,
AQ2-003,Moderate,Moderate,outdated recommendations,,both,AR-40 Q1,audio-companion quiz deck data (see A3 transcript),rationale,This meta-analysis synthesized data from 48 RCTs to provide the most robust evidence to date for lithium's effect on suicide and mortality.,"Presents Cipriani 2013 as the most robust evidence 'to date' without the later large placebo-controlled RCT (Katz 2022, VA, n=519) that found no reduction in repeat suicide-related events when lithium was added to usual care; the Cipriani suicide estimate (OR 0.13, 95% CI 0.03-0.66) rested on very few events.","Learners will over-rely on adding lithium as a suicide-prevention intervention for a patient with a recent attempt, a use the only large dedicated RCT did not support.","Katz IR et al., JAMA Psychiatry 2022;79(1):24-32 (doi:10.1001/jamapsychiatry.2021.3170): stopped for futility, HR 1.10 (0.77-1.55) for repeat suicide-related events; Cipriani A et al., BMJ 2013;346:f3646.","This meta-analysis synthesized data from 48 RCTs, though its suicide estimate rested on few events; a later VA RCT (Katz et al., JAMA Psychiatry 2022; n=519) found that adding lithium to usual care after a recent suicide-related event did not reduce repeat events.",high,not-verified (first-pass reviewer judgment),,open,,
AQ2-004,Moderate,Moderate,unsupported statements,,both,AR-40 Q3,audio-companion quiz deck data (see A3 transcript),item,Lithium's anti-suicidal effect appears to be independent of its mood-stabilizing properties.,"Keyed as a 'clinical pearl from the study', but Cipriani 2013 did not test mechanism; independence from mood stabilization is a hypothesis (supported by some observational data), not a finding. The option's own feedback hedges to 'not fully explained'.",Learners will state a speculative mechanism as an established fact on rounds and on exams.,"Cipriani A et al., BMJ 2013;346:f3646 — discussion proposes reduced aggression/impulsivity as a possible mechanism; no mechanistic analysis was performed.","Lithium's anti-suicidal effect may not be fully explained by its mood-stabilizing properties (a hypothesis, not something this meta-analysis tested).",medium,not-verified (first-pass reviewer judgment),,open,,
AQ3-020,Moderate,Moderate,citation problems,cuijpers-cbt-vs-other,both,AR-18 Q2,audio-companion quiz deck data (see A3 transcript),item,There were no significant differences in efficacy between these structured psychotherapies.,"In the primary analysis CBT was statistically significantly (though trivially, g=0.06) more effective than other psychotherapies pooled; the difference lost significance in most sensitivity analyses. The paper did not report separate CBT-vs-IPT or CBT-vs-psychodynamic comparisons as the stem implies.","Learners misreport the paper's result; the defensible teaching point is 'small and not robust', not 'no significant difference'.","Cuijpers P et al., World Psychiatry 2023;22:105-15 (doi:10.1002/wps.21069): 'Combined treatment was more effective than pharmacotherapies alone ... but it was not more effective than CBT alone at either time point'; 'CBT was significantly more effective than other psychotherapies, but the difference was small (g=0.06) and became non-significant in most sensitivity analyses.'",CBT's advantage over other psychotherapies was very small (g=0.06) and was not robust across sensitivity analyses.,high,not-verified (first-pass reviewer judgment),,open,,
AQ3-018,Moderate,Moderate,factual inaccuracies,cuijpers-combined-vs-cbt,both,AR-18 Q3,audio-companion quiz deck data (see A3 transcript),rationale,"The study found combined treatment to be superior to both individual modalities, not just therapy.",Distractor feedback repeats the inverted finding.,Reinforces the mis-keyed answer.,"Cuijpers P et al., World Psychiatry 2023;22:105-15 (doi:10.1002/wps.21069): 'Combined treatment was more effective than pharmacotherapies alone ... but it was not more effective than CBT alone at either time point'; 'CBT was significantly more effective than other psychotherapies, but the difference was small (g=0.06) and became non-significant in most sensitivity analyses.'",The reverse: combined treatment was superior to pharmacotherapy alone but not to CBT alone.,high,not-verified (first-pass reviewer judgment),,open,,
AQ3-019,Moderate,Moderate,factual inaccuracies,cuijpers-combined-vs-cbt,both,AR-18 Q6,audio-companion quiz deck data (see A3 transcript),item,Observing that combined treatment is more effective than psychotherapy alone.,"This option is labelled 'a key finding of the study and not an overstatement', but the meta-analysis found combined treatment was not more effective than CBT alone — so it is itself an overstatement and the item is effectively double-keyed.",Self-contradicting item that teaches the inverted finding a second time.,"Cuijpers P et al., World Psychiatry 2023;22:105-15 (doi:10.1002/wps.21069): 'Combined treatment was more effective than pharmacotherapies alone ... but it was not more effective than CBT alone at either time point'; 'CBT was significantly more effective than other psychotherapies, but the difference was small (g=0.06) and became non-significant in most sensitivity analyses.'",Observing that combined treatment is more effective than pharmacotherapy alone.,high,not-verified (first-pass reviewer judgment),,open,,
AQ3-004,Moderate,Moderate,citation problems,sdm-cochrane-missummary,both,AR-20 Q6,audio-companion quiz deck data (see A3 transcript),rationale,"The Cochrane review noted that while satisfaction and engagement improve, the effects on clinical outcomes like symptom remission are less consistent.","The Cochrane review did not find that satisfaction or engagement improve; overall satisfaction, treatment continuation and knowledge were all uncertain. The prior finding asked for this feedback to be aligned and it was not.",Repeats the same mis-summary of the review as Q2.,"Aoki Y et al., Shared decision-making interventions for people with mental health conditions, Cochrane Database Syst Rev 2022;11:CD007297 (doi:10.1002/14651858.CD007297.pub3): 15 RCTs; SDM 'may improve SDM-specific user-reported outcomes from encounters immediately after intervention' (SMD 0.63, low certainty); 'We are uncertain if SDM interventions improve users' overall satisfaction'; 'uncertain whether SDM interventions improve knowledge ... and the relationship between users and healthcare professionals'; clinical outcomes uncertain (very low certainty).","The Cochrane review found only low-certainty evidence that SDM increases patients' perceived involvement immediately after the encounter; effects on satisfaction, engagement and clinical outcomes such as symptom remission were uncertain.",high,not-verified (first-pass reviewer judgment),A3C2-F007,open,,
AQ3-021,Moderate,Moderate,outdated recommendations,,both,AR-22 Q5,audio-companion quiz deck data (see A3 transcript),item,Explaining that the treatment requires regular intravenous infusions.,"Outdated: FDA approved subcutaneous lecanemab (Leqembi Iqlik) autoinjector for maintenance dosing (Aug 2025) and subsequently as an initiation dose (2026), so IV infusion is no longer the only route.",A clinician counselling a family would give outdated administration information.,"Eisai/Biogen FDA approval announcements: Leqembi Iqlik subcutaneous maintenance dosing, 2025-08-29; subcutaneous initiation dose, 2026 (eisai.com/news/2026/news202640).","Explaining that the treatment requires ongoing regular dosing, by intravenous infusion or subcutaneous injection.",medium,not-verified (first-pass reviewer judgment),,open,,
AQ3-014,Moderate,Moderate,factual inaccuracies,catie-ad-mmse-missummary,both,AR-23 Q2,audio-companion quiz deck data (see A3 transcript),rationale,"The trial specifically identified a −2.4 point difference in MMSE scores, indicating a distinct disadvantage for those on active medication.","Same error: −2.4 is the whole-sample decline, not a between-group difference.",Reinforces the mis-stated effect size.,"Vigen CL et al., Am J Psychiatry 2011;168:831-9 (doi:10.1176/appi.ajp.2011.08121844): 'Overall, patients showed steady, significant declines ... MMSE; -2.4 points over 36 weeks'; cognition declined more with antipsychotics than placebo on MMSE, BPRS cognitive subscale and a cognitive summary score, 'consistent with 1 year's deterioration compared with placebo'.","The trial found significantly greater cognitive decline with antipsychotics than with placebo on several measures, including the MMSE.",high,not-verified (first-pass reviewer judgment),,open,,
AQ3-015,Moderate,Moderate,citation problems,,both,AR-23 Q3,audio-companion quiz deck data (see A3 transcript),rationale,The trial and subsequent meta-analyses confirm that antipsychotics significantly increase the risk of death in elderly patients with dementia-related psychosis.,"CATIE-AD did not test or demonstrate a mortality increase; the boxed warning (2005) predates CATIE-AD (2006) and rests on pooled placebo-controlled trials (FDA analysis; Schneider et al., JAMA 2005, OR ~1.54). The stem's 'corroborated by the CATIE-AD source material' repeats the attribution.",Learners attribute the mortality signal to the wrong study and overstate what CATIE-AD showed.,"Schneider LS, Dagerman KS, Insel P. JAMA 2005;294:1934-43 (OR 1.54); FDA Public Health Advisory, April 2005; Schneider LS et al., NEJM 2006;355:1525-38 (CATIE-AD primary outcome time to discontinuation).","Pooled placebo-controlled trials (FDA analysis; Schneider et al., JAMA 2005) show antipsychotics increase mortality in elderly patients with dementia-related psychosis; CATIE-AD itself was not designed to test mortality.",high,not-verified (first-pass reviewer judgment),,open,,
AQ3-008,Moderate,Major,misleading wording,stepbd-cross-trial-comparison,both,AR-26 Q5,audio-companion quiz deck data (see A3 transcript),item,"In the context of the STEP-BD program, how did the recovery rates in the intensive psychotherapy trial compare to the recovery rates in the antidepressant medication trial?","The prior fix corrected only the keyed option; the stem still asks for a cross-trial comparison that was never made, and the keyed answer (psychotherapy vs collaborative care) no longer answers the question asked.","Learners infer STEP-BD showed psychotherapy outperforming antidepressants, a comparison that was never randomized.","Miklowitz DJ et al., Arch Gen Psychiatry 2007;64:419-26 (doi:10.1001/archpsyc.64.4.419): 1-year recovery 64.4% intensive psychotherapy vs 51.5% collaborative care, all on protocol pharmacotherapy; Sachs GS et al., NEJM 2007: durable recovery 23.5% vs 27.3% over 26 weeks — separate randomization, different outcome and horizon.","In the companion STEP-BD psychosocial trial, how did 1-year recovery with intensive psychotherapy compare with brief collaborative care?",high,confirmed,A3C2-F001,open,,
AQ3-009,Moderate,Moderate,misleading wording,stepbd-cross-trial-comparison,both,AR-26 Q5,audio-companion quiz deck data (see A3 transcript),rationale,"Data from the companion trial showed that psychotherapy (CBT, IPSRT, FFT) was highly effective compared to the medication-only outcomes.","There were no 'medication-only outcomes': both psychosocial arms received protocol pharmacotherapy, and the comparator was brief collaborative care.",Teaches a psychotherapy-vs-medication comparison STEP-BD never tested.,"Miklowitz DJ et al., Arch Gen Psychiatry 2007;64:419-26 (doi:10.1001/archpsyc.64.4.419): 1-year recovery 64.4% intensive psychotherapy vs 51.5% collaborative care, all on protocol pharmacotherapy; Sachs GS et al., NEJM 2007: durable recovery 23.5% vs 27.3% over 26 weeks — separate randomization, different outcome and horizon.","In the companion trial, intensive psychotherapy (CBT, IPSRT or FFT) added to mood-stabilizer pharmacotherapy produced higher 1-year recovery (64%) than brief collaborative care (52%); it was never compared head-to-head with the antidepressant trial.",high,not-verified (first-pass reviewer judgment),A3C2-F001,open,,
AQ3-010,Moderate,Moderate,misleading wording,stepbd-cross-trial-comparison,both,AR-26 Q5,audio-companion quiz deck data (see A3 transcript),rationale,The psychotherapy trial showed significantly higher rates of recovery compared to the medication-focused trial.,Asserts a statistical comparison between two separately randomized trials with different outcome definitions (durable recovery at 26 weeks vs recovery within 1 year).,Learners would quote a significance test that does not exist.,"Miklowitz DJ et al., Arch Gen Psychiatry 2007;64:419-26 (doi:10.1001/archpsyc.64.4.419): 1-year recovery 64.4% intensive psychotherapy vs 51.5% collaborative care, all on protocol pharmacotherapy; Sachs GS et al., NEJM 2007: durable recovery 23.5% vs 27.3% over 26 weeks — separate randomization, different outcome and horizon.","The two trials were separate randomizations with different outcome definitions and timeframes, so their recovery rates cannot be compared statistically.",high,not-verified (first-pass reviewer judgment),A3C2-F001,open,,
AQ3-007,Moderate,Moderate,citation problems,,both,AR-27 Q4,audio-companion quiz deck data (see A3 transcript),rationale,The study suggests that the combination of lithium and valproate is appropriate and effective for patients who do not fully respond to one agent.,"BALANCE did not study partial responders, and combination therapy was not significantly better than lithium monotherapy (HR ~0.82, CI crossing 1); it was superior only to valproate monotherapy.","Learners would believe BALANCE showed adding valproate beats lithium alone, when the trial's lesson is that lithium-containing regimens beat valproate alone.","Geddes JR et al., Lancet 2010 (BALANCE): combination vs valproate HR 0.59 (0.42-0.83); combination vs lithium HR 0.82 (0.57-1.20), not significant.","BALANCE found combination therapy and lithium monotherapy each superior to valproate monotherapy, but combination was not significantly better than lithium alone; adding valproate for partial lithium response is a reasonable clinical option rather than a result BALANCE tested.",medium,not-verified (first-pass reviewer judgment),,open,,
AQ4-002,Moderate,Moderate,misleading wording,,both,AR-08 Q1,audio-companion quiz deck data (see A3 transcript),rationale,"The trial demonstrated that combination therapy was superior to both CBT monotherapy and sertraline monotherapy, achieving the highest remission rate at 53.6%.","Combined treatment beat both monotherapies only on the primary CY-BOCS change outcome. On remission it did not differ from CBT alone (53.6% vs 39.3%, P = .42). Setting 'superior to both' beside the remission figure implies a remission advantage over CBT alone that the trial did not find.","Learners will believe combined treatment is required over CBT alone. POTS itself concludes that treatment should begin with CBT plus an SSRI or with CBT alone, which matters when a family prefers to avoid medication.","POTS Team, JAMA 2004;292:1969-76: combined was superior to CBT (P = .008) and to sertraline (P = .006) on CY-BOCS change; on remission, combined vs CBT P = .42. Authors' conclusion: begin with combined treatment or CBT alone.","The trial demonstrated that combination therapy was superior to both monotherapies on symptom reduction and had the highest remission rate (53.6%), although its remission rate did not differ significantly from CBT alone (39.3%).",high,not-verified (first-pass reviewer judgment),,open,,
AQ4-001,Moderate,Moderate,citation problems,nnt-misattributed-to-trial,both,AR-08 Q6,audio-companion quiz deck data (see A3 transcript),item,"According to the POTS trial results, what is the 'Number Needed to Treat' (NNT) for SSRIs in the context of pediatric OCD?","POTS reported no NNT, and in POTS sertraline alone did not separate from placebo on remission (21.4% vs 3.6%, P = .10). An NNT of about 5 comes from pooled pediatric SSRI trials, not from POTS. The deck's own Q2 feedback states the sertraline remission difference was not significant, so the two items contradict each other.",Learners will cite POTS as proof of a clean SSRI NNT of 5. The trial actually shows sertraline monotherapy was the weakest active arm and supports starting with CBT or combined treatment.,"POTS Team, JAMA 2004;292:1969-76 (doi:10.1001/jama.292.16.1969): remission 53.6/39.3/21.4/3.6% for combined/CBT/sertraline/placebo, and sertraline vs placebo P = .10. The pooled pediatric OCD SSRI NNT is about 6 (Bridge et al., JAMA 2007).","Across pediatric SSRI trials for OCD (a pooled estimate, not POTS alone), what is the approximate 'Number Needed to Treat' (NNT) for SSRIs?",high,not-verified (first-pass reviewer judgment),,open,,
AQ4-003,Moderate,Moderate,misleading wording,observational-causal-overclaim,both,AR-12 Q5,audio-companion quiz deck data (see A3 transcript),rationale,"While the study proves a mortality benefit, the metabolic risks of these drugs are real and still require active clinical monitoring.","FIN11 is an observational registry cohort. It shows an association between antipsychotic use and lower mortality, and residual confounding (for example healthy-adherer effects) cannot be excluded, so it cannot 'prove' a benefit. This is the deck's own limitations question, and it teaches the causal overclaim it should be warning against.",Learners will present an observational association as proven causation on rounds. That is the main critical-appraisal error to avoid with this study.,"Tiihonen et al., Lancet 2009;374:620-7 (FIN11): a nationwide cohort using Cox models with adjustment. The authors discuss confounding as a limitation.","While the study shows a strong association with lower mortality (observational data, so residual confounding cannot be excluded), the metabolic risks of these drugs are real and still require active clinical monitoring.",high,not-verified (first-pass reviewer judgment),,open,,
AQ4-004,Moderate,Moderate,outdated recommendations,clozapine-rems-outdated,both,AR-13 Q4,audio-companion quiz deck data (see A3 transcript),rationale,it is not the primary focus of the specialized monitoring system required for clozapine.,"The feedback describes a 'specialized monitoring system required for clozapine', which is the Clozapine REMS. FDA eliminated the REMS in 2025. ANC monitoring is still recommended in the labeling, but REMS enrollment and ANC reporting are no longer required.",Learners will believe REMS certification and reporting are still a precondition for prescribing or dispensing. That is outdated regulatory teaching for 2026.,"FDA Drug Safety Communication, 'FDA removes REMS program for the antipsychotic drug clozapine' (2025). ANC monitoring recommendations remain in the prescribing information.",it is not the primary focus of clozapine's labeled hematologic (ANC) monitoring; the former Clozapine REMS program was eliminated by FDA in 2025.,high,not-verified (first-pass reviewer judgment),,open,,
E1-003,Moderate,Moderate,unsupported statements,observational-stated-as-causal,both,boggs-2020-lethal-means-assessment,evidence_annotations.json / evidence_registry.json,span,> Lethal means assessment reduced the risk of a suicide attempt or death within 180 days from 3.3 to 0.83%.,The claim stands alone as a causal fact: roughly a 75% relative reduction. It leaves out that this is a quasi-experimental observational analysis (an instrumental-variable design on EHR data) in patients who endorsed suicidal ideation on the PHQ-9. The authors themselves warn that unmeasured co-occurring prevention practices may contribute to the effect.,"Learners and residents may quote 'asking about means cuts suicide attempts by three-quarters' as a trial result. That overstates certainty in exactly the lethal-means teaching this surface (exp_family) supports. The direction of the finding is right, but the size and the causal wording are not licensed.","Boggs JM et al., J Gen Intern Med 2020;35(6):1709-1714 (PMID 32040838). The title reads 'A Quasi-Experimental Analysis…'. Setting: Kaiser Permanente Colorado adults with suicidal ideation on the PHQ-9, 2010–2016. Limitations: 'Unmeasured suicide prevention practices that co-occur with lethal means assessment may contribute to the effects observed.'","> In a quasi-experimental analysis of patients with suicide ideation reported on the PHQ-9, lethal means assessment reduced the risk of a suicide attempt or death within 180 days from 3.3 to 0.83% — an observational estimate, not a randomized trial result.",high,not-verified (first-pass reviewer judgment),,open,,
E1-004,Moderate,Moderate,misleading wording,selective-omission-from-span,both,brodsky-2025,evidence_annotations.json / evidence_registry.json,span,while severity of depression and suicidal ideation decreased comparably in both groups and outcomes were comparable between the two groups at 12-month follow-up.,"The claim, typed 'mixed', leaves out the one outcome in the span that favoured the comparator: 'After 6 months of treatment, the rate of major depressive disorder was significantly lower in the SSRI/M arm compared with the DBT arm.' Two-thirds of the sample had comorbid MDD.","A resident reading the claim alone would think DBT matched or beat SSRI management on every outcome. They might then treat an SSRI as dispensable in a patient with BPD and comorbid major depression, when the trial showed a lower MDD rate on the SSRI.","Brodsky BS et al., Am J Psychiatry 2025;182(12):1083-1092 (PMID 41190740). The stored span contains the MDD sentence verbatim. The PubMed abstract adds that survival analysis showed no difference in the risk of a suicide attempt.","while severity of depression and suicidal ideation decreased comparably in both groups, the rate of major depressive disorder after 6 months was significantly lower in the SSRI/M arm, and outcomes were comparable between the two groups at 12-month follow-up.",high,not-verified (first-pass reviewer judgment),,open,,
E1-002,Moderate,Moderate,misleading wording,comparator-misstated,both,hajek-gross-2024,evidence_annotations.json / evidence_registry.json,span,but against active controls MBT(-A) did not prove more efficacious except for adult borderline personality disorder symptoms at g = -0.56,"The span names the comparators as 'control interventions (TAU, SCM)'. Treatment as usual is not an active control. The claim therefore makes the null result sound weaker than it is: MBT(-A) also failed to beat TAU for self-harm.","A learner would conclude that MBT only fails to beat other structured therapies and so still beats usual care for self-harm. The paper does not support that, and the page could be used to favour MBT referral over other options for self-harm.","Hajek Gross C et al., Suicide Life Threat Behav 2024;54(2):317-337 (PMID 38279664, doi:10.1111/sltb.13044). The abstract says: 'when compared to control interventions (TAU, SCM), MBT(-A) did not prove to be more efficacious'.",but against control interventions (treatment as usual or structured clinical management) MBT(-A) did not prove more efficacious except for adult borderline personality disorder symptoms at g = -0.56,high,not-verified (first-pass reviewer judgment),,open,,
E1-001,Moderate,Moderate,outdated recommendations,superseded-guideline,both,sall-2019,evidence_annotations.json / evidence_registry.json,span,"{'authors': [{'family': 'Sall', 'given': 'J'}, {'family': 'Brenner', 'given': 'L'}, {'family': 'Millikan', 'given': 'Bell AM'}, {'family': 'Colston', 'given': 'MJ'}], 'doi': '10.7326/M19-0687', 'journal': 'Ann Intern Med', 'organization': '', 'pages': '343-353', 'pmid': '31450237', 'title': 'Assessment and Management of Patients at Risk for Suicide: Synopsis of the 2019 U.S. Department of Veterans Affairs and U.S. Department of Defense Clinical Practice Guidelines', 'url': 'https://doi.org/10.7326/M19-0687', 'volume': '171', 'year': 2019}","The source is registered as type 'guideline', but it is the synopsis of the 2019 VA/DoD suicide-risk CPG. The 2024 CPG replaced that guideline, and the registry already lists the 2024 CPG as va-dod-suicide-cpg-2024. The 2024 update has its own Annals synopsis. The author list also has a parsing error: the author is Millikan Bell AM, but it is split as family 'Millikan', given 'Bell AM'.","Any page that cites sall-2019 as guidance teaches the 2019 recommendation set, which had 22 recommendations. The 2024 update has 24 recommendations built on a 2018–2023 evidence review, adds a CBT recommendation for people with prior self-directed violence, and gives clozapine and ketamine a role in managing suicide risk. Two different VA/DoD 'current' guidelines in one registry is also a citation inconsistency.","PubMed 39903866: Brenner LA et al. 'Assessment and Management of Patients at Risk for Suicide: Synopsis of the 2024 U.S. Department of Veterans Affairs and U.S. Department of Defense Clinical Practice Guidelines.' Ann Intern Med 2025;178(3):416-425, doi:10.7326/ANNALS-24-01938. Its abstract says the 2024 CPG 'updated the 2019 joint clinical practice guideline'. PubMed 31450237 confirms the 2019 synopsis identity and the author 'Millikan Bell, Amy M'.","{'authors': [{'family': 'Brenner', 'given': 'LA'}, {'family': 'Capaldi', 'given': 'V'}, {'family': 'Sall', 'given': 'J'}, {'family': 'Bahraini', 'given': 'N'}], 'doi': '10.7326/ANNALS-24-01938', 'journal': 'Ann Intern Med', 'organization': 'U.S. Department of Veterans Affairs / Department of Defense', 'pages': '416-425', 'pmid': '39903866', 'title': 'Assessment and Management of Patients at Risk for Suicide: Synopsis of the 2024 U.S. Department of Veterans Affairs and U.S. Department of Defense Clinical Practice Guidelines', 'url': 'https://doi.org/10.7326/ANNALS-24-01938', 'volume': '178', 'year': 2025}",high,not-verified (first-pass reviewer judgment),,open,,
M01-008,Minor,Minor,terminology inconsistencies,,both,orientation.md,14_Tracks/MS3/Student_Ready_Pack/01_orientation/MS3_orientation_packet.md,page,| 3 | Treatment | Explain why a medication and one non-medication intervention fit the formulation |,"The packet's week map does not match the shipped week pages. The Compass and week2.md put pharmacology in Week 2 ('Mood, Psychosis & Pharm'). Week 3 is Psychotherapy & Personality, with supervised safety planning as its skill of the week.",Students preparing from the packet will look for pharmacology and safety-planning work in the wrong week.,Internal: welcome.md Compass and week2.md / week3.md in this chunk.,"| 3 | Psychotherapy, personality, safety planning | Explain why one non-medication intervention fits the formulation and complete a supervised collaborative safety plan |",high,not-verified (first-pass reviewer judgment),,open,,
M01-007,Minor,Moderate,suicide assessment,,both,orientation.md,14_Tracks/MS3/Student_Ready_Pack/01_orientation/MS3_orientation_packet.md,page,"| 5 | Acute/consult psychiatry deep practice | Formulate suicide/violence risk, recognize delirium/catatonia/withdrawal, and document supervised escalation reasoning |","Ambiguous wording: read alone, the Week 5 cell could suggest that risk formulation starts in Week 5, although the rest of the page and weeks 1 and 3 show that it starts earlier.","Students may treat risk formulation as late-rotation content, and so build safety plans and daily risk updates for four weeks without the formulation the plan is meant to address.","Internal: orientation.md 'Risk update' and feedback prompts; week3.md overlay (supervised safety plan in Week 3); Stanley & Brown 2012, Cogn Behav Pract (the safety plan follows the risk assessment).","| 5 | Acute/consult psychiatry deep practice | Deepen the suicide/violence risk formulation practised since Week 1 (and used for Week 3 safety planning), recognize delirium/catatonia/withdrawal, and document supervised escalation reasoning |",medium,modified,,open,,
M02-003,Minor,Minor,terminology inconsistencies,mixed-features-mislabel,both,sp-interview.html — Marcus checklist c_si label,_prototypes/sp-interview/sp-interview.html,tool,"""label"": ""Suicide screened plainly despite elevation (mixed features)""","The critical checklist label tags this case as mixed features, which the case material does not support. The si_direct label ('Screened for suicidal thoughts plainly (mixed features)') and the 'mixed-features' skillTag say the same thing.","Learners see this label in the debrief checklist, and it repeats the specifier error.",DSM-5-TR (2022) mixed-features specifier.,"""label"": ""Suicide screened plainly despite elevation""",high,not-verified (first-pass reviewer judgment),,open,,
M03-014,Minor,Minor,citation problems,,both,ddx.md,02_Clinical_Skills/Differential_Diagnosis/inpatient_differential_scaffolds.md,topic_meta.evidence,- **Evidence sources:** `rosenhan-1973-sane-places`,"The only evidence source registered for the differential-diagnosis page is Rosenhan 1973. Its data and methods have been seriously challenged: archival work found undisclosed discrepancies and possible fabrication, and some pseudopatients' data were omitted.",Presenting a discredited study as the evidence base for diagnostic reasoning teaches a weak source as authoritative.,"Cahalan, 'The Great Pretender' (2019); Griggs, Blyler & Jackson, Teaching of Psychology 2020 ('Using research ethics as a springboard...' re-examining Rosenhan); Scull, 'Rosenhan revisited', Hist Psychiatry 2023.",- **Evidence sources:** `nice-delirium-cg103`,medium,not-verified (first-pass reviewer judgment),,open,,
M03-011,Minor,Minor,current psychopharmacology,,both,t_mood.md,03_Core_Topics/Mood/mood_disorders_inpatient_teaching.md,page,check baseline and periodic renal and thyroid function (and an ECG in older/cardiac patients),"Leaves calcium out of lithium monitoring. Lithium-associated hyperparathyroidism and hypercalcemia are recognised long-term effects, and calcium is a standard baseline and periodic test.","Learners will not order or follow calcium, so lithium-induced hyperparathyroidism can go undetected.","CANMAT/ISBD 2018 bipolar guideline (lithium safety monitoring); NICE CG185 (2014, updated) physical health monitoring for lithium includes calcium; IGSLi/ISBD consensus (Nolen et al., Bipolar Disord 2019).","check baseline and periodic renal, thyroid and calcium (parathyroid) function (and an ECG in older/cardiac patients)",high,not-verified (first-pass reviewer judgment),,open,,
M03-009,Minor,Minor,DSM-5-TR accuracy,,both,t_personality.md,03_Core_Topics/Personality/personality_disorders_inpatient_teaching.md,page,"Complex PTSD overlaps heavily with BPD (affect dysregulation, relational instability, dissociation) and may be the more actionable frame.","Complex PTSD is an ICD-11 diagnosis. It does not exist in DSM-5-TR or ICD-10-CM, and the page does not say so.",US learners may document or present a diagnosis that is not codable in the US system.,ICD-11 6B41 Complex post-traumatic stress disorder; not in DSM-5-TR (2022) or ICD-10-CM.,"Complex PTSD (an ICD-11 diagnosis, not in DSM-5-TR) overlaps heavily with BPD (affect dysregulation, relational instability, dissociation) and may be the more actionable frame.",high,not-verified (first-pass reviewer judgment),,open,,
M03-010,Minor,Minor,DSM-5-TR accuracy,,both,t_psychosis.md,03_Core_Topics/Psychosis/psychotic_disorders_inpatient_teaching.md,page,Schizoaffective disorder requires at least 2 weeks of hallucinations or delusions without prominent mood symptoms,"DSM-5-TR Criterion B requires 2 or more weeks of delusions or hallucinations in the absence of a major mood episode, during the lifetime duration of the illness. It does not require the absence of 'prominent mood symptoms'.",Subsyndromal mood symptoms during the psychotic-only period do not exclude schizoaffective disorder. The wording mis-states the criterion that exam items test.,"DSM-5-TR Schizoaffective Disorder, Criterion B.",Schizoaffective disorder requires at least 2 weeks of hallucinations or delusions in the absence of a major mood episode,high,not-verified (first-pass reviewer judgment),,open,,
M03-012,Minor,Minor,factual inaccuracies,,both,t_sud.md,03_Core_Topics/SUD_Withdrawal/substance_use_inpatient_teaching.md,page,"(desmethyldiazepam, nordiazepam)","Desmethyldiazepam and nordiazepam are two names for the same metabolite, but the page lists them as two different ones.",It is a small pharmacology error that suggests the long-acting metabolite burden comes from two separate compounds.,Nordiazepam = N-desmethyldiazepam (standard pharmacology references).,"(desmethyldiazepam, also called nordiazepam)",high,not-verified (first-pass reviewer judgment),,open,,
M03-013,Minor,Minor,citation problems,,both,t_sud.md,03_Core_Topics/SUD_Withdrawal/substance_use_inpatient_teaching.md,page,"Saitz, N Engl J Med 1998","No Saitz article on alcohol withdrawal appeared in NEJM in 1998. His 1998 review is 'Introduction to alcohol withdrawal', Alcohol Health Res World 1998;22(1):5-12. His NEJM paper is 'Unhealthy alcohol use' (2005).","A reader cannot find the cited source, which weakens the attribution of the LOT-drug claim.","PubMed: Saitz R, Alcohol Health Res World 1998;22:5-12 (PMID 15706727); Saitz R, N Engl J Med 2005;352:596-607 (PMID 15703424, doi:10.1056/NEJMcp042262). Search 'Saitz R[Author] AND N Engl J Med AND alcohol withdrawal' returns only the 2005 paper.","Saitz, Alcohol Health Res World 1998",high,not-verified (first-pass reviewer judgment),,open,,
M04-019,Minor,Moderate,suicide assessment,quantify-suicide-risk,both,t_adjustment.md,03_Core_Topics/Adjustment/adjustment_disorders_inpatient_teaching.md,topic_meta.firstMove,"confirm criteria for other disorders aren't met, quantify suicide risk, and start brief supportive therapy.","'Quantify' suggests actuarial scoring. The page elsewhere says to assess directly. The fix is a change of verb, not a ban on risk levels, which US accreditation requires to be documented alongside the formulation.","On a card shown without the page's hedging, a learner may assign a 'low risk' label to a 'subthreshold' adjustment presentation and treat it as licence for disposition. That is the failure the page's can't-miss line warns about.","NICE NG225 (2022) Self-harm, rec 1.5.x — do not use risk tools/scales to predict future suicide or to determine who should or should not be offered treatment or be discharged; Large M et al. meta-analyses of risk categorisation (e.g., PLoS One 2016); Joint Commission NPSG 15.01.01.","confirm criteria for other disorders aren't met, assess suicide risk directly and formulate it, and start brief supportive therapy.",high,modified,,open,,
M04-020,Minor,Moderate,suicide assessment,quantify-suicide-risk,both,t_adjustment.md,03_Core_Topics/Adjustment/adjustment_disorders_inpatient_teaching.md,page,"- Screen and *quantify* suicide risk — don't be lulled by ""mild.""",'Quantify' suggests actuarial scoring. The sibling text on the same page already says to assess directly.,Learners may record a numeric or categorical risk level as the output of the assessment and base disposition on it.,NICE NG225 (2022) — do not use risk scales or categorisation to determine management or discharge; Stanley–Brown safety planning as the intervention.,"- Assess suicide risk directly and formulate it (drivers, protective factors, safety plan) — don't be lulled by ""mild.""",high,modified,,open,,
M04-004,Minor,Minor,citation problems,,both,t_eating.md,03_Core_Topics/Eating_Disorders/eating_disorders_inpatient_teaching.md,page,"aligned with APA, the Society for Adolescent Health and Medicine (SAHM), and MARSIPAN medical-instability guidance","The page's source line claims alignment with MARSIPAN, which the page's own refeeding section correctly says was replaced by MEED in 2022.",Learners and adopting programmes are pointed to superseded guidance; the page contradicts its own citation.,"Royal College of Psychiatrists CR233, Medical Emergencies in Eating Disorders (MEED), May 2022 — replaces MARSIPAN and Junior MARSIPAN.","aligned with APA, the Society for Adolescent Health and Medicine (SAHM), and MEED (RCPsych 2022, which replaced MARSIPAN) medical-instability guidance",high,not-verified (first-pass reviewer judgment),,open,,
M04-021,Minor,Minor,suicide assessment,,both,t_impulse.md,03_Core_Topics/Impulse_Control/impulse_control_conduct_inpatient_teaching.md,page,"Set up the psychosocial interventions (parent training, MST, skills therapy), continuity for ADHD/mood/substance treatment, and a safety plan.","The page asks learners to assess violence and suicide risk and victim safety, and it ends with a discharge safety plan, but it has not opted in to the build-injected crisis-contacts block. Adjustment, dissociative, eating and perinatal pages that do comparable risk work have opted in.","The discharge safety plan the page tells learners to write has no crisis contacts attached on this page. Under the library's own crisis-block policy, that is a gap for a page doing disposition risk work.",Library crisis-block policy (CLAUDE.md: a page where the learner plausibly does risk assessment or disposition should carry the <!-- crisis-block --> marker); this page's 'Assess violence and suicide risk and victim safety' workup line.,"Set up the psychosocial interventions (parent training, MST, skills therapy), continuity for ADHD/mood/substance treatment, and a safety plan with crisis contacts (see below). <!-- crisis-block -->",medium,not-verified (first-pass reviewer judgment),,open,,
M04-013,Minor,Minor,unsupported statements,,both,t_neurocog.md,03_Core_Topics/Neurocognitive/neurocognitive_disorders_inpatient_teaching.md,page,a delirium is layered on a dementia far more often than either occurs alone,"This comparative claim has no source and is doubtful as written: dementia without delirium is far more common than delirium superimposed on dementia. The defensible point is that dementia is the strongest predisposing factor for delirium, and that delirium superimposed on dementia is common in hospitalised older adults.","The statement is not literally true, and a learner may repeat it as fact.","Fick DM et al., J Am Geriatr Soc 2002 (systematic review; delirium superimposed on dementia prevalence 22–89% in hospital/community samples); Inouye SK et al., Lancet 2014 (dementia as leading predisposing factor for delirium).","dementia is the strongest predisposing factor for delirium, and delirium superimposed on dementia is common in hospitalized older adults",medium,not-verified (first-pass reviewer judgment),,open,,
M04-011,Minor,Minor,current psychopharmacology,,both,t_neurocog.md,03_Core_Topics/Neurocognitive/neurocognitive_disorders_inpatient_teaching.md,page,increased mortality in elderly patients with dementia-related psychosis** — use the lowest dose for the shortest time,"The BPSD section says nothing about brexpiprazole, the only FDA-approved drug for agitation associated with dementia due to Alzheimer disease (May 2023), or that the class boxed warning still applies to it.","Residents will not know an on-label option exists. They may also read the 2023 approval, if they meet it elsewhere, as lifting the mortality warning, which it does not.","FDA approval of Rexulti (brexpiprazole) supplemental indication, 10 May 2023: agitation associated with dementia due to Alzheimer's disease; label retains the boxed warning for increased mortality in elderly patients with dementia-related psychosis.","increased mortality in elderly patients with dementia-related psychosis** (it applies equally to brexpiprazole, FDA-approved in 2023 for agitation associated with Alzheimer dementia) — use the lowest dose for the shortest time",high,not-verified (first-pass reviewer judgment),,open,,
M04-012,Minor,Minor,factual inaccuracies,,both,t_neurocog.md,03_Core_Topics/Neurocognitive/neurocognitive_disorders_inpatient_teaching.md,page,- Cholinesterase inhibitors for mild–moderate; add memantine for moderate–severe.,"Donepezil is FDA-approved for severe as well as mild and moderate Alzheimer dementia, and so is the high-dose rivastigmine patch. The pearl suggests cholinesterase inhibitors stop at moderate disease.","Learners may stop or withhold a cholinesterase inhibitor in severe disease, where it remains an approved option, usually alongside memantine.","Aricept (donepezil) PI — indicated for mild, moderate and severe dementia of the Alzheimer's type (severe-stage approval 2006); Exelon Patch PI (severe AD, 2013).",- Cholinesterase inhibitors from mild disease onward (donepezil is approved through severe AD); add memantine for moderate–severe.,high,not-verified (first-pass reviewer judgment),,open,,
M04-008,Minor,Minor,terminology inconsistencies,dsm5tr-terminology,both,t_neurodev.md,03_Core_Topics/Neurodevelopmental/neurodevelopmental_disorders_inpatient_teaching.md,page,"ADHD, autism spectrum disorder (ASD), and intellectual disability (ID) — are usually the *context*","DSM-5-TR renamed the diagnosis 'intellectual developmental disorder (intellectual disability)'. The page, including its exam-anchor table, uses only the DSM-5 (2013) label.",Shelf items and current documentation use the DSM-5-TR name; learners will not recognise it as the same diagnosis.,"DSM-5-TR (APA 2022), Neurodevelopmental Disorders: 'Intellectual Developmental Disorder (Intellectual Disability)'.","ADHD, autism spectrum disorder (ASD), and intellectual developmental disorder (intellectual disability, ID) — are usually the *context*",high,not-verified (first-pass reviewer judgment),,open,,
M04-010,Minor,Minor,DSM-5-TR accuracy,,both,t_neurodev.md,03_Core_Topics/Neurodevelopmental/neurodevelopmental_disorders_inpatient_teaching.md,page,"Social-communication deficits plus restricted/repetitive behaviors, insistence on sameness, or restricted interests from early development","The row implies any single restricted or repetitive feature is enough. DSM-5-TR ASD requires deficits in all three social-communication areas (A1–A3) plus at least two of the four restricted/repetitive patterns (B1–B4), and B4 is sensory hyper- or hyporeactivity, which the row leaves out.","The row is labelled a shelf discriminator, so a learner would apply a criterion threshold that is too low.","DSM-5-TR (2022) Autism Spectrum Disorder, Criteria A (all 3 of A1–A3) and B (at least 2 of B1–B4, including sensory hyper/hyporeactivity).","Deficits in all three social-communication areas plus at least two of four restricted/repetitive patterns (stereotyped behavior or speech, insistence on sameness, restricted interests, sensory hyper-/hyporeactivity), present from early development",high,not-verified (first-pass reviewer judgment),,open,,
M04-009,Minor,Minor,factual inaccuracies,,both,t_neurodev.md,03_Core_Topics/Neurodevelopmental/neurodevelopmental_disorders_inpatient_teaching.md,page,risperidone and aripiprazole are FDA-approved for *irritability/aggression associated with autism*,"Both FDA approvals are for irritability associated with autistic disorder in children and adolescents only: risperidone ages 5–16, aripiprazole ages 6–17. On an adult unit, where this page and its first-move card recommend them, use is off-label.",Residents will document and consent adult patients as though the drug has an on-label indication. That misstates the evidence base and the consent conversation for adults.,"Risperdal PI (irritability associated with autistic disorder, ages 5–16, 2006); Abilify PI (ages 6–17, 2009).",risperidone and aripiprazole are FDA-approved for *irritability associated with autism* in children and adolescents (use in autistic adults is off-label),high,not-verified (first-pass reviewer judgment),,open,,
M04-015,Minor,Minor,terminology inconsistencies,dsm5tr-terminology,both,t_somatic.md,03_Core_Topics/Somatic/somatic_symptom_disorders_inpatient_teaching.md,page,*Not a mental disorder* — a V-code/observation.,"V-codes were the ICD-9-CM codes for 'other conditions that may be a focus of clinical attention'. DSM-5-TR lists these conditions with ICD-10-CM Z-codes only, and malingering is Z76.5.",Learners will use a coding term that has not been current since 2015.,"DSM-5-TR (2022), Other Conditions That May Be a Focus of Clinical Attention — Malingering, Z76.5; US transition to ICD-10-CM 1 Oct 2015.",*Not a mental disorder* — a Z-code (Z76.5) condition that may be a focus of clinical attention.,high,not-verified (first-pass reviewer judgment),,open,,
M04-014,Minor,Minor,DSM-5-TR accuracy,,both,t_somatic.md,03_Core_Topics/Somatic/somatic_symptom_disorders_inpatient_teaching.md,page,"(a key DSM-5-TR shift from ""medically unexplained"")","The move from 'medically unexplained' symptoms (DSM-IV somatization and somatoform disorders) to somatic symptom disorder happened in DSM-5 (2013), not in DSM-5-TR (2022).",This is a minor factual error about the history of the classification.,DSM-5 (APA 2013) introduced Somatic Symptom and Related Disorders; DSM-5-TR (2022) text revision retained it.,"(a key DSM-5 shift, retained in DSM-5-TR, from ""medically unexplained"")",high,not-verified (first-pass reviewer judgment),,open,,
M05-012,Minor,Moderate,legal/ethical issues,,both,capacity.html,04_Acute_and_Safety/Decisional_Capacity/decisional-capacity-module.html,tool,"e.g., refusal of recommended inpatient admission","The example decision 'refusal of recommended inpatient admission' can be read as psychiatric admission, which invites conflating a capacity finding with involuntary-commitment criteria.","A learner may conclude that 'lacks capacity to refuse admission' authorizes an involuntary hold, or that a patient with capacity must be allowed to leave despite meeting commitment criteria. Either could lead to an unlawful detention or an unsafe discharge.","State civil-commitment statutes (dangerousness/grave-disability standards, e.g., after O'Connor v. Donaldson, 1975). Appelbaum, NEJM 2007 ('Assessment of patients' competence to consent to treatment') distinguishes treatment-consent capacity from commitment criteria.","e.g., refusal of a recommended medical admission or procedure",medium,modified,,open,,
M05-010,Minor,Minor,cultural psychiatry,minority-overgeneralization,both,cultural_psychiatry.md,03_Core_Topics/Cultural_Psychiatry/cultural_psychiatry_inpatient_teaching.md,topic_meta.points,"- Cultural concepts of distress (e.g., ataque de nervios) can mimic panic or psychosis — ask before you label.
- Minority patients are over-diagnosed with schizophrenia",The overlay card applies the schizophrenia over-diagnosis finding to all 'minority patients'. The page prose correctly limits it to Black (and some other minority) patients. The evidence is strongest and most consistent for Black Americans and does not apply uniformly to every minority group.,Learners may apply a bias heuristic to groups where it has not been shown. The card also conflicts with the page prose.,"Olbert, Nagendra & Buck, J Abnorm Psychol 2018 meta-analysis: schizophrenia diagnosed ~2.4× more often in Black Americans; weaker or inconsistent findings for Latinx patients and none for Asian American patients.","- Cultural concepts of distress (e.g., ataque de nervios) can mimic panic or psychosis — ask before you label.
- Black (and some other minority) patients are over-diagnosed with schizophrenia",medium,not-verified (first-pass reviewer judgment),,open,,
M05-011,Minor,Minor,cultural psychiatry,minority-overgeneralization,both,cultural_psychiatry.md,03_Core_Topics/Cultural_Psychiatry/cultural_psychiatry_inpatient_teaching.md,page,"- Use trained interpreters, not family/children; speak directly to the patient.
- Minority patients are over-diagnosed with schizophrenia","The high-yield pearl repeats the overgeneralization to 'minority patients', contradicting the page's own disparities paragraph ('Black (and some other minority) patients').","Pearls are what learners memorize, so the less accurate version is the one likely to stick.","Olbert et al., 2018 (as above).","- Use trained interpreters, not family/children; speak directly to the patient.
- Black (and some other minority) patients are over-diagnosed with schizophrenia",medium,not-verified (first-pass reviewer judgment),,open,,
M06-016,Minor,Minor,unsupported statements,,both,ect_neuromodulation.md,05_Psychopharmacology/ECT_Neuromodulation/ect_neuromodulation_inpatient_teaching.md,topic_meta.points,ketamine/esketamine act within hours on depressive symptoms — not on suicidality itself,"For intranasal esketamine the label does say an effect on suicidality has not been demonstrated. For IV ketamine, randomised and individual-participant meta-analytic data do show a rapid reduction in suicidal ideation. The card flatly asserts no effect for both.",The learner comes away with a false belief about IV ketamine. The page's safety message (it does not replace monitoring or safety planning) holds without the overstatement.,"Wilkinson et al., Am J Psychiatry 2018 (IPD meta-analysis, 10 trials: IV ketamine reduced suicidal ideation within 24 h). Grunebaum et al., Am J Psychiatry 2018 (ketamine vs midazolam, SSI primary outcome positive). Spravato USPI, Limitations of Use.","ketamine/esketamine act within hours on depressive symptoms — any effect on suicidal ideation is short-lived and, for esketamine, not demonstrated",medium,not-verified (first-pass reviewer judgment),,open,,
M06-015,Minor,Minor,terminology inconsistencies,,both,ect_neuromodulation.md,05_Psychopharmacology/ECT_Neuromodulation/ect_neuromodulation_inpatient_teaching.md,page,"active suicidality, refusal to eat or drink, pregnancy where medications are undesirable, or prior good ECT response",The Indications paragraph lists pregnancy as a stand-alone rapid-response trigger. The overlay and the 'What the student does' list on the same page say pregnancy is not a separate trigger but changes the calculus once an indication is present.,This is an internal contradiction: a learner could take pregnancy alone as an ECT indication.,Internal consistency: see this page's overlay key point and 'What the student does' bullet.,"active suicidality, refusal to eat or drink, or prior good ECT response (pregnancy makes ECT preferred over drugs once one of these is present)",high,not-verified (first-pass reviewer judgment),,open,,
M06-014,Minor,Minor,factual inaccuracies,,both,ect_neuromodulation.md,05_Psychopharmacology/ECT_Neuromodulation/ect_neuromodulation_inpatient_teaching.md,page,- **Deep brain stimulation (DBS)** — investigational for refractory depression and OCD.,"DBS for severe, treatment-refractory OCD has been FDA-authorised since 2009 under a Humanitarian Device Exemption (Medtronic Reclaim). It is investigational only for depression.",The learner would believe no neuromodulation device is authorised for refractory OCD beyond TMS.,"FDA HDE H050003 (Reclaim DBS Therapy for OCD), approved February 2009.",- **Deep brain stimulation (DBS)** — investigational for refractory depression; available for severe treatment-refractory OCD under an FDA Humanitarian Device Exemption (2009).,high,not-verified (first-pass reviewer judgment),,open,,
M06-011,Minor,Minor,legal/ethical issues,,both,ethics_legal.md,03_Core_Topics/Ethics_Legal/ethics_law_confidentiality_inpatient_teaching.md,page,"the constitutionally required standard of proof is **""clear and convincing evidence""**","Addington v. Texas set clear and convincing evidence as the constitutional minimum. States may, and some do, require proof beyond a reasonable doubt for civil commitment.","The learner will take clear and convincing evidence to be the standard everywhere, when it is only the floor.","Addington v. Texas, 441 U.S. 418 (1979): due process requires at least clear and convincing evidence, and states are free to adopt a higher standard.","the constitutionally required minimum standard of proof is **""clear and convincing evidence""** (some states require more)",high,not-verified (first-pass reviewer judgment),,open,,
M06-013,Minor,Minor,outdated recommendations,clozapine-anc-mandatory-wording,both,protocol_library.md,05_Psychopharmacology/Protocol_Library/protocol_library_inpatient.md,topic_meta.points,- Clozapine initiation requires mandatory ANC monitoring per the hematologic schedule,"'Mandatory' reflects the retired REMS framing. ANC monitoring now continues per the prescribing information and is no longer REMS-enforced, which the page body itself states.",This is an overlay-vs-prose conflict on current regulation. The learner believes a dispensing requirement still exists.,FDA DSC on clozapine REMS removal (effective 2025-06-13).,- Clozapine initiation requires ANC monitoring per the prescribing-information schedule (REMS eliminated 2025),high,not-verified (first-pass reviewer judgment),,open,,
M06-012,Minor,Minor,outdated recommendations,clozapine-anc-mandatory-wording,both,psychopharm_primer.md,05_Psychopharmacology/Student_Primer_Top10/psychopharmacology_primer_inpatient.md,topic_meta.points,requires mandatory ANC monitoring for agranulocytosis,"Since the FDA eliminated the clozapine REMS (effective 2025-06-13), ANC monitoring is a prescribing-information recommendation: prescribers 'should continue to monitor ANC' per the PI. It is no longer a mandatory, dispensing-gated requirement. The page prose states this correctly.","A learner would believe ANC reporting still gates dispensing, which misstates current regulation. The clinical behaviour (monitor ANC) stays correct.","FDA Drug Safety Communication, 'FDA removes REMS program for clozapine' (REMS removed 2025-06-13; DSC 2025-08-27): 'prescribers should continue to monitor patients' ANC according to the monitoring frequencies described in the prescribing information.'",requires ANC monitoring for agranulocytosis per its prescribing information (the REMS was eliminated in 2025),high,not-verified (first-pass reviewer judgment),,open,,
M06-017,Minor,Minor,citation problems,,both,psychopharm_primer.md,05_Psychopharmacology/Student_Primer_Top10/psychopharmacology_primer_inpatient.md,page,"roughly one extra case of suicidal ideation/behavior per ~110 treated, against a number-needed-to-treat near 10 for response","The NNH and NNT are given with no study identity. They come from pediatric trials (Bridge et al., JAMA 2007: MDD NNH ≈112, NNT ≈10), yet the sentence attaches them to the 'through age 24' warning.",Learners cannot trace the figure and may apply pediatric numbers to young adults.,"Bridge JA et al., JAMA 2007;297:1683–96 (pediatric antidepressant RCTs).","roughly one extra case of suicidal ideation/behavior per ~110 treated, against a number-needed-to-treat near 10 for response (pediatric MDD trials; Bridge et al., JAMA 2007)",high,not-verified (first-pass reviewer judgment),,open,,
M06-018,Minor,Minor,factual inaccuracies,,both,psychopharm_primer.md,05_Psychopharmacology/Student_Primer_Top10/psychopharmacology_primer_inpatient.md,page,Xanomeline-Trospium: The First Non-Dopaminergic Antipsychotic,"Pimavanserin, a non-dopaminergic 5-HT2A inverse agonist, was FDA-approved in 2016 for Parkinson's disease psychosis. Xanomeline–trospium (2024) is the first antipsychotic for schizophrenia without direct D2 blockade (muscarinic).",This is a board-style fact taught incorrectly.,Nuplazid (pimavanserin) FDA approval April 2016. Cobenfy (xanomeline–trospium) FDA approval September 2024.,Xanomeline-Trospium: The First Non-D2-Blocking (Muscarinic) Antipsychotic for Schizophrenia,high,not-verified (first-pass reviewer judgment),,open,,
M06-019,Minor,Minor,terminology inconsistencies,,both,psychotherapy.md,02_Clinical_Skills/Psychotherapy/psychotherapy_inpatient_teaching.md,page,"**Exposure and response prevention (ERP)**, a CBT variant, is the specific evidence-based treatment for OCD and phobias.","ERP is the OCD-specific protocol, because response prevention targets compulsions. Specific phobia is treated with exposure therapy (in vivo exposure or systematic desensitisation), not ERP.","On the shelf, the answer for specific phobia is exposure therapy or systematic desensitisation, so the conflation invites a wrong-term answer.","APA OCD practice guideline (2007, watch 2013): ERP. Exposure-based CBT is first-line for specific phobia (DSM-5-TR treatment texts; NICE).","**Exposure and response prevention (ERP)**, a CBT variant, is the specific evidence-based treatment for OCD; exposure therapy is the treatment for phobias.",high,not-verified (first-pass reviewer judgment),,open,,
M07-004,Minor,Minor,misleading wording,spi-cohort-stated-as-causal,both,brief_psychotherapy.md,02_Clinical_Skills/Brief_Psychotherapy/brief_psychotherapy_inpatient.md,page,Safety Planning Intervention with follow-up ≈ **50% fewer suicidal behaviors** (Stanley 2018),"Rounds the cohort-study estimate (45% fewer, OR 0.56) up to 50% and drops the observational design, inconsistent with Therapy on the Unit's '~45% ... a cohort comparison, not an RCT'.",Minor overstatement of a non-randomized effect; learners see two different figures for the same study.,Stanley B et al. JAMA Psychiatry 2018;75(9):894-900 (PMID 29998307).,"Safety Planning Intervention with follow-up was associated with ≈ **45% fewer suicidal behaviors** (Stanley 2018, cohort comparison)",high,not-verified (first-pass reviewer judgment),,open,,
M07-015,Minor,Minor,cultural psychiatry,interpreter-use,both,collateral_workflow.md,06_Family_and_Relational/collateral_micro_workflow.md,page,"A family member may bridge only in an emergency while an interpreter is being arranged, or at the patient's specific, documented request.","Omits two limits of the federal rule: a minor child may interpret only in an emergency (never merely on request), and on request the accompanying adult must agree and reliance must be appropriate — which it rarely is for psychiatric risk assessment.","A learner could accept a patient's child as interpreter, or use a relative to interpret a suicide or violence assessment, on the strength of a stated request.","Section 1557 ACA final rule, 45 CFR 92.201(e) (2024): accompanying adult only in an emergency involving imminent threat or on the individual's specific request with the adult's agreement where reliance is appropriate; minor children only in an emergency where no qualified interpreter is immediately available.","A family member may bridge only in an emergency while an interpreter is being arranged, or at the patient's specific, documented request when the relative agrees and the topic allows it (never a minor child except in an emergency, and not for risk assessment).",high,not-verified (first-pass reviewer judgment),,open,,
M07-009,Minor,Minor,unsupported statements,unsupported-statistic,both,exp_family.md,14_Tracks/MS3/Student_Ready_Pack/04_expansion_modules/family_discharge_student_module.md,page,"About 12–15% of psychiatric patients are readmitted within 30 days (20–25% for schizophrenia), and only ~50% receive a mental-health visit within 7 days.","Three statistics with no source, on a page where every other number is attributed; the ~50% 7-day figure matches a single NY Medicaid sample (Haselden 2019: 53%) rather than a national rate, and readmission figures vary widely by payer and dataset.",Learners will quote precise-looking national figures that cannot be traced or checked.,Haselden M et al. Psychiatr Serv 2019;70(10):860-866 (PMID 31310186) — 53% attended within 7 days in 179 NY Medicaid inpatients; national 30-day readmission and HEDIS FUH 7-day rates (NCQA; AHRQ HCUP) would settle the others.,"Roughly one in eight psychiatric inpatients is readmitted within 30 days (more with schizophrenia), and in many samples only about half attend a mental-health visit within 7 days (e.g., Haselden 2019, NY Medicaid: 53%).",medium,not-verified (first-pass reviewer judgment),,open,,
M07-010,Minor,Minor,factual inaccuracies,,both,exp_family.md,14_Tracks/MS3/Student_Ready_Pack/04_expansion_modules/family_discharge_student_module.md,page,Firearms are involved in ~50% of US suicides,Firearms have accounted for more than half of US suicides for years (~55% in 2022-2023 CDC mortality data); '~50%' understates it.,"Small, but it understates the single most important lethal-means target in US means-safety counselling.","CDC WISQARS / NCHS final mortality data 2022 (27,032 firearm suicides of 49,476, ~55%); 2023 similar.",Firearms are involved in more than half (~55%) of US suicides,medium,not-verified (first-pass reviewer judgment),,open,,
M07-012,Minor,Minor,ambiguity,,both,family_modalities.md,06_Family_and_Relational/family_therapy_modalities_inpatient.md,page,high-EE roughly **quintuples relapse odds (OR ~4.87)**,OR 4.87 in Ma 2021 applies only to early relapse (≤12 months); for later relapse the OR was 2.13. Therapy on the Unit states this timing correctly; this page and its key-point card do not.,"Learners overgeneralise the five-fold figure to all relapse, and the two pages give different numbers for the same paper.",Ma CF et al. Psychol Med 2021;51(3):365-375 (PMID 33568244): early relapse (≤12 months) OR 4.87 (3.22-7.36); late relapse (>12 months) OR 2.13 (1.36-3.35); warmth OR 0.35.,"high-EE roughly **quintuples the odds of relapse within 12 months (OR ~4.87; ~2-fold for later relapse, OR 2.13)**",high,not-verified (first-pass reviewer judgment),,open,,
M07-016,Minor,Minor,cultural psychiatry,interpreter-use,both,family_playbook.md,06_Family_and_Relational/family_meeting_playbook_90min.md,page,an interpreter if needed,"Does not specify a qualified professional interpreter; in a family meeting the default risk is a bilingual relative interpreting, which the collateral page correctly prohibits.","Learners may let a family member interpret the meeting, distorting both the patient's and the family's accounts and breaching confidentiality.",45 CFR 92.201 (Section 1557); the library's own collateral_workflow.md rule.,a qualified professional interpreter if anyone needs one (not a family member),high,not-verified (first-pass reviewer judgment),,open,,
M07-014,Minor,Minor,unsupported statements,phase-outcome-claim,both,family_playbook.md,06_Family_and_Relational/family_meeting_playbook_90min.md,page,This is the phase that most changes outcomes; protect the time for it.,Asserted as established fact without evidence; no study attributes outcome change to a particular phase of a single family meeting (repeated in the key-points card).,Learners take a teaching heuristic for an evidence-based finding.,"Family-intervention evidence (Pharoah 2010; Rodolico 2022) concerns multi-session programmes, not phases of a single meeting.","In our experience this is the phase most often squeezed out, and it is where expressed emotion becomes workable; protect the time for it.",medium,not-verified (first-pass reviewer judgment),,open,,
M07-008,Minor,Minor,unsupported statements,psychoeducation-nnt-calibration,both,therapy_on_the_unit.md,02_Clinical_Skills/Psychotherapy/therapy_on_the_unit_inpatient_teaching.md,topic_meta.clinicalWorkflow.exam,psychoeducation carries the strongest single-intervention numbers in psychosis.,"Superlative unsupported: the NNT 5 rests on 206 participants in low-quality trials, and family intervention (Pharoah 2010, NNT 7 over 32 RCTs) and family psychoeducation (Rodolico 2022, OR 0.18) carry comparable or stronger evidence; the prior review's equivalent superlative was removed from Brief Psychotherapy.",Learners carry an overconfident ranking of psychosocial interventions into exams and rounds.,Xia 2011 Cochrane CD002831; Pharoah 2010 Cochrane CD000088 (PMID 21154340); Rodolico 2022 Lancet Psychiatry.,"psychoeducation is among the best-supported psychological interventions in psychosis, though its headline NNTs rest on limited-quality trials.",medium,not-verified (first-pass reviewer judgment),,open,,
M08-025,Minor,Minor,legal/ethical issues,,both,doc_oral.md,14_Tracks/MS3/Student_Ready_Pack/05_documentation_oral_presentation/student_documentation_and_oral_presentations.md,page,"but discharge risk remains high because
> he refuses family collateral.","The model presentation treats a patient's refusal to consent to collateral as a cause of higher risk. The refusal leaves an information gap and uncertainty. It is not in itself a risk factor, and it is the patient's right, subject to HIPAA's emergency exceptions.","Learners would learn to frame refusal of consent as dangerousness, which can become punitive or coercive documentation in a note that carries legal weight.",HIPAA 45 CFR 164.510(b) and 164.512(j) (limits and emergency exceptions for family disclosure; receiving collateral does not itself require consent); general risk-formulation practice separating risk factors from missing data.,"but discharge risk is still uncertain because
> he has not agreed to family collateral, so we lack baseline and home-safety data.",medium,not-verified (first-pass reviewer judgment),,open,,
M08-018,Minor,Minor,DSM-5-TR accuracy,dsm-5-tr-terminology,both,rounds_questions.md,07_Evidence_and_Reading/Rounds_Questions/rounds_questions.md,page,**1. What are the DSM-5 Criterion A symptoms of schizophrenia?**,"Throughout the page (Q1, Q16, Q22, Q70, Q81, Q85 headings), criteria are attributed to ""DSM-5"" rather than the current DSM-5-TR (2022). The criteria content for these items is unchanged, so this is a currency label issue only.","A nationally adopted curriculum should name the current edition, and learners should cite DSM-5-TR.","APA, DSM-5-TR (March 2022).",**1. What are the DSM-5-TR Criterion A symptoms of schizophrenia?**,high,not-verified (first-pass reviewer judgment),,open,,
M08-021,Minor,Minor,citation problems,key-paper-mismatch,both,rounds_questions.md,07_Evidence_and_Reading/Rounds_Questions/rounds_questions.md,page,"- **Key paper:** Boyer & Shannon, NEJM 2005.

- **Pearl:** Fluoxetine has the longest half-life","Boyer & Shannon (NEJM 2005) is the serotonin syndrome review. It is cited as the key paper for SSRI mechanism and class efficacy, which it does not address.",A learner looking up the source for the SSRI mechanism will not find it in that paper.,"Boyer EW, Shannon M. The serotonin syndrome. N Engl J Med 2005;352:1112–1120.","- **Key paper:** Cipriani et al., Lancet 2018 — network meta-analysis of 21 antidepressants.

- **Pearl:** Fluoxetine has the longest half-life",high,not-verified (first-pass reviewer judgment),,open,,
M08-020,Minor,Minor,citation problems,key-paper-mismatch,both,rounds_questions.md,07_Evidence_and_Reading/Rounds_Questions/rounds_questions.md,page,"- **Key paper:** Anand et al., NEJM 2023 — ketamine vs. ECT for nonpsychotic TRD.","The item's Evidence line reports ESCAPE-TRD (esketamine vs quetiapine XR, Reif et al., NEJM 2023), but the Key paper line names a different trial (ELEKT-D, IV ketamine vs ECT).",A learner who looks up the key paper will not find the 27.1% vs 17.6% result there.,"Reif A et al., Esketamine nasal spray versus quetiapine for treatment-resistant depression, NEJM 2023;389:1298–1309 (ESCAPE-TRD). Anand A et al., NEJM 2023;388:2315–2325 (ELEKT-D).","- **Key paper:** Reif et al., NEJM 2023 (ESCAPE-TRD); see also Anand et al., NEJM 2023 — ketamine vs. ECT for nonpsychotic TRD.",high,not-verified (first-pass reviewer judgment),,open,,
M08-012,Minor,Minor,cultural psychiatry,stigmatising-language,both,rounds_questions.md,07_Evidence_and_Reading/Rounds_Questions/rounds_questions.md,page,Mood disorders are present in one-third to one-half of completed suicides.,"""Completed suicide"" frames suicide as an achievement. Current reporting and clinical-language guidance recommends ""suicide death"" or ""died by suicide"".",Learners copy the teaching text's language into their notes and presentations.,AFSP/Reporting on Suicide recommendations; APA and NIMH usage guidance favoring 'died by suicide' / 'suicide death'.,Mood disorders are present in one-third to one-half of suicide deaths.,high,not-verified (first-pass reviewer judgment),,open,,
M08-013,Minor,Minor,cultural psychiatry,stigmatising-language,both,rounds_questions.md,07_Evidence_and_Reading/Rounds_Questions/rounds_questions.md,page,No tool reliably predicts completed suicide.,"""Completed suicide"" is outdated, stigmatising terminology.",Learners copy the teaching text's language into their notes and presentations.,AFSP/Reporting on Suicide recommendations.,No tool reliably predicts suicide death.,high,not-verified (first-pass reviewer judgment),,open,,
M08-023,Minor,Minor,outdated recommendations,,both,rounds_questions.md,07_Evidence_and_Reading/Rounds_Questions/rounds_questions.md,page,ERP works by **habituation** — the patient confronts feared stimuli while resisting compulsions until anxiety naturally decreases.,"The current model of exposure therapy is inhibitory learning: violating the expectancy of harm and tolerating distress. The goal is not to wait until anxiety decreases within the session, and within-session habituation does not predict outcome.","Learners would teach patients that exposure succeeds only when anxiety falls, which can reinforce avoidance when it does not.","Craske MG et al., Maximizing exposure therapy: an inhibitory learning approach, Behav Res Ther 2014;58:10–23.",ERP works mainly through **inhibitory learning** — the patient confronts feared stimuli while resisting compulsions and learns that the feared outcome does not occur and that distress is tolerable; anxiety need not fall within the session.,medium,not-verified (first-pass reviewer judgment),,open,,
M08-019,Minor,Minor,citation problems,key-paper-mismatch,both,rounds_questions.md,07_Evidence_and_Reading/Rounds_Questions/rounds_questions.md,page,"- **Key paper:** Foa et al., JAMA Psychiatry 2022.","The prior remediation corrected Q43's Evidence line to Simpson et al. 2013, but the Key paper line still names Foa et al., JAMA Psychiatry 2022. That paper is a trial of SRI discontinuation after exposure/response prevention (EX/RP) and has no ERP-vs-risperidone comparison. This leftover was noted in prior finding MS3V08-F004.",A learner citing the key paper for the ERP-vs-risperidone result points to a paper that does not support it.,"Simpson HB et al., JAMA Psychiatry 2013;70(11):1190–1199; Foa EB et al., JAMA Psychiatry 2022;79(3):193–200 (verified by PubMed in prior review MS3V08-F004).","- **Key paper:** Simpson et al., JAMA Psychiatry 2013.",high,not-verified (first-pass reviewer judgment),,open,,
M08-014,Minor,Minor,cultural psychiatry,stigmatising-language,both,rounds_questions.md,07_Evidence_and_Reading/Rounds_Questions/rounds_questions.md,page,oral thiamine is inadequately absorbed in alcoholism.,"""Alcoholism"" is outdated, non-DSM terminology that carries stigma. The page otherwise uses ""alcohol use disorder"".",The wording is inconsistent with the rest of the page and with person-first language norms.,DSM-5-TR (alcohol use disorder); NIAAA/NIDA 'Words Matter' terminology guidance.,oral thiamine is inadequately absorbed in people with alcohol use disorder.,high,not-verified (first-pass reviewer judgment),,open,,
M08-022,Minor,Minor,outdated recommendations,,both,rounds_questions.md,07_Evidence_and_Reading/Rounds_Questions/rounds_questions.md,page,The key MI skill is **rolling with resistance**,"Since the 3rd edition (2013), motivational interviewing no longer uses ""resistance"" or ""rolling with resistance"". These were replaced by sustain talk and discord, and the core skill is evoking and reflecting change talk.",Learners pick up superseded MI vocabulary that frames the patient as resisting.,"Miller WR, Rollnick S. Motivational Interviewing, 3rd ed. (2013) and 4th ed. (2023).","The key MI skill is **responding to sustain talk and discord with reflection rather than argument** (formerly called ""rolling with resistance"")",high,not-verified (first-pass reviewer judgment),,open,,
M08-024,Minor,Minor,current psychopharmacology,,both,rounds_questions.md,07_Evidence_and_Reading/Rounds_Questions/rounds_questions.md,page,"Options: atomoxetine (NRI), guanfacine XR, clonidine XR.","The list of FDA-approved non-stimulants leaves out viloxazine ER (Qelbree), approved for pediatric ADHD in 2021 and for adults in 2022.",The list of options is incomplete as of 2026.,FDA approval of viloxazine extended-release (Qelbree): pediatric April 2021; adults April 2022.,"Options: atomoxetine (NRI), viloxazine ER, guanfacine XR, clonidine XR.",high,not-verified (first-pass reviewer judgment),,open,,
M08-017,Minor,Minor,ambiguity,,both,rounds_questions.md,07_Evidence_and_Reading/Rounds_Questions/rounds_questions.md,page,"DSM-5 consolidated Asperger's, PDD-NOS, and under one ASD diagnosis and added sensory features.","The sentence is garbled: a list item is missing after ""and"", so it does not say which diagnoses were merged (autistic disorder and childhood disintegrative disorder are also included).","Learners get an incomplete account of the DSM-5 consolidation of autism diagnoses, which is commonly tested.","DSM-5 (2013) / DSM-5-TR ASD: subsumes autistic disorder, Asperger's disorder, childhood disintegrative disorder and PDD-NOS.","DSM-5 consolidated autistic disorder, Asperger's, childhood disintegrative disorder, and PDD-NOS under one ASD diagnosis and added sensory features.",high,not-verified (first-pass reviewer judgment),,open,,
M08-016,Minor,Minor,DSM-5-TR accuracy,dsm-5-tr-terminology,both,rounds_questions.md,07_Evidence_and_Reading/Rounds_Questions/rounds_questions.md,page,Intellectual disability involves deficits in intellectual functioning (IQ <70) AND adaptive functioning.,"DSM-5-TR renamed the condition ""intellectual developmental disorder (intellectual disability)"". DSM-5 and DSM-5-TR dropped a strict IQ<70 cutoff (scores roughly two SDs below the mean, about 65–75 allowing for measurement error) and set severity by adaptive functioning.","Learners apply a rigid IQ cutoff that DSM-5-TR explicitly rejects, and they use outdated nomenclature.","DSM-5-TR (2022), Intellectual Developmental Disorders, Criterion A text and severity specifiers.","Intellectual developmental disorder (intellectual disability) involves deficits in intellectual functioning (typically IQ about two SDs below the mean, ~65–75 allowing for measurement error) AND adaptive functioning, with severity set by adaptive functioning.",high,not-verified (first-pass reviewer judgment),,open,,
M08-015,Minor,Minor,cultural psychiatry,stigmatising-language,both,rounds_questions.md,07_Evidence_and_Reading/Rounds_Questions/rounds_questions.md,page,"is like telling a diabetic to ""eat better""","""A diabetic"" uses a diagnosis as a noun for a person, the same pattern the curriculum avoids with ""schizophrenic"".",It models identity-first labelling of patients.,ADA Standards of Care language guidance (person-first 'person with diabetes').,"is like telling a person with diabetes to ""eat better""",medium,not-verified (first-pass reviewer judgment),,open,,
M08-011,Minor,Minor,factual inaccuracies,,both,rounds_questions.md,07_Evidence_and_Reading/Rounds_Questions/rounds_questions.md,page,AN has the **highest mortality rate among psychiatric conditions**,"This widely repeated claim is not supported by comparative data. Standardized mortality ratios for opioid use disorder (and some other substance use disorders) exceed that of anorexia nervosa. AN has among the highest mortality rates, not unambiguously the highest.","A learner states an overclaim as fact. It also underplays the mortality of substance use disorders, which learners see daily on the unit.","Arcelus J et al., Arch Gen Psychiatry 2011;68:724–731 (AN SMR ≈5.9). Chesney E et al., World Psychiatry 2014;13:153–160 (opioid use SMR ≈14.7).",AN has **one of the highest mortality rates among psychiatric conditions**,medium,not-verified (first-pass reviewer judgment),,open,,
M09-011,Minor,Minor,suicide assessment,,MS3,osce.md,14_Tracks/MS3/Student_Ready_Pack/06_osce_cases/osce_station_set.md,page,"Risk formulation, means restriction, collateral consent, tone.","Station 1 rehearses a suicide risk assessment, and Station 5 covers means safety, but the page has no build-injected crisis block. Other surfaces where learners rehearse risk work carry one.","Under the library's own scope rule (a learner assessing or rehearsing risk), this surface should carry the contacts a learner would put into a safety plan.","Library editorial policy: crisis block required where the learner plausibly does risk work (assessing, rehearsing, planning disposition).","Risk formulation, means restriction, collateral consent, tone.

<!-- crisis-block -->",medium,not-verified (first-pass reviewer judgment),,open,,
M09-010,Minor,Moderate,legal/ethical issues,,MS3,osce.md,14_Tracks/MS3/Student_Ready_Pack/06_osce_cases/osce_station_set.md,page,- Asks permission for collateral — 1,"The station scores asking permission for collateral but never teaches that refusal does not end collateral in a high-risk case. Family can still be heard, and disclosure to avert serious, imminent harm is permitted.",A student learns that refusal of permission ends the collateral route in a high-risk case. That is exactly when collateral about the firearm and the letter is most needed.,"HIPAA Privacy Rule 45 CFR 164.512(j) (serious and imminent threat) and 164.510(b); HHS OCR guidance on HIPAA and mental health (2014, updated 2023). Receiving information from family is not a disclosure.","- Asks permission for collateral; if the patient declines, explains that the team may still listen to family and may share what is needed to avert serious, imminent harm — 1",medium,modified,,open,,
M09-006,Minor,Moderate,legal/ethical issues,tarasoff-universal,both,rapid_review.md,09_Exam_Prep/Shelf_High_Yield/rapid_review_buzzwords.md,page,Identifiable threatened victim → **duty to protect (Tarasoff)**.,"Presents the Tarasoff duty as universal. US states differ: some mandate a duty to warn or protect, some only permit disclosure, and a few impose no duty. The shelf page in this same chunk says the duty varies by jurisdiction.",A learner in a permissive-duty or no-duty state would believe a mandatory duty applies. That misstates their legal obligations and how they may disclose.,Tarasoff v Regents of UC (Cal. 1976); NCSL 'Mental Health Professionals' Duty to Warn' state survey (mandatory / permissive / no duty).,"Identifiable threatened victim → **duty to protect (Tarasoff)**: mandatory, permissive or absent depending on the state; know your state's rule.",high,confirmed,,open,,
M09-009,Minor,Minor,hidden assumptions,,MS3,shelf.md,14_Tracks/MS3/Student_Ready_Pack/07_shelf_guide/shelf_review_guide.md,page,**Your exam is the COMAT.** UNE COM uses,Tells every reader that their exam is the COMAT. That is true only for osteopathic students at the author's school; allopathic students nationally sit the NBME Psychiatry subject exam.,"If this is adopted nationally, MD students would be pointed to the wrong blueprint and sample items.",NBME Clinical Science Subject Exams (MD schools); NBOME COMAT (DO schools).,**At UNE COM your exam is the COMAT** (MD programs typically use the NBME Psychiatry shelf). UNE COM uses,high,not-verified (first-pass reviewer judgment),,open,,
M10-008,Minor,Minor,terminology inconsistencies,,both,cotw_20260831_catatonia_ms3.md,08_Cases_and_Simulation/case-of-the-week/2026-08-31_catatonia-recognition-workup-treatment_MS3.md,page,which this patient cannot have without dopamine-blocking drug exposure,"Overstated: an NMS-like syndrome also follows abrupt withdrawal of dopaminergic drugs, as the site's own SS/NMS case table states, and hidden exposures (antiemetics such as metoclopramide/prochlorperazine) are common.",An absolute 'cannot' teaches learners to close the NMS branch on an incomplete medication history rather than actively seeking dopamine-blocker exposure or dopaminergic withdrawal.,"Wijdicks & Ropper, NEJM 2024;391:1130; this chunk's SS/NMS table: 'Dopamine-blocking agent (antipsychotics, metoclopramide) or abrupt withdrawal of dopaminergic therapy'.",which this patient is very unlikely to have without dopamine-blocking drug exposure (including antiemetics) or abrupt withdrawal of a dopaminergic drug,high,not-verified (first-pass reviewer judgment),,open,,
M10-007,Minor,Moderate,emergency psychiatry,,both,cotw_20260831_catatonia_ms3.md,08_Cases_and_Simulation/case-of-the-week/2026-08-31_catatonia-recognition-workup-treatment_MS3.md,page,"3. **Hypoactive delirium** — can look similar (withdrawn, minimally responsive) and can co-occur with catatonia; look for fluctuating attention and an underlying medical driver.","The ranked differential omits NCSE, which also responds to lorazepam, so a positive challenge cannot exclude it. The page mentions EEG only for 'seizure suspicion' elsewhere.","The page teaches that a positive challenge 'supports the diagnosis'; a learner could accept lorazepam response as confirmation and miss ongoing seizure activity, which EEG settles.","Rogers JP et al., BAP consensus guidelines on catatonia, J Psychopharmacol 2023, and Heckers & Walther NEJM 2023 list NCSE among catatonia mimics and support EEG when it is in the differential; benzodiazepine response is shared by both.","3. **Hypoactive delirium** — can look similar (withdrawn, minimally responsive) and can co-occur with catatonia; look for fluctuating attention and an underlying medical driver. **Nonconvulsive status epilepticus** is a further mimic of mutism/stupor that also improves with lorazepam — a positive challenge does not exclude it, so obtain an EEG if there is doubt.",medium,modified,,open,,
M10-004,Minor,Minor,ambiguity,,both,cotw_20260914_ssnms_ms3.md,08_Cases_and_Simulation/case-of-the-week/2026-09-14_serotonin-syndrome-vs-nms_MS3.md,page,Onset is typically **rapid (within 24 hours of the provoking change)** [1].,"The page teaches onset <24 h vs NMS 'days' as a discriminator, yet its own patient develops serotonin toxicity on hospital day 3, roughly 48 h after linezolid was started; the tension is never addressed.","A learner applying the table literally could read the day-3 onset as pointing toward NMS; interaction-driven toxicity (e.g., linezolid added to an SSRI) can declare itself a day or more after the new agent starts.",Boyer & Shannon 2005 (most cases within 6–24 h of a change); linezolid–SSRI case series and Wali 2025 J Int Med Res (ref [3]) describe onset after one to several days of combined exposure.,"Onset is typically **rapid (within 24 hours of the provoking change)** [1] — though when an interacting drug such as linezolid is added, it can appear a day or more later, as here [3].",medium,not-verified (first-pass reviewer judgment),,open,,
M10-005,Minor,Minor,emergency psychiatry,,both,cotw_20260914_ssnms_ms3.md,08_Cases_and_Simulation/case-of-the-week/2026-09-14_serotonin-syndrome-vs-nms_MS3.md,page,| Resolution after stopping drug | Usually < 24–48 h [1] | Days to 2 weeks [4] |,"The Step 2 CK comparison table (and the whole MS3 page) gives no NMS management, although the index promises 'why the treatments diverge'; cyproheptadine is the only antidote taught.","Learners leave the contrast case without the NMS first moves (stop the dopamine blocker, supportive ICU care, benzodiazepines; dantrolene/bromocriptine only as low-quality-evidence options in severe cases), which is exactly the divergence the shelf tests.","Wijdicks & Ropper, NEJM 2024;391:1130 (ref [4], PubMed-verified): NMS management = withdraw the causative agent and supportive care; dantrolene, bromocriptine/amantadine and benzodiazepines are used with evidence limited to case series.","| Resolution after stopping drug | Usually < 24–48 h [1] | Days to 2 weeks [4] |
| First treatment | Stop serotonergics; benzodiazepines, cooling; cyproheptadine if not responding [1] | Stop the dopamine blocker; ICU supportive care, cooling, benzodiazepines; dantrolene or bromocriptine considered in severe cases (case-series evidence only) [4] |",high,not-verified (first-pass reviewer judgment),,open,,
M11-008,Minor,Moderate,suicide assessment,missing-crisis-block,MS3,cotw_20260720_mdd_ms3.md,08_Cases_and_Simulation/case-of-the-week/2026-07-20_mdd-treatment-selection-augmentation_MS3.md,page,"When in doubt about safety, arrange same-day evaluation, and bring your supervising resident or attending in before any disposition is settled.","Q7 has the learner assess ideation, intent, plan and means and build a safety plan, which is real risk work under the library's own scope rule. The page carries no crisis block, unlike the suicide COTW.","A learner building a safety plan here has no crisis contacts to put in it. The 2026-09-01 review flagged the same gap (MS3V10-F010, quote since reworded), and it has not been fixed.",Standing editorial policy 2 (crisis block required where the learner is doing risk work); prior finding MS3V10-F010.,"When in doubt about safety, arrange same-day evaluation, and bring your supervising resident or attending in before any disposition is settled.

<!-- crisis-block -->",medium,confirmed,,open,,
M11-006,Minor,Minor,DSM-5-TR accuracy,,MS3,cotw_20260720_mdd_ms3.md,08_Cases_and_Simulation/case-of-the-week/2026-07-20_mdd-treatment-selection-augmentation_MS3.md,page,depressive symptoms ≥2 years at lower intensity,"'Lower intensity' is the DSM-IV concept of dysthymia. DSM-5-TR persistent depressive disorder combines chronic MDD and dysthymia, and full MDD criteria may be met throughout the 2 years.","Learners may wrongly rule out PDD in a patient with chronic, full-severity depression.","DSM-5-TR (2022), Persistent Depressive Disorder, Criteria A-B and specifiers (with persistent major depressive episode).",depressed mood most days for ≥2 years (severity may reach full MDD criteria),high,not-verified (first-pass reviewer judgment),,open,,
M11-007,Minor,Minor,outdated recommendations,,MS3,cotw_20260720_mdd_ms3.md,08_Cases_and_Simulation/case-of-the-week/2026-07-20_mdd-treatment-selection-augmentation_MS3.md,page,"augment with an atypical antipsychotic (e.g., aripiprazole), lithium, or T3; consider psychiatry referral","The TRD step leaves out esketamine nasal spray, which is FDA-approved for TRD (adjunct since 2019, monotherapy since January 2025, under a REMS). It also names only aripiprazole among FDA-approved adjunctive antipsychotics; brexpiprazole, cariprazine and quetiapine XR are also approved.",A national MS3 audience sits a shelf that can test esketamine as a TRD option. The ladder as written implies the TRD options stop at augmentation and ECT.,"Spravato (esketamine) US prescribing information, TRD indication (monotherapy approval Jan 2025); Rexulti, Vraylar (2022) and Seroquel XR adjunctive MDD labels.","augment with an atypical antipsychotic (e.g., aripiprazole, brexpiprazole, cariprazine, quetiapine XR), lithium, or T3; know that esketamine nasal spray is FDA-approved for TRD (REMS, certified setting); consider psychiatry referral",high,not-verified (first-pass reviewer judgment),,open,,
M12-013,Minor,Minor,emergency psychiatry,,both,cotw_20260709_ssnms_ms3.md,08_Cases_and_Simulation/case-of-the-week/2026-07-09_serotonin-syndrome-vs-nms_MS3.md,page,"needs **ICU care, sedation, and intubation with neuromuscular paralysis** to stop muscular heat generation [2][7]",Omits that paralysis should use a non-depolarising agent; succinylcholine is to be avoided because rhabdomyolysis-associated hyperkalaemia can cause arrhythmia.,"The page names paralysis as the life-saving step but not the agent class to avoid, a standard exam and management point.","Boyer EW, Shannon M. N Engl J Med 2005;352:1112-20 (ref [1]): paralysis with a nondepolarizing agent (e.g., vecuronium); avoid succinylcholine.","needs **ICU care, sedation, and intubation with neuromuscular paralysis using a non-depolarizing agent (avoid succinylcholine — hyperkalemia risk with rhabdomyolysis)** to stop muscular heat generation [1][2][7]",high,not-verified (first-pass reviewer judgment),,open,,
M12-011,Minor,Minor,current psychopharmacology,,both,cotw_20260713_agitation_ms3.md,08_Cases_and_Simulation/case-of-the-week/2026-07-13_acute-agitation-delirium_MS3.md,page,compounded by an **anticholinergic** started for BPH.*,"Standard BPH drugs (alpha-blockers, 5-alpha-reductase inhibitors) are not anticholinergic; an antimuscarinic (e.g., oxybutynin) would be given for storage/urgency symptoms and is a hazard in BPH because it precipitates urinary retention — itself a delirium precipitant.",Learners may think BPH treatment is anticholinergic and miss the teaching point that antimuscarinics in BPH risk retention.,"AUA BPH/LUTS guideline (2021, amended 2023): antimuscarinics are add-on therapy for storage symptoms with low post-void residual; Beers Criteria (AGS 2023): avoid strongly anticholinergic drugs in older adults, especially with delirium or BPH/retention.","compounded by an **anticholinergic** (e.g., oxybutynin) started for urinary symptoms — which in BPH also risks urinary retention.*",medium,not-verified (first-pass reviewer judgment),,open,,
M12-012,Minor,Minor,factual inaccuracies,,both,cotw_20260713_agitation_ms3.md,08_Cases_and_Simulation/case-of-the-week/2026-07-13_acute-agitation-delirium_MS3.md,page,**multicomponent non-pharmacologic strategies are the only interventions shown to reduce delirium incidence — by roughly 40%**,"Overstated: dexmedetomidine reduces delirium incidence in ICU sedation (RR 0.67 across 77 RCTs), which the library's own evidence_inpatient.md teaches; the 40% figure (Inouye 1999) also differs from the 53% (OR 0.47) HELP meta-analysis cited elsewhere in the library.",Learners get contradictory statements across pages about whether any drug prevents delirium.,"According to PubMed, Lewis K et al. Intensive Care Med 2022;48:811-840 (PMID 35648198, doi:10.1007/s00134-022-06712-2): dexmedetomidine vs other sedatives, delirium RR 0.67 (0.55–0.81); Hshieh 2018 AJGP (PMID 30076080) OR 0.47.",**multicomponent non-pharmacologic strategies are the best-established interventions shown to reduce delirium incidence outside the ICU — by roughly 40–50%**,high,not-verified (first-pass reviewer judgment),,open,,
M12-010,Minor,Minor,citation problems,,both,cotw_20260720_bipolar_ms3.md,08_Cases_and_Simulation/case-of-the-week/2026-07-20_bipolar-mania_MS3.md,page,had significantly lower 30-day rehospitalization and longer time to readmission** than those on no or non-recommended treatment [4],"Gomes 2023 compared each regimen category against NO treatment; 'non-recommended' (noncompliant) regimens were not the comparator, and in fact noncompliant regimens also reduced any readmission (OR 0.414). (Distinct from rejected RV11-F006, which confirmed 'vs no treatment' is the correct comparator on the resident page.)","Learners would believe first-line regimens were shown superior to non-recommended regimens, which the study did not test directly.","According to PubMed, Gomes FA et al. Can J Psychiatry 2023;68(8):605-612 (PMID 37551100, doi:10.1177/07067437231156235): 'Compared to no treatment, only first-line treatments were associated with ... decreased risk of 30-day readmission (OR 0.209)'; survival analysis compared no treatment vs first-line (HR 2.27).",had significantly lower 30-day rehospitalization and longer time to readmission** than those discharged on no treatment [4],high,not-verified (first-pass reviewer judgment),,open,,
M12-008,Minor,Minor,misleading wording,,both,evidence_inpatient.md,07_Evidence_and_Reading/Inpatient_Evidence/evidence_inpatient.md,page,The Joint Commission (NPSG 15.01.01) and the VA/DoD 2024 Clinical Practice Guideline endorse the C-SSRS for screening.,NPSG 15.01.01 requires a validated screening tool and does not endorse any particular instrument; the C-SSRS is one acceptable option.,"Learners would believe the C-SSRS is mandated by the Joint Commission, when other validated screeners (e.g., ASQ, PHQ-9 item 9 with follow-up) also meet the standard.","The Joint Commission, NPSG 15.01.01 EP 2 (2019 revision) and R3 Report Issue 18 (2018): 'screen ... using a validated screening tool'; the C-SSRS is cited as an example, not a requirement.","The Joint Commission (NPSG 15.01.01, which requires a validated screening tool but names none) accepts the C-SSRS, and the VA/DoD 2024 Clinical Practice Guideline endorses it for screening.",medium,not-verified (first-pass reviewer judgment),,open,,
M12-004,Minor,Minor,citation problems,statistic-mismatch,both,evidence_inpatient.md,07_Evidence_and_Reading/Inpatient_Evidence/evidence_inpatient.md,page,reduced subsequent attempts (pooled OR 0.69) and increased linkage to follow-up (OR 2.74),"Doupnik 2020 reports pooled OR 3.04 (95% CI 1.79–5.17) for linkage to follow-up, not 2.74. Also, the interventions were single-encounter acute-care (largely ED) interventions.",A misquoted effect size in an evidence reference; learners citing it on rounds would misstate the trial.,"According to PubMed, Doupnik SK et al. JAMA Psychiatry 2020;77(10):1021-1030 (PMID 32584936, doi:10.1001/jamapsychiatry.2020.1586): suicide attempts OR 0.69 (0.53–0.89); linkage OR 3.04 (1.79–5.17).",reduced subsequent attempts (pooled OR 0.69) and increased linkage to follow-up (OR 3.04),high,not-verified (first-pass reviewer judgment),,open,,
M12-009,Minor,Minor,current psychopharmacology,,both,evidence_inpatient.md,07_Evidence_and_Reading/Inpatient_Evidence/evidence_inpatient.md,page,"- **Droperidol availability** varies by country, limiting generalizability of evidence favoring it","For a US audience the page omits that droperidol carries an FDA boxed warning for QT prolongation/torsades (label calls for a pre-dose ECG), which is the main reason its US use is restricted and a monitoring consideration whenever it is given.",A learner could propose droperidol from the evidence table (including the IV midazolam–droperidol regimen) without QTc risk assessment.,"Droperidol (Inapsine) US prescribing information, boxed warning added 2001 (QT prolongation, torsades de pointes); ACEP clinical policy on severe agitation (2023) discusses its use with this caveat.","- **Droperidol availability** varies by country, limiting generalizability of evidence favoring it; in the US it carries an FDA boxed warning for QT prolongation, so QTc risk must be considered before use",high,not-verified (first-pass reviewer judgment),,open,,
M12-005,Minor,Minor,citation problems,study-design-mislabel,both,evidence_inpatient.md,07_Evidence_and_Reading/Inpatient_Evidence/evidence_inpatient.md,page,Brief CTI reduced 30-day readmission from 47% to 28% (P < .001).,"This sits in the paragraph on CTI's 'strongest RCT evidence', but the Brief CTI result (Shaffer 2015) is a non-randomised comparison with a historical cohort, not a trial.",Learners would take an observational before–after association as randomised evidence of causal effect.,"According to PubMed, Shaffer SL et al. Psychiatr Serv 2015;66(11):1155-61 (PMID 26234327, doi:10.1176/appi.ps.201400362): intervention cohort n=149 vs comparison cohort n=224 from pre-implementation administrative data; 28% vs 47%.","In a non-randomised comparison with a pre-implementation cohort, Brief CTI was associated with lower 30-day readmission (28% vs 47%, P < .001; Shaffer et al., 2015).",high,not-verified (first-pass reviewer judgment),,open,,
M12-006,Minor,Minor,unsupported statements,population-mismatch,both,evidence_inpatient.md,07_Evidence_and_Reading/Inpatient_Evidence/evidence_inpatient.md,page,The **Safety Planning Intervention with structured telephone follow-up (SPI+)** was associated with ~50% fewer suicidal behaviors over 6 months,"Stanley 2018 studied VHA emergency-department patients for whom inpatient hospitalisation was NOT indicated, and reported 45% fewer suicidal behaviours (OR 0.56); on an inpatient page the population is unstated and the effect is rounded up.","Learners would cite SPI+ as tested in post-psychiatric-discharge patients, which it was not.","According to PubMed, Stanley B et al. JAMA Psychiatry 2018;75(9):894-900 (PMID 29998307, doi:10.1001/jamapsychiatry.2018.1776): ED patients, hospitalisation not clinically indicated; 45% fewer suicidal behaviours, OR 0.56 (0.33–0.95); cohort comparison design.","The **Safety Planning Intervention with structured telephone follow-up (SPI+)**, studied in suicidal VHA emergency-department patients not requiring admission, was associated with 45% fewer suicidal behaviors over 6 months",high,not-verified (first-pass reviewer judgment),,open,,
M12-007,Minor,Minor,factual inaccuracies,,both,evidence_inpatient.md,07_Evidence_and_Reading/Inpatient_Evidence/evidence_inpatient.md,page,The Joint Commission requires MBC in all accredited behavioral health programs since 2018.,"The 2018 MBC standard (CTS.03.01.09) applies to organisations accredited under the Joint Commission's Behavioral Health Care and Human Services program, not to hospital-based inpatient psychiatric units accredited under the Hospital program.",Learners on a hospital inpatient unit would believe MBC is a Joint Commission accreditation requirement there.,"The Joint Commission, R3 Report Issue 20 (2019), 'New requirements for measurement-based care', standard CTS.03.01.09, Behavioral Health Care and Human Services accreditation program, effective 1 Jan 2018.",The Joint Commission has required MBC since 2018 for organizations accredited under its Behavioral Health Care and Human Services program (standard CTS.03.01.09).,medium,not-verified (first-pass reviewer judgment),,open,,
M13-006,Minor,Minor,citation problems,,both,book_library.md,07_Evidence_and_Reading/Book_Summaries/ms3_book_library.md,page,**[I Hate You](https://www.amazon.com/dp/0593418492)** — Jerold Kreisman & Hal Straus.,The title is cut to 'I Hate You'. The book is 'I Hate You—Don't Leave Me: Understanding the Borderline Personality' (revised edition 2021). There is also no annotation.,A learner recommending the book to a family by the title shown would name it wrongly and could cause offence. The full title carries the book's meaning.,"Kreisman JJ, Straus H. I Hate You—Don't Leave Me: Understanding the Borderline Personality, revised and updated edition, TarcherPerigee 2021 (ISBN 9780593418499).",**[I Hate You—Don't Leave Me](https://www.amazon.com/dp/0593418492)** — Jerold Kreisman & Hal Straus.,high,not-verified (first-pass reviewer judgment),,open,,
M13-005,Minor,Minor,unsupported statements,contested-self-help-presented-as-standard,both,book_library.md,07_Evidence_and_Reading/Book_Summaries/ms3_book_library.md,page,rewires subconscious beliefs so you no longer want to drink.,"The page states the publisher's efficacy claim as fact. The book has no controlled-trial evidence, and the Addiction section does not mention that alcohol use disorder has effective treatments.","A learner recommending it to a patient with AUD may present it as effective, standing in for evidence-based treatment (naltrexone or acamprosate, psychosocial care) rather than a supplementary read.",No RCT evidence for the book's method; APA Practice Guideline for Pharmacological Treatment of AUD 2018 (naltrexone and acamprosate recommended).,"aims to change beliefs about alcohol so drinking loses its appeal (a popular self-help read, not an evidence-based treatment; pair with AUD medication and therapy options).",medium,not-verified (first-pass reviewer judgment),,open,,
RD-002,Minor,Minor,emergency psychiatry,resident-escalation-omitted,Resident,cotw_index.md,08_Cases_and_Simulation/case-of-the-week/index_ms3.md,page,"hyperactive vs. hypoactive delirium, workup, and pharmacologic strategy.","The resident line-up blurb for the agitation/delirium case replaces the MS3 blurb's safety sequence ('treat the driver, de-escalate before PRN, PRN before restraint') with 'pharmacologic strategy' alone, dropping de-escalation and least-restrictive framing.","Presenting the resident-level agitation case as primarily a pharmacologic exercise signals that medication is the first move for advanced learners, the opposite of the least-restrictive sequence residents are accountable for modelling and ordering.","Project BETA consensus (Richmond et al., West J Emerg Med 2012; Holloman & Zeller 2012): verbal de-escalation first, medication offered (preferably oral) before coercive measures; CMS 42 CFR 482.13(e) least-restrictive requirement. The MS3 version of this same blurb states the sequence.","hyperactive vs. hypoactive delirium, workup, de-escalation before PRN, and pharmacologic strategy.",medium,not-verified (first-pass reviewer judgment),,open,,
R01-011,Minor,Minor,factual inaccuracies,,Resident,adv_psychopharm.md,14_Tracks/Resident/adv_psychopharmacology.md,page,(and a depot first-generation option),"The US has two first-generation depot antipsychotics, haloperidol decanoate and fluphenazine decanoate.",Residents choosing an LAI may not know fluphenazine decanoate exists as an alternative.,FDA-approved products: haloperidol decanoate and fluphenazine decanoate injections.,(and first-generation depots — haloperidol and fluphenazine decanoate),high,not-verified (first-pass reviewer judgment),,open,,
R01-008,Minor,Minor,misleading wording,governance-label-conflict,Resident,rp-agitation.html,_prototypes/agitation-trainer/rp-agitation.html,tool,v0.2.0 · Draft — pending faculty review,"The same tool displays 'Reviewed by Joshua Moss, MD on 2026-09-21' in its header and a 'Draft — pending faculty review' watermark. Its pack still says status draft-pending-attestation (pack version 0.1.0, not the v0.2.0 shown).",A resident cannot tell whether the teaching content is faculty-attested. Contradictory provenance labels on a high-risk agitation trainer weaken trust in the attestation.,Tool shell strings in this chunk; pack _incorporationChecklist.status.,v0.2.0 · Reviewed by faculty 2026-09-21,medium,not-verified (first-pass reviewer judgment),,open,,
R01-007,Minor,Minor,current psychopharmacology,,Resident,rp-agitation.html,_prototypes/agitation-trainer/rp-agitation.html,tool,"If an antipsychotic is unavoidable the choice is narrow (quetiapine, clozapine, or pimavanserin) and belongs to your attending.","Pimavanserin takes weeks to work and has no role in acute agitation, yet it is listed here, inside an acute-agitation trainer, as one of the options for when an antipsychotic is unavoidable.",A resident could believe pimavanserin is a usable PRN option for an agitated patient with Parkinson disease.,Nuplazid (pimavanserin) PI: indicated for hallucinations/delusions of PD psychosis; efficacy was established over 6 weeks. There is no acute-agitation indication or data.,"If an antipsychotic is unavoidable the choice is narrow (quetiapine or clozapine acutely; pimavanserin is a maintenance option for PD psychosis, not for acute agitation) and belongs to your attending.",high,not-verified (first-pass reviewer judgment),,open,,
R01-015,Minor,Minor,terminology inconsistencies,,Resident,rp-brief-psych.html,_prototypes/brief-psych/rp-brief-psych.html,tool,Roll with resistance — don’t argue the change side; that entrenches it.,"Miller & Rollnick dropped 'resistance' and 'rolling with resistance' in the 3rd edition of Motivational Interviewing (2013), replacing them with sustain talk and discord.",It teaches outdated MI vocabulary that frames the patient as resisting and conflicts with current MI training and coding (MITI 4).,"Miller WR, Rollnick S. Motivational Interviewing: Helping People Change, 3rd ed., 2013 (resistance reconceptualised as sustain talk and discord).",Respond to sustain talk and discord without arguing — don’t argue the change side; that entrenches it.,high,not-verified (first-pass reviewer judgment),,open,,
R01-004,Minor,Moderate,suicide assessment,low-risk-suicide-overstatement,Resident,systems_medlegal.md,14_Tracks/Resident/systems_medlegal.md,page,"a number without a formulation protects no one, since most who die by suicide screen low-risk.",'Screen low-risk' conflates screening with risk assessment. The 'most' figure itself is correct for clinician-judged risk at the last contact.,"It teaches a wrong figure and blurs the difference between screening and assessment, which the rest of the curriculum depends on.",Large M et al. PLoS One 2016 (PMID 27285387): 56% sensitivity for high-risk category.,"a number without a formulation protects no one, since most who die by suicide were judged low-risk at their last contact.",high,modified,,open,,
R02-010,Minor,Minor,citation problems,,Resident,cotw_20260827_bpd_res.md,08_Cases_and_Simulation/case-of-the-week/2026-08-27_borderline-personality-disorder_Resident.md,page,guideline-consistent practice reserves medication for discrete comorbid disorders and time-limited crisis use (low-dose antipsychotic or sedative antihistamine preferred;,"'Guideline-consistent practice' is supported only by reviews [1,6,7]; the current US guideline — APA Practice Guideline for BPD (2024) — is not cited anywhere on the page, and the crisis-drug preference comes from NICE CG78, not APA.","Residents cannot trace the pharmacotherapy position to the governing US guideline (which advises against pharmacotherapy as the primary intervention and supports reviewing/reducing polypharmacy), weakening the page's deprescribing argument.","Keepers GA et al. APA Practice Guideline for the Treatment of Patients With Borderline Personality Disorder. Am J Psychiatry 2024;181(11):1024-1028, doi:10.1176/appi.ajp.24181010 (PMID 39482953); NICE CG78 (2009).","guideline-consistent practice (APA 2024 BPD guideline: pharmacotherapy not the primary intervention, with review and reduction of polypharmacy; NICE CG78: short-term crisis use only) reserves medication for discrete comorbid disorders and time-limited crisis use (low-dose antipsychotic or sedative antihistamine preferred;",medium,not-verified (first-pass reviewer judgment),,open,,
R02-011,Minor,Minor,citation problems,,Resident,cotw_20260827_bpd_res.md,08_Cases_and_Simulation/case-of-the-week/2026-08-27_borderline-personality-disorder_Resident.md,page,GPM performed comparably to DBT in the principal head-to-head trial and is designed for dissemination to general psychiatrists and residents [8].,"The trial result is attributed to a 2024 narrative review [8]; the head-to-head RCT itself (McMain et al., 2009) is not cited.",A resident asked for the evidence cannot find the trial; the claim reads as resting on commentary rather than an RCT.,"McMain SF, Links PS, Gnam WH, et al. A randomized trial of dialectical behavior therapy versus general psychiatric management for borderline personality disorder. Am J Psychiatry 2009;166(12):1365-74.","GPM performed comparably to DBT in the principal head-to-head trial (McMain et al., Am J Psychiatry 2009) and is designed for dissemination to general psychiatrists and residents [8].",high,not-verified (first-pass reviewer judgment),,open,,
R02-009,Minor,Minor,DSM-5-TR accuracy,,Resident,cotw_20260831_catatonia_res.md,08_Cases_and_Simulation/case-of-the-week/2026-08-31_catatonia-recognition-workup-treatment_Resident.md,page,"here mutism/verbigeration, posturing, waxy flexibility, negativism, echopraxia, staring on the BFCRS","The list counted toward DSM-5-TR's 12 signs includes verbigeration and staring, which are BFCRS items but not DSM-5-TR catatonia signs.",Learners conflate the BFCRS item set with the DSM criterion list and may count non-DSM signs toward the ≥3 threshold in a borderline case.,"DSM-5-TR catatonia criteria: stupor, catalepsy, waxy flexibility, mutism, negativism, posturing, mannerism, stereotypy, agitation, grimacing, echolalia, echopraxia.","here mutism, posturing, waxy flexibility, negativism and echopraxia; verbigeration and staring are additional BFCRS signs",high,not-verified (first-pass reviewer judgment),,open,,
R02-008,Minor,Moderate,legal/ethical issues,jurisdiction-as-universal,Resident,cotw_20260831_catatonia_res.md,08_Cases_and_Simulation/case-of-the-week/2026-08-31_catatonia-recognition-workup-treatment_Resident.md,page,"catatonic patients usually lack capacity, so involve surrogate consent per jurisdiction, and know your local emergency-treatment pathway.","The line implies surrogate consent is the route to ECT for an incapacitated patient. In some states a surrogate or agent cannot consent to ECT and court authorization is needed, which can delay treatment of malignant catatonia.",A resident outside the author's state may plan ECT on next-of-kin consent and lose days (or act unlawfully) in a malignant-catatonia case where speed matters; the learner-facing teaching point should name the court-authorization possibility (the facilitator notes already ask the question).,"e.g., Texas Estates Code §1151.054 (guardian may not consent to convulsive treatment); California Welf. & Inst. Code §5326.7 (conservator consent to ECT requires court determination); state law varies widely.","catatonic patients usually lack capacity; know your state's substitute-consent rule for ECT (in some states, e.g., California, a health-care agent or surrogate cannot consent to ECT and court authorization is required) and your local emergency-treatment pathway.",high,modified,,open,,
R02-007,Minor,Moderate,current psychopharmacology,,Resident,cotw_20260907_fep_res.md,08_Cases_and_Simulation/case-of-the-week/2026-09-07_first-episode-psychosis_Resident.md,page,"any taper should be slow, collaborative, and paired with early-warning-sign monitoring and rapid re-engagement plans [3].","The relapse-prevention discussion for a first-episode patient with poor insight never mentions offering an LAI, an option supported by the APA guideline and by early-phase trial evidence.","Residents learn a first-episode maintenance plan that omits the one intervention shown to cut relapse/hospitalization in early illness, perpetuating the practice of reserving LAIs for chronic, multiply relapsed patients.","APA Practice Guideline for Schizophrenia 2020 (Keepers et al., ref 3), statement 10 (2B): LAI if the patient prefers it or has poor/uncertain adherence; PRELAPSE (Kane JM et al., JAMA Psychiatry 2020;77:1217-24): aripiprazole once-monthly reduced time to first hospitalization in early-phase schizophrenia.","any taper should be slow, collaborative, and paired with early-warning-sign monitoring and rapid re-engagement plans [3]. Offer a long-acting injectable as a choice, not a punishment — the APA guideline supports it when the patient prefers it or adherence is uncertain, and in early-phase schizophrenia a long-acting injectable delayed first hospitalization (PRELAPSE, 2020).",medium,modified,,open,,
R02-006,Minor,Moderate,suicide assessment,risk-work-without-crisis-block,Resident,cotw_20260907_fep_res.md,08_Cases_and_Simulation/case-of-the-week/2026-09-07_first-episode-psychosis_Resident.md,page,"Keep documentation at the level of recognition, protective factors, and escalation thresholds.","Q7 has the resident rehearse suicide-risk assessment and an ED discharge disposition with a written safety plan naming 'crisis resources', but the page carries no injected crisis block (the BPD case in this chunk does).",Under the library's own policy a page doing disposition/safety-planning work must opt in to the crisis block; without it the resident building the safety plan has no vetted crisis contacts to put in it.,"Standing editorial policy 2 (crisis contacts build-injected on pages doing real risk work); compare cotw_20260827_bpd_res.md, which carries the block.","Keep documentation at the level of recognition, protective factors, and escalation thresholds.

<!-- crisis-block -->",high,confirmed,,open,,
R02-005,Minor,Minor,citation problems,,Resident,cotw_20260914_ssnms_res.md,08_Cases_and_Simulation/case-of-the-week/2026-09-14_serotonin-syndrome-vs-nms_Resident.md,page,"usually clears within 24–48 h of drug cessation [2,3].","Reference 8 (Hunter Serotonin Toxicity Criteria) is listed but never cited, and a page titled SS vs NMS gives no diagnostic rule or treatment for serotonin toxicity (benzodiazepines, cyproheptadine) at all.","A resident leaves an SS-vs-NMS conference without the standard clonus-based decision rule or the specific SS treatment, and the reference list implies support the text never draws on.","Dunkley EJC et al. QJM 2003;96:635-42 (Hunter criteria; ref 8); Boyer & Shannon NEJM 2005 (ref 2): management = stop agent, supportive care, benzodiazepines, cyproheptadine for moderate–severe cases.","usually clears within 24–48 h of drug cessation with supportive care, benzodiazepines and, if moderate–severe, cyproheptadine; the Hunter criteria (clonus-based) are the standard diagnostic rule [2,3,8].",high,not-verified (first-pass reviewer judgment),,open,,
R03-003,Minor,Minor,terminology inconsistencies,,Resident,cotw_20260803_lithium_res.md,08_Cases_and_Simulation/case-of-the-week/2026-08-03_lithium-monitoring-toxicity-interactions_Resident.md,page,Cerebellar and pyramidal signs with encephalopathy at a near-therapeutic level.,Calls a serum lithium of 1.9 mEq/L 'near-therapeutic'. That level is above every maintenance range (0.6–1.2) and is conventionally graded as moderate toxicity; the page's own Q2 tells residents to resist calling it 'only mildly elevated'.,The differential line contradicts Q2 and invites the very anchoring error the case is built to correct — reading 1.9 as close to target.,"Internal consistency with Q2 of the same page; standard therapeutic ranges (e.g., ISBD/CANMAT 2018 maintenance 0.6–0.8/up to 1.2 mEq/L).",Cerebellar and pyramidal signs with encephalopathy at a level only modestly above range.,high,not-verified (first-pass reviewer judgment),,open,,
R04-007,Minor,Moderate,emergency psychiatry,,Resident,cotw_20260713_agitation_res.md,08_Cases_and_Simulation/case-of-the-week/2026-07-13_acute-agitation-delirium_Resident.md,page,"**Can't-miss before accepting ""UTI delirium"":** hypoglycemia/hypoxia (excluded early),","Before a high-potency D2 blocker is given to a febrile, autonomically aroused, delirious patient, the page never prompts a screen for catatonia, which can co-occur with delirium. This is a completeness gap; the listed etiologies are otherwise correct.","If catatonic signs are present and missed, a high-potency antipsychotic can precipitate malignant catatonia/NMS in a patient already febrile with autonomic instability.","Wilson JE et al., 'The Diagnostic Criteria and Structure of Catatonia', Schizophr Res 2015 and 'Catatonia co-occurs with delirium in the ICU', Crit Care Med 2017;45:1837-44; DSM-5-TR catatonia associated with another medical condition (F06.1).","**Can't-miss before accepting ""UTI delirium"":** hypoglycemia/hypoxia (excluded early), co-occurring or mimicking **excited catatonia** (screen for Bush-Francis signs before a high-potency D2 blocker),",medium,modified,,open,,
R04-006,Minor,Minor,citation problems,,Resident,cotw_20260720_bipolar_res.md,08_Cases_and_Simulation/case-of-the-week/2026-07-20_bipolar-mania_Resident.md,page,"in Kishi 2021, breadth of ""efficacious"" agents is wide","The acute-mania NMA cited here as [2] is Kishi et al., Mol Psychiatry 2022; 'Kishi 2021' is the page's reference [3], the maintenance NMA — the note conflates the two Kishi papers.","Residents following the note to the 2021 paper will find maintenance data, not the acute-mania acceptability filter being discussed.",Page references [2] Kishi T et al. Mol Psychiatry 2022;27(2):1136-1144 (acute mania) and [3] Kishi T et al. Mol Psychiatry 2021;26(8):4146-4157 (maintenance; PMID 33177610).,"in Kishi 2022 (acute mania), breadth of ""efficacious"" agents is wide",high,not-verified (first-pass reviewer judgment),,open,,
R04-002,Minor,Minor,DSM-5-TR accuracy,,Resident,cotw_20260723_suiciderisk_res.md,08_Cases_and_Simulation/case-of-the-week/2026-07-23_suicide-risk-assessment-safety-planning_Resident.md,page,"1. **MDD, severe, single or recurrent episode, with suicidal ideation** (DSM-5-TR) — best fit;","'With suicidal ideation' is not a DSM-5-TR specifier for MDD; DSM-5-TR records suicidal ideation/behavior separately, as a clinical-attention condition (e.g., R45.851 suicidal ideation; T14.91 suicidal behavior, current/history).",Residents write diagnoses in this form in notes and coding; attributing a non-existent specifier to DSM-5-TR teaches inaccurate nosology.,"DSM-5-TR (2022) MDD specifiers (with anxious distress, mixed features, melancholic, atypical, mood-congruent/incongruent psychotic features, catatonia, peripartum onset, seasonal pattern); DSM-5-TR 'Suicidal Behavior and Nonsuicidal Self-Injury' codes in Other Conditions That May Be a Focus of Clinical Attention.","1. **MDD, severe, single or recurrent episode** (DSM-5-TR), with current suicidal ideation recorded separately (R45.851) — best fit;",high,not-verified (first-pass reviewer judgment),,open,,
R04-009,Minor,Minor,terminology inconsistencies,thiamine-before-glucose-absolute,Resident,cotw_20260726_etohwd_res.md,08_Cases_and_Simulation/case-of-the-week/2026-07-26_alcohol-withdrawal-delirium-tremens_Resident.md,page,"**Parenteral thiamine now**, before any dextrose","The differential table states thiamine must precede 'any' dextrose, contradicting the page's TL;DR and Q5 ('before or with dextrose ... Never delay dextrose in symptomatic hypoglycemia').","Read as a standalone instruction, it can lead a learner to delay dextrose in a hypoglycemic patient while thiamine is obtained.","Page's own TL;DR and Q5; Pruckner et al., Eur Addict Res 2019 (page ref [12]); standard toxicology guidance that dextrose is not withheld for thiamine in hypoglycemia.","**Parenteral thiamine now**, before or with dextrose (never delay dextrose for hypoglycemia)",high,not-verified (first-pass reviewer judgment),,open,,
R05-011,Minor,Minor,citation problems,,Resident,canon_200.md,14_Tracks/Resident/canon_200.md,page,OPENEVIDENCE TOP 200,"A bare tool-output marker was left in the page. It shows the annotations came from an AI evidence tool, which contradicts the next section's claim that the list was 'compiled by systematically surveying the evidence landscape'. The chatbot turn flagged earlier (RV13-F006) was removed, but this marker was not.","It misrepresents how the canon was made on a page residents will cite, and on which several per-paper figures needed correction.",Internal consistency with the page's 'Format and Methodology' section and its attestation footer.,Annotations were drafted with an AI evidence tool (OpenEvidence) and should be checked against each primary paper.,high,not-verified (first-pass reviewer judgment),,open,,
R05-006,Minor,Minor,citation problems,canon-summary-misstated,Resident,canon_200.md,14_Tracks/Resident/canon_200.md,page,"with agomelatine, escitalopram, mirtazapine, and venlafaxine among the most efficacious","The list leaves out amitriptyline, which had the largest effect versus placebo in Cipriani 2018 (OR 2.13). It also drops paroxetine and vortioxetine from the paper's head-to-head 'more effective' group.","Residents would miss the paper's much-taught finding that an older TCA topped the efficacy ranking, which is the reason efficacy has to be weighed against acceptability.","Cipriani A et al. Lancet 2018;391:1357-66, abstract Findings: ORs from 2.13 (amitriptyline) to 1.37 (reboxetine); head-to-head, agomelatine, amitriptyline, escitalopram, mirtazapine, paroxetine, venlafaxine and vortioxetine more effective.","with amitriptyline showing the largest effect versus placebo and, head-to-head, agomelatine, amitriptyline, escitalopram, mirtazapine, paroxetine, venlafaxine, and vortioxetine more effective than other antidepressants",high,not-verified (first-pass reviewer judgment),,open,,
R05-005,Minor,Minor,citation problems,canon-citation-identity,Resident,canon_200.md,14_Tracks/Resident/canon_200.md,page,"""Clozapine for the Treatment-Refractory Schizophrenic,"" Arch Gen Psychiatry 1988",The title is misquoted. The paper is 'Clozapine for the treatment-resistant schizophrenic. A double-blind comparison with chlorpromazine.',"A title search on the misquoted wording fails, and the page tells residents to verify citations against the primary sources.","Kane J, Honigfeld G, Singer J, Meltzer H. Arch Gen Psychiatry 1988;45(9):789-96 (PMID 3046553).","""Clozapine for the Treatment-Resistant Schizophrenic: A Double-blind Comparison With Chlorpromazine,"" Arch Gen Psychiatry 1988",high,not-verified (first-pass reviewer judgment),,open,,
R05-004,Minor,Minor,citation problems,,Resident,canon_200.md,14_Tracks/Resident/canon_200.md,page,Established DBT as the first empirically validated treatment for BPD and the model for manualized psychotherapy research.,"The 2006 trial did not establish DBT as the first empirically validated BPD treatment. Linehan's 1991 RCT did that, and the 2006 paper's own background describes DBT's efficacy as already 'well-documented'. What the 2006 trial showed was that DBT's benefit is specific to DBT and not simply the effect of expert non-behavioral therapy.","Residents would misstate the history and the design logic of the trial: it was a dismantling-style control for therapist expertise, not a first demonstration.","Linehan MM et al. Arch Gen Psychiatry 2006;63(7):757-66 (PMID 16818865), abstract Context/Objective; Linehan MM et al. Arch Gen Psychiatry 1991;48(12):1060-4.","Showed that DBT's benefit is specific to DBT rather than to expert psychotherapy in general, confirming the 1991 Linehan trial that first established DBT as an empirically supported treatment for BPD.",high,not-verified (first-pass reviewer judgment),,open,,
R05-007,Minor,Minor,citation problems,canon-citation-identity,Resident,canon_200.md,14_Tracks/Resident/canon_200.md,page,"Emslie et al., ""Treatment of Resistant Depression in Adolescents (TORDIA),"" AJP 2008–2010","The primary TORDIA report is Brent et al., JAMA 2008. Emslie et al., AJP 2010 is the 24-week follow-up. 'AJP 2008–2010' is not a citable reference.",The reference sends residents to the wrong primary paper for the trial's main result.,Brent D et al. JAMA 2008;299(8):901-13; Emslie GJ et al. Am J Psychiatry 2010;167(7):782-91 (the latter appears in this page's reference list).,"Brent et al., ""Switching to Another SSRI or to Venlafaxine With or Without CBT for Adolescents With SSRI-Resistant Depression (TORDIA),"" JAMA 2008 (24-week outcomes: Emslie et al., AJP 2010)",high,not-verified (first-pass reviewer judgment),,open,,
R05-009,Minor,Minor,citation problems,canon-summary-misstated,Resident,canon_200.md,14_Tracks/Resident/canon_200.md,page,Naltrexone NNT=12; acamprosate NNT=12,"The two NNTs measure different outcomes. Acamprosate's NNT of 12 is for preventing return to any drinking. Naltrexone's NNT of 12 is for preventing return to heavy drinking; for any drinking its NNT is 20. Side by side, they read as equivalent drugs on the same outcome.","Residents may quote naltrexone and acamprosate as interchangeable on abstinence, when acamprosate supports abstinence and naltrexone mainly reduces heavy drinking.","Jonas DE et al. JAMA 2014;311(18):1889-1900, abstract: NNT to prevent return to any drinking 12 (acamprosate) and 20 (naltrexone 50 mg); to prevent return to heavy drinking 12 (naltrexone 50 mg).",Acamprosate NNT=12 to prevent return to any drinking; naltrexone 50 mg NNT=12 to prevent return to heavy drinking (NNT=20 for any drinking),high,not-verified (first-pass reviewer judgment),,open,,
R05-008,Minor,Minor,citation problems,canon-citation-identity,Resident,canon_200.md,14_Tracks/Resident/canon_200.md,page,"""Matching Alcoholism Treatments to Client Heterogeneity,"" ACER 1997","The Project MATCH posttreatment outcomes paper was published in J Stud Alcohol 1997, not Alcohol Clin Exp Res. ACER carried the 1993 rationale paper (which is in this page's reference list) and the 1998 three-year outcomes.",A search by journal and year will not find the cited paper.,Project MATCH Research Group. J Stud Alcohol 1997;58(1):7-29 (PMID 8979210).,"""Matching Alcoholism Treatments to Client Heterogeneity,"" J Stud Alcohol 1997",high,not-verified (first-pass reviewer judgment),,open,,
R05-010,Minor,Minor,citation problems,canon-reference-list-unmapped,Resident,canon_200.md,14_Tracks/Resident/canon_200.md,page,. Food and Drug Administration. Updated date: 2025-12-17.,"The References section is still an unnumbered export that does not map to the 200 papers. This entry sits where Kane 1988 belongs, and Kane 1988 is missing from the list. Other entries match no listed paper (FDA label lookups, Rybakowski, Scull, Boyd-Kimball, Belzung, an author-only VA string, an author-only APA string). Several listed trials have no reference, and #14's slot carries Elkin 1995 and Sotsky 1991 rather than Elkin 1989.","The footer tells residents to verify citations against the primary sources, and this list makes that impossible or sends them to the wrong paper.",One-to-one comparison of the reference block with papers #1-200 in this file.,". Kane J, Honigfeld G, Singer J, Meltzer H. Archives of General Psychiatry. 1988;45(9):789-96. doi:10.1001/archpsyc.1988.01800330013001.",high,not-verified (first-pass reviewer judgment),RV13-F007,open,,
Q1-004,Minor,Minor,DSM-5-TR accuracy,,both,qb_anx_016,question_bank.json,item,"Social anxiety disorder, Performance type requiring PRN medication","DSM-5-TR calls this specifier 'performance only', not 'Performance type'. 'Requiring PRN medication' also overstates the case: a PRN beta-blocker is an option, and CBT/exposure is effective too.","Learners may write a specifier that does not exist, and may believe medication is mandatory for performance-only social anxiety.","DSM-5-TR, social anxiety disorder (300.23/F40.10), specifier 'Specify if: Performance only: if the fear is restricted to speaking or performing in public.'","Social anxiety disorder, performance only — a PRN beta-blocker is a reasonable option",high,not-verified (first-pass reviewer judgment),,open,,
Q1-008,Minor,Minor,terminology inconsistencies,,both,qb_cdev_011,question_bank.json,item,A child is evaluated for intellectual disability.,"DSM-5-TR renamed the disorder 'intellectual developmental disorder (intellectual disability)', aligning with ICD-11.",A minor currency gap. The keyed content (severity graded by adaptive functioning) is correct.,"DSM-5-TR (2022), Neurodevelopmental Disorders: 'Intellectual Developmental Disorder (Intellectual Disability)'.",A child is evaluated for intellectual developmental disorder (intellectual disability).,medium,not-verified (first-pass reviewer judgment),,open,,
Q1-010,Minor,Moderate,legal/ethical issues,involuntary-medication-jurisdiction,both,qb_eth_003,question_bank.json,rationale,Commitment status and medication consent are independent legal states.,"This is presented as universal. Most states separate commitment from the authority to medicate over objection. A minority, however, build an incapacity-to-consent-to-treatment finding into the commitment criteria, so commitment itself carries treatment authority (Utah's commitment standard is one example).",A learner in a state with a treatment-inclusive commitment standard would misunderstand what their commitment order authorizes. The keyed answer is still correct for most US jurisdictions.,"State civil-commitment statutes vary; e.g., Utah Code §26B-5-332 commitment criteria include that the person lacks the ability to engage in a rational decision-making process regarding treatment. Rennie v. Klein and Rogers v. Okin established the separate-process model in other jurisdictions.","In most states, commitment status and medication consent are independent legal states (a few states build an incapacity finding into the commitment criteria — know your state's rule).",medium,confirmed,,open,,
Q1-019,Minor,Minor,misleading wording,ect-pregnancy-framing,both,qb_mood_016,question_bank.json,item,"explicitly indicated when medications are undesirable — especially when there is active suicidality, refusal to eat, or prior ECT response.",The pearl repeats the 'indicated when medications are undesirable' framing that the rationale rejects.,The standalone pearl carries the same contradiction.,Same as the preceding finding.,"preferred when the illness is severe (active suicidality, refusal to eat, psychosis) or there is a prior ECT response — pregnancy alone is not the indication.",high,not-verified (first-pass reviewer judgment),,open,,
Q2-017,Minor,Minor,ambiguity,,both,qb_otherdx_010,question_bank.json,item,A patient repeatedly produces factitious illness — contaminating urine samples,"The stem uses the word 'factitious', which cues the keyed answer 'Factitious disorder'.",The item tests word-matching rather than the conscious/incentive discrimination.,NBME Item-Writing Guide (clang/word-repeat cue).,A patient repeatedly induces illness — contaminating urine samples,high,not-verified (first-pass reviewer judgment),,open,,
Q2-010,Minor,Minor,unsupported statements,bpd-benzo-absolute,both,qb_per_002,question_bank.json,item,"Benzodiazepines in BPD carry the highest risk of attempted or completed suicide of any class studied — reach for skills, not pills.",States a causal property ('carry') from an observational registry study; the source (and qb_per_005's key) supports an association.,Minor overstatement of evidence strength in a standalone pearl.,"Lieslehto J et al., JAMA Netw Open 2023 — Swedish registry within-individual cohort; benzodiazepines HR 1.61 for attempted/completed suicide (association).","Benzodiazepines in BPD are associated with the highest risk of attempted or completed suicide of any class studied (registry data) — reach for skills, not pills.",medium,not-verified (first-pass reviewer judgment),,open,,
Q2-011,Minor,Minor,outdated recommendations,clozapine-post-rems,both,qb_pha_002,question_bank.json,rationale,Clozapine's mandated monitoring is the absolute neutrophil count due to the risk of potentially fatal agranulocytosis.,"Since the FDA eliminated the clozapine REMS (2025), ANC monitoring is a prescribing-information recommendation, not a mandated requirement; pharmacies no longer verify ANC before dispensing. The item gives no REMS context (unlike qb_pha_011).",Learners will describe a regulatory mandate that no longer exists and may not understand that monitoring now depends on the prescriber.,"FDA Drug Safety Communication 2025, 'FDA removes REMS program for clozapine': prescribers should continue to monitor ANC per PI frequencies; pharmacists need not verify ANC.","Clozapine's key safety monitoring is the absolute neutrophil count per the prescribing information (the REMS was eliminated in 2025, so this now rests on the prescriber) due to the risk of potentially fatal agranulocytosis.",high,not-verified (first-pass reviewer judgment),,open,,
Q2-016,Minor,Minor,current psychopharmacology,,both,qb_pha_005,question_bank.json,item,"dehydration, NSAIDs, ACE inhibitors, loop diuretics, or simply age-related decline","Lists loop diuretics as the diuretic interaction but omits thiazides, the classic and largest diuretic effect on lithium levels (and ARBs).",A learner may not flag a new thiazide as a high-risk lithium interaction.,"Lithium carbonate US PI, Drug Interactions (diuretics, esp. thiazides; ACEi/ARBs; NSAIDs).","dehydration, NSAIDs, ACE inhibitors or ARBs, thiazide (and to a lesser degree loop) diuretics, or simply age-related decline",high,not-verified (first-pass reviewer judgment),,open,,
Q2-007,Minor,Minor,current psychopharmacology,,both,qb_pha_006,question_bank.json,rationale,"Hepatotox before teratogenicity, Specialist equals prerequisite, and Low dose equals safe all miss or displace the must-act-first check.",Distractor A is labelled a trap without acknowledging that baseline liver tests (and CBC/platelets) are in fact required before valproate is started.,A learner may conclude baseline LFTs are not a pre-initiation requirement.,"Depakote PI Boxed Warning – Hepatotoxicity: 'Serum liver tests should be performed prior to therapy and at frequent intervals thereafter, especially during the first six months.'","Hepatotox before teratogenicity, Specialist equals prerequisite, and Low dose equals safe all miss or displace the must-act-first check (baseline LFTs and a CBC with platelets are also obtained before starting, but they do not replace the pregnancy gate).",high,not-verified (first-pass reviewer judgment),,open,,
Q2-012,Minor,Minor,factual inaccuracies,,both,qb_pha_007,question_bank.json,rationale,"A positive family history, especially multiple first-degree relatives, makes this screening step particularly important.","The stem's affected relatives (maternal grandmother and aunt) are second-degree, not first-degree, relatives.","Learners mis-learn degree of relatedness, which matters for estimating familial risk.",Standard genetics definitions: grandparents and aunts/uncles are second-degree relatives.,"A positive family history, especially multiple affected relatives (here two second-degree relatives), makes this screening step particularly important.",high,not-verified (first-pass reviewer judgment),,open,,
Q2-013,Minor,Minor,citation problems,,both,qb_pha_009,question_bank.json,rationale,"The absolute increase in suicidal ideation/behavior is roughly 1 per 110 treated, against an NNT near 10 for response.","Figures are uncited and come from pediatric (under-19) MDD trials (Bridge 2007), applied without qualification to a 21-year-old; the rationale also opens with a garbled label string ('Selective citation, Partial citation: Selective citation...').",A statistic without study identity or population cannot be checked and is presented to parents of a young adult as if it applied to him.,"Bridge JA et al., JAMA 2007;297:1683-96: pediatric MDD NNT ~10, NNH ~112; young-adult (18-24) risk from FDA pooled analysis (Stone 2009, BMJ).","In pediatric depression trials (Bridge et al., JAMA 2007) the absolute increase in suicidal ideation/behavior was roughly 1 per 110 treated, against an NNT near 10 for response.",medium,not-verified (first-pass reviewer judgment),,open,,
Q2-014,Minor,Minor,ambiguity,,both,qb_pha_012,question_bank.json,item,"Patient A has serotonin syndrome (clonus, hyperreflexia, rapid onset after adding a serotonergic agent)","The key cites clonus, but the stem describes 'muscle twitching', not clonus; the key asserts a finding the vignette does not contain.","Learners may conflate twitching/myoclonus with clonus, the Hunter criteria's discriminating sign.","Hunter Serotonin Toxicity Criteria (Dunkley 2003): spontaneous/inducible/ocular clonus, or tremor plus hyperreflexia.","Patient A has serotonin syndrome (myoclonic twitching, hyperreflexia, diaphoresis, rapid onset after adding a serotonergic agent)",medium,not-verified (first-pass reviewer judgment),,open,,
Q2-015,Minor,Minor,factual inaccuracies,,both,qb_pha_013,question_bank.json,item,"Essential tremor triggered by a new antihypertensive — beta-blockers, not ACE inhibitors, cause tremor.",The distractor embeds a false pharmacology claim — beta-blockers (propranolol) treat tremor rather than cause it — and the rationale never corrects it.,Learners may absorb the embedded false fact.,AAN practice parameter on essential tremor (propranolol first-line treatment).,Essential tremor unmasked by a new antihypertensive — the new drug has exposed a benign familial tremor.,medium,not-verified (first-pass reviewer judgment),,open,,
Q3-006,Minor,Minor,emergency psychiatry,,both,qb_psy_008,question_bank.json,rationale,"Agitation = antipsychotic, Fever = infection, and Treat and wait all delay the single most important intervention: stopping the antipsychotic.","Distractor D (benzodiazepine, then recheck) is wrong because it leaves the antipsychotic running and delays escalation. The rationale does not say that benzodiazepines (lorazepam) are an appropriate part of NMS supportive care once the antipsychotic has been stopped.",Learners may conclude that benzodiazepines are contraindicated in NMS and withhold a first-line supportive treatment.,"Strawn, Keck & Caroff, Am J Psychiatry 2007 (NMS management: stop the agent, supportive care, lorazepam; dantrolene/bromocriptine for severe cases).","Agitation = antipsychotic, Fever = infection, and Treat and wait all delay the single most important intervention: stopping the antipsychotic (a benzodiazepine is reasonable supportive care in NMS, but only alongside stopping the antipsychotic and escalating care).",high,not-verified (first-pass reviewer judgment),,open,,
Q3-004,Minor,Minor,DSM-5-TR accuracy,,both,qb_psy_013,question_bank.json,item,"without any major mood episode (depressive, manic, or mixed)","DSM-5/DSM-5-TR removed the 'mixed episode'. Schizoaffective Criterion B specifies the absence of a major mood episode (depressive or manic). Mixed features is now a specifier, not an episode type. The same rationale also cites 'DSM-5' rather than DSM-5-TR.",This reinforces DSM-IV terminology that no longer exists in the current manual.,DSM-5-TR Schizoaffective Disorder Criterion B; 'with mixed features' specifier.,without any major mood episode (depressive or manic),high,not-verified (first-pass reviewer judgment),,open,,
Q3-005,Minor,Minor,current psychopharmacology,,both,qb_psy_014,question_bank.json,rationale,One partially-dosed trial does not qualify.,"The stem's trial was risperidone 4 mg/day for 6 weeks, which is within the usual therapeutic range. The trial fails the threshold because it is a single trial, not because it was underdosed. Calling it 'partially-dosed' teaches that 4 mg/day risperidone is subtherapeutic.",Learners may escalate risperidone above a standard effective dose on the belief that 4 mg is inadequate.,"APA Practice Guideline for Schizophrenia 2020 (risperidone usual dose range); Leucht et al., Am J Psychiatry 2020 dose-response meta-analysis.","A single trial, even at an adequate dose, does not qualify.",medium,not-verified (first-pass reviewer judgment),,open,,
Q3-012,Minor,Minor,citation problems,,both,qb_rel_001,question_bank.json,span,"suicide risk peaks in the first week post-discharge (Chung et al., JAMA Psychiatry 2017)",Chung et al. 2017 reports that the suicide rate is highest within the first 3 months after discharge. It does not analyse a first-week peak; that comes from a separate Chung et al. BMJ Open 2019 meta-analysis.,The citation does not support the specific claim attributed to it.,"Chung DT et al., JAMA Psychiatry 2017;74(7):694-702 (doi:10.1001/jamapsychiatry.2017.1044): 'highest within 3 months after discharge (1132 per 100,000 person-years)'.","suicide risk is highest in the first 3 months post-discharge (Chung et al., JAMA Psychiatry 2017)",high,not-verified (first-pass reviewer judgment),,open,,
Q3-016,Minor,Minor,ambiguity,,both,qb_rel_002,question_bank.json,item,admitted for a first manic episode. His mother interrupts repeatedly: 'He does this every time he stops his medication,The stem describes a first manic episode but has the mother describe a recurring pattern whenever he stops his medication. The two are internally inconsistent.,This creates avoidable confusion about the history. Distractor C (correcting her 'factual inaccuracy') then reads as potentially valid.,Item-writing consistency.,admitted for a recurrent manic episode. His mother interrupts repeatedly: 'He does this every time he stops his medication,high,not-verified (first-pass reviewer judgment),,open,,
Q3-007,Minor,Moderate,emergency psychiatry,self-harm-omits-medical-and-risk-reassessment,both,qb_rel_011,question_bank.json,item,"A chain analysis — walking the sequence of antecedents, emotions, and behaviors with the patient non-punitively — turns the incident into a clinical formulation and a coping plan; this is the DBT standard and replaces documentation-only or punitive responses.","The keyed answer goes straight to chain analysis without first naming wound assessment and a brief reassessment of suicidal intent. It is a sequencing omission, not an endorsement of skipping them. Distractor C is correctly wrong as written.",Learners may start a chain analysis before the wound has been assessed or before checking whether the act carried suicidal intent that changes the level of observation.,"Linehan DBT manual (chain analysis in the next session, after matter-of-fact medical care); NICE NG225 Self-harm 2022 (medical assessment and psychosocial assessment after self-harm).","After wound care and a brief reassessment of suicidal intent, a chain analysis — walking the sequence of antecedents, emotions, and behaviors with the patient non-punitively — turns the incident into a clinical formulation and a coping plan; this is the DBT standard and replaces documentation-only or punitive responses.",medium,modified,,open,,
Q3-008,Minor,Moderate,legal/ethical issues,,both,qb_rel_016,question_bank.json,rationale,"Without the patient's consent, do not confirm or share specific diagnosis or medication information.",The rationale gives a no-consent rule but not the practical first step (ask the patient). It also omits the federal floor: HIPAA permits limited sharing with involved family if the patient does not object or is incapacitated.,"Learners may withhold information from families of incapacitated patients when HIPAA permits sharing, or may not think to ask the patient for permission. Neither the federal floor nor the state variation is taught.",45 CFR 164.510(b)(1)–(3); HHS OCR guidance 'HIPAA Privacy Rule and Sharing Information Related to Mental Health' (2017).,"Without the patient's agreement, do not confirm or share specific diagnosis or medication information. The first step is to ask her whether she agrees. HIPAA permits sharing what is relevant to a family member's involvement in her care if she agrees or does not object, or in her best interest if she lacks capacity, but state mental-health law and 42 CFR Part 2 may be stricter.",high,modified,,open,,
Q3-014,Minor,Minor,cultural psychiatry,stigmatising-language,both,qb_saf_005,question_bank.json,item,healthcare workers have lower rates of completed suicide than the general population.,"'Completed suicide' is discouraged terminology; current usage is 'suicide death' or 'died by suicide'. Separately, nurses (especially female nurses) have higher suicide rates than the general population, so noting that would strengthen this stem about an ICU nurse.","It models outdated language, and the rationale misses a relevant risk point about the stem patient's occupation.","Davis MA et al., JAMA Psychiatry 2021 (nurse suicide rates higher than the general population); AFSP/Reporting on Suicide language guidance.",healthcare workers have lower suicide death rates than the general population.,medium,not-verified (first-pass reviewer judgment),,open,,
Q3-013,Minor,Minor,suicide assessment,,both,qb_saf_006,question_bank.json,rationale,"Strong safety documentation names chronic factors, acute drivers, protective factors with limits, modifiable targets, and the current plan.","The keyed 'strong' note contains no protective factors, so the model answer does not meet the rationale's own standard.",Learners copying the keyed note as a template will leave out protective factors and their limits.,Internal consistency with pg_suicide.md documentation standard.,"Strong safety documentation names chronic factors, acute drivers, protective factors with limits (omitted in the keyed example for brevity — add them), modifiable targets, and the current plan.",high,not-verified (first-pass reviewer judgment),,open,,
Q3-015,Minor,Minor,suicide assessment,,both,qb_saf_013,question_bank.json,rationale,is the most evidence-based single intervention to reduce suicide death.,"The strongest evidence for reducing suicide deaths is for population-level restriction of means. The keyed option is individual lethal-means counselling, whose evidence is mainly for changes in storage behaviour, not suicide death. The rationale merges the two.","The recommended action is correct, but learners may overstate the evidence base when they counsel or teach.","Zalsman G et al., Lancet Psychiatry 2016 (means restriction, population level); Mann JJ et al., JAMA 2005.",is the single intervention with the strongest evidence for reducing suicide death (strongest at the population level; individual counseling mainly changes storage behavior).,medium,not-verified (first-pass reviewer judgment),,open,,
Q4-008,Minor,Minor,factual inaccuracies,,both,qb_sud_007,question_bank.json,rationale,"Wernicke untreated progresses to Korsakoff syndrome, which is irreversible.","Korsakoff syndrome is often persistent but not uniformly irreversible. Classic series (Victor, Adams & Collins) found about a quarter of patients recovered substantially with thiamine and abstinence. The sentence also leaves out the substantial mortality of untreated Wernicke encephalopathy.",The absolute 'irreversible' could lead learners to regard Korsakoff patients as beyond benefit from thiamine and abstinence. It also understates the acute mortality that makes treatment urgent.,"Victor M, Adams RD, Collins GH. The Wernicke-Korsakoff Syndrome (2nd ed, 1989) and the original 1971 series: roughly 20-25% significant recovery. Untreated WE mortality is commonly cited around 17-20%.","Untreated Wernicke can be fatal or progress to Korsakoff syndrome, which is often permanent.",medium,not-verified (first-pass reviewer judgment),,open,,
Q4-007,Minor,Minor,citation problems,,both,qb_sud_013,question_bank.json,span,"(Schuckit, N Engl J Med 2014; Saitz, N Engl J Med 1998)","The only Saitz paper in NEJM in 1998 is a two-page letter ('Patients with alcohol problems', 339:130-1). It is not a source on how benzodiazepines are metabolised in cirrhosis. The review probably intended is Saitz's 2005 NEJM Clinical Practice review 'Unhealthy alcohol use'.",The item's evidence anchor points to a letter that does not support the pharmacokinetic claim. That undermines verification of an attested item.,"PubMed: PMID 9669907 is Saitz R. Patients with alcohol problems. N Engl J Med 1998;339(2):130-1 (Comment/Letter). PMID 15703424 is Saitz R. Unhealthy alcohol use. N Engl J Med 2005;352(6):596-607, doi:10.1056/NEJMcp042262.","(Schuckit, N Engl J Med 2014; Saitz, N Engl J Med 2005)",medium,not-verified (first-pass reviewer judgment),,open,,
C1-006,Minor,Moderate,legal/ethical issues,,both,bpd_rupture_repair_001,communication_cases.json / reasoning_cases*.json / family_systems_scenarios.json / longitudinal_case.json,item,I am sorry that what you read landed that way. I can see why it felt hurtful.,"The best-rated repair opens with a conditional apology ('sorry that what you read landed that way'). That locates the injury in the patient's reading, which contradicts the case's goal to own the interactional impact.","Learners will model this as ideal repair and leave stigmatizing wording in a chart the patient can now read, which undermines the alliance repair the case exists to teach.","Goddu et al., J Gen Intern Med 2018 (stigmatizing chart language shifts subsequent clinicians' attitudes and management); 21st Century Cures Act information-blocking rule (open notes, 2021); HIPAA right to request amendment, 45 CFR 164.526; case's own learner goal ('own the interactional impact').","I'm sorry. Reading that hurt, and I can see why.",medium,modified,,open,,
C1-009,Minor,Minor,cultural psychiatry,family-interpreter-qualifier,both,caregiver_baseline_adaptations_001,communication_cases.json / reasoning_cases*.json / family_systems_scenarios.json / longitudinal_case.json,item,"Do not ask caregivers to provide restraints, interpret confidential questions, or supervise unsafe behavior on the unit.","The qualifier 'confidential questions' implies caregivers may interpret everything else. That contradicts the same scenario's safety bullet ('Use trained interpreters for the whole conversation, not only the high-risk questions') and every other scenario in this appendix.","A learner may use a caregiver as the language interpreter for 'routine' parts of the history, where confidential or safety content often comes up unexpectedly.","ACA Section 1557 final rule 2024, 45 CFR 92.201(e) (limits reliance on accompanying adults as interpreters); internal inconsistency within this scenario; same class as prior finding MS3V07-F004 (collateral_workflow.md).","Do not ask caregivers to provide restraints, act as language interpreters, or supervise unsafe behavior on the unit.",high,not-verified (first-pass reviewer judgment),,open,,
C1-007,Minor,Moderate,emergency psychiatry,,Resident,catatonia_vs_refusal_001,communication_cases.json / reasoning_cases*.json / family_systems_scenarios.json / longitudinal_case.json,item,"*Prompt.* Which reasoning best defines when the case becomes emergent?

- **(a)** Escalate urgently for fever, autonomic instability, worsening rigidity, rising CK, dehydration, immobility complications, or failure to improve with supervised first-line treatment.","The escalation step names the triggers but never says what escalation means. ECT, the definitive treatment for benzodiazepine-refractory catatonia and urgent in malignant catatonia, appears nowhere in the resident case. The keyed answer is correct as far as it goes, and the linked page and Step 2 cover part of the gap.",A resident who spots malignant features knows to 'escalate' but not to push for emergent ECT and to stop antipsychotics. Delay in malignant catatonia/NMS carries real mortality.,"BAP consensus guidelines on catatonia (Rogers et al., J Psychopharmacol 2023): ECT for benzodiazepine non-response and as urgent treatment in malignant catatonia; antipsychotics avoided or withdrawn when malignant features are present. Case evidenceIds cite bap-catatonia-2023.","*Prompt.* Which reasoning best defines when the case becomes emergent?

- **(a)** Escalate urgently for fever, autonomic instability, worsening rigidity, rising CK, dehydration, immobility complications, or failure to improve with supervised first-line treatment — and if malignant features emerge, stop antipsychotics and request urgent ECT consultation.",medium,modified,,open,,
C1-008,Minor,Minor,terminology inconsistencies,audience-mismatch,Resident,interview_motive_suspicion_001,communication_cases.json / reasoning_cases*.json / family_systems_scenarios.json / longitudinal_case.json,item,That's a fair question. I'm a medical student on the team here to understand how you're doing,"The resident edition ships the same keyed-best script, so residents rehearse introducing themselves as a medical student. The case's must-include is 'State your role in one short sentence.'","An inaccurate role statement is itself a trust problem with a paranoid patient, and residents are being taught a line they cannot use as written.",Case's own must-include ('State your role in one short sentence'); this string is identical across both editions (not in the MS3 diff).,"That's a fair question. I'm [your role — e.g., a medical student or a resident] on the team here to understand how you're doing",high,not-verified (first-pass reviewer judgment),,open,,
AQ1-007,Minor,Minor,ambiguity,,both,AR-41 Q5,audio-companion quiz deck data (see A3 transcript),rationale,"If the urine is completely negative, the patient might not be in enough withdrawal, potentially leading to precipitated withdrawal if opioids are still on the receptors.","The rationale is internally incoherent. A negative opioid screen implies no recent opioid exposure, so it cannot explain precipitated withdrawal. The real point is that a negative urine is not required, and a positive screen is expected in active OUD.",It teaches confused reasoning about how induction is timed and what a urine drug screen shows.,"SAMHSA TIP 63: induction is timed to objective withdrawal, not to a negative toxicology screen; a UDS positive for opioids is expected.","A negative urine toxicology is not required; induction is timed to objective withdrawal signs, and a screen positive for opioids is expected in a patient with active OUD.",high,not-verified (first-pass reviewer judgment),,open,,
AQ1-005,Minor,Minor,factual inaccuracies,fudala-data2000-chronology,both,AR-41 Q6,audio-companion quiz deck data (see A3 transcript),rationale,This is a correct interpretation of the study's impact on the passage of DATA 2000 and the shift to office-based care.,The same reversed chronology as Q1: DATA 2000 (2000) predates the Fudala publication (2003).,It reinforces a false historical claim.,DATA 2000 enacted Oct 2000; Fudala NEJM 2003; FDA approval Oct 2002.,This is a correct interpretation of the study's role in the 2002 FDA approval that put DATA 2000's office-based model into practice.,high,not-verified (first-pass reviewer judgment),,open,,
AQ1-011,Minor,Minor,misleading wording,,both,AR-44 Q3,audio-companion quiz deck data (see A3 transcript),rationale,The trial was pivotal because it proved that divalproex was not inferior to lithium for acute stabilization.,"Bowden 1994 was a placebo-controlled superiority trial with a small lithium arm (n=35 in the ITT analysis, 2:1:2 allocation). It was not designed or powered to establish non-inferiority to lithium.",It teaches a formal statistical claim (non-inferiority) that the trial did not test.,Bowden 1994 (PMID 8120960): 2:1:2 randomization; ITT n=68/35/73; both drugs superior to placebo.,"The trial was pivotal because both divalproex and lithium outperformed placebo with similar response rates, although it was not designed to formally test non-inferiority.",high,not-verified (first-pass reviewer judgment),,open,,
AQ1-012,Minor,Minor,current psychopharmacology,,both,AR-44 Q5,audio-companion quiz deck data (see A3 transcript),item,Which of the following is considered a major absolute contraindication to the use of divalproex mentioned in the trial's clinical pearls?,"Under the US label, pregnancy is an absolute contraindication to valproate only for migraine prophylaxis. For bipolar disorder it carries a boxed warning: avoid unless other treatments have failed or are unacceptable. The label's absolute contraindications are hepatic disease, POLG mitochondrial disorders, urea cycle disorders and hypersensitivity.","On an exam, learners would misidentify the label's absolute contraindications. The practical advice (avoid in pregnancy) is still sound.","Depakote (divalproex) US prescribing information: Contraindications (hepatic disease, POLG, urea cycle disorders, hypersensitivity, migraine prophylaxis in pregnancy); Boxed Warning (fetal risk).","Which of the following is the most important reason to avoid divalproex, carried as a boxed warning and highlighted in the trial's clinical pearls?",high,not-verified (first-pass reviewer judgment),,open,,
AQ1-013,Minor,Minor,misleading wording,,both,AR-45 Q2,audio-companion quiz deck data (see A3 transcript),rationale,"The study confirmed that clozapine remains the most effective agent, standing alone in its superior efficacy compared to all other studied antipsychotics.","Huhn 2019 ranked clozapine highest (SMD −0.89 vs placebo) but concluded that efficacy differences are 'gradual rather than discrete' with low or very low confidence. It excluded treatment-resistant patients, so it does not show clozapine significantly superior to every other agent.",It overstates the paper and conflates acute multi-episode data with clozapine's established role in treatment resistance.,"Huhn M et al., Lancet 2019;394:939-51 (PMID 31303314): TRS excluded; 'efficacy differences ... gradual rather than discrete'; confidence often low or very low.","Clozapine had the largest effect size versus placebo (SMD −0.89), although the authors judged efficacy differences between drugs to be gradual rather than discrete, and treatment-resistant patients were excluded.",high,not-verified (first-pass reviewer judgment),,open,,
AQ2-008,Minor,Minor,unsupported statements,,both,AR-31 Q3,audio-companion quiz deck data (see A3 transcript),rationale,"Subsequent research (Tariot et al., 2004) confirmed that adding memantine to existing donepezil therapy provides additional benefit beyond monotherapy.","'Confirmed' overstates the evidence: DOMINO (Howard 2012) found no significant benefit of adding memantine to continued donepezil in moderate-to-severe AD, and meta-analytic add-on effects are small.",Learners will tell families that combination therapy has proven additive benefit when the evidence is mixed and the effect modest.,"Tariot PN et al., JAMA 2004;291:317-324 (benefit of adding memantine to stable donepezil); Howard R et al., NEJM 2012;366:893-903 (DOMINO: no significant benefit of donepezil plus memantine over donepezil alone).","Tariot et al. (2004) found that adding memantine to stable donepezil gave modest additional benefit, although a later trial (DOMINO, 2012) did not find a significant benefit of the combination over donepezil alone.",medium,not-verified (first-pass reviewer judgment),,open,,
AQ2-009,Minor,Minor,terminology inconsistencies,,both,AR-32 Q6,audio-companion quiz deck data (see A3 transcript),item,'Rolling with resistance' to maintain engagement and the therapeutic alliance.,"'Rolling with resistance' was retired in Motivational Interviewing (3rd ed., 2013) in favour of responding to sustain talk and discord, and Project MATCH did not test in-session resistance strategies, so the stem's 'recommended by the study's findings' is unsupported.",Learners adopt superseded MI vocabulary and attribute an MI technique to a trial that did not examine it.,"Miller WR, Rollnick S. Motivational Interviewing, 3rd ed. 2013 (and 4th ed. 2023): 'resistance' replaced by sustain talk and discord; Project MATCH Research Group, J Stud Alcohol 1997 (compared CBT, TSF, MET; no resistance-handling arm).",Responding to sustain talk and discord without confrontation (formerly called 'rolling with resistance') to maintain engagement and the therapeutic alliance.,medium,not-verified (first-pass reviewer judgment),,open,,
AQ2-007,Minor,Minor,citation problems,,both,AR-37 Q3,audio-companion quiz deck data (see A3 transcript),rationale,"This figure refers to the increase in suicide attempts in the general population after the warning was issued, not deaths within the trials.","The 21.7% figure (Lu et al., BMJ 2014) is a relative rise in psychotropic-drug poisonings, used as a proxy for suicide attempts, among adolescents, not suicide attempts in the general population; the same study found no rise among adults and no change in completed suicides.",Learners will misquote a contested observational proxy estimate as a population-wide rise in suicide attempts.,"Lu CY et al., BMJ 2014;348:g3596 (doi:10.1136/bmj.g3596): psychotropic drug poisonings +21.7% (4.9-38.5%) adolescents, +33.7% young adults, +5.2% (NS) adults; completed suicides unchanged.","This figure refers to a 21.7% relative rise in psychotropic-drug poisonings (a proxy for suicide attempts) among adolescents after the warning (Lu et al., BMJ 2014), not deaths within the trials.",high,not-verified (first-pass reviewer judgment),,open,,
AQ3-005,Minor,Minor,unsupported statements,sdm-cochrane-missummary,both,AR-20 Q4,audio-companion quiz deck data (see A3 transcript),rationale,The evidence suggests that SDM actually improves the therapeutic relationship and treatment engagement.,The best available evidence (Aoki 2022) was uncertain whether SDM improves the user-clinician relationship or treatment/medication continuation.,States as evidence-based a benefit the systematic review could not establish.,"Aoki Y et al., Shared decision-making interventions for people with mental health conditions, Cochrane Database Syst Rev 2022;11:CD007297 (doi:10.1002/14651858.CD007297.pub3): 15 RCTs; SDM 'may improve SDM-specific user-reported outcomes from encounters immediately after intervention' (SMD 0.63, low certainty); 'We are uncertain if SDM interventions improve users' overall satisfaction'; 'uncertain whether SDM interventions improve knowledge ... and the relationship between users and healthcare professionals'; clinical outcomes uncertain (very low certainty).",There is no evidence that SDM harms the therapeutic relationship; its effects on the relationship and on treatment engagement remain uncertain.,high,not-verified (first-pass reviewer judgment),,open,,
AQ3-022,Minor,Minor,factual inaccuracies,bush-1996-missummary,both,AR-25 Q3,audio-companion quiz deck data (see A3 transcript),item,"76% responded to lorazepam, and all non-responders subsequently responded to ECT.","Of the 5 lorazepam non-responders, 4 received ECT and those 4 responded; 'all non-responders' overstates it.",Small overstatement of ECT certainty attributed to the paper.,"Bush G, Fink M, Petrides G, Dowling F, Francis A. Catatonia. II. Acta Psychiatr Scand 1996;93:137-43 (doi:10.1111/j.1600-0447.1996.tb09815.x): 'In 16 of 21 patients (76%) who received a complete trial of lorazepam ... catatonic signs resolved ... Four patients failing lorazepam responded promptly to ECT.'","76% responded to lorazepam, and the non-responders who went on to ECT all responded promptly.",high,not-verified (first-pass reviewer judgment),,open,,
AQ3-023,Minor,Minor,unsupported statements,bush-1996-missummary,both,AR-25 Q3,audio-companion quiz deck data (see A3 transcript),rationale,the study found response rates between 66−100% depending on the case.,"The 66–100% range does not appear in the study, which reported a single rate: 16 of 21 (76%).",Gives the paper a statistic it does not contain.,"Bush G, Fink M, Petrides G, Dowling F, Francis A. Catatonia. II. Acta Psychiatr Scand 1996;93:137-43 (doi:10.1111/j.1600-0447.1996.tb09815.x): 'In 16 of 21 patients (76%) who received a complete trial of lorazepam ... catatonic signs resolved ... Four patients failing lorazepam responded promptly to ECT.'",the study found 16 of 21 patients (76%) given a complete lorazepam trial responded.,high,not-verified (first-pass reviewer judgment),,open,,
AQ3-012,Minor,Minor,citation problems,sdoh-paper-misattribution,both,AR-29 Q2,audio-companion quiz deck data (see A3 transcript),rationale,Caffeine intake is not among the key social determinants discussed in the Kirkbride review of MDD risk.,Same misattribution: the MDD-specific umbrella review is Alon et al. 2024.,Perpetuates the wrong citation for the food-insecurity finding.,"Alon N, ... Jeste DV. Social determinants of mental health in major depressive disorder: umbrella review of 26 meta-analyses and systematic reviews. Psychiatry Res 2024;335:115854 (doi:10.1016/j.psychres.2024.115854): childhood abuse/neglect, IPV in females and food insecurity associated with MDD with medium effect sizes. Kirkbride JB et al., World Psychiatry 2024;23:58-90 (doi:10.1002/wps.21160) is a narrative evidence-and-prevention roadmap across disorders, not a 26-meta-analysis umbrella review.",Caffeine intake is not among the social determinants examined in the Alon et al. umbrella review of MDD risk.,high,not-verified (first-pass reviewer judgment),,open,,
AQ4-005,Minor,Minor,factual inaccuracies,,both,AR-16 Q6,audio-companion quiz deck data (see A3 transcript),rationale,"The study specifically focused on patients with chronic psychosis, which was its most significant application.",The 1952 Delay–Deniker communications described chlorpromazine in manic excitation and acute psychotic agitation. Its use in chronic schizophrenia was established in later reports (for example Lehmann & Hanrahan 1954).,This gets the population of the landmark paper wrong. Wrong populations are the defect class these machine-extracted decks are known for. It has no direct clinical consequence.,"Delay J, Deniker P, Harl JM, Ann Med Psychol 1952 (series of patients with manic and psychotic excitation); López-Muñoz et al., Ann Clin Psychiatry 2005 (history of chlorpromazine).",The 1952 reports described patients with manic excitation and acute psychotic agitation; use in chronic psychosis followed in later studies.,medium,not-verified (first-pass reviewer judgment),,open,,
E1-006,Minor,Minor,citation problems,observational-stated-as-causal,both,bot-2026-benzodiazepines-catatonia,evidence_annotations.json / evidence_registry.json,span,"Across 53 studies, benzodiazepine treatment of catatonia produced an overall response rate of 77%","The span says most of the 53 studies were case series using lorazepam, which are uncontrolled. 'Produced' states an uncontrolled pooled response rate as a causal efficacy figure, and the claim leaves out the design.","The 77% is quoted as if it were a trial response rate. The number is right, but learners should know it rests on case series and has no controlled comparator. The authors call for controlled studies.","Bot L et al., Acta Psychiatr Scand 2026;154(2):99-115 (PMID 42009596). The abstract says: 'Most were case series using lorazepam'; 'the need for… well-designed controlled studies'.","Across 53 studies, mostly case series using lorazepam, benzodiazepine treatment of catatonia was associated with an overall response rate of 77%",high,not-verified (first-pass reviewer judgment),,open,,
E1-010,Minor,Minor,citation problems,,both,cuijpers-2007,evidence_annotations.json / evidence_registry.json,span,"while the difference between activity scheduling and cognitive therapy was 0.02 and non-significant at follow-up — activation is a treatment in its own right, not a preliminary to cognitive work.","The claim merges two timepoints: 0.02 is the post-test difference, and non-significance at follow-up is a separate result. It also adds an interpretive conclusion ('a treatment in its own right, not a preliminary to cognitive work') that the span does not license. That breaks the registry's own rule that every claim be licensed by the stored span.",The comparison rests on 10 small studies from a 2007 meta-analysis. Stating the gloss as the paper's finding overstates it. The practical point (activation alone works about as well as cognitive therapy) holds without the gloss.,"Cuijpers P et al., Clin Psychol Rev 2007;27:318-326 (PMID 17184887). The span says: 'In ten studies… the pooled effect size… was 0.02. The differences… at follow-up were also non-significant.'",while in ten studies the difference between activity scheduling and cognitive therapy was 0.02 at post-test and also non-significant at follow-up — activity scheduling performed as well as cognitive therapy.,high,not-verified (first-pass reviewer judgment),,open,,
E1-011,Minor,Minor,hidden assumptions,population-omitted,both,huggett-2024,evidence_annotations.json / evidence_registry.json,span,Flexibly interweaving risk assessment into therapeutic conversation was beneficial to the alliance with suicidal clients and enhanced their safety — weaving risk assessment into the conversation rather than bolting it on.,"The source is a qualitative meta-ethnography of client and therapist perspectives (37 papers). The claim, typed 'positive', states 'enhanced their safety' as an outcome without saying these are perceived benefits from qualitative synthesis, not measured safety outcomes.","On suicide-risk teaching surfaces, residents may cite this as evidence that conversational risk assessment reduces suicidal behaviour. The source measured no such outcome.","Huggett C et al., Clin Psychol Rev 2024;113:102469 (PMID 39098267): 'A systematic review and meta-ethnography of client and therapist perspectives…'. The span begins 'Thirty-seven papers were included, generating two overarching themes'.","Flexibly interweaving risk assessment into therapeutic conversation was beneficial to the alliance with suicidal clients and enhanced their safety — as reported by clients and therapists across 37 qualitative papers, not a measured outcome; weave risk assessment into the conversation rather than bolting it on.",medium,not-verified (first-pass reviewer judgment),,open,,
E1-009,Minor,Minor,citation problems,pooled-denominator-misattribution,both,pharoah-2010-family-intervention,evidence_annotations.json / evidence_registry.json,span,"> Across 53 randomised controlled trials, family intervention may decrease the frequency of relapse (RR 0.55, NNT 7) and may also reduce hospital admission (RR 0.78).","The claim credits both estimates to all 53 RCTs. The span gives relapse from 32 RCTs (n = 2981) and admission from 8 RCTs (n = 481; CI 0.6 to 1.0, touching no effect). It also drops the span's caveat that small negative studies may have been missed. This is the same error class as prior finding A4-F001 (cohen-chazani).","It inflates the apparent evidence base of the admission estimate, which comes from 481 patients with a confidence interval reaching 1.0, and hides the possible publication bias.","Pharoah F et al., Cochrane Database Syst Rev 2010, CD000088.pub3 (PMID 21154340). The stored span says: 'n = 2981, 32 RCTs, RR 0.55… n = 481, 8 RCTs, RR 0.78 CI 0.6 to 1.0'.","> In a review of 53 randomised controlled trials, family intervention may decrease the frequency of relapse (32 RCTs, n = 2981; RR 0.55, NNT 7), although some small but negative studies might not have been identified, and may also reduce hospital admission (8 RCTs, n = 481; RR 0.78, CI 0.6 to 1.0).",high,not-verified (first-pass reviewer judgment),,open,,
E1-005,Minor,Minor,hidden assumptions,population-omitted,both,stanley-brown-2018,evidence_annotations.json / evidence_registry.json,span,In a cohort comparison of 1640 emergency-department patients,"The claim drops the population and setting given in the span: suicidal patients in Veterans Health Administration EDs, with non-randomized intervention and control sites.","The 45%/OR 0.56 figure gets generalized to all ED populations. Learners should know it comes from a VHA cohort comparison, not an RCT in a general civilian population.","Stanley B, Brown GK et al., JAMA Psychiatry 2018;75(9):894-900 (PMID 29998307). The span says: '9 EDs (5 intervention sites and 4 control sites) in Veterans Health Administration hospital EDs'.",In a cohort comparison of 1640 suicidal patients treated in Veterans Health Administration emergency departments,high,not-verified (first-pass reviewer judgment),,open,,
E1-008,Minor,Minor,misleading wording,hedge-dropped,both,steeg-2025,evidence_annotations.json / evidence_registry.json,span,"paracetamol pack size limitation reduced self-poisoning admissions, and bans on highly hazardous pesticides reduced suicide rates.","The span qualifies the paracetamol finding with 'with mixed impacts on mortality', and the barrier finding with 'although primary study overlap was high'. The claim drops both hedges.","A learner could cite pack-size limits as a proven way to reduce suicide deaths. The overview found only a clear drop in admissions, with mixed results on mortality.","Steeg S et al., BMJ Ment Health 2025;28(1) (PMID 41365522). The abstract says: 'Paracetamol pack size limitation reduced self-poisoning admissions, with mixed impacts on mortality'; 12/20 reviews were rated critically low quality.","paracetamol pack size limitation reduced self-poisoning admissions with mixed impacts on mortality, and bans on highly hazardous pesticides reduced suicide rates.",high,not-verified (first-pass reviewer judgment),,open,,
E1-007,Minor,Minor,unsupported statements,observational-stated-as-causal,both,steinberg-2024,evidence_annotations.json / evidence_registry.json,span,to 27 participants produced reductions in depressive symptoms at day 7,"This is an uncontrolled, single-arm quality-improvement pilot (n = 27). 'Produced' makes a causal claim that the design cannot support, even though the claim goes on to say 'pilot evidence'.","Learners may count day-7 symptom change as an effect of caring contacts. With no comparator, it could just as well be the natural course after discharge.","Steinberg R et al., Suicide Life Threat Behav 2024;54(6):1041-1052 (PMID 38934489), described as a 'three-phase, mixed-method quality-improvement study'. Phase 3 was an uncontrolled pilot. The span says 'participants demonstrated reductions'.",to 27 participants were followed by reductions in depressive symptoms at day 7,high,not-verified (first-pass reviewer judgment),,open,,
