original_path,quarantine_path,kept_canonical,sha256
/Users/jm/Clinical/reconnect-video-content/Scripts/06_Family_Role_in_Recovery.md,/Users/jm/_Dedupe_Quarantine_2026-06-26/Clinical/reconnect-video-content/Scripts/06_Family_Role_in_Recovery.md,/Users/jm/Code/reconnect-psychiatry-system/teaching/video-content/Scripts/06_Family_Role_in_Recovery.md,f9125d209aded2808158a85047a3e58f106416d34b27df09f23a48e91bf74823
/Users/jm/Clinical/reconnect-video-content/Scripts/07_Recognizing_Warning_Signs.md,/Users/jm/_Dedupe_Quarantine_2026-06-26/Clinical/reconnect-video-content/Scripts/07_Recognizing_Warning_Signs.md,/Users/jm/Code/reconnect-psychiatry-system/teaching/video-content/Scripts/07_Recognizing_Warning_Signs.md,ff9c6e65800aae228952b939b9e991ab58aa1eb92b69afdb529cb6c9d8dcfbad
"/Users/jm/Gen Psych Resources/PGY3 Psychotherapy Seminar/Psychodynamic Therapy Reading List/PDFs/24 - Britton, R. (1992). Keeping Things in Mind. New Library of Psychoanalysis.pdf","/Users/jm/_Dedupe_Quarantine_2026-06-26/Gen Psych Resources/PGY3 Psychotherapy Seminar/Psychodynamic Therapy Reading List/PDFs/24 - Britton, R. (1992). Keeping Things in Mind. New Library of Psychoanalysis.pdf","/Users/jm/Gen Psych Resources/Psychodynamic Therapy Reading List/PDFs/24 - Britton, R. (1992). Keeping Things in Mind. New Library of Psychoanalysis.pdf",8a20b53e555f4d89e4b9d6f33ea8ea3160f05a3186c20602d35412d4128fe83b
"/Users/jm/Gen Psych Resources/PGY3 Psychotherapy Seminar/Psychodynamic Therapy Reading List/PDFs/37 - Bion, W.R. (1957). Differentiation of the Psychotic from the Non-Psychotic Personalities.pdf","/Users/jm/_Dedupe_Quarantine_2026-06-26/Gen Psych Resources/PGY3 Psychotherapy Seminar/Psychodynamic Therapy Reading List/PDFs/37 - Bion, W.R. (1957). Differentiation of the Psychotic from the Non-Psychotic Personalities.pdf","/Users/jm/Gen Psych Resources/Psychodynamic Therapy Reading List/PDFs/37 - Bion, W.R. (1957). Differentiation of the Psychotic from the Non-Psychotic Personalities.pdf",f4182b6589f54faf27022662ca30a8dd08d0d03b7c952b87f0ed771f6523119b
"/Users/jm/Gen Psych Resources/PGY3 Psychotherapy Seminar/Psychodynamic Therapy Reading List/PDFs/51 - Freud, S. (1917). Mourning and Melancholia.pdf","/Users/jm/_Dedupe_Quarantine_2026-06-26/Gen Psych Resources/PGY3 Psychotherapy Seminar/Psychodynamic Therapy Reading List/PDFs/51 - Freud, S. (1917). Mourning and Melancholia.pdf","/Users/jm/Gen Psych Resources/Psychodynamic Therapy Reading List/PDFs/51 - Freud, S. (1917). Mourning and Melancholia.pdf",4c79b4861c09f267d95f0f2ef1439182006be32fd8daefb4c1078249ddc2563e
/Users/jm/Clinical/Patient-Resources/New Education Library/anxiety/family-guide.md,/Users/jm/_Dedupe_Quarantine_2026-06-26/Clinical/Patient-Resources/New Education Library/anxiety/family-guide.md,/Users/jm/Code/reconnect-psychiatry-system/psychoed-library/family/anxiety/Anxiety_Family_Guide_Extended_FAM.md,c495d07175bf023ceb285600a2f647dd71c45dacf43db5ff3eeb471cc3261c37
/Users/jm/Gen Psych Resources/PGY3 Psychotherapy Seminar/Psychodynamic Therapy Reading List/Book Recommendations – PGY-3s 2021-22.pdf,/Users/jm/_Dedupe_Quarantine_2026-06-26/Gen Psych Resources/PGY3 Psychotherapy Seminar/Psychodynamic Therapy Reading List/Book Recommendations – PGY-3s 2021-22.pdf,/Users/jm/Gen Psych Resources/Psychodynamic Therapy Reading List/Book Recommendations – PGY-3s 2021-22.pdf,923a6f4241801cc8a9fb6bd5fc11d7a2a4f849312e0bd7fe3d4e839592485e90
/Users/jm/Clinical/ED-Psych-Capstone/Evaluation-Tools/Family-Anxiety-Survey-PrePost.pdf,/Users/jm/_Dedupe_Quarantine_2026-06-26/Clinical/ED-Psych-Capstone/Evaluation-Tools/Family-Anxiety-Survey-PrePost.pdf,/Users/jm/Code/reconnect-psychiatry-system/teaching/ed-psych-capstone/Evaluation-Tools/Family-Anxiety-Survey-PrePost.pdf,c2ce3daae328c24dff68b5762cf881ee4a80f506c004c690ec303c21df230a03
/Users/jm/Clinical/Patient-Resources/New Education Library/medication-side-effects/family-guide.md,/Users/jm/_Dedupe_Quarantine_2026-06-26/Clinical/Patient-Resources/New Education Library/medication-side-effects/family-guide.md,/Users/jm/Code/reconnect-psychiatry-system/psychoed-library/family/medication-side-effects/Medication_Side_Effects_Family_Guide_Extended_FAM.md,faafd489e8f7728eadc2e72974d75551714cb1f1f49334b9d5437adcfe1356e3
/Users/jm/Clinical/Patient-Resources/New Education Library/first-episode-psychosis/family-guide.md,/Users/jm/_Dedupe_Quarantine_2026-06-26/Clinical/Patient-Resources/New Education Library/first-episode-psychosis/family-guide.md,/Users/jm/Code/reconnect-psychiatry-system/psychoed-library/family/first-episode-psychosis/First_Episode_Psychosis_Family_Guide_Extended_FAM.md,2f824c6ef7936247117d3fe7ec4a344148e4c1c6eb1ce8be7ee21efdf4097a94
/Users/jm/Clinical/Patient-Resources/New Education Library/first-episode-psychosis/patient-handout.md,/Users/jm/_Dedupe_Quarantine_2026-06-26/Clinical/Patient-Resources/New Education Library/first-episode-psychosis/patient-handout.md,/Users/jm/Code/reconnect-psychiatry-system/psychoed-library/patient-materials/first-episode-psychosis/First_Episode_Psychosis_Patient_Handout_PAT.md,7869b3819f8dcf909e0dc3936f7dc0b9a6b2163c925cb2b82f71b10245dde86b
/Users/jm/Clinical/ED-Psych-Capstone/MaineHealth-Brand-Design-Philosophy.md,/Users/jm/_Dedupe_Quarantine_2026-06-26/Clinical/ED-Psych-Capstone/MaineHealth-Brand-Design-Philosophy.md,/Users/jm/Code/reconnect-psychiatry-system/teaching/ed-psych-capstone/MaineHealth-Brand-Design-Philosophy.md,9a5d89b3745263756db543f96ce6bd546b79f3422e56ff500e57e7a6346e9037
/Users/jm/Clinical/ED-Psych-Capstone/Staff-Materials/Packet-Assembly-Guide.pdf,/Users/jm/_Dedupe_Quarantine_2026-06-26/Clinical/ED-Psych-Capstone/Staff-Materials/Packet-Assembly-Guide.pdf,/Users/jm/Code/reconnect-psychiatry-system/teaching/ed-psych-capstone/Staff-Materials/Packet-Assembly-Guide.pdf,69a1497d0e62d536df5da18a6aac7472be6198842a2b3c9ff73899eb916cd6a7
/Users/jm/Clinical/Patient-Resources/New Education Library/schizophrenia/patient-handout.md,/Users/jm/_Dedupe_Quarantine_2026-06-26/Clinical/Patient-Resources/New Education Library/schizophrenia/patient-handout.md,/Users/jm/Code/reconnect-psychiatry-system/psychoed-library/patient-materials/schizophrenia/Schizophrenia_Patient_Handout_PAT.md,a3e15a4b2ad013a5687d141ed2d2467a1554cac3fbfc443e59fc4c6207d65c0b
/Users/jm/Gen Psych Resources/files-2/psychiatrists and guns.pptx,/Users/jm/_Dedupe_Quarantine_2026-06-26/Gen Psych Resources/files-2/psychiatrists and guns.pptx,/Users/jm/Gen Psych Resources/psychiatrists and guns.pptx,1e9ef19404dd4860a624a83d6a4be4f15c79ebf211a391d0b7b1be972ca58568
/Users/jm/Clinical/reconnect-video-content/ReConnect_Video_QR_Codes.pdf,/Users/jm/_Dedupe_Quarantine_2026-06-26/Clinical/reconnect-video-content/ReConnect_Video_QR_Codes.pdf,/Users/jm/Code/reconnect-psychiatry-system/teaching/video-qr-system/ReConnect_Video_QR_Codes.pdf,4665863dd1f540a0dc7b8024882cad9ac175ee6e0d18f608b3f4498ce0802e50
/Users/jm/Clinical/Manuals/Archive-01/ReConnect_YoungAdult_Manual_Master_Completev2.md,/Users/jm/_Dedupe_Quarantine_2026-06-26/Clinical/Manuals/Archive-01/ReConnect_YoungAdult_Manual_Master_Completev2.md,/Users/jm/Clinical/Manuals/Archive-01/ReConnect_YoungAdult_Manual_Master_Complete_1.md,771b04397708a22c2193bb34ba4a53cc2cf7273ca2fa7b20da0f7ee467412b9b
/Users/jm/Gen Psych Resources/files-4/Summary Chart 2021.docx,/Users/jm/_Dedupe_Quarantine_2026-06-26/Gen Psych Resources/files-4/Summary Chart 2021.docx,/Users/jm/Gen Psych Resources/Summary Chart 2021.docx,8c367da464e11e0a77ef6a9d5526b3848dc78b758aad7991ff253306be71c989
/Users/jm/Clinical/BHU Annual Fund Brainstorm/Portfolio_FINAL_2026-04-30/01_Strategy_Documents/00_Master_Strategy_Plan.docx,/Users/jm/_Dedupe_Quarantine_2026-06-26/Clinical/BHU Annual Fund Brainstorm/Portfolio_FINAL_2026-04-30/01_Strategy_Documents/00_Master_Strategy_Plan.docx,/Users/jm/Clinical/BHU Annual Fund Brainstorm/Drafts_2026-04-30/00_BHU_Annual_Fund_Strategy_Plan.docx,b126b7efc287cfe9a6f5baeab7bb9ed522d8c1a3f88e94afc961a488d27fc624
/Users/jm/Clinical/Presentations:Meeting/MEDSTAFF DINNER/Family-Therapy-Inpatient-Evidence-Repository and FINISHED SLIDE DECK/07_NotebookLM_Source_Packets/00_README_NotebookLM.md,/Users/jm/_Dedupe_Quarantine_2026-06-26/Clinical/Presentations:Meeting/MEDSTAFF DINNER/Family-Therapy-Inpatient-Evidence-Repository and FINISHED SLIDE DECK/07_NotebookLM_Source_Packets/00_README_NotebookLM.md,/Users/jm/Family-Therapy-Inpatient-Evidence-Repository/07_NotebookLM_Source_Packets/00_README_NotebookLM.md,6f48e8cff3fd71c355ca2dde887fcdca928ab327827316a2844b09aaec38fb30
/Users/jm/Clinical/Presentations:Meeting/Family-Therapy-Didactic-June16/Archived versions/Family-Therapy-Didactic-June16/00_README_START_HERE.md,/Users/jm/_Dedupe_Quarantine_2026-06-26/Clinical/Presentations:Meeting/Family-Therapy-Didactic-June16/Archived versions/Family-Therapy-Didactic-June16/00_README_START_HERE.md,/Users/jm/Clinical/Presentations:Meeting/Family-Therapy-Didactic-June16/00_README_START_HERE.md,f7389ab84b0ccecb2f4bdfbff930f81eac4ad7755c1c672e399e91b56ffeb5d7
/Users/jm/Clinical/Presentations:Meeting/Family-Therapy-Didactic-June16/Archived versions/Family-Therapy-Didactic-June16/NotebookLM-Videos/00_README_Workflow_and_Prompts.md,/Users/jm/_Dedupe_Quarantine_2026-06-26/Clinical/Presentations:Meeting/Family-Therapy-Didactic-June16/Archived versions/Family-Therapy-Didactic-June16/NotebookLM-Videos/00_README_Workflow_and_Prompts.md,/Users/jm/Clinical/Presentations:Meeting/Family-Therapy-Didactic-June16/NotebookLM-Videos/00_README_Workflow_and_Prompts.md,94485130f82a183540ac9cba831e5bf10fd32b65ea9a7abfda22b07d61c5a2c5
/Users/jm/Clinical/Presentations:Meeting/Family-Therapy-Didactic-June16/Archived versions/Family-Therapy-Didactic-June16/01_Facilitator_Guide.docx,/Users/jm/_Dedupe_Quarantine_2026-06-26/Clinical/Presentations:Meeting/Family-Therapy-Didactic-June16/Archived versions/Family-Therapy-Didactic-June16/01_Facilitator_Guide.docx,/Users/jm/Clinical/Presentations:Meeting/Family-Therapy-Didactic-June16/01_Facilitator_Guide.docx,7a9d6026843855e042cc4a5d34738b8d0c247b65d5d1fbcaaf4371c93b524c2c
/Users/jm/Clinical/Presentations:Meeting/MEDSTAFF DINNER/Family-Therapy-Inpatient-Evidence-Repository and FINISHED SLIDE DECK/10_MedStaff_Dinner_June9/01_Talk_Script_10min.md,/Users/jm/_Dedupe_Quarantine_2026-06-26/Clinical/Presentations:Meeting/MEDSTAFF DINNER/Family-Therapy-Inpatient-Evidence-Repository and FINISHED SLIDE DECK/10_MedStaff_Dinner_June9/01_Talk_Script_10min.md,/Users/jm/Family-Therapy-Inpatient-Evidence-Repository/10_MedStaff_Dinner_June9/01_Talk_Script_10min.md,96290dffef75169391867001db4fe65ed9a3d74c7328401d228bb5e3d64e9835
/Users/jm/Clinical/reconnect-video-content/Scripts/02_Layer1_Biological_Stabilization.md,/Users/jm/_Dedupe_Quarantine_2026-06-26/Clinical/reconnect-video-content/Scripts/02_Layer1_Biological_Stabilization.md,/Users/jm/Code/reconnect-psychiatry-system/teaching/video-content/Scripts/02_Layer1_Biological_Stabilization.md,e7b73fb6afe8d77dbd3f778017381235c0a986abac7863df92ecdc5136e1ed4e
/Users/jm/Clinical/Presentations:Meeting/Family-Therapy-Didactic-June16/Archived versions/Family-Therapy-Didactic-June16/Handouts/02_Participant_Case_Packet.docx,/Users/jm/_Dedupe_Quarantine_2026-06-26/Clinical/Presentations:Meeting/Family-Therapy-Didactic-June16/Archived versions/Family-Therapy-Didactic-June16/Handouts/02_Participant_Case_Packet.docx,/Users/jm/Clinical/Presentations:Meeting/Family-Therapy-Didactic-June16/Handouts/02_Participant_Case_Packet.docx,1807d04fb05a89e320a57c6b547c6e87a45efaaafbf276911722a411a5a9490a
/Users/jm/Clinical/Presentations:Meeting/MEDSTAFF DINNER/Family-Therapy-Inpatient-Evidence-Repository and FINISHED SLIDE DECK/10_MedStaff_Dinner_June9/02_Podium_Card.md,/Users/jm/_Dedupe_Quarantine_2026-06-26/Clinical/Presentations:Meeting/MEDSTAFF DINNER/Family-Therapy-Inpatient-Evidence-Repository and FINISHED SLIDE DECK/10_MedStaff_Dinner_June9/02_Podium_Card.md,/Users/jm/Family-Therapy-Inpatient-Evidence-Repository/10_MedStaff_Dinner_June9/02_Podium_Card.md,b621e42ce4cb73d6bb8c503f171b4f005c7ed25119b682865af029093d5e3db0
/Users/jm/Clinical/BHU Annual Fund Brainstorm/Portfolio_FINAL_2026-04-30/03_Small_Requests/08_Pill_Organizer/02_SBAR.docx,/Users/jm/_Dedupe_Quarantine_2026-06-26/Clinical/BHU Annual Fund Brainstorm/Portfolio_FINAL_2026-04-30/03_Small_Requests/08_Pill_Organizer/02_SBAR.docx,/Users/jm/Clinical/BHU Annual Fund Brainstorm/Drafts_2026-04-30/SBAR_PillOrganizer_DRAFT.docx,9a579618af559d4e309732798a9966669d2555985625ddfda424f1497c2081ee
/Users/jm/Clinical/BHU Annual Fund Brainstorm/Portfolio_FINAL_2026-04-30/02_Large_Requests/02_Therapeutic_Meeting_Suite/02_SBAR.docx,/Users/jm/_Dedupe_Quarantine_2026-06-26/Clinical/BHU Annual Fund Brainstorm/Portfolio_FINAL_2026-04-30/02_Large_Requests/02_Therapeutic_Meeting_Suite/02_SBAR.docx,/Users/jm/Clinical/BHU Annual Fund Brainstorm/Drafts_2026-04-30/SBAR_MeetingSuite_DRAFT.docx,93924604b93a57d26933bff2ed95b8134194d8385779a1fd6e4507d9b9bdf57d
/Users/jm/Clinical/BHU Annual Fund Brainstorm/Portfolio_FINAL_2026-04-30/Review_Packet_for_Russell_and_Wright/02_Therapeutic_Meeting_Suite/02_SBAR.docx,/Users/jm/_Dedupe_Quarantine_2026-06-26/Clinical/BHU Annual Fund Brainstorm/Portfolio_FINAL_2026-04-30/Review_Packet_for_Russell_and_Wright/02_Therapeutic_Meeting_Suite/02_SBAR.docx,/Users/jm/Clinical/BHU Annual Fund Brainstorm/Drafts_2026-04-30/SBAR_MeetingSuite_DRAFT.docx,93924604b93a57d26933bff2ed95b8134194d8385779a1fd6e4507d9b9bdf57d
/Users/jm/Clinical/BHU Annual Fund Brainstorm/Portfolio_FINAL_2026-04-30/Review_Packet_for_Russell_and_Wright/Files_to_Attach_to_Email/SBAR_02_TherapeuticMeetingSuite.docx,/Users/jm/_Dedupe_Quarantine_2026-06-26/Clinical/BHU Annual Fund Brainstorm/Portfolio_FINAL_2026-04-30/Review_Packet_for_Russell_and_Wright/Files_to_Attach_to_Email/SBAR_02_TherapeuticMeetingSuite.docx,/Users/jm/Clinical/BHU Annual Fund Brainstorm/Drafts_2026-04-30/SBAR_MeetingSuite_DRAFT.docx,93924604b93a57d26933bff2ed95b8134194d8385779a1fd6e4507d9b9bdf57d
/Users/jm/Clinical/BHU Annual Fund Brainstorm/Portfolio_FINAL_2026-04-30/Review_Packet_for_Russell_and_Wright/Files_to_Attach_to_Email/SBAR_03_PsychoedLibraryAudio.docx,/Users/jm/_Dedupe_Quarantine_2026-06-26/Clinical/BHU Annual Fund Brainstorm/Portfolio_FINAL_2026-04-30/Review_Packet_for_Russell_and_Wright/Files_to_Attach_to_Email/SBAR_03_PsychoedLibraryAudio.docx,/Users/jm/Clinical/BHU Annual Fund Brainstorm/Portfolio_FINAL_2026-04-30/Review_Packet_for_Russell_and_Wright/03_Psychoed_Library_Audio/02_SBAR.docx,4425aa94aaa1f56d30c0ee0e1cfe841feff38b5fb1c8a448f91ecf6e59b08312
/Users/jm/Clinical/BHU Annual Fund Brainstorm/Portfolio_FINAL_2026-04-30/02_Large_Requests/04_Library_and_Audio/02_SBAR.docx,/Users/jm/_Dedupe_Quarantine_2026-06-26/Clinical/BHU Annual Fund Brainstorm/Portfolio_FINAL_2026-04-30/02_Large_Requests/04_Library_and_Audio/02_SBAR.docx,/Users/jm/Clinical/BHU Annual Fund Brainstorm/Drafts_2026-04-30/SBAR_LibraryAudio_DRAFT.docx,4ec1d4e9fca9bda3e90ea6ccd681b71c3248ad2b5835babdab0e61467e0a0ef4
/Users/jm/Clinical/BHU Annual Fund Brainstorm/Portfolio_FINAL_2026-04-30/02_Large_Requests/03_Telehealth_Only/02_SBAR.docx,/Users/jm/_Dedupe_Quarantine_2026-06-26/Clinical/BHU Annual Fund Brainstorm/Portfolio_FINAL_2026-04-30/02_Large_Requests/03_Telehealth_Only/02_SBAR.docx,/Users/jm/Clinical/BHU Annual Fund Brainstorm/Drafts_2026-04-30/SBAR_TelehealthOnly_DRAFT.docx,6f136573151614457852e5328ec48d997e88590341c12b80c35fb46e4f085967
/Users/jm/Clinical/Presentations:Meeting/MEDSTAFF DINNER/Family-Therapy-Inpatient-Evidence-Repository and FINISHED SLIDE DECK/07_NotebookLM_Source_Packets/02_Source_Compendium.md,/Users/jm/_Dedupe_Quarantine_2026-06-26/Clinical/Presentations:Meeting/MEDSTAFF DINNER/Family-Therapy-Inpatient-Evidence-Repository and FINISHED SLIDE DECK/07_NotebookLM_Source_Packets/02_Source_Compendium.md,/Users/jm/Family-Therapy-Inpatient-Evidence-Repository/07_NotebookLM_Source_Packets/02_Source_Compendium.md,f2921c49807d6834107d003a9ae00d46cb7933e705b99277d0f701ba3af148b9
/Users/jm/Clinical/BHU Annual Fund Brainstorm/Portfolio_FINAL_2026-04-30/01_Strategy_Documents/03_Addendum_MeetingSuite_Replaces_FamilyTelehealth.docx,/Users/jm/_Dedupe_Quarantine_2026-06-26/Clinical/BHU Annual Fund Brainstorm/Portfolio_FINAL_2026-04-30/01_Strategy_Documents/03_Addendum_MeetingSuite_Replaces_FamilyTelehealth.docx,/Users/jm/Clinical/BHU Annual Fund Brainstorm/Drafts_2026-04-30/Addendum_MeetingSuite_Replaces_FamilyTelehealth.docx,e5a6cc2d9d4a6f7f873476f130900555c3fecdaa38e854fc48be1d454bd1de25
/Users/jm/Clinical/BHU Annual Fund Brainstorm/Portfolio_FINAL_2026-04-30/02_Large_Requests/02_Therapeutic_Meeting_Suite/03_ItemizedList.docx,/Users/jm/_Dedupe_Quarantine_2026-06-26/Clinical/BHU Annual Fund Brainstorm/Portfolio_FINAL_2026-04-30/02_Large_Requests/02_Therapeutic_Meeting_Suite/03_ItemizedList.docx,/Users/jm/Clinical/BHU Annual Fund Brainstorm/Drafts_2026-04-30/ItemList_02_MeetingSuite.docx,53a2669a34cce35a203be25f29871ca9a2e09b02f11eaa0c7f773ea6c09d89b7
/Users/jm/Clinical/BHU Annual Fund Brainstorm/Portfolio_FINAL_2026-04-30/Review_Packet_for_Russell_and_Wright/02_Therapeutic_Meeting_Suite/03_ItemizedList.docx,/Users/jm/_Dedupe_Quarantine_2026-06-26/Clinical/BHU Annual Fund Brainstorm/Portfolio_FINAL_2026-04-30/Review_Packet_for_Russell_and_Wright/02_Therapeutic_Meeting_Suite/03_ItemizedList.docx,/Users/jm/Clinical/BHU Annual Fund Brainstorm/Drafts_2026-04-30/ItemList_02_MeetingSuite.docx,53a2669a34cce35a203be25f29871ca9a2e09b02f11eaa0c7f773ea6c09d89b7
/Users/jm/Clinical/BHU Annual Fund Brainstorm/Portfolio_FINAL_2026-04-30/Review_Packet_for_Russell_and_Wright/Files_to_Attach_to_Email/ItemizedList_02_TherapeuticMeetingSuite.docx,/Users/jm/_Dedupe_Quarantine_2026-06-26/Clinical/BHU Annual Fund Brainstorm/Portfolio_FINAL_2026-04-30/Review_Packet_for_Russell_and_Wright/Files_to_Attach_to_Email/ItemizedList_02_TherapeuticMeetingSuite.docx,/Users/jm/Clinical/BHU Annual Fund Brainstorm/Drafts_2026-04-30/ItemList_02_MeetingSuite.docx,53a2669a34cce35a203be25f29871ca9a2e09b02f11eaa0c7f773ea6c09d89b7
/Users/jm/Clinical/BHU Annual Fund Brainstorm/Portfolio_FINAL_2026-04-30/Review_Packet_for_Russell_and_Wright/Files_to_Attach_to_Email/ItemizedList_03_PsychoedLibraryAudio.docx,/Users/jm/_Dedupe_Quarantine_2026-06-26/Clinical/BHU Annual Fund Brainstorm/Portfolio_FINAL_2026-04-30/Review_Packet_for_Russell_and_Wright/Files_to_Attach_to_Email/ItemizedList_03_PsychoedLibraryAudio.docx,/Users/jm/Clinical/BHU Annual Fund Brainstorm/Portfolio_FINAL_2026-04-30/Review_Packet_for_Russell_and_Wright/03_Psychoed_Library_Audio/03_ItemizedList.docx,11ec91862ac638fb45ff9f0f1892412a9270103161cadc771a9be92fa4b72bdc
/Users/jm/Clinical/BHU Annual Fund Brainstorm/Portfolio_FINAL_2026-04-30/02_Large_Requests/03_Telehealth_Only/03_ItemizedList.docx,/Users/jm/_Dedupe_Quarantine_2026-06-26/Clinical/BHU Annual Fund Brainstorm/Portfolio_FINAL_2026-04-30/02_Large_Requests/03_Telehealth_Only/03_ItemizedList.docx,/Users/jm/Clinical/BHU Annual Fund Brainstorm/Drafts_2026-04-30/ItemList_03_TelehealthOnly.docx,cc8a68abd56e0008996c0029e62a29b5ee6602c7c0b913ff31a79c2d6f092f97
/Users/jm/Clinical/Presentations:Meeting/MEDSTAFF DINNER/Family-Therapy-Inpatient-Evidence-Repository and FINISHED SLIDE DECK/10_MedStaff_Dinner_June9/03_QA_Ambush_Pack.md,/Users/jm/_Dedupe_Quarantine_2026-06-26/Clinical/Presentations:Meeting/MEDSTAFF DINNER/Family-Therapy-Inpatient-Evidence-Repository and FINISHED SLIDE DECK/10_MedStaff_Dinner_June9/03_QA_Ambush_Pack.md,/Users/jm/Family-Therapy-Inpatient-Evidence-Repository/10_MedStaff_Dinner_June9/03_QA_Ambush_Pack.md,d90def8c39358867fc6ff42ef1ec57f140bdaa6feb51135f22b7cf583fea1522
/Users/jm/Clinical/Presentations:Meeting/Family-Therapy-Didactic-June16/Archived versions/Family-Therapy-Didactic-June16/Slides/Versions/03_Seminar_Slides.pptx,/Users/jm/_Dedupe_Quarantine_2026-06-26/Clinical/Presentations:Meeting/Family-Therapy-Didactic-June16/Archived versions/Family-Therapy-Didactic-June16/Slides/Versions/03_Seminar_Slides.pptx,/Users/jm/Clinical/Presentations:Meeting/Family-Therapy-Didactic-June16/Slides/Versions/03_Seminar_Slides.pptx,a2a0efa6bb1f509f08099ba467ff1ca8fb9840950dc9e57bdcea30ff82b73099
/Users/jm/Clinical/Presentations:Meeting/Family-Therapy-Didactic-June16/Archived versions/Family-Therapy-Didactic-June16/NotebookLM-Videos/03_Video_Source_The_Revolving_Door.md,/Users/jm/_Dedupe_Quarantine_2026-06-26/Clinical/Presentations:Meeting/Family-Therapy-Didactic-June16/Archived versions/Family-Therapy-Didactic-June16/NotebookLM-Videos/03_Video_Source_The_Revolving_Door.md,/Users/jm/Clinical/Presentations:Meeting/Family-Therapy-Didactic-June16/NotebookLM-Videos/03_Video_Source_The_Revolving_Door.md,f7db8b4ad498f81eee050575105ae0dd1a90ae21a209660ffd482483a7a69bb2
/Users/jm/Clinical/Presentations:Meeting/Family-Therapy-Didactic-June16/Archived versions/Family-Therapy-Didactic-June16/04_Reply_to_Mary_PreReading.md,/Users/jm/_Dedupe_Quarantine_2026-06-26/Clinical/Presentations:Meeting/Family-Therapy-Didactic-June16/Archived versions/Family-Therapy-Didactic-June16/04_Reply_to_Mary_PreReading.md,/Users/jm/Clinical/Presentations:Meeting/Family-Therapy-Didactic-June16/04_Reply_to_Mary_PreReading.md,baf10d91620fe1de5c57d32bd2bed0b2b94a3001ffe095c8ae0c58781572d534
/Users/jm/Clinical/Presentations:Meeting/MEDSTAFF DINNER/Family-Therapy-Inpatient-Evidence-Repository and FINISHED SLIDE DECK/10_MedStaff_Dinner_June9/04_Run_of_Show_Checklist.md,/Users/jm/_Dedupe_Quarantine_2026-06-26/Clinical/Presentations:Meeting/MEDSTAFF DINNER/Family-Therapy-Inpatient-Evidence-Repository and FINISHED SLIDE DECK/10_MedStaff_Dinner_June9/04_Run_of_Show_Checklist.md,/Users/jm/Family-Therapy-Inpatient-Evidence-Repository/10_MedStaff_Dinner_June9/04_Run_of_Show_Checklist.md,aca6853e549b2b56eba20bd8adaab763a02f10b48ef89e71a0601151bba3c541
/Users/jm/Clinical/Presentations:Meeting/Family-Therapy-Didactic-June16/Archived versions/Family-Therapy-Didactic-June16/NotebookLM-Videos/04_Video_Source_First_Break_Whole_Family.md,/Users/jm/_Dedupe_Quarantine_2026-06-26/Clinical/Presentations:Meeting/Family-Therapy-Didactic-June16/Archived versions/Family-Therapy-Didactic-June16/NotebookLM-Videos/04_Video_Source_First_Break_Whole_Family.md,/Users/jm/Clinical/Presentations:Meeting/Family-Therapy-Didactic-June16/NotebookLM-Videos/04_Video_Source_First_Break_Whole_Family.md,c78032e85f8d795754aa601e29486cad9f56d568a27c339a4016ab3169445802
/Users/jm/Clinical/Presentations:Meeting/MEDSTAFF DINNER/Family-Therapy-Inpatient-Evidence-Repository and FINISHED SLIDE DECK/10_MedStaff_Dinner_June9/05_Deck_BHU2MODEL_WITH_VIDEO_EMAIL_v2.pptx,/Users/jm/_Dedupe_Quarantine_2026-06-26/Clinical/Presentations:Meeting/MEDSTAFF DINNER/Family-Therapy-Inpatient-Evidence-Repository and FINISHED SLIDE DECK/10_MedStaff_Dinner_June9/05_Deck_BHU2MODEL_WITH_VIDEO_EMAIL_v2.pptx,/Users/jm/Family-Therapy-Inpatient-Evidence-Repository/10_MedStaff_Dinner_June9/05_Deck_BHU2MODEL_WITH_VIDEO_EMAIL_v2.pptx,99e96051211c359279beb682ac52bc2dd027709950c3ba4c54cb82ead25a2e84
/Users/jm/Clinical/Presentations:Meeting/MEDSTAFF DINNER/Family-Therapy-Inpatient-Evidence-Repository and FINISHED SLIDE DECK/10_MedStaff_Dinner_June9/05_Deck_BHU2MODEL_WITH_VIDEO_EMAIL_v3.pptx,/Users/jm/_Dedupe_Quarantine_2026-06-26/Clinical/Presentations:Meeting/MEDSTAFF DINNER/Family-Therapy-Inpatient-Evidence-Repository and FINISHED SLIDE DECK/10_MedStaff_Dinner_June9/05_Deck_BHU2MODEL_WITH_VIDEO_EMAIL_v3.pptx,/Users/jm/Family-Therapy-Inpatient-Evidence-Repository/10_MedStaff_Dinner_June9/05_Deck_BHU2MODEL_WITH_VIDEO_EMAIL_v3.pptx,be863bd002b5d05322e8018e1da673b32ec06209b5377e6d1f56544ceb65b5f4
/Users/jm/Clinical/Presentations:Meeting/MEDSTAFF DINNER/Family-Therapy-Inpatient-Evidence-Repository and FINISHED SLIDE DECK/10_MedStaff_Dinner_June9/05_Deck_BHU2MODEL_WITH_VIDEO_v2.pptx,/Users/jm/_Dedupe_Quarantine_2026-06-26/Clinical/Presentations:Meeting/MEDSTAFF DINNER/Family-Therapy-Inpatient-Evidence-Repository and FINISHED SLIDE DECK/10_MedStaff_Dinner_June9/05_Deck_BHU2MODEL_WITH_VIDEO_v2.pptx,/Users/jm/Family-Therapy-Inpatient-Evidence-Repository/10_MedStaff_Dinner_June9/05_Deck_BHU2MODEL_WITH_VIDEO_v2.pptx,95dc312f3c4a9d9442562fb512b81d0946e9a0fca086c84a5583563d0a601e7c
/Users/jm/Clinical/Presentations:Meeting/MEDSTAFF DINNER/Family-Therapy-Inpatient-Evidence-Repository and FINISHED SLIDE DECK/10_MedStaff_Dinner_June9/05_Deck_EDITED_WITH_VIDEO.pptx,/Users/jm/_Dedupe_Quarantine_2026-06-26/Clinical/Presentations:Meeting/MEDSTAFF DINNER/Family-Therapy-Inpatient-Evidence-Repository and FINISHED SLIDE DECK/10_MedStaff_Dinner_June9/05_Deck_EDITED_WITH_VIDEO.pptx,/Users/jm/Family-Therapy-Inpatient-Evidence-Repository/10_MedStaff_Dinner_June9/05_Deck_EDITED_WITH_VIDEO.pptx,2d1be3112111149aaa68fabe97b2c0f7388ec5c05963f19d7992e0cdbc3c8381
/Users/jm/Clinical/Presentations:Meeting/MEDSTAFF DINNER/Family-Therapy-Inpatient-Evidence-Repository and FINISHED SLIDE DECK/10_MedStaff_Dinner_June9/05_Deck_RML_WITH_VIDEO.pptx,/Users/jm/_Dedupe_Quarantine_2026-06-26/Clinical/Presentations:Meeting/MEDSTAFF DINNER/Family-Therapy-Inpatient-Evidence-Repository and FINISHED SLIDE DECK/10_MedStaff_Dinner_June9/05_Deck_RML_WITH_VIDEO.pptx,/Users/jm/Family-Therapy-Inpatient-Evidence-Repository/10_MedStaff_Dinner_June9/05_Deck_RML_WITH_VIDEO.pptx,c60ea6803bbedefb1e1beccef323e252bd3ada2d71ba9e629cf5313ebe677297
/Users/jm/Clinical/Presentations:Meeting/MEDSTAFF DINNER/Family-Therapy-Inpatient-Evidence-Repository and FINISHED SLIDE DECK/10_MedStaff_Dinner_June9/05_Deck_RML_WITH_VIDEO_EMAIL.pptx,/Users/jm/_Dedupe_Quarantine_2026-06-26/Clinical/Presentations:Meeting/MEDSTAFF DINNER/Family-Therapy-Inpatient-Evidence-Repository and FINISHED SLIDE DECK/10_MedStaff_Dinner_June9/05_Deck_RML_WITH_VIDEO_EMAIL.pptx,/Users/jm/Family-Therapy-Inpatient-Evidence-Repository/10_MedStaff_Dinner_June9/05_Deck_RML_WITH_VIDEO_EMAIL.pptx,3c92727f0c36fb7fc4a0b649347464c5fa971f66fce3301cee3c2143274ad4db
/Users/jm/Clinical/Presentations:Meeting/MEDSTAFF DINNER/Family-Therapy-Inpatient-Evidence-Repository and FINISHED SLIDE DECK/10_MedStaff_Dinner_June9/05_Family_Is_The_Milieu_Deck.pptx,/Users/jm/_Dedupe_Quarantine_2026-06-26/Clinical/Presentations:Meeting/MEDSTAFF DINNER/Family-Therapy-Inpatient-Evidence-Repository and FINISHED SLIDE DECK/10_MedStaff_Dinner_June9/05_Family_Is_The_Milieu_Deck.pptx,/Users/jm/Family-Therapy-Inpatient-Evidence-Repository/10_MedStaff_Dinner_June9/05_Family_Is_The_Milieu_Deck.pptx,84c3033e1f251ce6d8119f1689889f838b1d371c0865e882bb421ad133d241c0
/Users/jm/Clinical/Presentations:Meeting/MEDSTAFF DINNER/Family-Therapy-Inpatient-Evidence-Repository and FINISHED SLIDE DECK/10_MedStaff_Dinner_June9/FINAL PRESENTATION MATERIAL/05_Family_Is_The_Milieu_Deck.pptx,/Users/jm/_Dedupe_Quarantine_2026-06-26/Clinical/Presentations:Meeting/MEDSTAFF DINNER/Family-Therapy-Inpatient-Evidence-Repository and FINISHED SLIDE DECK/10_MedStaff_Dinner_June9/FINAL PRESENTATION MATERIAL/05_Family_Is_The_Milieu_Deck.pptx,/Users/jm/Family-Therapy-Inpatient-Evidence-Repository/10_MedStaff_Dinner_June9/FINAL PRESENTATION MATERIAL/05_Family_Is_The_Milieu_Deck.pptx,39db36f2ac3c1b177945430dbc89f7bbe106062f34ff9d9cc552faba9c094445
/Users/jm/Clinical/Presentations:Meeting/MEDSTAFF DINNER/Family-Therapy-Inpatient-Evidence-Repository and FINISHED SLIDE DECK/10_MedStaff_Dinner_June9/05_Family_Is_The_Milieu_Deck_BHU2MODEL.pptx,/Users/jm/_Dedupe_Quarantine_2026-06-26/Clinical/Presentations:Meeting/MEDSTAFF DINNER/Family-Therapy-Inpatient-Evidence-Repository and FINISHED SLIDE DECK/10_MedStaff_Dinner_June9/05_Family_Is_The_Milieu_Deck_BHU2MODEL.pptx,/Users/jm/Family-Therapy-Inpatient-Evidence-Repository/10_MedStaff_Dinner_June9/05_Family_Is_The_Milieu_Deck_BHU2MODEL.pptx,c603091bd0e3dd2b0309b333830ba38346b6230971537b5097ce895d9f8fd825
/Users/jm/Clinical/Presentations:Meeting/MEDSTAFF DINNER/Family-Therapy-Inpatient-Evidence-Repository and FINISHED SLIDE DECK/10_MedStaff_Dinner_June9/05_Family_Is_The_Milieu_Deck_BHU2MODEL_WITH_VIDEO.pptx,/Users/jm/_Dedupe_Quarantine_2026-06-26/Clinical/Presentations:Meeting/MEDSTAFF DINNER/Family-Therapy-Inpatient-Evidence-Repository and FINISHED SLIDE DECK/10_MedStaff_Dinner_June9/05_Family_Is_The_Milieu_Deck_BHU2MODEL_WITH_VIDEO.pptx,/Users/jm/Family-Therapy-Inpatient-Evidence-Repository/10_MedStaff_Dinner_June9/05_Family_Is_The_Milieu_Deck_BHU2MODEL_WITH_VIDEO.pptx,d4aedfe979e220a4039d990f335fccf5d083584ce73eeae4798dc0c4599cb99d
/Users/jm/Clinical/Presentations:Meeting/MEDSTAFF DINNER/Family-Therapy-Inpatient-Evidence-Repository and FINISHED SLIDE DECK/10_MedStaff_Dinner_June9/05_Family_Is_The_Milieu_Deck_NO_VIDEO.pptx,/Users/jm/_Dedupe_Quarantine_2026-06-26/Clinical/Presentations:Meeting/MEDSTAFF DINNER/Family-Therapy-Inpatient-Evidence-Repository and FINISHED SLIDE DECK/10_MedStaff_Dinner_June9/05_Family_Is_The_Milieu_Deck_NO_VIDEO.pptx,/Users/jm/Family-Therapy-Inpatient-Evidence-Repository/10_MedStaff_Dinner_June9/05_Family_Is_The_Milieu_Deck_NO_VIDEO.pptx,5894abf05bc9fce427564c5fa0947352d84411312feffee65add9a1327548f86
/Users/jm/Clinical/Presentations:Meeting/MEDSTAFF DINNER/Family-Therapy-Inpatient-Evidence-Repository and FINISHED SLIDE DECK/10_MedStaff_Dinner_June9/05_Family_Is_The_Milieu_Deck_WITH_VIDEO.pptx,/Users/jm/_Dedupe_Quarantine_2026-06-26/Clinical/Presentations:Meeting/MEDSTAFF DINNER/Family-Therapy-Inpatient-Evidence-Repository and FINISHED SLIDE DECK/10_MedStaff_Dinner_June9/05_Family_Is_The_Milieu_Deck_WITH_VIDEO.pptx,/Users/jm/Family-Therapy-Inpatient-Evidence-Repository/10_MedStaff_Dinner_June9/05_Family_Is_The_Milieu_Deck_WITH_VIDEO.pptx,999209888058514cb728d4a6dc111892a41afe8c92a5de2f27d6385daaff1c57
/Users/jm/Clinical/Presentations:Meeting/MEDSTAFF DINNER/Family-Therapy-Inpatient-Evidence-Repository and FINISHED SLIDE DECK/10_MedStaff_Dinner_June9/05_Family_Is_The_Milieu_Deck_WITH_VIDEO_EMAIL.pptx,/Users/jm/_Dedupe_Quarantine_2026-06-26/Clinical/Presentations:Meeting/MEDSTAFF DINNER/Family-Therapy-Inpatient-Evidence-Repository and FINISHED SLIDE DECK/10_MedStaff_Dinner_June9/05_Family_Is_The_Milieu_Deck_WITH_VIDEO_EMAIL.pptx,/Users/jm/Family-Therapy-Inpatient-Evidence-Repository/10_MedStaff_Dinner_June9/05_Family_Is_The_Milieu_Deck_WITH_VIDEO_EMAIL.pptx,f89d4f77fde5436334db13506a946e185edb1edcbd348479a247238ac7919133
/Users/jm/Clinical/Presentations:Meeting/Family-Therapy-Didactic-June16/Archived versions/Family-Therapy-Didactic-June16/NotebookLM-Videos/05_Video_Source_The_Enabling_System.md,/Users/jm/_Dedupe_Quarantine_2026-06-26/Clinical/Presentations:Meeting/Family-Therapy-Didactic-June16/Archived versions/Family-Therapy-Didactic-June16/NotebookLM-Videos/05_Video_Source_The_Enabling_System.md,/Users/jm/Clinical/Presentations:Meeting/Family-Therapy-Didactic-June16/NotebookLM-Videos/05_Video_Source_The_Enabling_System.md,69e4562841ff911e47a846bdad01569f1691b327e390ed33a82fe7d8e5978dec
/Users/jm/Clinical/Presentations:Meeting/MEDSTAFF DINNER/Family-Therapy-Inpatient-Evidence-Repository and FINISHED SLIDE DECK/10_MedStaff_Dinner_June9/FINAL PRESENTATION MATERIAL/06_Presenter_Pack_Final.md,/Users/jm/_Dedupe_Quarantine_2026-06-26/Clinical/Presentations:Meeting/MEDSTAFF DINNER/Family-Therapy-Inpatient-Evidence-Repository and FINISHED SLIDE DECK/10_MedStaff_Dinner_June9/FINAL PRESENTATION MATERIAL/06_Presenter_Pack_Final.md,/Users/jm/Family-Therapy-Inpatient-Evidence-Repository/10_MedStaff_Dinner_June9/FINAL PRESENTATION MATERIAL/06_Presenter_Pack_Final.md,c4de7ef2f1580d6fb4733af13cfb4dd9826bfa6dba8619a8a3652ff0219d4b3b
/Users/jm/Clinical/Teaching/Family_Meeting_Didactic_2026/NotebookLM_Package/Evidence_Review.md,/Users/jm/_Dedupe_Quarantine_2026-06-26/Clinical/Teaching/Family_Meeting_Didactic_2026/NotebookLM_Package/Evidence_Review.md,/Users/jm/Clinical/Teaching/Family_Meeting_Didactic_2026/07_Evidence_Review.md,77d0512f9cdcb9d0c2fb35c4b8c49cebcbd83c0a5c082d776f436d754a7bf839
/Users/jm/Clinical/Presentations:Meeting/MEDSTAFF DINNER/Family-Therapy-Inpatient-Evidence-Repository and FINISHED SLIDE DECK/10_MedStaff_Dinner_June9/07_Practice_Script_FINAL.md,/Users/jm/_Dedupe_Quarantine_2026-06-26/Clinical/Presentations:Meeting/MEDSTAFF DINNER/Family-Therapy-Inpatient-Evidence-Repository and FINISHED SLIDE DECK/10_MedStaff_Dinner_June9/07_Practice_Script_FINAL.md,/Users/jm/Family-Therapy-Inpatient-Evidence-Repository/10_MedStaff_Dinner_June9/07_Practice_Script_FINAL.md,fe55db9e76f1481f52e3d5c72698b1c997b1804a76df4ac75a734aaf0ee132d0
/Users/jm/Clinical/Presentations:Meeting/MEDSTAFF DINNER/Family-Therapy-Inpatient-Evidence-Repository and FINISHED SLIDE DECK/10_MedStaff_Dinner_June9/08_Short_Script_4min_Video.md,/Users/jm/_Dedupe_Quarantine_2026-06-26/Clinical/Presentations:Meeting/MEDSTAFF DINNER/Family-Therapy-Inpatient-Evidence-Repository and FINISHED SLIDE DECK/10_MedStaff_Dinner_June9/08_Short_Script_4min_Video.md,/Users/jm/Family-Therapy-Inpatient-Evidence-Repository/10_MedStaff_Dinner_June9/08_Short_Script_4min_Video.md,c1d4b699648141f7aec247d239905c151eb4140bac3482a69fe94dd17d6d495f
/Users/jm/Clinical/Presentations:Meeting/MEDSTAFF DINNER/Family-Therapy-Inpatient-Evidence-Repository and FINISHED SLIDE DECK/10_MedStaff_Dinner_June9/09_FINAL_Script_and_RunOfShow.md,/Users/jm/_Dedupe_Quarantine_2026-06-26/Clinical/Presentations:Meeting/MEDSTAFF DINNER/Family-Therapy-Inpatient-Evidence-Repository and FINISHED SLIDE DECK/10_MedStaff_Dinner_June9/09_FINAL_Script_and_RunOfShow.md,/Users/jm/Family-Therapy-Inpatient-Evidence-Repository/10_MedStaff_Dinner_June9/09_FINAL_Script_and_RunOfShow.md,c9c0b1aecbb8a48d1d61f4acd8b6b62b1d1718b0f0fabdd79b067966dc0ff932
/Users/jm/Clinical/Presentations:Meeting/MEDSTAFF DINNER/Family-Therapy-Inpatient-Evidence-Repository and FINISHED SLIDE DECK/10_MedStaff_Dinner_June9/10_Final_Script.docx,/Users/jm/_Dedupe_Quarantine_2026-06-26/Clinical/Presentations:Meeting/MEDSTAFF DINNER/Family-Therapy-Inpatient-Evidence-Repository and FINISHED SLIDE DECK/10_MedStaff_Dinner_June9/10_Final_Script.docx,/Users/jm/Family-Therapy-Inpatient-Evidence-Repository/10_MedStaff_Dinner_June9/10_Final_Script.docx,a3eee6954ead84b5aa91d6d3d1896abf3d031ee8f2d72dfbcda759c713313d6e
/Users/jm/Clinical/Presentations:Meeting/MEDSTAFF DINNER/Family-Therapy-Inpatient-Evidence-Repository and FINISHED SLIDE DECK/10_MedStaff_Dinner_June9/10_Final_Script.pdf,/Users/jm/_Dedupe_Quarantine_2026-06-26/Clinical/Presentations:Meeting/MEDSTAFF DINNER/Family-Therapy-Inpatient-Evidence-Repository and FINISHED SLIDE DECK/10_MedStaff_Dinner_June9/10_Final_Script.pdf,/Users/jm/Family-Therapy-Inpatient-Evidence-Repository/10_MedStaff_Dinner_June9/10_Final_Script.pdf,0466f208a8abcc8fc9a43f50d739c891ee754a6f6d97ebc8e72b6d261bc30a8b
/Users/jm/Clinical/Presentations:Meeting/MEDSTAFF DINNER/Family-Therapy-Inpatient-Evidence-Repository and FINISHED SLIDE DECK/10_MedStaff_Dinner_June9/FINAL PRESENTATION MATERIAL/10_Final_Script.docx,/Users/jm/_Dedupe_Quarantine_2026-06-26/Clinical/Presentations:Meeting/MEDSTAFF DINNER/Family-Therapy-Inpatient-Evidence-Repository and FINISHED SLIDE DECK/10_MedStaff_Dinner_June9/FINAL PRESENTATION MATERIAL/10_Final_Script.docx,/Users/jm/Family-Therapy-Inpatient-Evidence-Repository/10_MedStaff_Dinner_June9/FINAL PRESENTATION MATERIAL/10_Final_Script.docx,ec0545573280630a8148d749a4c807afa6c5f05bf7e873e817d96f1c7efca655
/Users/jm/Clinical/Presentations:Meeting/MEDSTAFF DINNER/Family-Therapy-Inpatient-Evidence-Repository and FINISHED SLIDE DECK/10_MedStaff_Dinner_June9/FINAL PRESENTATION MATERIAL/10_Final_Script.pdf,/Users/jm/_Dedupe_Quarantine_2026-06-26/Clinical/Presentations:Meeting/MEDSTAFF DINNER/Family-Therapy-Inpatient-Evidence-Repository and FINISHED SLIDE DECK/10_MedStaff_Dinner_June9/FINAL PRESENTATION MATERIAL/10_Final_Script.pdf,/Users/jm/Family-Therapy-Inpatient-Evidence-Repository/10_MedStaff_Dinner_June9/FINAL PRESENTATION MATERIAL/10_Final_Script.pdf,a1d3964f4c1df37494b61e97948832eb82edaf2bb6b8b70291a0513a16ba8f20
/Users/jm/Clinical/reconnect-video-content/Scripts/10_Preparing_for_Discharge.md,/Users/jm/_Dedupe_Quarantine_2026-06-26/Clinical/reconnect-video-content/Scripts/10_Preparing_for_Discharge.md,/Users/jm/Code/reconnect-psychiatry-system/teaching/video-content/Scripts/10_Preparing_for_Discharge.md,6376b5447dc79a350809c31c794371e6aab38ff9a78bf00af9e98840bbda8caa
/Users/jm/Clinical/Presentations:Meeting/MEDSTAFF DINNER/Family-Therapy-Inpatient-Evidence-Repository and FINISHED SLIDE DECK/10_MedStaff_Dinner_June9/FINAL PRESENTATION MATERIAL/11_One_Pager_Family_Is_The_Milieu.docx,/Users/jm/_Dedupe_Quarantine_2026-06-26/Clinical/Presentations:Meeting/MEDSTAFF DINNER/Family-Therapy-Inpatient-Evidence-Repository and FINISHED SLIDE DECK/10_MedStaff_Dinner_June9/FINAL PRESENTATION MATERIAL/11_One_Pager_Family_Is_The_Milieu.docx,/Users/jm/Family-Therapy-Inpatient-Evidence-Repository/10_MedStaff_Dinner_June9/FINAL PRESENTATION MATERIAL/11_One_Pager_Family_Is_The_Milieu.docx,f8750df254611bad12ebca1022f301f2820980d926b266b680d01e9abac6cd0a
/Users/jm/Clinical/Presentations:Meeting/MEDSTAFF DINNER/Family-Therapy-Inpatient-Evidence-Repository and FINISHED SLIDE DECK/10_MedStaff_Dinner_June9/FINAL PRESENTATION MATERIAL/11_One_Pager_Family_Is_The_Milieu.pdf,/Users/jm/_Dedupe_Quarantine_2026-06-26/Clinical/Presentations:Meeting/MEDSTAFF DINNER/Family-Therapy-Inpatient-Evidence-Repository and FINISHED SLIDE DECK/10_MedStaff_Dinner_June9/FINAL PRESENTATION MATERIAL/11_One_Pager_Family_Is_The_Milieu.pdf,/Users/jm/Family-Therapy-Inpatient-Evidence-Repository/10_MedStaff_Dinner_June9/FINAL PRESENTATION MATERIAL/11_One_Pager_Family_Is_The_Milieu.pdf,af2b4a5a40c0a733aff0fe826116811567b1bc2d3dbedf46fd713fcbf5ff1825
/Users/jm/Clinical/Presentations:Meeting/MEDSTAFF DINNER/Family-Therapy-Inpatient-Evidence-Repository and FINISHED SLIDE DECK/10_MedStaff_Dinner_June9/12_Contingency_Script_NoVideo.md,/Users/jm/_Dedupe_Quarantine_2026-06-26/Clinical/Presentations:Meeting/MEDSTAFF DINNER/Family-Therapy-Inpatient-Evidence-Repository and FINISHED SLIDE DECK/10_MedStaff_Dinner_June9/12_Contingency_Script_NoVideo.md,/Users/jm/Family-Therapy-Inpatient-Evidence-Repository/10_MedStaff_Dinner_June9/12_Contingency_Script_NoVideo.md,537b0c93d363fd1f42bbeeaab7e61795740928589803a2c6d403bff257752fa5
/Users/jm/Clinical/Presentations:Meeting/MEDSTAFF DINNER/Family-Therapy-Inpatient-Evidence-Repository and FINISHED SLIDE DECK/10_MedStaff_Dinner_June9/13_Memorize_Card_and_Article_Links.md,/Users/jm/_Dedupe_Quarantine_2026-06-26/Clinical/Presentations:Meeting/MEDSTAFF DINNER/Family-Therapy-Inpatient-Evidence-Repository and FINISHED SLIDE DECK/10_MedStaff_Dinner_June9/13_Memorize_Card_and_Article_Links.md,/Users/jm/Family-Therapy-Inpatient-Evidence-Repository/10_MedStaff_Dinner_June9/13_Memorize_Card_and_Article_Links.md,c64d46796ca9bb1d598040b99b6596dea67ac6fee6de274c142d89cfd224a4d9
/Users/jm/Clinical/Presentations:Meeting/MEDSTAFF DINNER/Family-Therapy-Inpatient-Evidence-Repository and FINISHED SLIDE DECK/10_MedStaff_Dinner_June9/13_Memorize_Card_and_Article_Links.pdf,/Users/jm/_Dedupe_Quarantine_2026-06-26/Clinical/Presentations:Meeting/MEDSTAFF DINNER/Family-Therapy-Inpatient-Evidence-Repository and FINISHED SLIDE DECK/10_MedStaff_Dinner_June9/13_Memorize_Card_and_Article_Links.pdf,/Users/jm/Family-Therapy-Inpatient-Evidence-Repository/10_MedStaff_Dinner_June9/13_Memorize_Card_and_Article_Links.pdf,15bad2da12b44d6d53f4f8bdbd6f29dd95f9c36d58d4c7d2aca5982f1853cf9b
/Users/jm/Clinical/Presentations:Meeting/MEDSTAFF DINNER/Family-Therapy-Inpatient-Evidence-Repository and FINISHED SLIDE DECK/10_MedStaff_Dinner_June9/16_BHU2_Model.pdf,/Users/jm/_Dedupe_Quarantine_2026-06-26/Clinical/Presentations:Meeting/MEDSTAFF DINNER/Family-Therapy-Inpatient-Evidence-Repository and FINISHED SLIDE DECK/10_MedStaff_Dinner_June9/16_BHU2_Model.pdf,/Users/jm/Family-Therapy-Inpatient-Evidence-Repository/10_MedStaff_Dinner_June9/16_BHU2_Model.pdf,497d52b33c75fc940ad20889bbc6c9dd6e77a0552da7b443b22ce11ae5202fae
/Users/jm/Clinical/Presentations:Meeting/MEDSTAFF DINNER/Family-Therapy-Inpatient-Evidence-Repository and FINISHED SLIDE DECK/10_MedStaff_Dinner_June9/16_BHU2_Model.docx,/Users/jm/_Dedupe_Quarantine_2026-06-26/Clinical/Presentations:Meeting/MEDSTAFF DINNER/Family-Therapy-Inpatient-Evidence-Repository and FINISHED SLIDE DECK/10_MedStaff_Dinner_June9/16_BHU2_Model.docx,/Users/jm/Family-Therapy-Inpatient-Evidence-Repository/10_MedStaff_Dinner_June9/16_BHU2_Model.docx,3c30ed763235a5f605050a58ce8bddc9bc9e0e0d5cc8da803dcf2fac991230ca
/Users/jm/Clinical/Presentations:Meeting/MEDSTAFF DINNER/Family-Therapy-Inpatient-Evidence-Repository and FINISHED SLIDE DECK/10_MedStaff_Dinner_June9/17_BHU2_Model_Variant_README.md,/Users/jm/_Dedupe_Quarantine_2026-06-26/Clinical/Presentations:Meeting/MEDSTAFF DINNER/Family-Therapy-Inpatient-Evidence-Repository and FINISHED SLIDE DECK/10_MedStaff_Dinner_June9/17_BHU2_Model_Variant_README.md,/Users/jm/Family-Therapy-Inpatient-Evidence-Repository/10_MedStaff_Dinner_June9/17_BHU2_Model_Variant_README.md,2dccb82bd68740053780d91bd18b6a75a2d167ff9aa819768f8ab53ce2f64c09
/Users/jm/Clinical/Presentations:Meeting/MEDSTAFF DINNER/Family-Therapy-Inpatient-Evidence-Repository and FINISHED SLIDE DECK/10_MedStaff_Dinner_June9/18_Speaker_Script_with_BHU2_Model.docx,/Users/jm/_Dedupe_Quarantine_2026-06-26/Clinical/Presentations:Meeting/MEDSTAFF DINNER/Family-Therapy-Inpatient-Evidence-Repository and FINISHED SLIDE DECK/10_MedStaff_Dinner_June9/18_Speaker_Script_with_BHU2_Model.docx,/Users/jm/Family-Therapy-Inpatient-Evidence-Repository/10_MedStaff_Dinner_June9/18_Speaker_Script_with_BHU2_Model.docx,30019ddb24a4a2813cda24390c0efc3be9c8555f1b56aeeb3bd265dc102434f2
/Users/jm/Clinical/Presentations:Meeting/MEDSTAFF DINNER/Family-Therapy-Inpatient-Evidence-Repository and FINISHED SLIDE DECK/10_MedStaff_Dinner_June9/18_Speaker_Script_with_BHU2_Model.pdf,/Users/jm/_Dedupe_Quarantine_2026-06-26/Clinical/Presentations:Meeting/MEDSTAFF DINNER/Family-Therapy-Inpatient-Evidence-Repository and FINISHED SLIDE DECK/10_MedStaff_Dinner_June9/18_Speaker_Script_with_BHU2_Model.pdf,/Users/jm/Family-Therapy-Inpatient-Evidence-Repository/10_MedStaff_Dinner_June9/18_Speaker_Script_with_BHU2_Model.pdf,a4b8d86e5cad60ab03887f7cee56a50cd02457465adb74d646c65c44cb8bd0fb
/Users/jm/Clinical/Presentations:Meeting/MEDSTAFF DINNER/Family-Therapy-Inpatient-Evidence-Repository and FINISHED SLIDE DECK/10_MedStaff_Dinner_June9/18_Speaker_Script_with_BHU2_Model_v2.docx,/Users/jm/_Dedupe_Quarantine_2026-06-26/Clinical/Presentations:Meeting/MEDSTAFF DINNER/Family-Therapy-Inpatient-Evidence-Repository and FINISHED SLIDE DECK/10_MedStaff_Dinner_June9/18_Speaker_Script_with_BHU2_Model_v2.docx,/Users/jm/Family-Therapy-Inpatient-Evidence-Repository/10_MedStaff_Dinner_June9/18_Speaker_Script_with_BHU2_Model_v2.docx,09a23449d7a7bd165e602840eb7e4dd102de1376f83189ed58683619c12c10cb
/Users/jm/Clinical/Presentations:Meeting/MEDSTAFF DINNER/Family-Therapy-Inpatient-Evidence-Repository and FINISHED SLIDE DECK/10_MedStaff_Dinner_June9/18_Speaker_Script_with_BHU2_Model_v2.pdf,/Users/jm/_Dedupe_Quarantine_2026-06-26/Clinical/Presentations:Meeting/MEDSTAFF DINNER/Family-Therapy-Inpatient-Evidence-Repository and FINISHED SLIDE DECK/10_MedStaff_Dinner_June9/18_Speaker_Script_with_BHU2_Model_v2.pdf,/Users/jm/Family-Therapy-Inpatient-Evidence-Repository/10_MedStaff_Dinner_June9/18_Speaker_Script_with_BHU2_Model_v2.pdf,4b2ea4923a3ec92ce20b4b12d3b818e6e9aa8cd7802024dc87987aea3d587aa6
/Users/jm/Clinical/Presentations:Meeting/MEDSTAFF DINNER/Family-Therapy-Inpatient-Evidence-Repository and FINISHED SLIDE DECK/10_MedStaff_Dinner_June9/19_Speaker_Script_RML.pdf,/Users/jm/_Dedupe_Quarantine_2026-06-26/Clinical/Presentations:Meeting/MEDSTAFF DINNER/Family-Therapy-Inpatient-Evidence-Repository and FINISHED SLIDE DECK/10_MedStaff_Dinner_June9/19_Speaker_Script_RML.pdf,/Users/jm/Family-Therapy-Inpatient-Evidence-Repository/10_MedStaff_Dinner_June9/19_Speaker_Script_RML.pdf,e109b7da26555cb7d9ba72435ea8760cf9c08e82fc123ab4d815f61447a834c2
/Users/jm/Clinical/Presentations:Meeting/MEDSTAFF DINNER/Family-Therapy-Inpatient-Evidence-Repository and FINISHED SLIDE DECK/10_MedStaff_Dinner_June9/19_Speaker_Script_RML.docx,/Users/jm/_Dedupe_Quarantine_2026-06-26/Clinical/Presentations:Meeting/MEDSTAFF DINNER/Family-Therapy-Inpatient-Evidence-Repository and FINISHED SLIDE DECK/10_MedStaff_Dinner_June9/19_Speaker_Script_RML.docx,/Users/jm/Family-Therapy-Inpatient-Evidence-Repository/10_MedStaff_Dinner_June9/19_Speaker_Script_RML.docx,85c9f00d595bd5095bbd88a5aa6fbcfd2953307825cc7750fecff88db4213ccc
/Users/jm/Clinical/Presentations:Meeting/Family-Therapy-Didactic-June16/Archived versions/Family-Therapy-Didactic-June16-REVAMP/Reference-and-AI-Prompts/AI_Image_Prompts.md,/Users/jm/_Dedupe_Quarantine_2026-06-26/Clinical/Presentations:Meeting/Family-Therapy-Didactic-June16/Archived versions/Family-Therapy-Didactic-June16-REVAMP/Reference-and-AI-Prompts/AI_Image_Prompts.md,/Users/jm/Clinical/Presentations:Meeting/Family-Therapy-Didactic-June16/Reference-and-AI-Prompts/AI_Image_Prompts.md,d46c0ae46568ae4ef9f3f7fae2dc2202e47f3cb8b9d3773dbd50b63023a58c88
/Users/jm/Clinical/Presentations:Meeting/Family-Therapy-Didactic-June16/Archived versions/Family-Therapy-Didactic-June16/Archived versions/Family-Therapy-Didactic-June16-REVAMP/Reference-and-AI-Prompts/AI_Image_Prompts.md,/Users/jm/_Dedupe_Quarantine_2026-06-26/Clinical/Presentations:Meeting/Family-Therapy-Didactic-June16/Archived versions/Family-Therapy-Didactic-June16/Archived versions/Family-Therapy-Didactic-June16-REVAMP/Reference-and-AI-Prompts/AI_Image_Prompts.md,/Users/jm/Clinical/Presentations:Meeting/Family-Therapy-Didactic-June16/Reference-and-AI-Prompts/AI_Image_Prompts.md,d46c0ae46568ae4ef9f3f7fae2dc2202e47f3cb8b9d3773dbd50b63023a58c88
/Users/jm/Clinical/Presentations:Meeting/Family-Therapy-Didactic-June16/Archived versions/Family-Therapy-Didactic-June16/Reference-and-AI-Prompts/AI_Image_Prompts.md,/Users/jm/_Dedupe_Quarantine_2026-06-26/Clinical/Presentations:Meeting/Family-Therapy-Didactic-June16/Archived versions/Family-Therapy-Didactic-June16/Reference-and-AI-Prompts/AI_Image_Prompts.md,/Users/jm/Clinical/Presentations:Meeting/Family-Therapy-Didactic-June16/Reference-and-AI-Prompts/AI_Image_Prompts.md,d46c0ae46568ae4ef9f3f7fae2dc2202e47f3cb8b9d3773dbd50b63023a58c88
/Users/jm/Clinical/Presentations:Meeting/MEDSTAFF DINNER/Family-Therapy-Inpatient-Evidence-Repository and FINISHED SLIDE DECK/02_Annotated_Bibliography/Annotated_Bibliography.docx,/Users/jm/_Dedupe_Quarantine_2026-06-26/Clinical/Presentations:Meeting/MEDSTAFF DINNER/Family-Therapy-Inpatient-Evidence-Repository and FINISHED SLIDE DECK/02_Annotated_Bibliography/Annotated_Bibliography.docx,/Users/jm/Family-Therapy-Inpatient-Evidence-Repository/02_Annotated_Bibliography/Annotated_Bibliography.docx,71d2fea91581b816a9936864d46fcd16c07c594b952a3468cbd3764bc4f0fb1d
/Users/jm/Clinical/Presentations:Meeting/MEDSTAFF DINNER/Family-Therapy-Inpatient-Evidence-Repository and FINISHED SLIDE DECK/02_Annotated_Bibliography/Annotated_Bibliography.md,/Users/jm/_Dedupe_Quarantine_2026-06-26/Clinical/Presentations:Meeting/MEDSTAFF DINNER/Family-Therapy-Inpatient-Evidence-Repository and FINISHED SLIDE DECK/02_Annotated_Bibliography/Annotated_Bibliography.md,/Users/jm/Family-Therapy-Inpatient-Evidence-Repository/02_Annotated_Bibliography/Annotated_Bibliography.md,58aa60dfd59f000f93af84eacda35257b6c2a6f0c80e507a6c6c40195f7456bb
/Users/jm/Media/NotebookLM-Audio/whisper-transcripts/Can_Architecture_Save_Stalled_Psychiatric_Patients.txt,/Users/jm/_Dedupe_Quarantine_2026-06-26/Media/NotebookLM-Audio/whisper-transcripts/Can_Architecture_Save_Stalled_Psychiatric_Patients.txt,/Users/jm/Code/reconnect-psychiatry-system/teaching/notebooklm-projects/13_Audio_Overviews/transcripts/Can_Architecture_Save_Stalled_Psychiatric_Patients.txt,2fe68f4605c3c1b2857abf8ec1e1f3c809e5be4a51f3cb252f51a016c8cf79ad
/Users/jm/Clinical/ED-Psych-Capstone/Capstone-Report/Capstone-Report-Framework.docx,/Users/jm/_Dedupe_Quarantine_2026-06-26/Clinical/ED-Psych-Capstone/Capstone-Report/Capstone-Report-Framework.docx,/Users/jm/Code/reconnect-psychiatry-system/teaching/ed-psych-capstone/Capstone-Report/Capstone-Report-Framework.docx,bd7b632e1a17d614a67e66195c12ec9cda4c8273e61f0732f625074f7f473477
/Users/jm/Clinical/Presentations:Meeting/MEDSTAFF DINNER/Family-Therapy-Inpatient-Evidence-Repository and FINISHED SLIDE DECK/10_MedStaff_Dinner_June9/mockups_clean/Clean-FamilyHandoff-Mockup.html,/Users/jm/_Dedupe_Quarantine_2026-06-26/Clinical/Presentations:Meeting/MEDSTAFF DINNER/Family-Therapy-Inpatient-Evidence-Repository and FINISHED SLIDE DECK/10_MedStaff_Dinner_June9/mockups_clean/Clean-FamilyHandoff-Mockup.html,/Users/jm/Family-Therapy-Inpatient-Evidence-Repository/10_MedStaff_Dinner_June9/mockups_clean/Clean-FamilyHandoff-Mockup.html,c23dc2d1b8fdd916ab8b59a82de3525bb59e3ca80a68b622158d9249eddf0716
/Users/jm/Clinical/Presentations:Meeting/MEDSTAFF DINNER/Family-Therapy-Inpatient-Evidence-Repository and FINISHED SLIDE DECK/10_MedStaff_Dinner_June9/mockups_clean/Clean-FamilyMeeting-Mockup.html,/Users/jm/_Dedupe_Quarantine_2026-06-26/Clinical/Presentations:Meeting/MEDSTAFF DINNER/Family-Therapy-Inpatient-Evidence-Repository and FINISHED SLIDE DECK/10_MedStaff_Dinner_June9/mockups_clean/Clean-FamilyMeeting-Mockup.html,/Users/jm/Family-Therapy-Inpatient-Evidence-Repository/10_MedStaff_Dinner_June9/mockups_clean/Clean-FamilyMeeting-Mockup.html,729ea2eddb4f2c0fe26ac2e462b63fa9f18fe2051cb98ae08d852d51b26f39d3
/Users/jm/Media/NotebookLM-Audio/whisper-transcripts/Critiquing_a_Systems_Manual_s_Structural_Friction.txt,/Users/jm/_Dedupe_Quarantine_2026-06-26/Media/NotebookLM-Audio/whisper-transcripts/Critiquing_a_Systems_Manual_s_Structural_Friction.txt,/Users/jm/Code/reconnect-psychiatry-system/teaching/notebooklm-projects/13_Audio_Overviews/transcripts/Critiquing_a_Systems_Manual_s_Structural_Friction.txt,48da9085df394d91d628dab00eb463b926cdff460caceda1bb624f501ce21f3e
/Users/jm/Clinical/Presentations:Meeting/MEDSTAFF DINNER/Family-Therapy-Inpatient-Evidence-Repository and FINISHED SLIDE DECK/09_Deliverables/D5_Implementation_Guide.md,/Users/jm/_Dedupe_Quarantine_2026-06-26/Clinical/Presentations:Meeting/MEDSTAFF DINNER/Family-Therapy-Inpatient-Evidence-Repository and FINISHED SLIDE DECK/09_Deliverables/D5_Implementation_Guide.md,/Users/jm/Family-Therapy-Inpatient-Evidence-Repository/09_Deliverables/D5_Implementation_Guide.md,4f2272b2616af57ed9498547b30b47a3c6cfae1294987850ca299145aae53bca
/Users/jm/Clinical/Presentations:Meeting/MEDSTAFF DINNER/Family-Therapy-Inpatient-Evidence-Repository and FINISHED SLIDE DECK/09_Deliverables/D5_Implementation_Guide.docx,/Users/jm/_Dedupe_Quarantine_2026-06-26/Clinical/Presentations:Meeting/MEDSTAFF DINNER/Family-Therapy-Inpatient-Evidence-Repository and FINISHED SLIDE DECK/09_Deliverables/D5_Implementation_Guide.docx,/Users/jm/Family-Therapy-Inpatient-Evidence-Repository/09_Deliverables/D5_Implementation_Guide.docx,b0a3c34332d4802691f74e770ac9bcc062c2f60ebab9524ca2a816cf181b1cf1
/Users/jm/Clinical/Presentations:Meeting/Meeting with Lisa Dixon/Backups/Structured-v1/Dixon-FamilyCommunication-Mockup.pdf,/Users/jm/_Dedupe_Quarantine_2026-06-26/Clinical/Presentations:Meeting/Meeting with Lisa Dixon/Backups/Structured-v1/Dixon-FamilyCommunication-Mockup.pdf,/Users/jm/Clinical/Presentations:Meeting/Meeting with Lisa Dixon/Dixon-FamilyCommunication-Mockup.pdf,49590e7892b995934f454810e9328243d9c062c42cfcd7ff123ffa4e5cc5674e
/Users/jm/Clinical/Presentations:Meeting/Meeting with Lisa Dixon/Backups/Structured-v1/Dixon-FamilyHandoff-Mockup.pdf,/Users/jm/_Dedupe_Quarantine_2026-06-26/Clinical/Presentations:Meeting/Meeting with Lisa Dixon/Backups/Structured-v1/Dixon-FamilyHandoff-Mockup.pdf,/Users/jm/Clinical/Presentations:Meeting/Meeting with Lisa Dixon/Dixon-FamilyHandoff-Mockup.pdf,f99a627998c2534fd4ea876907dedf59f46e3522315fa6e712c6d5752456da3d
/Users/jm/Clinical/ED-Psych-Capstone/Staff-Materials/ED-Staff-Quick-Reference-Card.pdf,/Users/jm/_Dedupe_Quarantine_2026-06-26/Clinical/ED-Psych-Capstone/Staff-Materials/ED-Staff-Quick-Reference-Card.pdf,/Users/jm/Code/reconnect-psychiatry-system/teaching/ed-psych-capstone/Staff-Materials/ED-Staff-Quick-Reference-Card.pdf,ae7e29a336a3bc63ba63b11c4877b56c0c3b62c62845ca1db2670ac0a443830e
/Users/jm/Clinical/ED-Psych-Capstone/Capstone-Report/Executive-Brief-MaineHealth-Leadership.pdf,/Users/jm/_Dedupe_Quarantine_2026-06-26/Clinical/ED-Psych-Capstone/Capstone-Report/Executive-Brief-MaineHealth-Leadership.pdf,/Users/jm/Code/reconnect-psychiatry-system/teaching/ed-psych-capstone/Capstone-Report/Executive-Brief-MaineHealth-Leadership.pdf,c2f20a651241131dda71bb6fc9e48beaae24b355e9708bb3e6975b21a389c9f5
/Users/jm/Clinical/Presentations:Meeting/MEDSTAFF DINNER/Family-Therapy-Inpatient-Evidence-Repository and FINISHED SLIDE DECK/01_Executive_Report/Executive_Report.md,/Users/jm/_Dedupe_Quarantine_2026-06-26/Clinical/Presentations:Meeting/MEDSTAFF DINNER/Family-Therapy-Inpatient-Evidence-Repository and FINISHED SLIDE DECK/01_Executive_Report/Executive_Report.md,/Users/jm/Family-Therapy-Inpatient-Evidence-Repository/01_Executive_Report/Executive_Report.md,816deb45a7c4269e20c06e79712611ec3a77c5cbe4d0bc6910206404d949c780
/Users/jm/Clinical/Presentations:Meeting/MEDSTAFF DINNER/Family-Therapy-Inpatient-Evidence-Repository and FINISHED SLIDE DECK/01_Executive_Report/Executive_Report.docx,/Users/jm/_Dedupe_Quarantine_2026-06-26/Clinical/Presentations:Meeting/MEDSTAFF DINNER/Family-Therapy-Inpatient-Evidence-Repository and FINISHED SLIDE DECK/01_Executive_Report/Executive_Report.docx,/Users/jm/Family-Therapy-Inpatient-Evidence-Repository/01_Executive_Report/Executive_Report.docx,5d86bb633967151fe3f66df86169a87e6f2aaae0a85c7ad7374698a03c497cc0
/Users/jm/Clinical/Presentations:Meeting/Family-Therapy-Didactic-June16/Archived versions/Family-Therapy-Didactic-June16-REVAMP/Handouts/Facilitator_Teaching_Script_and_Answer_Keys.docx,/Users/jm/_Dedupe_Quarantine_2026-06-26/Clinical/Presentations:Meeting/Family-Therapy-Didactic-June16/Archived versions/Family-Therapy-Didactic-June16-REVAMP/Handouts/Facilitator_Teaching_Script_and_Answer_Keys.docx,/Users/jm/Clinical/Presentations:Meeting/Family-Therapy-Didactic-June16/Handouts/Facilitator_Teaching_Script_and_Answer_Keys.docx,7407e14e91162e5abdd8f6d1145a85906c6a07107dc63f2733640384e1513015
/Users/jm/Clinical/Presentations:Meeting/Family-Therapy-Didactic-June16/Archived versions/Family-Therapy-Didactic-June16/Archived versions/Family-Therapy-Didactic-June16-REVAMP/Handouts/Facilitator_Teaching_Script_and_Answer_Keys.docx,/Users/jm/_Dedupe_Quarantine_2026-06-26/Clinical/Presentations:Meeting/Family-Therapy-Didactic-June16/Archived versions/Family-Therapy-Didactic-June16/Archived versions/Family-Therapy-Didactic-June16-REVAMP/Handouts/Facilitator_Teaching_Script_and_Answer_Keys.docx,/Users/jm/Clinical/Presentations:Meeting/Family-Therapy-Didactic-June16/Handouts/Facilitator_Teaching_Script_and_Answer_Keys.docx,7407e14e91162e5abdd8f6d1145a85906c6a07107dc63f2733640384e1513015
/Users/jm/Clinical/Presentations:Meeting/Family-Therapy-Didactic-June16/Archived versions/Family-Therapy-Didactic-June16/Handouts/Facilitator_Teaching_Script_and_Answer_Keys.docx,/Users/jm/_Dedupe_Quarantine_2026-06-26/Clinical/Presentations:Meeting/Family-Therapy-Didactic-June16/Archived versions/Family-Therapy-Didactic-June16/Handouts/Facilitator_Teaching_Script_and_Answer_Keys.docx,/Users/jm/Clinical/Presentations:Meeting/Family-Therapy-Didactic-June16/Handouts/Facilitator_Teaching_Script_and_Answer_Keys.docx,7407e14e91162e5abdd8f6d1145a85906c6a07107dc63f2733640384e1513015
/Users/jm/Clinical/Presentations:Meeting/Family-Therapy-Didactic-June16/Archived versions/Family-Therapy-Didactic-June16-REVAMP/Handouts/Facilitator_Teaching_Script_and_Answer_Keys.pdf,/Users/jm/_Dedupe_Quarantine_2026-06-26/Clinical/Presentations:Meeting/Family-Therapy-Didactic-June16/Archived versions/Family-Therapy-Didactic-June16-REVAMP/Handouts/Facilitator_Teaching_Script_and_Answer_Keys.pdf,/Users/jm/Clinical/Presentations:Meeting/Family-Therapy-Didactic-June16/Handouts/Facilitator_Teaching_Script_and_Answer_Keys.pdf,ef68ab400f17b7cb49fcf10c88f36b4da2569bd444e0a852c09c2b9d2f750c99
/Users/jm/Clinical/Presentations:Meeting/Family-Therapy-Didactic-June16/Archived versions/Family-Therapy-Didactic-June16/Archived versions/Family-Therapy-Didactic-June16-REVAMP/Handouts/Facilitator_Teaching_Script_and_Answer_Keys.pdf,/Users/jm/_Dedupe_Quarantine_2026-06-26/Clinical/Presentations:Meeting/Family-Therapy-Didactic-June16/Archived versions/Family-Therapy-Didactic-June16/Archived versions/Family-Therapy-Didactic-June16-REVAMP/Handouts/Facilitator_Teaching_Script_and_Answer_Keys.pdf,/Users/jm/Clinical/Presentations:Meeting/Family-Therapy-Didactic-June16/Handouts/Facilitator_Teaching_Script_and_Answer_Keys.pdf,ef68ab400f17b7cb49fcf10c88f36b4da2569bd444e0a852c09c2b9d2f750c99
/Users/jm/Clinical/Presentations:Meeting/Family-Therapy-Didactic-June16/Archived versions/Family-Therapy-Didactic-June16/Handouts/Facilitator_Teaching_Script_and_Answer_Keys.pdf,/Users/jm/_Dedupe_Quarantine_2026-06-26/Clinical/Presentations:Meeting/Family-Therapy-Didactic-June16/Archived versions/Family-Therapy-Didactic-June16/Handouts/Facilitator_Teaching_Script_and_Answer_Keys.pdf,/Users/jm/Clinical/Presentations:Meeting/Family-Therapy-Didactic-June16/Handouts/Facilitator_Teaching_Script_and_Answer_Keys.pdf,ef68ab400f17b7cb49fcf10c88f36b4da2569bd444e0a852c09c2b9d2f750c99
/Users/jm/Clinical/Presentations:Meeting/Family-Therapy-Didactic-June16/Archived versions/Family-Therapy-Didactic-June16/Archived versions/Family-Therapy-Didactic-June16-REVAMP/Slides/Family_Therapy_Case_Teaching_SHORT_REVAMP.pptx,/Users/jm/_Dedupe_Quarantine_2026-06-26/Clinical/Presentations:Meeting/Family-Therapy-Didactic-June16/Archived versions/Family-Therapy-Didactic-June16/Archived versions/Family-Therapy-Didactic-June16-REVAMP/Slides/Family_Therapy_Case_Teaching_SHORT_REVAMP.pptx,/Users/jm/Clinical/Presentations:Meeting/Family-Therapy-Didactic-June16/Archived versions/Family-Therapy-Didactic-June16-REVAMP/Slides/Family_Therapy_Case_Teaching_SHORT_REVAMP.pptx,327f71c2623407e189aa96ee3810c179183e4f9c630299bfeb75bf3175300553
/Users/jm/Clinical/Presentations:Meeting/MEDSTAFF DINNER/Family-Therapy-Inpatient-Evidence-Repository and FINISHED SLIDE DECK/03_Evidence_Table_and_Quality/Family_Therapy_Evidence_Database.xlsx,/Users/jm/_Dedupe_Quarantine_2026-06-26/Clinical/Presentations:Meeting/MEDSTAFF DINNER/Family-Therapy-Inpatient-Evidence-Repository and FINISHED SLIDE DECK/03_Evidence_Table_and_Quality/Family_Therapy_Evidence_Database.xlsx,/Users/jm/Family-Therapy-Inpatient-Evidence-Repository/03_Evidence_Table_and_Quality/Family_Therapy_Evidence_Database.xlsx,49ef110ce42a06dcaf314545033fb0b69d22cd26c3b263ed9070f6b5c4972152
/Users/jm/Clinical/Presentations:Meeting/Family-Therapy-Didactic-June16/Archived versions/Family-Therapy-Didactic-June16/Slides/Versions/Family_Therapy_Inpatient_Didactic_Click_Map_and_60min_Cut.docx,/Users/jm/_Dedupe_Quarantine_2026-06-26/Clinical/Presentations:Meeting/Family-Therapy-Didactic-June16/Archived versions/Family-Therapy-Didactic-June16/Slides/Versions/Family_Therapy_Inpatient_Didactic_Click_Map_and_60min_Cut.docx,/Users/jm/Clinical/Presentations:Meeting/Family-Therapy-Didactic-June16/Slides/Versions/Family_Therapy_Inpatient_Didactic_Click_Map_and_60min_Cut.docx,4a8a9db88091a7fadd067134ee887aebc4a8d664380f895705834cba2d727698
/Users/jm/Clinical/Presentations:Meeting/Family-Therapy-Didactic-June16/Archived versions/Family-Therapy-Didactic-June16/Slides/Versions/Family_Therapy_Inpatient_Didactic_Click_Map_and_60min_Cut.pdf,/Users/jm/_Dedupe_Quarantine_2026-06-26/Clinical/Presentations:Meeting/Family-Therapy-Didactic-June16/Archived versions/Family-Therapy-Didactic-June16/Slides/Versions/Family_Therapy_Inpatient_Didactic_Click_Map_and_60min_Cut.pdf,/Users/jm/Clinical/Presentations:Meeting/Family-Therapy-Didactic-June16/Slides/Versions/Family_Therapy_Inpatient_Didactic_Click_Map_and_60min_Cut.pdf,5598ff7e47855b6694ec212a98b1cc97f05e9deacc74e1008efe62a9eb4323df
/Users/jm/Clinical/Presentations:Meeting/Family-Therapy-Didactic-June16/Archived versions/Family-Therapy-Didactic-June16/Slides/Family_Therapy_Inpatient_Didactic_FINAL_Speaker_Notes.docx,/Users/jm/_Dedupe_Quarantine_2026-06-26/Clinical/Presentations:Meeting/Family-Therapy-Didactic-June16/Archived versions/Family-Therapy-Didactic-June16/Slides/Family_Therapy_Inpatient_Didactic_FINAL_Speaker_Notes.docx,/Users/jm/Clinical/Presentations:Meeting/Family-Therapy-Didactic-June16/Slides/Family_Therapy_Inpatient_Didactic_FINAL_Speaker_Notes.docx,191bfc6b600ab3e32df40a4d89f813116cb6431dfc2503f0ebc6a9bb813279f4
/Users/jm/Clinical/Presentations:Meeting/Family-Therapy-Didactic-June16/Archived versions/Family-Therapy-Didactic-June16/Slides/Family_Therapy_Inpatient_Didactic_FINAL_Speaker_Notes.pdf,/Users/jm/_Dedupe_Quarantine_2026-06-26/Clinical/Presentations:Meeting/Family-Therapy-Didactic-June16/Archived versions/Family-Therapy-Didactic-June16/Slides/Family_Therapy_Inpatient_Didactic_FINAL_Speaker_Notes.pdf,/Users/jm/Clinical/Presentations:Meeting/Family-Therapy-Didactic-June16/Slides/Family_Therapy_Inpatient_Didactic_FINAL_Speaker_Notes.pdf,1599c53aad3d0e6d29a67ae92ee77814360ff9d125300d5184035600434a2345
/Users/jm/Clinical/Presentations:Meeting/Family-Therapy-Didactic-June16/Archived versions/Family-Therapy-Didactic-June16/Archived versions/Family-Therapy-Didactic-June16-REVAMP/Slides/Family_Therapy_Inpatient_Didactic_REVAMP_preview.pdf,/Users/jm/_Dedupe_Quarantine_2026-06-26/Clinical/Presentations:Meeting/Family-Therapy-Didactic-June16/Archived versions/Family-Therapy-Didactic-June16/Archived versions/Family-Therapy-Didactic-June16-REVAMP/Slides/Family_Therapy_Inpatient_Didactic_REVAMP_preview.pdf,/Users/jm/Clinical/Presentations:Meeting/Family-Therapy-Didactic-June16/Archived versions/Family-Therapy-Didactic-June16-REVAMP/Slides/Family_Therapy_Inpatient_Didactic_REVAMP_preview.pdf,fa5cc2fee0940f584c10b015ded7fa25833b816b42d7745b09be8bffd29253d4
/Users/jm/Clinical/Presentations:Meeting/Family-Therapy-Didactic-June16/Archived versions/Family-Therapy-Didactic-June16/Archived versions/Family-Therapy-Didactic-June16-REVAMP/Slides/Family_Therapy_Integrated_REVAMP_preview.pdf,/Users/jm/_Dedupe_Quarantine_2026-06-26/Clinical/Presentations:Meeting/Family-Therapy-Didactic-June16/Archived versions/Family-Therapy-Didactic-June16/Archived versions/Family-Therapy-Didactic-June16-REVAMP/Slides/Family_Therapy_Integrated_REVAMP_preview.pdf,/Users/jm/Clinical/Presentations:Meeting/Family-Therapy-Didactic-June16/Archived versions/Family-Therapy-Didactic-June16-REVAMP/Slides/Family_Therapy_Integrated_REVAMP_preview.pdf,e7b03523a1844838a6b10b7efda8eb354e70bf091641614a525339b869369c5a
/Users/jm/Clinical/Presentations:Meeting/Family-Therapy-Didactic-June16/Archived versions/Family-Therapy-Didactic-June16/Archived versions/Family-Therapy-Didactic-June16-Revamp-2026-06-15/Family_Therapy_on_the_Inpatient_Unit_Revamp.pptx,/Users/jm/_Dedupe_Quarantine_2026-06-26/Clinical/Presentations:Meeting/Family-Therapy-Didactic-June16/Archived versions/Family-Therapy-Didactic-June16/Archived versions/Family-Therapy-Didactic-June16-Revamp-2026-06-15/Family_Therapy_on_the_Inpatient_Unit_Revamp.pptx,/Users/jm/Clinical/Presentations:Meeting/Family-Therapy-Didactic-June16/Archived versions/Family-Therapy-Didactic-June16-Revamp-2026-06-15/Family_Therapy_on_the_Inpatient_Unit_Revamp.pptx,974b517bf45c0d2cd1554c40105df1b30d05a8d1f045d89497f7220342e2da8e
/Users/jm/Clinical/Presentations:Meeting/Family-Therapy-Didactic-June16/Archived versions/Family-Therapy-Didactic-June16/Archived versions/Family-Therapy-Didactic-June16-Revamp-2026-06-15/Family_Therapy_on_the_Inpatient_Unit_Revamp_v2_Integrated.pptx,/Users/jm/_Dedupe_Quarantine_2026-06-26/Clinical/Presentations:Meeting/Family-Therapy-Didactic-June16/Archived versions/Family-Therapy-Didactic-June16/Archived versions/Family-Therapy-Didactic-June16-Revamp-2026-06-15/Family_Therapy_on_the_Inpatient_Unit_Revamp_v2_Integrated.pptx,/Users/jm/Clinical/Presentations:Meeting/Family-Therapy-Didactic-June16/Archived versions/Family-Therapy-Didactic-June16-Revamp-2026-06-15/Family_Therapy_on_the_Inpatient_Unit_Revamp_v2_Integrated.pptx,32d7704aa7a09d5074cc77f14b9fd21e68125a1b9a064b543f90f195246c2731
/Users/jm/Clinical/ED-Psych-Capstone/HANDOFF-Jacob-Hopalian-Capstone-Package.docx,/Users/jm/_Dedupe_Quarantine_2026-06-26/Clinical/ED-Psych-Capstone/HANDOFF-Jacob-Hopalian-Capstone-Package.docx,/Users/jm/Code/reconnect-psychiatry-system/teaching/ed-psych-capstone/HANDOFF-Jacob-Hopalian-Capstone-Package.docx,5563afe7617b4c9ac25e651ab7187286bdab53b5389869ef346a65e266c36813
/Users/jm/Clinical/Presentations:Meeting/MEDSTAFF DINNER/EARLIER VERSIONS:WORK/2026-06-09_MaineHealth-Dinner/06-handout/Handout.pdf,/Users/jm/_Dedupe_Quarantine_2026-06-26/Clinical/Presentations:Meeting/MEDSTAFF DINNER/EARLIER VERSIONS:WORK/2026-06-09_MaineHealth-Dinner/06-handout/Handout.pdf,/Users/jm/Code/reconnect-psychiatry-system/docs/project-management/Psychiatry-Unit-Education/06-external-meetings/2026-06-09_MaineHealth-Dinner/06-handout/Handout.pdf,a9861aab71e3838b415b69155220de3ae793eb736efee8deccfffae92d16e820
/Users/jm/Clinical/Teaching/landmark-psychiatry-teaching-guide_desktop.docx,/Users/jm/_Dedupe_Quarantine_2026-06-26/Clinical/Teaching/landmark-psychiatry-teaching-guide_desktop.docx,/Users/jm/Clinical/Teaching/landmark-psychiatry-teaching-guide.docx,3b1906ac5a5f044d842965fc2209ed706695649b6c9a4b2df34e2925c9d7a308
/Users/jm/Clinical/Presentations:Meeting/MEDSTAFF DINNER/Family-Therapy-Inpatient-Evidence-Repository and FINISHED SLIDE DECK/00_Master_Database/master_evidence.json,/Users/jm/_Dedupe_Quarantine_2026-06-26/Clinical/Presentations:Meeting/MEDSTAFF DINNER/Family-Therapy-Inpatient-Evidence-Repository and FINISHED SLIDE DECK/00_Master_Database/master_evidence.json,/Users/jm/Family-Therapy-Inpatient-Evidence-Repository/00_Master_Database/master_evidence.json,135242b001c9112dd468cafbd9e1d2eea9aec77c6c776c23bfdf9154bc564687
/Users/jm/Clinical/Presentations:Meeting/MEDSTAFF DINNER/Family-Therapy-Inpatient-Evidence-Repository and FINISHED SLIDE DECK/00_Master_Database/master_evidence.csv,/Users/jm/_Dedupe_Quarantine_2026-06-26/Clinical/Presentations:Meeting/MEDSTAFF DINNER/Family-Therapy-Inpatient-Evidence-Repository and FINISHED SLIDE DECK/00_Master_Database/master_evidence.csv,/Users/jm/Family-Therapy-Inpatient-Evidence-Repository/00_Master_Database/master_evidence.csv,38718382c38a2ea05ac9d65d72ec8a5c01a94b7c5c38d129066d5576ea3349bb
/Users/jm/Clinical/Presentations:Meeting/MEDSTAFF DINNER/Family-Therapy-Inpatient-Evidence-Repository and FINISHED SLIDE DECK/10_MedStaff_Dinner_June9/mockups_clean/memorize_card.html,/Users/jm/_Dedupe_Quarantine_2026-06-26/Clinical/Presentations:Meeting/MEDSTAFF DINNER/Family-Therapy-Inpatient-Evidence-Repository and FINISHED SLIDE DECK/10_MedStaff_Dinner_June9/mockups_clean/memorize_card.html,/Users/jm/Family-Therapy-Inpatient-Evidence-Repository/10_MedStaff_Dinner_June9/mockups_clean/memorize_card.html,361cb164201249e81908beab3503b1e2e05e7c6a3e5cdaf869dbdd0a618760a6
/Users/jm/Clinical/Presentations:Meeting/MEDSTAFF DINNER/Family-Therapy-Inpatient-Evidence-Repository and FINISHED SLIDE DECK/10_MedStaff_Dinner_June9/mockups_clean/onepager.html,/Users/jm/_Dedupe_Quarantine_2026-06-26/Clinical/Presentations:Meeting/MEDSTAFF DINNER/Family-Therapy-Inpatient-Evidence-Repository and FINISHED SLIDE DECK/10_MedStaff_Dinner_June9/mockups_clean/onepager.html,/Users/jm/Family-Therapy-Inpatient-Evidence-Repository/10_MedStaff_Dinner_June9/mockups_clean/onepager.html,bc9aa44d19c9cb30bb568d791b878ea61a3ba1e2d7f3bcca466c0a7046290edf
/Users/jm/Clinical/Presentations:Meeting/Family-Therapy-Didactic-June16/Archived versions/Family-Therapy-Didactic-June16/Handouts/Pocket_Guide_60min_Family_Meeting.docx,/Users/jm/_Dedupe_Quarantine_2026-06-26/Clinical/Presentations:Meeting/Family-Therapy-Didactic-June16/Archived versions/Family-Therapy-Didactic-June16/Handouts/Pocket_Guide_60min_Family_Meeting.docx,/Users/jm/Clinical/Presentations:Meeting/Family-Therapy-Didactic-June16/Handouts/Pocket_Guide_60min_Family_Meeting.docx,12050e458a8db72515ca9f873ed9b6e049b963dadf4e4a3d1adf9ea4b720e685
/Users/jm/Clinical/Presentations:Meeting/Family-Therapy-Didactic-June16/Archived versions/Family-Therapy-Didactic-June16/Handouts/Pocket_Guide_60min_Family_Meeting.pdf,/Users/jm/_Dedupe_Quarantine_2026-06-26/Clinical/Presentations:Meeting/Family-Therapy-Didactic-June16/Archived versions/Family-Therapy-Didactic-June16/Handouts/Pocket_Guide_60min_Family_Meeting.pdf,/Users/jm/Clinical/Presentations:Meeting/Family-Therapy-Didactic-June16/Handouts/Pocket_Guide_60min_Family_Meeting.pdf,1052b5c960837534b9c3c7d271db6a5030361033f99352a4503b469697309d6a
/Users/jm/Clinical/Presentations:Meeting/Family-Therapy-Didactic-June16/Archived versions/Family-Therapy-Didactic-June16/Handouts/Presenter_Script_90min.pdf,/Users/jm/_Dedupe_Quarantine_2026-06-26/Clinical/Presentations:Meeting/Family-Therapy-Didactic-June16/Archived versions/Family-Therapy-Didactic-June16/Handouts/Presenter_Script_90min.pdf,/Users/jm/Clinical/Presentations:Meeting/Family-Therapy-Didactic-June16/Handouts/Presenter_Script_90min.pdf,9619a03f337da6bc29a185c1112046bedc14ddded2d7b47996cbe9a2c21254f4
/Users/jm/Clinical/Presentations:Meeting/Family-Therapy-Didactic-June16/Archived versions/Family-Therapy-Didactic-June16/Handouts/Presenter_Script_90min.docx,/Users/jm/_Dedupe_Quarantine_2026-06-26/Clinical/Presentations:Meeting/Family-Therapy-Didactic-June16/Archived versions/Family-Therapy-Didactic-June16/Handouts/Presenter_Script_90min.docx,/Users/jm/Clinical/Presentations:Meeting/Family-Therapy-Didactic-June16/Handouts/Presenter_Script_90min.docx,9ed89cbb0bf9dab5501cf0590791e92dd447f25f9994771b1f5e64e81a61d2d6
/Users/jm/Clinical/Presentations:Meeting/Family-Therapy-Didactic-June16/Archived versions/Family-Therapy-Didactic-June16/Archived versions/Family-Therapy-Didactic-June16-Revamp-2026-06-15/README.md,/Users/jm/_Dedupe_Quarantine_2026-06-26/Clinical/Presentations:Meeting/Family-Therapy-Didactic-June16/Archived versions/Family-Therapy-Didactic-June16/Archived versions/Family-Therapy-Didactic-June16-Revamp-2026-06-15/README.md,/Users/jm/Clinical/Presentations:Meeting/Family-Therapy-Didactic-June16/Archived versions/Family-Therapy-Didactic-June16-Revamp-2026-06-15/README.md,d47bab33e497f4095758841fc868ef616c2d2fe1b78a30106623096e02b721a2
/Users/jm/Clinical/Presentations:Meeting/Family-Therapy-Didactic-June16/Archived versions/Family-Therapy-Didactic-June16-REVAMP/Handouts/Resident_Handout_2page.pdf,/Users/jm/_Dedupe_Quarantine_2026-06-26/Clinical/Presentations:Meeting/Family-Therapy-Didactic-June16/Archived versions/Family-Therapy-Didactic-June16-REVAMP/Handouts/Resident_Handout_2page.pdf,/Users/jm/Clinical/Presentations:Meeting/Family-Therapy-Didactic-June16/Handouts/Resident_Handout_2page.pdf,23e26833d4eaa5bfeb08de33883f536ce2166bab07df754620588d85e7f311c3
/Users/jm/Clinical/Presentations:Meeting/Family-Therapy-Didactic-June16/Archived versions/Family-Therapy-Didactic-June16/Archived versions/Family-Therapy-Didactic-June16-REVAMP/Handouts/Resident_Handout_2page.pdf,/Users/jm/_Dedupe_Quarantine_2026-06-26/Clinical/Presentations:Meeting/Family-Therapy-Didactic-June16/Archived versions/Family-Therapy-Didactic-June16/Archived versions/Family-Therapy-Didactic-June16-REVAMP/Handouts/Resident_Handout_2page.pdf,/Users/jm/Clinical/Presentations:Meeting/Family-Therapy-Didactic-June16/Handouts/Resident_Handout_2page.pdf,23e26833d4eaa5bfeb08de33883f536ce2166bab07df754620588d85e7f311c3
/Users/jm/Clinical/Presentations:Meeting/Family-Therapy-Didactic-June16/Archived versions/Family-Therapy-Didactic-June16/Handouts/Resident_Handout_2page.pdf,/Users/jm/_Dedupe_Quarantine_2026-06-26/Clinical/Presentations:Meeting/Family-Therapy-Didactic-June16/Archived versions/Family-Therapy-Didactic-June16/Handouts/Resident_Handout_2page.pdf,/Users/jm/Clinical/Presentations:Meeting/Family-Therapy-Didactic-June16/Handouts/Resident_Handout_2page.pdf,23e26833d4eaa5bfeb08de33883f536ce2166bab07df754620588d85e7f311c3
/Users/jm/Clinical/Presentations:Meeting/Family-Therapy-Didactic-June16/Archived versions/Family-Therapy-Didactic-June16-REVAMP/Handouts/Resident_Handout_2page.docx,/Users/jm/_Dedupe_Quarantine_2026-06-26/Clinical/Presentations:Meeting/Family-Therapy-Didactic-June16/Archived versions/Family-Therapy-Didactic-June16-REVAMP/Handouts/Resident_Handout_2page.docx,/Users/jm/Clinical/Presentations:Meeting/Family-Therapy-Didactic-June16/Handouts/Resident_Handout_2page.docx,d85da9f4fd43d20ab316b3ca54b38934a1bb4f782daf1c1b5a7466d63dbdaab1
/Users/jm/Clinical/Presentations:Meeting/Family-Therapy-Didactic-June16/Archived versions/Family-Therapy-Didactic-June16/Archived versions/Family-Therapy-Didactic-June16-REVAMP/Handouts/Resident_Handout_2page.docx,/Users/jm/_Dedupe_Quarantine_2026-06-26/Clinical/Presentations:Meeting/Family-Therapy-Didactic-June16/Archived versions/Family-Therapy-Didactic-June16/Archived versions/Family-Therapy-Didactic-June16-REVAMP/Handouts/Resident_Handout_2page.docx,/Users/jm/Clinical/Presentations:Meeting/Family-Therapy-Didactic-June16/Handouts/Resident_Handout_2page.docx,d85da9f4fd43d20ab316b3ca54b38934a1bb4f782daf1c1b5a7466d63dbdaab1
/Users/jm/Clinical/Presentations:Meeting/Family-Therapy-Didactic-June16/Archived versions/Family-Therapy-Didactic-June16/Handouts/Resident_Handout_2page.docx,/Users/jm/_Dedupe_Quarantine_2026-06-26/Clinical/Presentations:Meeting/Family-Therapy-Didactic-June16/Archived versions/Family-Therapy-Didactic-June16/Handouts/Resident_Handout_2page.docx,/Users/jm/Clinical/Presentations:Meeting/Family-Therapy-Didactic-June16/Handouts/Resident_Handout_2page.docx,d85da9f4fd43d20ab316b3ca54b38934a1bb4f782daf1c1b5a7466d63dbdaab1
/Users/jm/Clinical/Presentations:Meeting/Family-Therapy-Didactic-June16/Archived versions/Family-Therapy-Didactic-June16/Archived versions/Family-Therapy-Didactic-June16-REVAMP/Handouts/Resident_Handout_2page_v2.docx,/Users/jm/_Dedupe_Quarantine_2026-06-26/Clinical/Presentations:Meeting/Family-Therapy-Didactic-June16/Archived versions/Family-Therapy-Didactic-June16/Archived versions/Family-Therapy-Didactic-June16-REVAMP/Handouts/Resident_Handout_2page_v2.docx,/Users/jm/Clinical/Presentations:Meeting/Family-Therapy-Didactic-June16/Archived versions/Family-Therapy-Didactic-June16-REVAMP/Handouts/Resident_Handout_2page_v2.docx,bf4efb8f0ed85c67b7e3f2f151de0c798e48b7ae0ed3cf723fa9cee66a6e38f9
/Users/jm/Clinical/Presentations:Meeting/Family-Therapy-Didactic-June16/Archived versions/Family-Therapy-Didactic-June16/Archived versions/Family-Therapy-Didactic-June16-REVAMP/Handouts/Resident_Handout_2page_v2.pdf,/Users/jm/_Dedupe_Quarantine_2026-06-26/Clinical/Presentations:Meeting/Family-Therapy-Didactic-June16/Archived versions/Family-Therapy-Didactic-June16/Archived versions/Family-Therapy-Didactic-June16-REVAMP/Handouts/Resident_Handout_2page_v2.pdf,/Users/jm/Clinical/Presentations:Meeting/Family-Therapy-Didactic-June16/Archived versions/Family-Therapy-Didactic-June16-REVAMP/Handouts/Resident_Handout_2page_v2.pdf,7d994f8cf1c81c5d98edfe0168fd0e98dbaccd9269dacbce25ef254cdfe6b774
/Users/jm/Clinical/ED-Psych-Capstone/Evaluation-Tools/Staff-Usability-Survey.pdf,/Users/jm/_Dedupe_Quarantine_2026-06-26/Clinical/ED-Psych-Capstone/Evaluation-Tools/Staff-Usability-Survey.pdf,/Users/jm/Code/reconnect-psychiatry-system/teaching/ed-psych-capstone/Evaluation-Tools/Staff-Usability-Survey.pdf,55eace205e7209658c5c040a72b02910c3138022c8594e5d58ced50aa06eb102
/Users/jm/Clinical/ED-Psych-Capstone/Capstone-Report/Stakeholder-Engagement-Map.pdf,/Users/jm/_Dedupe_Quarantine_2026-06-26/Clinical/ED-Psych-Capstone/Capstone-Report/Stakeholder-Engagement-Map.pdf,/Users/jm/Code/reconnect-psychiatry-system/teaching/ed-psych-capstone/Capstone-Report/Stakeholder-Engagement-Map.pdf,69f5b323560c5274e869ca24fdaf3f9e61eb67493960d14f0903117810c85146
/Users/jm/Media/NotebookLM-Audio/whisper-transcripts/Streamlining_Dr.txt,/Users/jm/_Dedupe_Quarantine_2026-06-26/Media/NotebookLM-Audio/whisper-transcripts/Streamlining_Dr.txt,/Users/jm/Code/reconnect-psychiatry-system/teaching/notebooklm-projects/13_Audio_Overviews/transcripts/Streamlining_Dr.txt,a8bb1fd6d7dd29273d4124cd8279f36896f86bfff422c3f67d3b7199e1615fca
/Users/jm/Clinical/Presentations:Meeting/Family-Therapy-Didactic-June16/Archived versions/Family-Therapy-Didactic-June16/Handouts/Faculty_Facilitator_Guide_1page.docx,/Users/jm/_Dedupe_Quarantine_2026-06-26/Clinical/Presentations:Meeting/Family-Therapy-Didactic-June16/Archived versions/Family-Therapy-Didactic-June16/Handouts/Faculty_Facilitator_Guide_1page.docx,/Users/jm/Clinical/Presentations:Meeting/Family-Therapy-Didactic-June16/Handouts/Faculty_Facilitator_Guide_1page.docx,1799c1a61b01e50e3b079a3fb4c5c535d6a4e9067fde3b4d71c1bbc067e99fcf
/Users/jm/Clinical/Presentations:Meeting/Family-Therapy-Didactic-June16/Archived versions/Family-Therapy-Didactic-June16/Handouts/Faculty_Facilitator_Guide_1page.pdf,/Users/jm/_Dedupe_Quarantine_2026-06-26/Clinical/Presentations:Meeting/Family-Therapy-Didactic-June16/Archived versions/Family-Therapy-Didactic-June16/Handouts/Faculty_Facilitator_Guide_1page.pdf,/Users/jm/Clinical/Presentations:Meeting/Family-Therapy-Didactic-June16/Handouts/Faculty_Facilitator_Guide_1page.pdf,753a490d3f84b464c9dd11a382381d06ff543f77a012bc9cbb9b056f1592623c
/Users/jm/Clinical/Presentations:Meeting/MEDSTAFF DINNER/EARLIER VERSIONS:WORK/2026-06-09_MaineHealth-Dinner/06-handout/Handout.html,/Users/jm/_Dedupe_Quarantine_2026-06-26/Clinical/Presentations:Meeting/MEDSTAFF DINNER/EARLIER VERSIONS:WORK/2026-06-09_MaineHealth-Dinner/06-handout/Handout.html,/Users/jm/Code/reconnect-psychiatry-system/docs/project-management/Psychiatry-Unit-Education/06-external-meetings/2026-06-09_MaineHealth-Dinner/06-handout/Handout.html,e69ee4544cca8fb2a0161aa17f881d10c39dac2f93ca7d95806b39c3b631cc1c
/Users/jm/Clinical/Presentations:Meeting/Family-Therapy-Didactic-June16/Archived versions/Family-Therapy-Didactic-June16/deploy-site/.netlify/plugins/package-lock.json,/Users/jm/_Dedupe_Quarantine_2026-06-26/Clinical/Presentations:Meeting/Family-Therapy-Didactic-June16/Archived versions/Family-Therapy-Didactic-June16/deploy-site/.netlify/plugins/package-lock.json,/Users/jm/Clinical/Presentations:Meeting/Family-Therapy-Didactic-June16/deploy-site/.netlify/plugins/package-lock.json,5399c0b77dd70cb8e5d6d0e4cf331f39bcac17f28be834939a9ebabca83d90a7
/Users/jm/Clinical/Presentations:Meeting/MEDSTAFF DINNER/EARLIER VERSIONS:WORK/2026-06-09_MaineHealth-Dinner/07-ecosystem-mockups/RecoveryCompanion-Mockup.html,/Users/jm/_Dedupe_Quarantine_2026-06-26/Clinical/Presentations:Meeting/MEDSTAFF DINNER/EARLIER VERSIONS:WORK/2026-06-09_MaineHealth-Dinner/07-ecosystem-mockups/RecoveryCompanion-Mockup.html,/Users/jm/Code/reconnect-psychiatry-system/docs/project-management/Psychiatry-Unit-Education/06-external-meetings/2026-06-09_MaineHealth-Dinner/07-ecosystem-mockups/RecoveryCompanion-Mockup.html,dd56dacc45b447c2f7cae0f1b1c277709a39c26e65561dd53b06962fd1a5bbf6
/Users/jm/Clinical/Presentations:Meeting/Meeting with Lisa Dixon/App Samples/RecoveryCompanion-Mockup.html,/Users/jm/_Dedupe_Quarantine_2026-06-26/Clinical/Presentations:Meeting/Meeting with Lisa Dixon/App Samples/RecoveryCompanion-Mockup.html,/Users/jm/Code/reconnect-psychiatry-system/docs/project-management/Psychiatry-Unit-Education/06-external-meetings/2026-06-09_MaineHealth-Dinner/07-ecosystem-mockups/RecoveryCompanion-Mockup.html,dd56dacc45b447c2f7cae0f1b1c277709a39c26e65561dd53b06962fd1a5bbf6
/Users/jm/Clinical/reconnect-video-content/Scripts/04_Layer3_Relational_Connection.md,/Users/jm/_Dedupe_Quarantine_2026-06-26/Clinical/reconnect-video-content/Scripts/04_Layer3_Relational_Connection.md,/Users/jm/Code/reconnect-psychiatry-system/teaching/video-content/Scripts/04_Layer3_Relational_Connection.md,b65fd123483ede12d1841a0e471a72ec81eb92d6e9909ebf9d452f59cfe14d22
"/Users/jm/Gen Psych Resources/PGY3 Psychotherapy Seminar/Psychodynamic Therapy Reading List/PDFs/17 - Blos, P. (1967). The Second Individuation Process of Adolescence.pdf","/Users/jm/_Dedupe_Quarantine_2026-06-26/Gen Psych Resources/PGY3 Psychotherapy Seminar/Psychodynamic Therapy Reading List/PDFs/17 - Blos, P. (1967). The Second Individuation Process of Adolescence.pdf","/Users/jm/Gen Psych Resources/Psychodynamic Therapy Reading List/PDFs/17 - Blos, P. (1967). The Second Individuation Process of Adolescence.pdf",c67d1bbe89a6e4c608ca595a8916b458a6f87a776efaf300cd2be29a9258008a
"/Users/jm/Gen Psych Resources/PGY3 Psychotherapy Seminar/Psychodynamic Therapy Reading List/PDFs/29 - Kernberg, O. (1966). Structural Derivatives of Object Relationships. Int. J. Psycho-Anal.pdf","/Users/jm/_Dedupe_Quarantine_2026-06-26/Gen Psych Resources/PGY3 Psychotherapy Seminar/Psychodynamic Therapy Reading List/PDFs/29 - Kernberg, O. (1966). Structural Derivatives of Object Relationships. Int. J. Psycho-Anal.pdf","/Users/jm/Gen Psych Resources/Psychodynamic Therapy Reading List/PDFs/29 - Kernberg, O. (1966). Structural Derivatives of Object Relationships. Int. J. Psycho-Anal.pdf",a7d23393df20eeb781d2d3826d336e93530b1e9f945fb24f15223052422550f1
"/Users/jm/Gen Psych Resources/PGY3 Psychotherapy Seminar/Psychodynamic Therapy Reading List/PDFs/4 - Ogden, T. (1979). On Projective Identification.pdf","/Users/jm/_Dedupe_Quarantine_2026-06-26/Gen Psych Resources/PGY3 Psychotherapy Seminar/Psychodynamic Therapy Reading List/PDFs/4 - Ogden, T. (1979). On Projective Identification.pdf","/Users/jm/Gen Psych Resources/Psychodynamic Therapy Reading List/PDFs/4 - Ogden, T. (1979). On Projective Identification.pdf",f2986e8d936e7362c618b72ba6372d4f5e957bb9c861ea9acd44b42f8c4ccb65
"/Users/jm/Gen Psych Resources/PGY3 Psychotherapy Seminar/Psychodynamic Therapy Reading List/PDFs/52 - Gabbard, G.O. (2009). What is a Good Enough Termination.pdf","/Users/jm/_Dedupe_Quarantine_2026-06-26/Gen Psych Resources/PGY3 Psychotherapy Seminar/Psychodynamic Therapy Reading List/PDFs/52 - Gabbard, G.O. (2009). What is a Good Enough Termination.pdf","/Users/jm/Gen Psych Resources/Psychodynamic Therapy Reading List/PDFs/52 - Gabbard, G.O. (2009). What is a Good Enough Termination.pdf",2dc3c42e8afc9d2e1a83cde653446f914d834abbac8574e021811f7203148dfc
/Users/jm/Clinical/ED-Psych-Capstone/Patient-Materials/Coping-During-the-Wait.pdf,/Users/jm/_Dedupe_Quarantine_2026-06-26/Clinical/ED-Psych-Capstone/Patient-Materials/Coping-During-the-Wait.pdf,/Users/jm/Code/reconnect-psychiatry-system/teaching/ed-psych-capstone/Patient-Materials/Coping-During-the-Wait.pdf,301d1708e733c2f76fa8af33d0932305764e80262271b9341dc69fe722a47f4e
/Users/jm/Clinical/ED-Psych-Capstone/Patient-Materials/Crisis-Resource-Card-Print.pdf,/Users/jm/_Dedupe_Quarantine_2026-06-26/Clinical/ED-Psych-Capstone/Patient-Materials/Crisis-Resource-Card-Print.pdf,/Users/jm/Code/reconnect-psychiatry-system/teaching/ed-psych-capstone/Patient-Materials/Crisis-Resource-Card-Print.pdf,d3ed19722b38772f8682748d3fbc450697499ec2a411a7c257999159de8a26b1
"/Users/jm/Gen Psych Resources/PGY3 Psychotherapy Seminar/Articles, Lecture Slides and Handouts/Development Lectures/Oedipal Period/PGY-3 Psychotherapy Seminar – Oedipal Situation II + Latency (10-14-21).pdf","/Users/jm/_Dedupe_Quarantine_2026-06-26/Gen Psych Resources/PGY3 Psychotherapy Seminar/Articles, Lecture Slides and Handouts/Development Lectures/Oedipal Period/PGY-3 Psychotherapy Seminar – Oedipal Situation II + Latency (10-14-21).pdf",/Users/jm/Gen Psych Resources/files-2/PGY-3 Psychotherapy Seminar – Oedipal Situation II + Latency (10-14-21).pdf,249ee607ddf9abc535942670d29f58f5fc4f7c39236b71c978520c9d8639560a
/Users/jm/Clinical/ED-Psych-Capstone/Patient-Materials/Safety-Plan-Worksheet.pdf,/Users/jm/_Dedupe_Quarantine_2026-06-26/Clinical/ED-Psych-Capstone/Patient-Materials/Safety-Plan-Worksheet.pdf,/Users/jm/Code/reconnect-psychiatry-system/teaching/ed-psych-capstone/Patient-Materials/Safety-Plan-Worksheet.pdf,635c9357d2ed78000c96b83c1a473c41f3a0375bbfd4d33accdbdacb3dbcbcf4
/Users/jm/Clinical/reconnect-video-content/Therapeutic_Videos/The_Secret_Order_to_a_Crisis.mp4,/Users/jm/_Dedupe_Quarantine_2026-06-26/Clinical/reconnect-video-content/Therapeutic_Videos/The_Secret_Order_to_a_Crisis.mp4,/Users/jm/Media/Therapeutic-Videos/The_Secret_Order_to_a_Crisis.mp4,7dae37960fe1b231e785100928ccc388449cfbc0a948183f1f6d00b9123a61b8
/Users/jm/Clinical/ED-Psych-Capstone/Patient-Materials/Digital/Your-Journey-Timeline-iPad.html,/Users/jm/_Dedupe_Quarantine_2026-06-26/Clinical/ED-Psych-Capstone/Patient-Materials/Digital/Your-Journey-Timeline-iPad.html,/Users/jm/Code/reconnect-psychiatry-system/teaching/ed-psych-capstone/Patient-Materials/Digital/Your-Journey-Timeline-iPad.html,c6b296c835ee7b5b2a020a98868512d8ff4626305fea8ce876f2dca6e959268b
/Users/jm/Clinical/Presentations:Meeting/Family-Therapy-Didactic-June16/Archived versions/Family-Therapy-Didactic-June16/Archived versions/Family-Therapy-Didactic-June16-REVAMP/Handouts/00_Facilitator_Run_of_Show.pdf,/Users/jm/_Dedupe_Quarantine_2026-06-26/Clinical/Presentations:Meeting/Family-Therapy-Didactic-June16/Archived versions/Family-Therapy-Didactic-June16/Archived versions/Family-Therapy-Didactic-June16-REVAMP/Handouts/00_Facilitator_Run_of_Show.pdf,/Users/jm/Clinical/Presentations:Meeting/Family-Therapy-Didactic-June16/Archived versions/Family-Therapy-Didactic-June16-REVAMP/Handouts/00_Facilitator_Run_of_Show.pdf,0ab6bba4067d8708e6a5dd9ed492ba112f48ebb6604bfd42cdde9e67807cadb9
/Users/jm/Clinical/Presentations:Meeting/Family-Therapy-Didactic-June16/Archived versions/Family-Therapy-Didactic-June16/Archived versions/Family-Therapy-Didactic-June16-REVAMP/Handouts/00_Facilitator_Run_of_Show.docx,/Users/jm/_Dedupe_Quarantine_2026-06-26/Clinical/Presentations:Meeting/Family-Therapy-Didactic-June16/Archived versions/Family-Therapy-Didactic-June16/Archived versions/Family-Therapy-Didactic-June16-REVAMP/Handouts/00_Facilitator_Run_of_Show.docx,/Users/jm/Clinical/Presentations:Meeting/Family-Therapy-Didactic-June16/Archived versions/Family-Therapy-Didactic-June16-REVAMP/Handouts/00_Facilitator_Run_of_Show.docx,b33a89dfe5d86932caa3277d12198aeaed01ec26d8563c479f1489f85c503a77
/Users/jm/Clinical/BHU Annual Fund Brainstorm/Portfolio_FINAL_2026-04-30/Review_Packet_for_Russell_and_Wright/00_Inpatient_Safety_Audit_(Context).docx,/Users/jm/_Dedupe_Quarantine_2026-06-26/Clinical/BHU Annual Fund Brainstorm/Portfolio_FINAL_2026-04-30/Review_Packet_for_Russell_and_Wright/00_Inpatient_Safety_Audit_(Context).docx,/Users/jm/Clinical/BHU Annual Fund Brainstorm/Portfolio_FINAL_2026-04-30/01_Strategy_Documents/04_Inpatient_Safety_Audit_and_Revisions.docx,ddd354e219a9f8d969a9308550c643ae4ca0d88540dd6ec6ad72368a7604a329
/Users/jm/Clinical/Presentations:Meeting/MEDSTAFF DINNER/Family-Therapy-Inpatient-Evidence-Repository and FINISHED SLIDE DECK/00_README.md,/Users/jm/_Dedupe_Quarantine_2026-06-26/Clinical/Presentations:Meeting/MEDSTAFF DINNER/Family-Therapy-Inpatient-Evidence-Repository and FINISHED SLIDE DECK/00_README.md,/Users/jm/Family-Therapy-Inpatient-Evidence-Repository/00_README.md,b8eac6f1a47ae5d052ffce56ded4c0687440434de7fbf17062525845c7ab7393
/Users/jm/Clinical/Presentations:Meeting/Family-Therapy-Didactic-June16/Archived versions/Family-Therapy-Didactic-June16/Archived versions/Family-Therapy-Didactic-June16-REVAMP/00_README_START_HERE.md,/Users/jm/_Dedupe_Quarantine_2026-06-26/Clinical/Presentations:Meeting/Family-Therapy-Didactic-June16/Archived versions/Family-Therapy-Didactic-June16/Archived versions/Family-Therapy-Didactic-June16-REVAMP/00_README_START_HERE.md,/Users/jm/Clinical/Presentations:Meeting/Family-Therapy-Didactic-June16/Archived versions/Family-Therapy-Didactic-June16-REVAMP/00_README_START_HERE.md,cb7815347c0f1b216b77fbf6207927f6fdbcdffdca14b407a865424618791c57
/Users/jm/Clinical/Presentations:Meeting/MEDSTAFF DINNER/Family-Therapy-Inpatient-Evidence-Repository and FINISHED SLIDE DECK/07_NotebookLM_Source_Packets/01_Evidence_Narrative.md,/Users/jm/_Dedupe_Quarantine_2026-06-26/Clinical/Presentations:Meeting/MEDSTAFF DINNER/Family-Therapy-Inpatient-Evidence-Repository and FINISHED SLIDE DECK/07_NotebookLM_Source_Packets/01_Evidence_Narrative.md,/Users/jm/Family-Therapy-Inpatient-Evidence-Repository/07_NotebookLM_Source_Packets/01_Evidence_Narrative.md,f605952466f75602d9b2de3c9eaa3e8bd724ca893e58d1da2c5d950359e5ee6e
/Users/jm/Clinical/BHU Annual Fund Brainstorm/Portfolio_FINAL_2026-04-30/03_Small_Requests/07_Lethal_Means_Gun_Locks/01_RequestForm.pdf,/Users/jm/_Dedupe_Quarantine_2026-06-26/Clinical/BHU Annual Fund Brainstorm/Portfolio_FINAL_2026-04-30/03_Small_Requests/07_Lethal_Means_Gun_Locks/01_RequestForm.pdf,/Users/jm/Clinical/BHU Annual Fund Brainstorm/Drafts_2026-04-30/RequestForm_LethalMeans_GunLocks_DRAFT.pdf,57484675ca9c74bd7b4101df8a4ede020905fabee6e6d06a54d9b38273ad459a
/Users/jm/Clinical/BHU Annual Fund Brainstorm/Portfolio_FINAL_2026-04-30/03_Small_Requests/10_Sleep_Hygiene_Kit/01_RequestForm.pdf,/Users/jm/_Dedupe_Quarantine_2026-06-26/Clinical/BHU Annual Fund Brainstorm/Portfolio_FINAL_2026-04-30/03_Small_Requests/10_Sleep_Hygiene_Kit/01_RequestForm.pdf,/Users/jm/Clinical/BHU Annual Fund Brainstorm/Drafts_2026-04-30/RequestForm_SleepHygiene_DRAFT.pdf,7b26a7f15f97849ac2ea2628db30a3c190014f8bc1d97fec76fd06dec3ab9b17
/Users/jm/Clinical/BHU Annual Fund Brainstorm/Portfolio_FINAL_2026-04-30/03_Small_Requests/08_Pill_Organizer/01_RequestForm.pdf,/Users/jm/_Dedupe_Quarantine_2026-06-26/Clinical/BHU Annual Fund Brainstorm/Portfolio_FINAL_2026-04-30/03_Small_Requests/08_Pill_Organizer/01_RequestForm.pdf,/Users/jm/Clinical/BHU Annual Fund Brainstorm/Drafts_2026-04-30/RequestForm_PillOrganizer_DRAFT.pdf,718c8137bdee93fdbfc579256ca6aae43bb63d85d59f8fac7fce352132d4f311
/Users/jm/Clinical/BHU Annual Fund Brainstorm/Portfolio_FINAL_2026-04-30/03_Small_Requests/13_Memorial_Book_Recovery_Library/01_RequestForm.pdf,/Users/jm/_Dedupe_Quarantine_2026-06-26/Clinical/BHU Annual Fund Brainstorm/Portfolio_FINAL_2026-04-30/03_Small_Requests/13_Memorial_Book_Recovery_Library/01_RequestForm.pdf,/Users/jm/Clinical/BHU Annual Fund Brainstorm/Drafts_2026-04-30/RequestForm_MemorialBook_RecoveryLib_DRAFT.pdf,cd8a88e4408ea6b0a533bd1b7e8f2787e94b8e81fa1848ed3f996c13e2c4f503
/Users/jm/Clinical/BHU Annual Fund Brainstorm/Portfolio_FINAL_2026-04-30/02_Large_Requests/01_Outdoor_Therapeutic_Space/01_RequestForm.pdf,/Users/jm/_Dedupe_Quarantine_2026-06-26/Clinical/BHU Annual Fund Brainstorm/Portfolio_FINAL_2026-04-30/02_Large_Requests/01_Outdoor_Therapeutic_Space/01_RequestForm.pdf,/Users/jm/Clinical/BHU Annual Fund Brainstorm/Drafts_2026-04-30/RequestForm_OutdoorSpace_DRAFT.pdf,4d5630ca3b489db99bf93af2d5fd4412d3bc09b53dd38bb0ac4e5859102f7fcf
/Users/jm/Clinical/BHU Annual Fund Brainstorm/Portfolio_FINAL_2026-04-30/Review_Packet_for_Russell_and_Wright/01_Outdoor_Therapeutic_Space/01_RequestForm.pdf,/Users/jm/_Dedupe_Quarantine_2026-06-26/Clinical/BHU Annual Fund Brainstorm/Portfolio_FINAL_2026-04-30/Review_Packet_for_Russell_and_Wright/01_Outdoor_Therapeutic_Space/01_RequestForm.pdf,/Users/jm/Clinical/BHU Annual Fund Brainstorm/Drafts_2026-04-30/RequestForm_OutdoorSpace_DRAFT.pdf,4d5630ca3b489db99bf93af2d5fd4412d3bc09b53dd38bb0ac4e5859102f7fcf
/Users/jm/Clinical/BHU Annual Fund Brainstorm/Portfolio_FINAL_2026-04-30/Review_Packet_for_Russell_and_Wright/Files_to_Attach_to_Email/RequestForm_01_OutdoorTherapeuticSpace.pdf,/Users/jm/_Dedupe_Quarantine_2026-06-26/Clinical/BHU Annual Fund Brainstorm/Portfolio_FINAL_2026-04-30/Review_Packet_for_Russell_and_Wright/Files_to_Attach_to_Email/RequestForm_01_OutdoorTherapeuticSpace.pdf,/Users/jm/Clinical/BHU Annual Fund Brainstorm/Drafts_2026-04-30/RequestForm_OutdoorSpace_DRAFT.pdf,4d5630ca3b489db99bf93af2d5fd4412d3bc09b53dd38bb0ac4e5859102f7fcf
/Users/jm/Clinical/BHU Annual Fund Brainstorm/Portfolio_FINAL_2026-04-30/02_Large_Requests/02_Therapeutic_Meeting_Suite/01_RequestForm.pdf,/Users/jm/_Dedupe_Quarantine_2026-06-26/Clinical/BHU Annual Fund Brainstorm/Portfolio_FINAL_2026-04-30/02_Large_Requests/02_Therapeutic_Meeting_Suite/01_RequestForm.pdf,/Users/jm/Clinical/BHU Annual Fund Brainstorm/Drafts_2026-04-30/RequestForm_MeetingSuite_DRAFT.pdf,0ccd1c3106fdf3ffc729e96dbf8c027a22d86793949395d479fe0b2498214634
/Users/jm/Clinical/BHU Annual Fund Brainstorm/Portfolio_FINAL_2026-04-30/Review_Packet_for_Russell_and_Wright/02_Therapeutic_Meeting_Suite/01_RequestForm.pdf,/Users/jm/_Dedupe_Quarantine_2026-06-26/Clinical/BHU Annual Fund Brainstorm/Portfolio_FINAL_2026-04-30/Review_Packet_for_Russell_and_Wright/02_Therapeutic_Meeting_Suite/01_RequestForm.pdf,/Users/jm/Clinical/BHU Annual Fund Brainstorm/Drafts_2026-04-30/RequestForm_MeetingSuite_DRAFT.pdf,0ccd1c3106fdf3ffc729e96dbf8c027a22d86793949395d479fe0b2498214634
/Users/jm/Clinical/BHU Annual Fund Brainstorm/Portfolio_FINAL_2026-04-30/Review_Packet_for_Russell_and_Wright/Files_to_Attach_to_Email/RequestForm_02_TherapeuticMeetingSuite.pdf,/Users/jm/_Dedupe_Quarantine_2026-06-26/Clinical/BHU Annual Fund Brainstorm/Portfolio_FINAL_2026-04-30/Review_Packet_for_Russell_and_Wright/Files_to_Attach_to_Email/RequestForm_02_TherapeuticMeetingSuite.pdf,/Users/jm/Clinical/BHU Annual Fund Brainstorm/Drafts_2026-04-30/RequestForm_MeetingSuite_DRAFT.pdf,0ccd1c3106fdf3ffc729e96dbf8c027a22d86793949395d479fe0b2498214634
/Users/jm/Clinical/BHU Annual Fund Brainstorm/Portfolio_FINAL_2026-04-30/Review_Packet_for_Russell_and_Wright/Files_to_Attach_to_Email/RequestForm_03_PsychoedLibraryAudio.pdf,/Users/jm/_Dedupe_Quarantine_2026-06-26/Clinical/BHU Annual Fund Brainstorm/Portfolio_FINAL_2026-04-30/Review_Packet_for_Russell_and_Wright/Files_to_Attach_to_Email/RequestForm_03_PsychoedLibraryAudio.pdf,/Users/jm/Clinical/BHU Annual Fund Brainstorm/Portfolio_FINAL_2026-04-30/Review_Packet_for_Russell_and_Wright/03_Psychoed_Library_Audio/01_RequestForm.pdf,ee9ddc0ebd3de3e947254b44de7041483d1b7a8613794f6bd9228b66811fe700
/Users/jm/Clinical/BHU Annual Fund Brainstorm/Portfolio_FINAL_2026-04-30/02_Large_Requests/05_TIC_Training_and_Restoration_Room/01_RequestForm.pdf,/Users/jm/_Dedupe_Quarantine_2026-06-26/Clinical/BHU Annual Fund Brainstorm/Portfolio_FINAL_2026-04-30/02_Large_Requests/05_TIC_Training_and_Restoration_Room/01_RequestForm.pdf,/Users/jm/Clinical/BHU Annual Fund Brainstorm/Drafts_2026-04-30/RequestForm_TIC_StaffRestoration_DRAFT.pdf,e799032a2b84fdb390cfa380017b2e66f41ebafcd9a0190b4b9d14992a155c1d
/Users/jm/Clinical/BHU Annual Fund Brainstorm/Portfolio_FINAL_2026-04-30/02_Large_Requests/03_Telehealth_Only/01_RequestForm.pdf,/Users/jm/_Dedupe_Quarantine_2026-06-26/Clinical/BHU Annual Fund Brainstorm/Portfolio_FINAL_2026-04-30/02_Large_Requests/03_Telehealth_Only/01_RequestForm.pdf,/Users/jm/Clinical/BHU Annual Fund Brainstorm/Drafts_2026-04-30/RequestForm_TelehealthOnly_DRAFT.pdf,716a569f7cf57d24df69dcbb661866f98a1d34efecd9a413f543128656ea28f7
/Users/jm/Clinical/BHU Annual Fund Brainstorm/Portfolio_FINAL_2026-04-30/01_Strategy_Documents/01_Round2_Brainstorm.docx,/Users/jm/_Dedupe_Quarantine_2026-06-26/Clinical/BHU Annual Fund Brainstorm/Portfolio_FINAL_2026-04-30/01_Strategy_Documents/01_Round2_Brainstorm.docx,/Users/jm/Clinical/BHU Annual Fund Brainstorm/Drafts_2026-04-30/01_Round2_Brainstorm_Items_to_Reflect_On.docx,a092972eff40f89dab6d6927c4a26d87b887b6a71bf24ef7caf22c42d4445bad
/Users/jm/Clinical/ED-Psych-Capstone/Patient-Materials/Condition-Inserts/01-Suicidal-Thoughts-Insert.pdf,/Users/jm/_Dedupe_Quarantine_2026-06-26/Clinical/ED-Psych-Capstone/Patient-Materials/Condition-Inserts/01-Suicidal-Thoughts-Insert.pdf,/Users/jm/Code/reconnect-psychiatry-system/teaching/ed-psych-capstone/Patient-Materials/Condition-Inserts/01-Suicidal-Thoughts-Insert.pdf,887c373135345743e065368cbde7342b18a081e864652f4fc0ee364767168b5f
/Users/jm/Clinical/Presentations:Meeting/Family-Therapy-Didactic-June16/Archived versions/Family-Therapy-Didactic-June16/NotebookLM-Videos/01_Video_Source_The_Supportive_Husband.md,/Users/jm/_Dedupe_Quarantine_2026-06-26/Clinical/Presentations:Meeting/Family-Therapy-Didactic-June16/Archived versions/Family-Therapy-Didactic-June16/NotebookLM-Videos/01_Video_Source_The_Supportive_Husband.md,/Users/jm/Clinical/Presentations:Meeting/Family-Therapy-Didactic-June16/NotebookLM-Videos/01_Video_Source_The_Supportive_Husband.md,2375179c612f3f5d6c1d42decf6fca17f9b7bce1425fd55e15eb6a0282828f8a
/Users/jm/Clinical/BHU Annual Fund Brainstorm/Portfolio_FINAL_2026-04-30/01_Strategy_Documents/02_Implementation_Roadmap.docx,/Users/jm/_Dedupe_Quarantine_2026-06-26/Clinical/BHU Annual Fund Brainstorm/Portfolio_FINAL_2026-04-30/01_Strategy_Documents/02_Implementation_Roadmap.docx,/Users/jm/Clinical/BHU Annual Fund Brainstorm/Drafts_2026-04-30/02_Implementation_Roadmap.docx,05a1d629401b94fec56deb071c66c12cbc557ef90abb2c0969ecdd8d07da83d4
/Users/jm/Clinical/ED-Psych-Capstone/Patient-Materials/Condition-Inserts/02-Psychosis-Insert.pdf,/Users/jm/_Dedupe_Quarantine_2026-06-26/Clinical/ED-Psych-Capstone/Patient-Materials/Condition-Inserts/02-Psychosis-Insert.pdf,/Users/jm/Code/reconnect-psychiatry-system/teaching/ed-psych-capstone/Patient-Materials/Condition-Inserts/02-Psychosis-Insert.pdf,800742707a4bd6ad92c2f936db65285fc29c4c4b746940dbe8dd0d858b6a2871
/Users/jm/Clinical/BHU Annual Fund Brainstorm/Portfolio_FINAL_2026-04-30/03_Small_Requests/14_Spiritual_Cart/02_SBAR.docx,/Users/jm/_Dedupe_Quarantine_2026-06-26/Clinical/BHU Annual Fund Brainstorm/Portfolio_FINAL_2026-04-30/03_Small_Requests/14_Spiritual_Cart/02_SBAR.docx,/Users/jm/Clinical/BHU Annual Fund Brainstorm/Drafts_2026-04-30/SBAR_SpiritualCart_DRAFT.docx,562cc8eda038455cb1109bce381ec907c9c9c11597f16ec8e46788b8d5a6dcb2
/Users/jm/Clinical/BHU Annual Fund Brainstorm/Portfolio_FINAL_2026-04-30/03_Small_Requests/06_Patient_Dignity_Closet/02_SBAR.docx,/Users/jm/_Dedupe_Quarantine_2026-06-26/Clinical/BHU Annual Fund Brainstorm/Portfolio_FINAL_2026-04-30/03_Small_Requests/06_Patient_Dignity_Closet/02_SBAR.docx,/Users/jm/Clinical/BHU Annual Fund Brainstorm/Drafts_2026-04-30/SBAR_DignityCloset_DRAFT.docx,87869767368c090b5b35d883641e8e72c6d290bd79eb30a0efe9acc8b4cb8589
/Users/jm/Clinical/BHU Annual Fund Brainstorm/Portfolio_FINAL_2026-04-30/03_Small_Requests/07_Lethal_Means_Gun_Locks/02_SBAR.docx,/Users/jm/_Dedupe_Quarantine_2026-06-26/Clinical/BHU Annual Fund Brainstorm/Portfolio_FINAL_2026-04-30/03_Small_Requests/07_Lethal_Means_Gun_Locks/02_SBAR.docx,/Users/jm/Clinical/BHU Annual Fund Brainstorm/Drafts_2026-04-30/SBAR_LethalMeans_GunLocks_DRAFT.docx,761a94e0fbdb72051a5f9243e565bedf99765a7a0572b424db88676b8ab05ccc
/Users/jm/Clinical/BHU Annual Fund Brainstorm/Portfolio_FINAL_2026-04-30/03_Small_Requests/10_Sleep_Hygiene_Kit/02_SBAR.docx,/Users/jm/_Dedupe_Quarantine_2026-06-26/Clinical/BHU Annual Fund Brainstorm/Portfolio_FINAL_2026-04-30/03_Small_Requests/10_Sleep_Hygiene_Kit/02_SBAR.docx,/Users/jm/Clinical/BHU Annual Fund Brainstorm/Drafts_2026-04-30/SBAR_SleepHygiene_DRAFT.docx,b5b4f05d3dcc973aa90ec8128503ee1a66043a5e9da0cd63c67d82918d7f8007
/Users/jm/Clinical/BHU Annual Fund Brainstorm/Portfolio_FINAL_2026-04-30/03_Small_Requests/13_Memorial_Book_Recovery_Library/02_SBAR.docx,/Users/jm/_Dedupe_Quarantine_2026-06-26/Clinical/BHU Annual Fund Brainstorm/Portfolio_FINAL_2026-04-30/03_Small_Requests/13_Memorial_Book_Recovery_Library/02_SBAR.docx,/Users/jm/Clinical/BHU Annual Fund Brainstorm/Drafts_2026-04-30/SBAR_MemorialBook_RecoveryLib_DRAFT.docx,13f885f46c6945526208817a619471493d75f3ebcc6de6f6b6d989ffea03f6b4
/Users/jm/Clinical/BHU Annual Fund Brainstorm/Portfolio_FINAL_2026-04-30/03_Small_Requests/09_Psychoeducation_iPads_Books/02_SBAR.docx,/Users/jm/_Dedupe_Quarantine_2026-06-26/Clinical/BHU Annual Fund Brainstorm/Portfolio_FINAL_2026-04-30/03_Small_Requests/09_Psychoeducation_iPads_Books/02_SBAR.docx,/Users/jm/Clinical/BHU Annual Fund Brainstorm/Drafts_2026-04-30/SBAR_Psychoed_iPadBooks_DRAFT.docx,ab0f2ea106cbcab1eb4a41755b9b10dcf6c212acc88b0d8977389d21ac8081f9
/Users/jm/Clinical/BHU Annual Fund Brainstorm/Portfolio_FINAL_2026-04-30/02_Large_Requests/01_Outdoor_Therapeutic_Space/02_SBAR.docx,/Users/jm/_Dedupe_Quarantine_2026-06-26/Clinical/BHU Annual Fund Brainstorm/Portfolio_FINAL_2026-04-30/02_Large_Requests/01_Outdoor_Therapeutic_Space/02_SBAR.docx,/Users/jm/Clinical/BHU Annual Fund Brainstorm/Drafts_2026-04-30/SBAR_OutdoorSpace_DRAFT.docx,8f7f77fedc7c571a7565a129e6a9980c53b3f76feab8eff8ec572f4ed1cb6cbe
/Users/jm/Clinical/BHU Annual Fund Brainstorm/Portfolio_FINAL_2026-04-30/Review_Packet_for_Russell_and_Wright/01_Outdoor_Therapeutic_Space/02_SBAR.docx,/Users/jm/_Dedupe_Quarantine_2026-06-26/Clinical/BHU Annual Fund Brainstorm/Portfolio_FINAL_2026-04-30/Review_Packet_for_Russell_and_Wright/01_Outdoor_Therapeutic_Space/02_SBAR.docx,/Users/jm/Clinical/BHU Annual Fund Brainstorm/Drafts_2026-04-30/SBAR_OutdoorSpace_DRAFT.docx,8f7f77fedc7c571a7565a129e6a9980c53b3f76feab8eff8ec572f4ed1cb6cbe
/Users/jm/Clinical/BHU Annual Fund Brainstorm/Portfolio_FINAL_2026-04-30/Review_Packet_for_Russell_and_Wright/Files_to_Attach_to_Email/SBAR_01_OutdoorTherapeuticSpace.docx,/Users/jm/_Dedupe_Quarantine_2026-06-26/Clinical/BHU Annual Fund Brainstorm/Portfolio_FINAL_2026-04-30/Review_Packet_for_Russell_and_Wright/Files_to_Attach_to_Email/SBAR_01_OutdoorTherapeuticSpace.docx,/Users/jm/Clinical/BHU Annual Fund Brainstorm/Drafts_2026-04-30/SBAR_OutdoorSpace_DRAFT.docx,8f7f77fedc7c571a7565a129e6a9980c53b3f76feab8eff8ec572f4ed1cb6cbe
/Users/jm/Clinical/BHU Annual Fund Brainstorm/Portfolio_FINAL_2026-04-30/02_Large_Requests/05_TIC_Training_and_Restoration_Room/02_SBAR.docx,/Users/jm/_Dedupe_Quarantine_2026-06-26/Clinical/BHU Annual Fund Brainstorm/Portfolio_FINAL_2026-04-30/02_Large_Requests/05_TIC_Training_and_Restoration_Room/02_SBAR.docx,/Users/jm/Clinical/BHU Annual Fund Brainstorm/Drafts_2026-04-30/SBAR_TIC_StaffRestoration_DRAFT.docx,96a2988fb450ccd41ef25b1d602984120a2269d0fcbaba96d636c1c9ac6e121b
/Users/jm/Clinical/Presentations:Meeting/Family-Therapy-Didactic-June16/Archived versions/Family-Therapy-Didactic-June16/NotebookLM-Videos/02_Video_Source_The_House_With_One_Front_Door.md,/Users/jm/_Dedupe_Quarantine_2026-06-26/Clinical/Presentations:Meeting/Family-Therapy-Didactic-June16/Archived versions/Family-Therapy-Didactic-June16/NotebookLM-Videos/02_Video_Source_The_House_With_One_Front_Door.md,/Users/jm/Clinical/Presentations:Meeting/Family-Therapy-Didactic-June16/NotebookLM-Videos/02_Video_Source_The_House_With_One_Front_Door.md,ccbf796463445e2541da98af2ae7eb7bd3535d8ad0771c4e9299c30da5468193
/Users/jm/Clinical/BHU Annual Fund Brainstorm/Portfolio_FINAL_2026-04-30/02_Large_Requests/01_Outdoor_Therapeutic_Space/03_ItemizedList.docx,/Users/jm/_Dedupe_Quarantine_2026-06-26/Clinical/BHU Annual Fund Brainstorm/Portfolio_FINAL_2026-04-30/02_Large_Requests/01_Outdoor_Therapeutic_Space/03_ItemizedList.docx,/Users/jm/Clinical/BHU Annual Fund Brainstorm/Drafts_2026-04-30/ItemList_01_OutdoorSpace.docx,7e6eda578059cec5c3593c6c39f51a7be1cfba5ff55371f7b3de34f4f780e8b4
/Users/jm/Clinical/BHU Annual Fund Brainstorm/Portfolio_FINAL_2026-04-30/Review_Packet_for_Russell_and_Wright/01_Outdoor_Therapeutic_Space/03_ItemizedList.docx,/Users/jm/_Dedupe_Quarantine_2026-06-26/Clinical/BHU Annual Fund Brainstorm/Portfolio_FINAL_2026-04-30/Review_Packet_for_Russell_and_Wright/01_Outdoor_Therapeutic_Space/03_ItemizedList.docx,/Users/jm/Clinical/BHU Annual Fund Brainstorm/Drafts_2026-04-30/ItemList_01_OutdoorSpace.docx,7e6eda578059cec5c3593c6c39f51a7be1cfba5ff55371f7b3de34f4f780e8b4
/Users/jm/Clinical/BHU Annual Fund Brainstorm/Portfolio_FINAL_2026-04-30/Review_Packet_for_Russell_and_Wright/Files_to_Attach_to_Email/ItemizedList_01_OutdoorTherapeuticSpace.docx,/Users/jm/_Dedupe_Quarantine_2026-06-26/Clinical/BHU Annual Fund Brainstorm/Portfolio_FINAL_2026-04-30/Review_Packet_for_Russell_and_Wright/Files_to_Attach_to_Email/ItemizedList_01_OutdoorTherapeuticSpace.docx,/Users/jm/Clinical/BHU Annual Fund Brainstorm/Drafts_2026-04-30/ItemList_01_OutdoorSpace.docx,7e6eda578059cec5c3593c6c39f51a7be1cfba5ff55371f7b3de34f4f780e8b4
/Users/jm/Clinical/BHU Annual Fund Brainstorm/Portfolio_FINAL_2026-04-30/02_Large_Requests/05_TIC_Training_and_Restoration_Room/03_ItemizedList.docx,/Users/jm/_Dedupe_Quarantine_2026-06-26/Clinical/BHU Annual Fund Brainstorm/Portfolio_FINAL_2026-04-30/02_Large_Requests/05_TIC_Training_and_Restoration_Room/03_ItemizedList.docx,/Users/jm/Clinical/BHU Annual Fund Brainstorm/Drafts_2026-04-30/ItemList_05_TIC_StaffRestoration.docx,61da4be224a467267b56c6bbf071aee430027d28651ef0c96fe89b28277ece8f
/Users/jm/Clinical/ED-Psych-Capstone/Patient-Materials/Condition-Inserts/03-Mania-Bipolar-Insert.pdf,/Users/jm/_Dedupe_Quarantine_2026-06-26/Clinical/ED-Psych-Capstone/Patient-Materials/Condition-Inserts/03-Mania-Bipolar-Insert.pdf,/Users/jm/Code/reconnect-psychiatry-system/teaching/ed-psych-capstone/Patient-Materials/Condition-Inserts/03-Mania-Bipolar-Insert.pdf,4e613fc00d72fa61db22a73a535f0754979ab7f2c6d621febf82e5c470f43d78
/Users/jm/Clinical/Presentations:Meeting/MEDSTAFF DINNER/Family-Therapy-Inpatient-Evidence-Repository and FINISHED SLIDE DECK/07_NotebookLM_Source_Packets/03_QA_Bank.md,/Users/jm/_Dedupe_Quarantine_2026-06-26/Clinical/Presentations:Meeting/MEDSTAFF DINNER/Family-Therapy-Inpatient-Evidence-Repository and FINISHED SLIDE DECK/07_NotebookLM_Source_Packets/03_QA_Bank.md,/Users/jm/Family-Therapy-Inpatient-Evidence-Repository/07_NotebookLM_Source_Packets/03_QA_Bank.md,387b07eae0fb6e787b6036a82d3d78851cd74e21701cd37674eb14701ddbecd9
/Users/jm/Clinical/Presentations:Meeting/MEDSTAFF DINNER/Family-Therapy-Inpatient-Evidence-Repository and FINISHED SLIDE DECK/07_NotebookLM_Source_Packets/04_Glossary_Key_Terms.md,/Users/jm/_Dedupe_Quarantine_2026-06-26/Clinical/Presentations:Meeting/MEDSTAFF DINNER/Family-Therapy-Inpatient-Evidence-Repository and FINISHED SLIDE DECK/07_NotebookLM_Source_Packets/04_Glossary_Key_Terms.md,/Users/jm/Family-Therapy-Inpatient-Evidence-Repository/07_NotebookLM_Source_Packets/04_Glossary_Key_Terms.md,963279ced6beb6d3fcbe41ce808defd25613ff169af0369555c6feac9c61d66a
/Users/jm/Clinical/ED-Psych-Capstone/Patient-Materials/Condition-Inserts/04-Severe-Depression-Insert.pdf,/Users/jm/_Dedupe_Quarantine_2026-06-26/Clinical/ED-Psych-Capstone/Patient-Materials/Condition-Inserts/04-Severe-Depression-Insert.pdf,/Users/jm/Code/reconnect-psychiatry-system/teaching/ed-psych-capstone/Patient-Materials/Condition-Inserts/04-Severe-Depression-Insert.pdf,a4673f132979a63b8b072460cc05dc3a3d6c36ebb15cb6880789f8565761405e
/Users/jm/Clinical/Presentations:Meeting/MEDSTAFF DINNER/Family-Therapy-Inpatient-Evidence-Repository and FINISHED SLIDE DECK/04_Key_Statistics/Key_Statistics.md,/Users/jm/_Dedupe_Quarantine_2026-06-26/Clinical/Presentations:Meeting/MEDSTAFF DINNER/Family-Therapy-Inpatient-Evidence-Repository and FINISHED SLIDE DECK/04_Key_Statistics/Key_Statistics.md,/Users/jm/Family-Therapy-Inpatient-Evidence-Repository/04_Key_Statistics/Key_Statistics.md,0500d94602e08e078967263076d628bb1b50fd7908893019b387fa0ed53f46ac
/Users/jm/Clinical/Presentations:Meeting/MEDSTAFF DINNER/Family-Therapy-Inpatient-Evidence-Repository and FINISHED SLIDE DECK/07_NotebookLM_Source_Packets/05_Key_Statistics_Reference.md,/Users/jm/_Dedupe_Quarantine_2026-06-26/Clinical/Presentations:Meeting/MEDSTAFF DINNER/Family-Therapy-Inpatient-Evidence-Repository and FINISHED SLIDE DECK/07_NotebookLM_Source_Packets/05_Key_Statistics_Reference.md,/Users/jm/Family-Therapy-Inpatient-Evidence-Repository/04_Key_Statistics/Key_Statistics.md,0500d94602e08e078967263076d628bb1b50fd7908893019b387fa0ed53f46ac
/Users/jm/Family-Therapy-Inpatient-Evidence-Repository/07_NotebookLM_Source_Packets/05_Key_Statistics_Reference.md,/Users/jm/_Dedupe_Quarantine_2026-06-26/Family-Therapy-Inpatient-Evidence-Repository/07_NotebookLM_Source_Packets/05_Key_Statistics_Reference.md,/Users/jm/Family-Therapy-Inpatient-Evidence-Repository/04_Key_Statistics/Key_Statistics.md,0500d94602e08e078967263076d628bb1b50fd7908893019b387fa0ed53f46ac
/Users/jm/Clinical/Teaching/Family_Meeting_Didactic_2026/NotebookLM_Package/Resident_Handout.md,/Users/jm/_Dedupe_Quarantine_2026-06-26/Clinical/Teaching/Family_Meeting_Didactic_2026/NotebookLM_Package/Resident_Handout.md,/Users/jm/Clinical/Teaching/Family_Meeting_Didactic_2026/05_Resident_Handout.md,34b7df26ec5efc284791c72d7234bb1b9cb37c19b2e91895c2ca25120072ff32
/Users/jm/Clinical/ED-Psych-Capstone/Patient-Materials/Condition-Inserts/05-Substance-Use-Mental-Health-Insert.pdf,/Users/jm/_Dedupe_Quarantine_2026-06-26/Clinical/ED-Psych-Capstone/Patient-Materials/Condition-Inserts/05-Substance-Use-Mental-Health-Insert.pdf,/Users/jm/Code/reconnect-psychiatry-system/teaching/ed-psych-capstone/Patient-Materials/Condition-Inserts/05-Substance-Use-Mental-Health-Insert.pdf,3f013542308656f77fe5fd9d228b965c348a484f3fcf89e29d476ba93f263bbc
/Users/jm/Clinical/ED-Psych-Capstone/Patient-Materials/Condition-Inserts/06-Self-Harm-Insert.pdf,/Users/jm/_Dedupe_Quarantine_2026-06-26/Clinical/ED-Psych-Capstone/Patient-Materials/Condition-Inserts/06-Self-Harm-Insert.pdf,/Users/jm/Code/reconnect-psychiatry-system/teaching/ed-psych-capstone/Patient-Materials/Condition-Inserts/06-Self-Harm-Insert.pdf,ff7ccd312eb5c142df8e37e0cc208a1c51c4048e61374b9f743eb337b39d4e6d
/Users/jm/Clinical/Presentations:Meeting/MEDSTAFF DINNER/Family-Therapy-Inpatient-Evidence-Repository and FINISHED SLIDE DECK/10_MedStaff_Dinner_June9/15_Annotated_Evidence_List.pdf,/Users/jm/_Dedupe_Quarantine_2026-06-26/Clinical/Presentations:Meeting/MEDSTAFF DINNER/Family-Therapy-Inpatient-Evidence-Repository and FINISHED SLIDE DECK/10_MedStaff_Dinner_June9/15_Annotated_Evidence_List.pdf,/Users/jm/Family-Therapy-Inpatient-Evidence-Repository/10_MedStaff_Dinner_June9/15_Annotated_Evidence_List.pdf,22b430116b5199413e670ebb10573d833e5bc666ecdb522ace2f635ac1b0bd83
/Users/jm/Clinical/Presentations:Meeting/MEDSTAFF DINNER/Family-Therapy-Inpatient-Evidence-Repository and FINISHED SLIDE DECK/10_MedStaff_Dinner_June9/15_Annotated_Evidence_List.md,/Users/jm/_Dedupe_Quarantine_2026-06-26/Clinical/Presentations:Meeting/MEDSTAFF DINNER/Family-Therapy-Inpatient-Evidence-Repository and FINISHED SLIDE DECK/10_MedStaff_Dinner_June9/15_Annotated_Evidence_List.md,/Users/jm/Family-Therapy-Inpatient-Evidence-Repository/10_MedStaff_Dinner_June9/15_Annotated_Evidence_List.md,9df70f8a127af9354edafd33e281f1ce5459771e114d88ea3421b74c9f8a962f
/Users/jm/Gen Psych Resources/PGY3 Psychotherapy Seminar/Psychodynamic Therapy Reading List/PDFs/26 - Saketopoulou (2020). Thinking psychoanalytically thinking better Reflections on transgender.pdf,/Users/jm/_Dedupe_Quarantine_2026-06-26/Gen Psych Resources/PGY3 Psychotherapy Seminar/Psychodynamic Therapy Reading List/PDFs/26 - Saketopoulou (2020). Thinking psychoanalytically thinking better Reflections on transgender.pdf,/Users/jm/Gen Psych Resources/Psychodynamic Therapy Reading List/PDFs/26 - Saketopoulou (2020). Thinking psychoanalytically thinking better Reflections on transgender.pdf,c6b4dc70b4346b4c39926f6f79522870bba1cde13a995492a834abcf781bd11b
/Users/jm/Clinical/Patient-Resources/New Education Library/bpd/family-guide.md,/Users/jm/_Dedupe_Quarantine_2026-06-26/Clinical/Patient-Resources/New Education Library/bpd/family-guide.md,/Users/jm/Code/reconnect-psychiatry-system/psychoed-library/family/bpd/BPD_Family_Guide_Extended_FAM.md,d7590c78a4bc533e99c54c4e02cd66a6c69e1f6cf83b1333d78dab941575f2dd
/Users/jm/Clinical/Presentations:Meeting/Family-Therapy-Didactic-June16/Archived versions/Family-Therapy-Didactic-June16/Archived versions/Family-Therapy-Didactic-June16-REVAMP/Handouts/Case_Based_Learning_Unfolding_Case.pdf,/Users/jm/_Dedupe_Quarantine_2026-06-26/Clinical/Presentations:Meeting/Family-Therapy-Didactic-June16/Archived versions/Family-Therapy-Didactic-June16/Archived versions/Family-Therapy-Didactic-June16-REVAMP/Handouts/Case_Based_Learning_Unfolding_Case.pdf,/Users/jm/Clinical/Presentations:Meeting/Family-Therapy-Didactic-June16/Archived versions/Family-Therapy-Didactic-June16-REVAMP/Handouts/Case_Based_Learning_Unfolding_Case.pdf,a82d6cdff3add7bd843b029cecc99da6259a2212f34a8b485a41104881e98775
/Users/jm/Clinical/Presentations:Meeting/Family-Therapy-Didactic-June16/Archived versions/Family-Therapy-Didactic-June16/Archived versions/Family-Therapy-Didactic-June16-REVAMP/Handouts/Case_Based_Learning_Unfolding_Case.docx,/Users/jm/_Dedupe_Quarantine_2026-06-26/Clinical/Presentations:Meeting/Family-Therapy-Didactic-June16/Archived versions/Family-Therapy-Didactic-June16/Archived versions/Family-Therapy-Didactic-June16-REVAMP/Handouts/Case_Based_Learning_Unfolding_Case.docx,/Users/jm/Clinical/Presentations:Meeting/Family-Therapy-Didactic-June16/Archived versions/Family-Therapy-Didactic-June16-REVAMP/Handouts/Case_Based_Learning_Unfolding_Case.docx,5d807c34a809cb6be0800ccf500b77917dee935383ef4201bef24b4ea9e1efbf
/Users/jm/Clinical/Presentations:Meeting/Family-Therapy-Didactic-June16/Archived versions/Family-Therapy-Didactic-June16/Handouts/Case_Based_Learning_Unfolding_Case.pdf,/Users/jm/_Dedupe_Quarantine_2026-06-26/Clinical/Presentations:Meeting/Family-Therapy-Didactic-June16/Archived versions/Family-Therapy-Didactic-June16/Handouts/Case_Based_Learning_Unfolding_Case.pdf,/Users/jm/Clinical/Presentations:Meeting/Family-Therapy-Didactic-June16/Handouts/Case_Based_Learning_Unfolding_Case.pdf,027dd5eba41f99bb29b0274a1c7815ca2e033137e621cae43ae79855fd9efb81
/Users/jm/Clinical/Presentations:Meeting/Family-Therapy-Didactic-June16/Archived versions/Family-Therapy-Didactic-June16/Handouts/Case_Based_Learning_Unfolding_Case.docx,/Users/jm/_Dedupe_Quarantine_2026-06-26/Clinical/Presentations:Meeting/Family-Therapy-Didactic-June16/Archived versions/Family-Therapy-Didactic-June16/Handouts/Case_Based_Learning_Unfolding_Case.docx,/Users/jm/Clinical/Presentations:Meeting/Family-Therapy-Didactic-June16/Handouts/Case_Based_Learning_Unfolding_Case.docx,caf804a7ff53dcf6e4d3ddafd39bcddf24ed39895c2216c256eb7696dd368463
/Users/jm/Clinical/Presentations:Meeting/Family-Therapy-Didactic-June16/Archived versions/Family-Therapy-Didactic-June16/Archived versions/Family-Therapy-Didactic-June16-REVAMP/Handouts/Case_Based_Learning_Worksheet.pdf,/Users/jm/_Dedupe_Quarantine_2026-06-26/Clinical/Presentations:Meeting/Family-Therapy-Didactic-June16/Archived versions/Family-Therapy-Didactic-June16/Archived versions/Family-Therapy-Didactic-June16-REVAMP/Handouts/Case_Based_Learning_Worksheet.pdf,/Users/jm/Clinical/Presentations:Meeting/Family-Therapy-Didactic-June16/Archived versions/Family-Therapy-Didactic-June16-REVAMP/Handouts/Case_Based_Learning_Worksheet.pdf,1d4051d8a94ec14c0e706473ab68dc1dc140b2bb24e2a4aee69f53e85e44fc85
/Users/jm/Clinical/Presentations:Meeting/Family-Therapy-Didactic-June16/Archived versions/Family-Therapy-Didactic-June16/Archived versions/Family-Therapy-Didactic-June16-REVAMP/Handouts/Case_Based_Learning_Worksheet.docx,/Users/jm/_Dedupe_Quarantine_2026-06-26/Clinical/Presentations:Meeting/Family-Therapy-Didactic-June16/Archived versions/Family-Therapy-Didactic-June16/Archived versions/Family-Therapy-Didactic-June16-REVAMP/Handouts/Case_Based_Learning_Worksheet.docx,/Users/jm/Clinical/Presentations:Meeting/Family-Therapy-Didactic-June16/Archived versions/Family-Therapy-Didactic-June16-REVAMP/Handouts/Case_Based_Learning_Worksheet.docx,5cb84363403464095ed4b2dc025f15f0cdced13720dc31e38277bcd2c09b850f
/Users/jm/Clinical/Presentations:Meeting/Family-Therapy-Didactic-June16/Archived versions/Family-Therapy-Didactic-June16/Handouts/Case_Based_Learning_Worksheet.pdf,/Users/jm/_Dedupe_Quarantine_2026-06-26/Clinical/Presentations:Meeting/Family-Therapy-Didactic-June16/Archived versions/Family-Therapy-Didactic-June16/Handouts/Case_Based_Learning_Worksheet.pdf,/Users/jm/Clinical/Presentations:Meeting/Family-Therapy-Didactic-June16/Handouts/Case_Based_Learning_Worksheet.pdf,0658372ea37c6b00891df2e3d7e3c155f523166ab83cc1a2f153c91d858705c9
/Users/jm/Clinical/Presentations:Meeting/Family-Therapy-Didactic-June16/Archived versions/Family-Therapy-Didactic-June16/Handouts/Case_Based_Learning_Worksheet.docx,/Users/jm/_Dedupe_Quarantine_2026-06-26/Clinical/Presentations:Meeting/Family-Therapy-Didactic-June16/Archived versions/Family-Therapy-Didactic-June16/Handouts/Case_Based_Learning_Worksheet.docx,/Users/jm/Clinical/Presentations:Meeting/Family-Therapy-Didactic-June16/Handouts/Case_Based_Learning_Worksheet.docx,11044cc7d1bb17a17b783bb37a9f6b5527908c5ae729032c3f14c2a7574bb5cb
/Users/jm/Clinical/Presentations:Meeting/Family-Therapy-Didactic-June16/Archived versions/Family-Therapy-Didactic-June16/Archived versions/Family-Therapy-Didactic-June16-REVAMP/Handouts/Case_Gallery_Four_Vignettes.pdf,/Users/jm/_Dedupe_Quarantine_2026-06-26/Clinical/Presentations:Meeting/Family-Therapy-Didactic-June16/Archived versions/Family-Therapy-Didactic-June16/Archived versions/Family-Therapy-Didactic-June16-REVAMP/Handouts/Case_Gallery_Four_Vignettes.pdf,/Users/jm/Clinical/Presentations:Meeting/Family-Therapy-Didactic-June16/Archived versions/Family-Therapy-Didactic-June16-REVAMP/Handouts/Case_Gallery_Four_Vignettes.pdf,925f26c2441b7386e28963ee552264f3650f6e7cce1e62d7d8d2d9ed6aa8e22d
/Users/jm/Clinical/Presentations:Meeting/Family-Therapy-Didactic-June16/Archived versions/Family-Therapy-Didactic-June16/Archived versions/Family-Therapy-Didactic-June16-REVAMP/Handouts/Case_Gallery_Four_Vignettes.docx,/Users/jm/_Dedupe_Quarantine_2026-06-26/Clinical/Presentations:Meeting/Family-Therapy-Didactic-June16/Archived versions/Family-Therapy-Didactic-June16/Archived versions/Family-Therapy-Didactic-June16-REVAMP/Handouts/Case_Gallery_Four_Vignettes.docx,/Users/jm/Clinical/Presentations:Meeting/Family-Therapy-Didactic-June16/Archived versions/Family-Therapy-Didactic-June16-REVAMP/Handouts/Case_Gallery_Four_Vignettes.docx,6e5f4a6262045f373f1b3078d584a9b85b98ff3e4fd42a8451e2fb486266db74
/Users/jm/Clinical/Presentations:Meeting/MEDSTAFF DINNER/Family-Therapy-Inpatient-Evidence-Repository and FINISHED SLIDE DECK/10_MedStaff_Dinner_June9/mockups_clean/Clean-FamilyCommunication-Mockup.html,/Users/jm/_Dedupe_Quarantine_2026-06-26/Clinical/Presentations:Meeting/MEDSTAFF DINNER/Family-Therapy-Inpatient-Evidence-Repository and FINISHED SLIDE DECK/10_MedStaff_Dinner_June9/mockups_clean/Clean-FamilyCommunication-Mockup.html,/Users/jm/Family-Therapy-Inpatient-Evidence-Repository/10_MedStaff_Dinner_June9/mockups_clean/Clean-FamilyCommunication-Mockup.html,cb00089505c3f89b988662bf8d8956edadc4796252cf4cea6d8fe78133ef6cde
/Users/jm/Clinical/Presentations:Meeting/MEDSTAFF DINNER/Family-Therapy-Inpatient-Evidence-Repository and FINISHED SLIDE DECK/10_MedStaff_Dinner_June9/mockups_clean/Clean-ResourceFinder-Mockup.html,/Users/jm/_Dedupe_Quarantine_2026-06-26/Clinical/Presentations:Meeting/MEDSTAFF DINNER/Family-Therapy-Inpatient-Evidence-Repository and FINISHED SLIDE DECK/10_MedStaff_Dinner_June9/mockups_clean/Clean-ResourceFinder-Mockup.html,/Users/jm/Family-Therapy-Inpatient-Evidence-Repository/10_MedStaff_Dinner_June9/mockups_clean/Clean-ResourceFinder-Mockup.html,8357b233f14dd53f2b6fd2aadc2fa43f9ec3bc997dbd2c5f390b01829c2c4814
/Users/jm/Clinical/Presentations:Meeting/Family-Therapy-Didactic-June16/Archived versions/Family-Therapy-Didactic-June16/Archived versions/Family-Therapy-Didactic-June16-REVAMP/Handouts/Clinical_Case_Walkthrough.pdf,/Users/jm/_Dedupe_Quarantine_2026-06-26/Clinical/Presentations:Meeting/Family-Therapy-Didactic-June16/Archived versions/Family-Therapy-Didactic-June16/Archived versions/Family-Therapy-Didactic-June16-REVAMP/Handouts/Clinical_Case_Walkthrough.pdf,/Users/jm/Clinical/Presentations:Meeting/Family-Therapy-Didactic-June16/Archived versions/Family-Therapy-Didactic-June16-REVAMP/Handouts/Clinical_Case_Walkthrough.pdf,acbf76218e93232274d7ec860f37726f30020112e7b75a7576fe9f10646969dd
/Users/jm/Clinical/Presentations:Meeting/Family-Therapy-Didactic-June16/Archived versions/Family-Therapy-Didactic-June16/Archived versions/Family-Therapy-Didactic-June16-REVAMP/Handouts/Clinical_Case_Walkthrough.docx,/Users/jm/_Dedupe_Quarantine_2026-06-26/Clinical/Presentations:Meeting/Family-Therapy-Didactic-June16/Archived versions/Family-Therapy-Didactic-June16/Archived versions/Family-Therapy-Didactic-June16-REVAMP/Handouts/Clinical_Case_Walkthrough.docx,/Users/jm/Clinical/Presentations:Meeting/Family-Therapy-Didactic-June16/Archived versions/Family-Therapy-Didactic-June16-REVAMP/Handouts/Clinical_Case_Walkthrough.docx,293a37a1f9df0fcd106379f1da85bce1f565c15aba016ec8c12d063c94456a3c
/Users/jm/Clinical/Presentations:Meeting/Family-Therapy-Didactic-June16/Archived versions/Family-Therapy-Didactic-June16/Handouts/Clinical_Case_Walkthrough.pdf,/Users/jm/_Dedupe_Quarantine_2026-06-26/Clinical/Presentations:Meeting/Family-Therapy-Didactic-June16/Archived versions/Family-Therapy-Didactic-June16/Handouts/Clinical_Case_Walkthrough.pdf,/Users/jm/Clinical/Presentations:Meeting/Family-Therapy-Didactic-June16/Handouts/Clinical_Case_Walkthrough.pdf,c8945c510b9ad4223888ea55f5db192a9fe084d01d4ab9b6bd3412b2d77632f5
/Users/jm/Clinical/Presentations:Meeting/Family-Therapy-Didactic-June16/Archived versions/Family-Therapy-Didactic-June16/Handouts/Clinical_Case_Walkthrough.docx,/Users/jm/_Dedupe_Quarantine_2026-06-26/Clinical/Presentations:Meeting/Family-Therapy-Didactic-June16/Archived versions/Family-Therapy-Didactic-June16/Handouts/Clinical_Case_Walkthrough.docx,/Users/jm/Clinical/Presentations:Meeting/Family-Therapy-Didactic-June16/Handouts/Clinical_Case_Walkthrough.docx,6ef16578443ce0192644ef774ee9925dd0ad1759bdbedf46284fc83fc5f3eecb
/Users/jm/Clinical/Manuals/Archive-01/Clinical_Pearls_Handbook_COMPLETE.docx,/Users/jm/_Dedupe_Quarantine_2026-06-26/Clinical/Manuals/Archive-01/Clinical_Pearls_Handbook_COMPLETE.docx,/Users/jm/Clinical/Manuals/Archive-01/Clinical_Pearls_Handbook1.docx,dcd4a6d5741b328b6baa34b2b3067b2659548added756f71defedad3bbcc7e11
/Users/jm/Clinical/Presentations:Meeting/MEDSTAFF DINNER/Family-Therapy-Inpatient-Evidence-Repository and FINISHED SLIDE DECK/09_Deliverables/D1_Executive_Summary.docx,/Users/jm/_Dedupe_Quarantine_2026-06-26/Clinical/Presentations:Meeting/MEDSTAFF DINNER/Family-Therapy-Inpatient-Evidence-Repository and FINISHED SLIDE DECK/09_Deliverables/D1_Executive_Summary.docx,/Users/jm/Family-Therapy-Inpatient-Evidence-Repository/09_Deliverables/D1_Executive_Summary.docx,da77b65dee88df8fc5845f62a0477d062d949182ab9011c6e1b850df91b63de9
/Users/jm/Clinical/Presentations:Meeting/MEDSTAFF DINNER/Family-Therapy-Inpatient-Evidence-Repository and FINISHED SLIDE DECK/09_Deliverables/D1_Executive_Summary.md,/Users/jm/_Dedupe_Quarantine_2026-06-26/Clinical/Presentations:Meeting/MEDSTAFF DINNER/Family-Therapy-Inpatient-Evidence-Repository and FINISHED SLIDE DECK/09_Deliverables/D1_Executive_Summary.md,/Users/jm/Family-Therapy-Inpatient-Evidence-Repository/09_Deliverables/D1_Executive_Summary.md,7b2be25d8793f1c2c0e8f50f779c751f99e0d863b6186a4567206a4ea86116d4
/Users/jm/Clinical/Presentations:Meeting/MEDSTAFF DINNER/Family-Therapy-Inpatient-Evidence-Repository and FINISHED SLIDE DECK/09_Deliverables/D4_Key_Statistics_Bank.docx,/Users/jm/_Dedupe_Quarantine_2026-06-26/Clinical/Presentations:Meeting/MEDSTAFF DINNER/Family-Therapy-Inpatient-Evidence-Repository and FINISHED SLIDE DECK/09_Deliverables/D4_Key_Statistics_Bank.docx,/Users/jm/Family-Therapy-Inpatient-Evidence-Repository/09_Deliverables/D4_Key_Statistics_Bank.docx,d919346aeb2135f6248031a8084c4721cab4aa10a55ec735607ad5df42dcefad
/Users/jm/Clinical/Presentations:Meeting/MEDSTAFF DINNER/Family-Therapy-Inpatient-Evidence-Repository and FINISHED SLIDE DECK/09_Deliverables/D4_Key_Statistics_Bank.md,/Users/jm/_Dedupe_Quarantine_2026-06-26/Clinical/Presentations:Meeting/MEDSTAFF DINNER/Family-Therapy-Inpatient-Evidence-Repository and FINISHED SLIDE DECK/09_Deliverables/D4_Key_Statistics_Bank.md,/Users/jm/Family-Therapy-Inpatient-Evidence-Repository/09_Deliverables/D4_Key_Statistics_Bank.md,4fbd27e53911c7501cdec7cb5136201157eac924c72afb38c65f9878162059bc
/Users/jm/Clinical/Presentations:Meeting/MEDSTAFF DINNER/Family-Therapy-Inpatient-Evidence-Repository and FINISHED SLIDE DECK/09_Deliverables/D6_Research_Gaps.docx,/Users/jm/_Dedupe_Quarantine_2026-06-26/Clinical/Presentations:Meeting/MEDSTAFF DINNER/Family-Therapy-Inpatient-Evidence-Repository and FINISHED SLIDE DECK/09_Deliverables/D6_Research_Gaps.docx,/Users/jm/Family-Therapy-Inpatient-Evidence-Repository/09_Deliverables/D6_Research_Gaps.docx,4316eb30ade766bd5d2f1db91ff9c29b2fc221e9f630b07f7f2bc172edf6c249
/Users/jm/Clinical/Presentations:Meeting/MEDSTAFF DINNER/Family-Therapy-Inpatient-Evidence-Repository and FINISHED SLIDE DECK/09_Deliverables/D6_Research_Gaps.md,/Users/jm/_Dedupe_Quarantine_2026-06-26/Clinical/Presentations:Meeting/MEDSTAFF DINNER/Family-Therapy-Inpatient-Evidence-Repository and FINISHED SLIDE DECK/09_Deliverables/D6_Research_Gaps.md,/Users/jm/Family-Therapy-Inpatient-Evidence-Repository/09_Deliverables/D6_Research_Gaps.md,aa6a6fe344d322d4c349fe4bdb2648c7d046f1e0a992a8befcbc14ebf4074902
/Users/jm/Clinical/Presentations:Meeting/MEDSTAFF DINNER/Family-Therapy-Inpatient-Evidence-Repository and FINISHED SLIDE DECK/09_Deliverables/D7_MedStaff_Dinner_Presentation_Support.docx,/Users/jm/_Dedupe_Quarantine_2026-06-26/Clinical/Presentations:Meeting/MEDSTAFF DINNER/Family-Therapy-Inpatient-Evidence-Repository and FINISHED SLIDE DECK/09_Deliverables/D7_MedStaff_Dinner_Presentation_Support.docx,/Users/jm/Family-Therapy-Inpatient-Evidence-Repository/09_Deliverables/D7_MedStaff_Dinner_Presentation_Support.docx,cace770e60c765e3d0792e1c35d7b177290d0b952f005adcfce06c291ad47437
/Users/jm/Clinical/Presentations:Meeting/MEDSTAFF DINNER/Family-Therapy-Inpatient-Evidence-Repository and FINISHED SLIDE DECK/09_Deliverables/D7_MedStaff_Dinner_Presentation_Support.md,/Users/jm/_Dedupe_Quarantine_2026-06-26/Clinical/Presentations:Meeting/MEDSTAFF DINNER/Family-Therapy-Inpatient-Evidence-Repository and FINISHED SLIDE DECK/09_Deliverables/D7_MedStaff_Dinner_Presentation_Support.md,/Users/jm/Family-Therapy-Inpatient-Evidence-Repository/09_Deliverables/D7_MedStaff_Dinner_Presentation_Support.md,2bde6c6304d53ef47ca2b0e7fa7e2d7f66c1b5429be89d2b1434c0f6722eddc7
/Users/jm/Clinical/Presentations:Meeting/MEDSTAFF DINNER/Family-Therapy-Inpatient-Evidence-Repository and FINISHED SLIDE DECK/10_MedStaff_Dinner_June9/edited_keynote.key,/Users/jm/_Dedupe_Quarantine_2026-06-26/Clinical/Presentations:Meeting/MEDSTAFF DINNER/Family-Therapy-Inpatient-Evidence-Repository and FINISHED SLIDE DECK/10_MedStaff_Dinner_June9/edited_keynote.key,/Users/jm/Family-Therapy-Inpatient-Evidence-Repository/10_MedStaff_Dinner_June9/edited_keynote.key,5e97bd1bf7c19d5c3357812955a9f01284f351de3d9a0f42cf7c745c672fbc4f
/Users/jm/Clinical/Presentations:Meeting/MEDSTAFF DINNER/Family-Therapy-Inpatient-Evidence-Repository and FINISHED SLIDE DECK/10_MedStaff_Dinner_June9/mockups_clean/evidence_list.html,/Users/jm/_Dedupe_Quarantine_2026-06-26/Clinical/Presentations:Meeting/MEDSTAFF DINNER/Family-Therapy-Inpatient-Evidence-Repository and FINISHED SLIDE DECK/10_MedStaff_Dinner_June9/mockups_clean/evidence_list.html,/Users/jm/Family-Therapy-Inpatient-Evidence-Repository/10_MedStaff_Dinner_June9/mockups_clean/evidence_list.html,c1ad2d44dbd535c70e801d25389b5b97a266a7b0e87f7d0915bf380cbdbce3f2
/Users/jm/Clinical/Presentations:Meeting/Family-Therapy-Didactic-June16/Archived versions/Family-Therapy-Didactic-June16/Archived versions/Family-Therapy-Didactic-June16-REVAMP/Handouts/Evidence_Quick_Reference.docx,/Users/jm/_Dedupe_Quarantine_2026-06-26/Clinical/Presentations:Meeting/Family-Therapy-Didactic-June16/Archived versions/Family-Therapy-Didactic-June16/Archived versions/Family-Therapy-Didactic-June16-REVAMP/Handouts/Evidence_Quick_Reference.docx,/Users/jm/Clinical/Presentations:Meeting/Family-Therapy-Didactic-June16/Archived versions/Family-Therapy-Didactic-June16-REVAMP/Handouts/Evidence_Quick_Reference.docx,783fd8286ce7ad9802096e77b146d782f321d9abffe220a933fad4c99eda5279
/Users/jm/Clinical/Presentations:Meeting/Family-Therapy-Didactic-June16/Archived versions/Family-Therapy-Didactic-June16/Archived versions/Family-Therapy-Didactic-June16-REVAMP/Handouts/Evidence_Quick_Reference.pdf,/Users/jm/_Dedupe_Quarantine_2026-06-26/Clinical/Presentations:Meeting/Family-Therapy-Didactic-June16/Archived versions/Family-Therapy-Didactic-June16/Archived versions/Family-Therapy-Didactic-June16-REVAMP/Handouts/Evidence_Quick_Reference.pdf,/Users/jm/Clinical/Presentations:Meeting/Family-Therapy-Didactic-June16/Archived versions/Family-Therapy-Didactic-June16-REVAMP/Handouts/Evidence_Quick_Reference.pdf,cf2ec8533e7dc7063c814be0cece86468f3a94c01044bc9f773c4315721c0ac2
/Users/jm/Clinical/Patient-Resources/New Education Library/substance-use/family-guide.md,/Users/jm/_Dedupe_Quarantine_2026-06-26/Clinical/Patient-Resources/New Education Library/substance-use/family-guide.md,/Users/jm/Code/reconnect-psychiatry-system/psychoed-library/family/substance-use/Substance_Use_Family_Guide_Extended_FAM.md,646043abcedf31e15ca951ec76ec9b4442384485fe6c0d536d3257b8d6e1c9ac
/Users/jm/Clinical/Patient-Resources/New Education Library/ptsd/family-guide.md,/Users/jm/_Dedupe_Quarantine_2026-06-26/Clinical/Patient-Resources/New Education Library/ptsd/family-guide.md,/Users/jm/Code/reconnect-psychiatry-system/psychoed-library/family/ptsd/PTSD_Family_Guide_Extended_FAM.md,03429c472a7264a3782d1f5ae155c41851ee25166458d20e61bfda98a938c849
/Users/jm/Clinical/ED-Psych-Capstone/Patient-Materials/Family-Support-Person-Guide.docx,/Users/jm/_Dedupe_Quarantine_2026-06-26/Clinical/ED-Psych-Capstone/Patient-Materials/Family-Support-Person-Guide.docx,/Users/jm/Code/reconnect-psychiatry-system/teaching/ed-psych-capstone/Patient-Materials/Family-Support-Person-Guide.docx,99edd2e8d50dabd9f728534ad45c4b362d0cd962fbaa8fccb797a806adc27b76
/Users/jm/Clinical/Presentations:Meeting/Family-Therapy-Didactic-June16/Archived versions/Family-Therapy-Didactic-June16/Slides/Versions/Family_Systems_Inpatient_Didactic.pdf,/Users/jm/_Dedupe_Quarantine_2026-06-26/Clinical/Presentations:Meeting/Family-Therapy-Didactic-June16/Archived versions/Family-Therapy-Didactic-June16/Slides/Versions/Family_Systems_Inpatient_Didactic.pdf,/Users/jm/Clinical/Presentations:Meeting/Family-Therapy-Didactic-June16/Slides/Versions/Family_Systems_Inpatient_Didactic.pdf,8193c0c3c0e95738934b3001e9a702b02b957aaf16582c6b43c4ffe11d27562f
/Users/jm/Clinical/Presentations:Meeting/Family-Therapy-Didactic-June16/Archived versions/Family-Therapy-Didactic-June16/Slides/Versions/Family_Systems_Inpatient_Didactic.pptx,/Users/jm/_Dedupe_Quarantine_2026-06-26/Clinical/Presentations:Meeting/Family-Therapy-Didactic-June16/Archived versions/Family-Therapy-Didactic-June16/Slides/Versions/Family_Systems_Inpatient_Didactic.pptx,/Users/jm/Clinical/Presentations:Meeting/Family-Therapy-Didactic-June16/Slides/Versions/Family_Systems_Inpatient_Didactic.pptx,3d7d33970186c1651a627e6010e8490000c52edab6c28371cf2cb180f26c8cc2
/Users/jm/Clinical/Presentations:Meeting/Family-Therapy-Didactic-June16/Archived versions/Family-Therapy-Didactic-June16/Slides/Versions/Family_Systems_Inpatient_Didactic_90min.pptx,/Users/jm/_Dedupe_Quarantine_2026-06-26/Clinical/Presentations:Meeting/Family-Therapy-Didactic-June16/Archived versions/Family-Therapy-Didactic-June16/Slides/Versions/Family_Systems_Inpatient_Didactic_90min.pptx,/Users/jm/Clinical/Presentations:Meeting/Family-Therapy-Didactic-June16/Slides/Versions/Family_Systems_Inpatient_Didactic_90min.pptx,c1ac84f1d57e764ad74542932ccd40341430a2c1d51c4cd0e908a3b527ec1057
/Users/jm/Clinical/Presentations:Meeting/Family-Therapy-Didactic-June16/Archived versions/Family-Therapy-Didactic-June16/Slides/Versions/Family_Systems_Inpatient_Didactic_90min.pdf,/Users/jm/_Dedupe_Quarantine_2026-06-26/Clinical/Presentations:Meeting/Family-Therapy-Didactic-June16/Archived versions/Family-Therapy-Didactic-June16/Slides/Versions/Family_Systems_Inpatient_Didactic_90min.pdf,/Users/jm/Clinical/Presentations:Meeting/Family-Therapy-Didactic-June16/Slides/Versions/Family_Systems_Inpatient_Didactic_90min.pdf,0e3d5d1636b6e766f5d2a9ffca1b44dbf2a7232ed636b9bab5f56f91dc6d9d46
/Users/jm/Clinical/Presentations:Meeting/Family-Therapy-Didactic-June16/Archived versions/Family-Therapy-Didactic-June16/Archived versions/Family-Therapy-Didactic-June16-REVAMP/Slides/Family_Therapy_Case_Teaching_REVAMP.pptx,/Users/jm/_Dedupe_Quarantine_2026-06-26/Clinical/Presentations:Meeting/Family-Therapy-Didactic-June16/Archived versions/Family-Therapy-Didactic-June16/Archived versions/Family-Therapy-Didactic-June16-REVAMP/Slides/Family_Therapy_Case_Teaching_REVAMP.pptx,/Users/jm/Clinical/Presentations:Meeting/Family-Therapy-Didactic-June16/Archived versions/Family-Therapy-Didactic-June16-REVAMP/Slides/Family_Therapy_Case_Teaching_REVAMP.pptx,74273fc2d27089bfb49c9cf4468274a63927d05a59f66db85d89d498c72da887
/Users/jm/Clinical/Presentations:Meeting/Family-Therapy-Didactic-June16/Archived versions/Family-Therapy-Didactic-June16/Archived versions/Family-Therapy-Didactic-June16-REVAMP/Slides/Family_Therapy_Case_Teaching_REVAMP_preview.pdf,/Users/jm/_Dedupe_Quarantine_2026-06-26/Clinical/Presentations:Meeting/Family-Therapy-Didactic-June16/Archived versions/Family-Therapy-Didactic-June16/Archived versions/Family-Therapy-Didactic-June16-REVAMP/Slides/Family_Therapy_Case_Teaching_REVAMP_preview.pdf,/Users/jm/Clinical/Presentations:Meeting/Family-Therapy-Didactic-June16/Archived versions/Family-Therapy-Didactic-June16-REVAMP/Slides/Family_Therapy_Case_Teaching_REVAMP_preview.pdf,b40ad1e2cf0a95070e9e4eb24bd23223c1f99507bff7bc139a8f8445bd7132d1
/Users/jm/Clinical/Presentations:Meeting/Family-Therapy-Didactic-June16/Archived versions/Family-Therapy-Didactic-June16/Archived versions/Family-Therapy-Didactic-June16-REVAMP/Slides/Family_Therapy_Case_Teaching_SHORT_REVAMP_preview.pdf,/Users/jm/_Dedupe_Quarantine_2026-06-26/Clinical/Presentations:Meeting/Family-Therapy-Didactic-June16/Archived versions/Family-Therapy-Didactic-June16/Archived versions/Family-Therapy-Didactic-June16-REVAMP/Slides/Family_Therapy_Case_Teaching_SHORT_REVAMP_preview.pdf,/Users/jm/Clinical/Presentations:Meeting/Family-Therapy-Didactic-June16/Archived versions/Family-Therapy-Didactic-June16-REVAMP/Slides/Family_Therapy_Case_Teaching_SHORT_REVAMP_preview.pdf,271d0265ecaee6bd6d508ae9ebe98b68f99e75da7302a72ec8ebde0f218cba7e
/Users/jm/Clinical/Teaching/Family_Therapy_Communication_Framework_Dr_Moss_Final.docx.pdf,/Users/jm/_Dedupe_Quarantine_2026-06-26/Clinical/Teaching/Family_Therapy_Communication_Framework_Dr_Moss_Final.docx.pdf,/Users/jm/Code/reconnect-psychiatry-system/docs/project-management/Psychiatry-Unit-Education/06-external-meetings/send-to-Gogineni/Family_Therapy_Communication_Framework_FULL.pdf,2d6d808f9b684eaa3a07ae6f6044c12ec6366e4ec1d6d890c090218f3f450611
/Users/jm/Clinical/Presentations:Meeting/MEDSTAFF DINNER/Family-Therapy-Inpatient-Evidence-Repository and FINISHED SLIDE DECK/06_Slide_Deck/Family_Therapy_Evidence_Deck.pdf,/Users/jm/_Dedupe_Quarantine_2026-06-26/Clinical/Presentations:Meeting/MEDSTAFF DINNER/Family-Therapy-Inpatient-Evidence-Repository and FINISHED SLIDE DECK/06_Slide_Deck/Family_Therapy_Evidence_Deck.pdf,/Users/jm/Family-Therapy-Inpatient-Evidence-Repository/06_Slide_Deck/Family_Therapy_Evidence_Deck.pdf,39f79d4caa06d2e29aab8d059f4ed126f96c8de318318a1c2278aa3372b8e669
/Users/jm/Clinical/Presentations:Meeting/MEDSTAFF DINNER/Family-Therapy-Inpatient-Evidence-Repository and FINISHED SLIDE DECK/06_Slide_Deck/Family_Therapy_Evidence_Deck.pptx,/Users/jm/_Dedupe_Quarantine_2026-06-26/Clinical/Presentations:Meeting/MEDSTAFF DINNER/Family-Therapy-Inpatient-Evidence-Repository and FINISHED SLIDE DECK/06_Slide_Deck/Family_Therapy_Evidence_Deck.pptx,/Users/jm/Family-Therapy-Inpatient-Evidence-Repository/06_Slide_Deck/Family_Therapy_Evidence_Deck.pptx,d6a89637886e76c5a3167b2e79380adfb6f2c1bbad36e2f8b579afa68a161479
/Users/jm/Clinical/Presentations:Meeting/Family-Therapy-Didactic-June16/Archived versions/Family-Therapy-Didactic-June16/Slides/Versions/Family_Therapy_Inpatient_Didactic_FINAL_60min_Cut.pptx,/Users/jm/_Dedupe_Quarantine_2026-06-26/Clinical/Presentations:Meeting/Family-Therapy-Didactic-June16/Archived versions/Family-Therapy-Didactic-June16/Slides/Versions/Family_Therapy_Inpatient_Didactic_FINAL_60min_Cut.pptx,/Users/jm/Clinical/Presentations:Meeting/Family-Therapy-Didactic-June16/Slides/Versions/Family_Therapy_Inpatient_Didactic_FINAL_60min_Cut.pptx,7ad7ee7f29b925015a17d03776e4ab678007a3ab631253b6b6a8137ac319344e
/Users/jm/Clinical/Presentations:Meeting/Family-Therapy-Didactic-June16/Archived versions/Family-Therapy-Didactic-June16/Slides/Family_Therapy_Inpatient_Didactic_FINAL_Animated_Notes.pptx,/Users/jm/_Dedupe_Quarantine_2026-06-26/Clinical/Presentations:Meeting/Family-Therapy-Didactic-June16/Archived versions/Family-Therapy-Didactic-June16/Slides/Family_Therapy_Inpatient_Didactic_FINAL_Animated_Notes.pptx,/Users/jm/Clinical/Presentations:Meeting/Family-Therapy-Didactic-June16/Slides/Family_Therapy_Inpatient_Didactic_FINAL_Animated_Notes.pptx,36b488a795901bcc0a32eefd48c757d6c8d7e6b59fd1055b78b473dd8ade5ed8
/Users/jm/Clinical/Presentations:Meeting/Family-Therapy-Didactic-June16/Archived versions/Family-Therapy-Didactic-June16/Slides/Versions/Family_Therapy_Inpatient_Didactic_FINAL_Animated_Notes.pptx,/Users/jm/_Dedupe_Quarantine_2026-06-26/Clinical/Presentations:Meeting/Family-Therapy-Didactic-June16/Archived versions/Family-Therapy-Didactic-June16/Slides/Versions/Family_Therapy_Inpatient_Didactic_FINAL_Animated_Notes.pptx,/Users/jm/Clinical/Presentations:Meeting/Family-Therapy-Didactic-June16/Slides/Versions/Family_Therapy_Inpatient_Didactic_FINAL_Animated_Notes.pptx,c8743df3817654352bb0b3a7e72efed1edc4a482cc1d74f86e46c4b580815ec7
/Users/jm/Clinical/Presentations:Meeting/Family-Therapy-Didactic-June16/Archived versions/Family-Therapy-Didactic-June16/Slides/Versions/Family_Therapy_Inpatient_Didactic_LINKED.pptx,/Users/jm/_Dedupe_Quarantine_2026-06-26/Clinical/Presentations:Meeting/Family-Therapy-Didactic-June16/Archived versions/Family-Therapy-Didactic-June16/Slides/Versions/Family_Therapy_Inpatient_Didactic_LINKED.pptx,/Users/jm/Clinical/Presentations:Meeting/Family-Therapy-Didactic-June16/Slides/Versions/Family_Therapy_Inpatient_Didactic_LINKED.pptx,b02ad46a219a9cec5afd9bf4b6a0c5d36b78e4314b763a36125567ddcb329275
/Users/jm/Clinical/Presentations:Meeting/Family-Therapy-Didactic-June16/Archived versions/Family-Therapy-Didactic-June16/Archived versions/Family-Therapy-Didactic-June16-REVAMP/Slides/Family_Therapy_Inpatient_Didactic_REVAMP.pptx,/Users/jm/_Dedupe_Quarantine_2026-06-26/Clinical/Presentations:Meeting/Family-Therapy-Didactic-June16/Archived versions/Family-Therapy-Didactic-June16/Archived versions/Family-Therapy-Didactic-June16-REVAMP/Slides/Family_Therapy_Inpatient_Didactic_REVAMP.pptx,/Users/jm/Clinical/Presentations:Meeting/Family-Therapy-Didactic-June16/Archived versions/Family-Therapy-Didactic-June16-REVAMP/Slides/Family_Therapy_Inpatient_Didactic_REVAMP.pptx,560edd85e8f4892b1ec27e898e8af32fee572c85dbc6f0124d53685fdace24ba
/Users/jm/Clinical/Presentations:Meeting/Family-Therapy-Didactic-June16/Archived versions/Family-Therapy-Didactic-June16/Slides/Versions/Family_Therapy_Inpatient_Didactic_REVAMP_Psychiatrist_Edited (1).pptx,/Users/jm/_Dedupe_Quarantine_2026-06-26/Clinical/Presentations:Meeting/Family-Therapy-Didactic-June16/Archived versions/Family-Therapy-Didactic-June16/Slides/Versions/Family_Therapy_Inpatient_Didactic_REVAMP_Psychiatrist_Edited (1).pptx,/Users/jm/Clinical/Presentations:Meeting/Family-Therapy-Didactic-June16/Slides/Versions/Family_Therapy_Inpatient_Didactic_REVAMP_Psychiatrist_Edited (1).pptx,fcc67af4efce29c493a66f236f5fd10fb827b9f3b0ed90aca991c092bd93ccc5
/Users/jm/Clinical/Presentations:Meeting/Family-Therapy-Didactic-June16/Archived versions/Family-Therapy-Didactic-June16/Archived versions/Family-Therapy-Didactic-June16-REVAMP/Slides/Family_Therapy_Integrated_REVAMP.pptx,/Users/jm/_Dedupe_Quarantine_2026-06-26/Clinical/Presentations:Meeting/Family-Therapy-Didactic-June16/Archived versions/Family-Therapy-Didactic-June16/Archived versions/Family-Therapy-Didactic-June16-REVAMP/Slides/Family_Therapy_Integrated_REVAMP.pptx,/Users/jm/Clinical/Presentations:Meeting/Family-Therapy-Didactic-June16/Archived versions/Family-Therapy-Didactic-June16-REVAMP/Slides/Family_Therapy_Integrated_REVAMP.pptx,71dfda6b63f165baeed25f0840199b54c4d35b049d5cdcbab83a480e783b3125
/Users/jm/Clinical/Presentations:Meeting/MEDSTAFF DINNER/Family-Therapy-Inpatient-Evidence-Repository and FINISHED SLIDE DECK/05_Figures_Slide_Ready/fig01_forest_relapse_readmission.pdf,/Users/jm/_Dedupe_Quarantine_2026-06-26/Clinical/Presentations:Meeting/MEDSTAFF DINNER/Family-Therapy-Inpatient-Evidence-Repository and FINISHED SLIDE DECK/05_Figures_Slide_Ready/fig01_forest_relapse_readmission.pdf,/Users/jm/Family-Therapy-Inpatient-Evidence-Repository/05_Figures_Slide_Ready/fig01_forest_relapse_readmission.pdf,bdcce57c73ea8a2aae94a5a693b09cadf29b2262439836a6b37fb090c5484792
/Users/jm/Clinical/Presentations:Meeting/MEDSTAFF DINNER/Family-Therapy-Inpatient-Evidence-Repository and FINISHED SLIDE DECK/05_Figures_Slide_Ready/fig02_relapse_landmark_trials.pdf,/Users/jm/_Dedupe_Quarantine_2026-06-26/Clinical/Presentations:Meeting/MEDSTAFF DINNER/Family-Therapy-Inpatient-Evidence-Repository and FINISHED SLIDE DECK/05_Figures_Slide_Ready/fig02_relapse_landmark_trials.pdf,/Users/jm/Family-Therapy-Inpatient-Evidence-Repository/05_Figures_Slide_Ready/fig02_relapse_landmark_trials.pdf,9a9e722f5fdfeaf282126ebedf3cc37fd48da22dcc924863dbda9a7f93f518a1
/Users/jm/Clinical/Presentations:Meeting/MEDSTAFF DINNER/Family-Therapy-Inpatient-Evidence-Repository and FINISHED SLIDE DECK/05_Figures_Slide_Ready/fig03_transitions_forest.pdf,/Users/jm/_Dedupe_Quarantine_2026-06-26/Clinical/Presentations:Meeting/MEDSTAFF DINNER/Family-Therapy-Inpatient-Evidence-Repository and FINISHED SLIDE DECK/05_Figures_Slide_Ready/fig03_transitions_forest.pdf,/Users/jm/Family-Therapy-Inpatient-Evidence-Repository/05_Figures_Slide_Ready/fig03_transitions_forest.pdf,340c536619c54fbc74fc0ae129c8b514373f90cda42b1f19bf6d18cb3b53d6f4
/Users/jm/Clinical/Presentations:Meeting/MEDSTAFF DINNER/Family-Therapy-Inpatient-Evidence-Repository and FINISHED SLIDE DECK/05_Figures_Slide_Ready/fig04_expressed_emotion.pdf,/Users/jm/_Dedupe_Quarantine_2026-06-26/Clinical/Presentations:Meeting/MEDSTAFF DINNER/Family-Therapy-Inpatient-Evidence-Repository and FINISHED SLIDE DECK/05_Figures_Slide_Ready/fig04_expressed_emotion.pdf,/Users/jm/Family-Therapy-Inpatient-Evidence-Repository/05_Figures_Slide_Ready/fig04_expressed_emotion.pdf,7c54884b487f0cab0610508d1900107ce5b21cb2d3fb078fa149d9c5968bf777
/Users/jm/Clinical/Presentations:Meeting/MEDSTAFF DINNER/Family-Therapy-Inpatient-Evidence-Repository and FINISHED SLIDE DECK/05_Figures_Slide_Ready/fig05_caregiver_outcomes.pdf,/Users/jm/_Dedupe_Quarantine_2026-06-26/Clinical/Presentations:Meeting/MEDSTAFF DINNER/Family-Therapy-Inpatient-Evidence-Repository and FINISHED SLIDE DECK/05_Figures_Slide_Ready/fig05_caregiver_outcomes.pdf,/Users/jm/Family-Therapy-Inpatient-Evidence-Repository/05_Figures_Slide_Ready/fig05_caregiver_outcomes.pdf,71cd360c125395d15375f05edccfcefa16c6a3186792c2102c6589dea78a9116
/Users/jm/Clinical/Presentations:Meeting/MEDSTAFF DINNER/Family-Therapy-Inpatient-Evidence-Repository and FINISHED SLIDE DECK/05_Figures_Slide_Ready/fig06_evidence_map.pdf,/Users/jm/_Dedupe_Quarantine_2026-06-26/Clinical/Presentations:Meeting/MEDSTAFF DINNER/Family-Therapy-Inpatient-Evidence-Repository and FINISHED SLIDE DECK/05_Figures_Slide_Ready/fig06_evidence_map.pdf,/Users/jm/Family-Therapy-Inpatient-Evidence-Repository/05_Figures_Slide_Ready/fig06_evidence_map.pdf,616295633922bdfc82fd6a16040730da604308b6ca33cfc158ce0f7b564b597e
/Users/jm/Clinical/Presentations:Meeting/MEDSTAFF DINNER/Family-Therapy-Inpatient-Evidence-Repository and FINISHED SLIDE DECK/05_Figures_Slide_Ready/fig07_headline_numbers.pdf,/Users/jm/_Dedupe_Quarantine_2026-06-26/Clinical/Presentations:Meeting/MEDSTAFF DINNER/Family-Therapy-Inpatient-Evidence-Repository and FINISHED SLIDE DECK/05_Figures_Slide_Ready/fig07_headline_numbers.pdf,/Users/jm/Family-Therapy-Inpatient-Evidence-Repository/05_Figures_Slide_Ready/fig07_headline_numbers.pdf,10a1743f465b1303f6a0f8cdc49f4bbe19dd29ab808c82e1bbcab713e88e3128
/Users/jm/Clinical/Presentations:Meeting/MEDSTAFF DINNER/Family-Therapy-Inpatient-Evidence-Repository and FINISHED SLIDE DECK/05_Figures_Slide_Ready/fig08_by_diagnosis.pdf,/Users/jm/_Dedupe_Quarantine_2026-06-26/Clinical/Presentations:Meeting/MEDSTAFF DINNER/Family-Therapy-Inpatient-Evidence-Repository and FINISHED SLIDE DECK/05_Figures_Slide_Ready/fig08_by_diagnosis.pdf,/Users/jm/Family-Therapy-Inpatient-Evidence-Repository/05_Figures_Slide_Ready/fig08_by_diagnosis.pdf,b8edd3b664156e5e4c88d32116f7013654821b7ffb0ece8cd2f1adad2d078888
/Users/jm/Clinical/Presentations:Meeting/MEDSTAFF DINNER/Family-Therapy-Inpatient-Evidence-Repository and FINISHED SLIDE DECK/05_Figures_Slide_Ready/fig09_craft_engagement.pdf,/Users/jm/_Dedupe_Quarantine_2026-06-26/Clinical/Presentations:Meeting/MEDSTAFF DINNER/Family-Therapy-Inpatient-Evidence-Repository and FINISHED SLIDE DECK/05_Figures_Slide_Ready/fig09_craft_engagement.pdf,/Users/jm/Family-Therapy-Inpatient-Evidence-Repository/05_Figures_Slide_Ready/fig09_craft_engagement.pdf,c2ce0834cc80c3a2ce65bf0a76e33063e64bbb8b6730a24542396ca264c15a0a
/Users/jm/Clinical/Presentations:Meeting/MEDSTAFF DINNER/Family-Therapy-Inpatient-Evidence-Repository and FINISHED SLIDE DECK/05_Figures_Slide_Ready/fig10_implementation_cascade.pdf,/Users/jm/_Dedupe_Quarantine_2026-06-26/Clinical/Presentations:Meeting/MEDSTAFF DINNER/Family-Therapy-Inpatient-Evidence-Repository and FINISHED SLIDE DECK/05_Figures_Slide_Ready/fig10_implementation_cascade.pdf,/Users/jm/Family-Therapy-Inpatient-Evidence-Repository/05_Figures_Slide_Ready/fig10_implementation_cascade.pdf,ce29ef48ffcf01bb6cdc44f47c4ed81a0d9fe133370f09541562478e5f03a8f4
/Users/jm/Clinical/Presentations:Meeting/Family-Therapy-Didactic-June16/Archived versions/Family-Therapy-Didactic-June16/Archived versions/ftm didactic.docx,/Users/jm/_Dedupe_Quarantine_2026-06-26/Clinical/Presentations:Meeting/Family-Therapy-Didactic-June16/Archived versions/Family-Therapy-Didactic-June16/Archived versions/ftm didactic.docx,/Users/jm/Clinical/Presentations:Meeting/Family-Therapy-Didactic-June16/Archived versions/ftm didactic.docx,d476d1646d25d68f6b1ea93d0388f95a9b8d65fcbcff7d5a6c9d5513e4828d9f
/Users/jm/Clinical/ED-Psych-Capstone/Capstone-Report/Journal-Article-Abstract.pdf,/Users/jm/_Dedupe_Quarantine_2026-06-26/Clinical/ED-Psych-Capstone/Capstone-Report/Journal-Article-Abstract.pdf,/Users/jm/Code/reconnect-psychiatry-system/teaching/ed-psych-capstone/Capstone-Report/Journal-Article-Abstract.pdf,01b0382174c920b0030fe337b30145c67c1e1eec0860fb6c8fbf5d593b240994
/Users/jm/Clinical/Presentations:Meeting/MEDSTAFF DINNER/Family-Therapy-Inpatient-Evidence-Repository and FINISHED SLIDE DECK/04_Key_Statistics/Key_Statistics.docx,/Users/jm/_Dedupe_Quarantine_2026-06-26/Clinical/Presentations:Meeting/MEDSTAFF DINNER/Family-Therapy-Inpatient-Evidence-Repository and FINISHED SLIDE DECK/04_Key_Statistics/Key_Statistics.docx,/Users/jm/Family-Therapy-Inpatient-Evidence-Repository/04_Key_Statistics/Key_Statistics.docx,7a759543f32cd0fdcaf9e74d1bf6aff0fa403007b20b6f5fc350c93bdcddd6d8
/Users/jm/Clinical/Teaching/landmark-psychiatry-library_desktop.xlsx,/Users/jm/_Dedupe_Quarantine_2026-06-26/Clinical/Teaching/landmark-psychiatry-library_desktop.xlsx,/Users/jm/Clinical/Teaching/landmark-psychiatry-library.xlsx,b0bdcb2209b2e78fd4447941317f99aff4465d324f42502b2c987ac69a68f8fe
/Users/jm/Clinical/ED-Psych-Capstone/Patient-Materials/Maine-Community-MH-Resources.pdf,/Users/jm/_Dedupe_Quarantine_2026-06-26/Clinical/ED-Psych-Capstone/Patient-Materials/Maine-Community-MH-Resources.pdf,/Users/jm/Code/reconnect-psychiatry-system/teaching/ed-psych-capstone/Patient-Materials/Maine-Community-MH-Resources.pdf,49dd65db3fffba4e46d6e82eb41054c44aecb2aec7d1990457a6ab242117e15f
"/Users/jm/Gen Psych Resources/PGY3 Psychotherapy Seminar/Articles, Lecture Slides and Handouts/Development Lectures/Oedipal Period/Manic Defenses.pdf","/Users/jm/_Dedupe_Quarantine_2026-06-26/Gen Psych Resources/PGY3 Psychotherapy Seminar/Articles, Lecture Slides and Handouts/Development Lectures/Oedipal Period/Manic Defenses.pdf",/Users/jm/Gen Psych Resources/files-2/Manic Defenses.pdf,1935e9951db1e48d33bd0184c2e362a634e6ebeac24fc0ae9802d1daaf7e36d7
/Users/jm/Clinical/Patient-Resources/New Education Library/medication-side-effects/patient-handout.md,/Users/jm/_Dedupe_Quarantine_2026-06-26/Clinical/Patient-Resources/New Education Library/medication-side-effects/patient-handout.md,/Users/jm/Code/reconnect-psychiatry-system/psychoed-library/patient-materials/medication-side-effects/Medication_Side_Effects_Patient_Handout_PAT.md,f2b1fb203170c4b8abc3ee2640bbc0f67f2fe0b575619208b5fec3768efd260e
/Users/jm/Clinical/Presentations:Meeting/MEDSTAFF DINNER/Family-Therapy-Inpatient-Evidence-Repository and FINISHED SLIDE DECK/10_MedStaff_Dinner_June9/_mtest.html,/Users/jm/_Dedupe_Quarantine_2026-06-26/Clinical/Presentations:Meeting/MEDSTAFF DINNER/Family-Therapy-Inpatient-Evidence-Repository and FINISHED SLIDE DECK/10_MedStaff_Dinner_June9/_mtest.html,/Users/jm/Family-Therapy-Inpatient-Evidence-Repository/10_MedStaff_Dinner_June9/_mtest.html,54f36f02d24e2af136a304b76b87c5ed25ee4d97739ae0c1bf8504610480873f
/Users/jm/Clinical/Patient-Resources/New Education Library/substance-use/patient-handout.md,/Users/jm/_Dedupe_Quarantine_2026-06-26/Clinical/Patient-Resources/New Education Library/substance-use/patient-handout.md,/Users/jm/Code/reconnect-psychiatry-system/psychoed-library/patient-materials/substance-use/Substance_Use_Patient_Handout_PAT.md,3c55b76da786522aac5201c7cee3606918ade67d70b061946fcf2fb47a37930e
/Users/jm/Clinical/Patient-Resources/New Education Library/suicidal-crisis/patient-handout.md,/Users/jm/_Dedupe_Quarantine_2026-06-26/Clinical/Patient-Resources/New Education Library/suicidal-crisis/patient-handout.md,/Users/jm/Code/reconnect-psychiatry-system/psychoed-library/patient-materials/suicidal-crisis/Suicidal_Crisis_Patient_Handout_PAT.md,9138f315355657a8fddbcabe47696171e21e320e1fc6cb6bf93ed0acfb748be1
/Users/jm/Clinical/Presentations:Meeting/Family-Therapy-Didactic-June16/Archived versions/Family-Therapy-Didactic-June16-REVAMP/Handouts/Pocket_Guide_30min_Family_Meeting.docx,/Users/jm/_Dedupe_Quarantine_2026-06-26/Clinical/Presentations:Meeting/Family-Therapy-Didactic-June16/Archived versions/Family-Therapy-Didactic-June16-REVAMP/Handouts/Pocket_Guide_30min_Family_Meeting.docx,/Users/jm/Clinical/Presentations:Meeting/Family-Therapy-Didactic-June16/Handouts/Pocket_Guide_30min_Family_Meeting.docx,3c80b6f002b8c66ba8c933ef1935cda66c7fee41c49a88b20c4581a65235740d
/Users/jm/Clinical/Presentations:Meeting/Family-Therapy-Didactic-June16/Archived versions/Family-Therapy-Didactic-June16/Archived versions/Family-Therapy-Didactic-June16-REVAMP/Handouts/Pocket_Guide_30min_Family_Meeting.docx,/Users/jm/_Dedupe_Quarantine_2026-06-26/Clinical/Presentations:Meeting/Family-Therapy-Didactic-June16/Archived versions/Family-Therapy-Didactic-June16/Archived versions/Family-Therapy-Didactic-June16-REVAMP/Handouts/Pocket_Guide_30min_Family_Meeting.docx,/Users/jm/Clinical/Presentations:Meeting/Family-Therapy-Didactic-June16/Handouts/Pocket_Guide_30min_Family_Meeting.docx,3c80b6f002b8c66ba8c933ef1935cda66c7fee41c49a88b20c4581a65235740d
/Users/jm/Clinical/Presentations:Meeting/Family-Therapy-Didactic-June16/Archived versions/Family-Therapy-Didactic-June16/Handouts/Pocket_Guide_30min_Family_Meeting.docx,/Users/jm/_Dedupe_Quarantine_2026-06-26/Clinical/Presentations:Meeting/Family-Therapy-Didactic-June16/Archived versions/Family-Therapy-Didactic-June16/Handouts/Pocket_Guide_30min_Family_Meeting.docx,/Users/jm/Clinical/Presentations:Meeting/Family-Therapy-Didactic-June16/Handouts/Pocket_Guide_30min_Family_Meeting.docx,3c80b6f002b8c66ba8c933ef1935cda66c7fee41c49a88b20c4581a65235740d
/Users/jm/Clinical/Presentations:Meeting/Family-Therapy-Didactic-June16/Archived versions/Family-Therapy-Didactic-June16-REVAMP/Handouts/Pocket_Guide_30min_Family_Meeting.pdf,/Users/jm/_Dedupe_Quarantine_2026-06-26/Clinical/Presentations:Meeting/Family-Therapy-Didactic-June16/Archived versions/Family-Therapy-Didactic-June16-REVAMP/Handouts/Pocket_Guide_30min_Family_Meeting.pdf,/Users/jm/Clinical/Presentations:Meeting/Family-Therapy-Didactic-June16/Handouts/Pocket_Guide_30min_Family_Meeting.pdf,94c3b22ee2196242d8b76bb42dfd7ac5f90e9b583e32b9a22adec03ce686c224
/Users/jm/Clinical/Presentations:Meeting/Family-Therapy-Didactic-June16/Archived versions/Family-Therapy-Didactic-June16/Archived versions/Family-Therapy-Didactic-June16-REVAMP/Handouts/Pocket_Guide_30min_Family_Meeting.pdf,/Users/jm/_Dedupe_Quarantine_2026-06-26/Clinical/Presentations:Meeting/Family-Therapy-Didactic-June16/Archived versions/Family-Therapy-Didactic-June16/Archived versions/Family-Therapy-Didactic-June16-REVAMP/Handouts/Pocket_Guide_30min_Family_Meeting.pdf,/Users/jm/Clinical/Presentations:Meeting/Family-Therapy-Didactic-June16/Handouts/Pocket_Guide_30min_Family_Meeting.pdf,94c3b22ee2196242d8b76bb42dfd7ac5f90e9b583e32b9a22adec03ce686c224
/Users/jm/Clinical/Presentations:Meeting/Family-Therapy-Didactic-June16/Archived versions/Family-Therapy-Didactic-June16/Handouts/Pocket_Guide_30min_Family_Meeting.pdf,/Users/jm/_Dedupe_Quarantine_2026-06-26/Clinical/Presentations:Meeting/Family-Therapy-Didactic-June16/Archived versions/Family-Therapy-Didactic-June16/Handouts/Pocket_Guide_30min_Family_Meeting.pdf,/Users/jm/Clinical/Presentations:Meeting/Family-Therapy-Didactic-June16/Handouts/Pocket_Guide_30min_Family_Meeting.pdf,94c3b22ee2196242d8b76bb42dfd7ac5f90e9b583e32b9a22adec03ce686c224
/Users/jm/Clinical/Presentations:Meeting/Family-Therapy-Didactic-June16/Archived versions/Family-Therapy-Didactic-June16-REVAMP/Handouts/PreRead_Family_Systems_5min.pdf,/Users/jm/_Dedupe_Quarantine_2026-06-26/Clinical/Presentations:Meeting/Family-Therapy-Didactic-June16/Archived versions/Family-Therapy-Didactic-June16-REVAMP/Handouts/PreRead_Family_Systems_5min.pdf,/Users/jm/Clinical/Presentations:Meeting/Family-Therapy-Didactic-June16/Handouts/PreRead_Family_Systems_5min.pdf,30f6217e1de5ac2f3a59261a3e1a95099b2ddbd7e1fd76ac7ec79b8e1f36b52b
/Users/jm/Clinical/Presentations:Meeting/Family-Therapy-Didactic-June16/Archived versions/Family-Therapy-Didactic-June16/Archived versions/Family-Therapy-Didactic-June16-REVAMP/Handouts/PreRead_Family_Systems_5min.pdf,/Users/jm/_Dedupe_Quarantine_2026-06-26/Clinical/Presentations:Meeting/Family-Therapy-Didactic-June16/Archived versions/Family-Therapy-Didactic-June16/Archived versions/Family-Therapy-Didactic-June16-REVAMP/Handouts/PreRead_Family_Systems_5min.pdf,/Users/jm/Clinical/Presentations:Meeting/Family-Therapy-Didactic-June16/Handouts/PreRead_Family_Systems_5min.pdf,30f6217e1de5ac2f3a59261a3e1a95099b2ddbd7e1fd76ac7ec79b8e1f36b52b
/Users/jm/Clinical/Presentations:Meeting/Family-Therapy-Didactic-June16/Archived versions/Family-Therapy-Didactic-June16/Handouts/PreRead_Family_Systems_5min.pdf,/Users/jm/_Dedupe_Quarantine_2026-06-26/Clinical/Presentations:Meeting/Family-Therapy-Didactic-June16/Archived versions/Family-Therapy-Didactic-June16/Handouts/PreRead_Family_Systems_5min.pdf,/Users/jm/Clinical/Presentations:Meeting/Family-Therapy-Didactic-June16/Handouts/PreRead_Family_Systems_5min.pdf,30f6217e1de5ac2f3a59261a3e1a95099b2ddbd7e1fd76ac7ec79b8e1f36b52b
/Users/jm/Clinical/Presentations:Meeting/Family-Therapy-Didactic-June16/Archived versions/Family-Therapy-Didactic-June16-REVAMP/Handouts/PreRead_Family_Systems_5min.docx,/Users/jm/_Dedupe_Quarantine_2026-06-26/Clinical/Presentations:Meeting/Family-Therapy-Didactic-June16/Archived versions/Family-Therapy-Didactic-June16-REVAMP/Handouts/PreRead_Family_Systems_5min.docx,/Users/jm/Clinical/Presentations:Meeting/Family-Therapy-Didactic-June16/Handouts/PreRead_Family_Systems_5min.docx,23c93790192f82800ab3021dd4bb0e97afd754401eefca24518e45058429d25c
/Users/jm/Clinical/Presentations:Meeting/Family-Therapy-Didactic-June16/Archived versions/Family-Therapy-Didactic-June16/Archived versions/Family-Therapy-Didactic-June16-REVAMP/Handouts/PreRead_Family_Systems_5min.docx,/Users/jm/_Dedupe_Quarantine_2026-06-26/Clinical/Presentations:Meeting/Family-Therapy-Didactic-June16/Archived versions/Family-Therapy-Didactic-June16/Archived versions/Family-Therapy-Didactic-June16-REVAMP/Handouts/PreRead_Family_Systems_5min.docx,/Users/jm/Clinical/Presentations:Meeting/Family-Therapy-Didactic-June16/Handouts/PreRead_Family_Systems_5min.docx,23c93790192f82800ab3021dd4bb0e97afd754401eefca24518e45058429d25c
/Users/jm/Clinical/Presentations:Meeting/Family-Therapy-Didactic-June16/Archived versions/Family-Therapy-Didactic-June16/Handouts/PreRead_Family_Systems_5min.docx,/Users/jm/_Dedupe_Quarantine_2026-06-26/Clinical/Presentations:Meeting/Family-Therapy-Didactic-June16/Archived versions/Family-Therapy-Didactic-June16/Handouts/PreRead_Family_Systems_5min.docx,/Users/jm/Clinical/Presentations:Meeting/Family-Therapy-Didactic-June16/Handouts/PreRead_Family_Systems_5min.docx,23c93790192f82800ab3021dd4bb0e97afd754401eefca24518e45058429d25c
/Users/jm/Clinical/ED-Psych-Capstone/Project-Hub.html,/Users/jm/_Dedupe_Quarantine_2026-06-26/Clinical/ED-Psych-Capstone/Project-Hub.html,/Users/jm/Code/reconnect-psychiatry-system/teaching/ed-psych-capstone/Project-Hub.html,8de021c87f20bc2b1ddad76976215faaed7b8b8a559756bbfdef8f793f9b90b8
/Users/jm/Clinical/ED-Psych-Capstone/Evaluation-Tools/Readability-Analysis-Report.pdf,/Users/jm/_Dedupe_Quarantine_2026-06-26/Clinical/ED-Psych-Capstone/Evaluation-Tools/Readability-Analysis-Report.pdf,/Users/jm/Code/reconnect-psychiatry-system/teaching/ed-psych-capstone/Evaluation-Tools/Readability-Analysis-Report.pdf,f24436cd9b74590fe2d21021999248e788d71bd98076aa3dc40eeac4ae02cca9
/Users/jm/Clinical/Presentations:Meeting/Family-Therapy-Didactic-June16/Archived versions/Family-Therapy-Didactic-June16-REVAMP/Reference-and-AI-Prompts/References_Annotated.pdf,/Users/jm/_Dedupe_Quarantine_2026-06-26/Clinical/Presentations:Meeting/Family-Therapy-Didactic-June16/Archived versions/Family-Therapy-Didactic-June16-REVAMP/Reference-and-AI-Prompts/References_Annotated.pdf,/Users/jm/Clinical/Presentations:Meeting/Family-Therapy-Didactic-June16/Reference-and-AI-Prompts/References_Annotated.pdf,b5458a71e6dd47adf686c24c9e98749a9fc47303dd5675c1efa166738516483c
/Users/jm/Clinical/Presentations:Meeting/Family-Therapy-Didactic-June16/Archived versions/Family-Therapy-Didactic-June16/Archived versions/Family-Therapy-Didactic-June16-REVAMP/Reference-and-AI-Prompts/References_Annotated.pdf,/Users/jm/_Dedupe_Quarantine_2026-06-26/Clinical/Presentations:Meeting/Family-Therapy-Didactic-June16/Archived versions/Family-Therapy-Didactic-June16/Archived versions/Family-Therapy-Didactic-June16-REVAMP/Reference-and-AI-Prompts/References_Annotated.pdf,/Users/jm/Clinical/Presentations:Meeting/Family-Therapy-Didactic-June16/Reference-and-AI-Prompts/References_Annotated.pdf,b5458a71e6dd47adf686c24c9e98749a9fc47303dd5675c1efa166738516483c
/Users/jm/Clinical/Presentations:Meeting/Family-Therapy-Didactic-June16/Archived versions/Family-Therapy-Didactic-June16/Reference-and-AI-Prompts/References_Annotated.pdf,/Users/jm/_Dedupe_Quarantine_2026-06-26/Clinical/Presentations:Meeting/Family-Therapy-Didactic-June16/Archived versions/Family-Therapy-Didactic-June16/Reference-and-AI-Prompts/References_Annotated.pdf,/Users/jm/Clinical/Presentations:Meeting/Family-Therapy-Didactic-June16/Reference-and-AI-Prompts/References_Annotated.pdf,b5458a71e6dd47adf686c24c9e98749a9fc47303dd5675c1efa166738516483c
/Users/jm/Clinical/Presentations:Meeting/Family-Therapy-Didactic-June16/Archived versions/Family-Therapy-Didactic-June16-REVAMP/Reference-and-AI-Prompts/References_Annotated.docx,/Users/jm/_Dedupe_Quarantine_2026-06-26/Clinical/Presentations:Meeting/Family-Therapy-Didactic-June16/Archived versions/Family-Therapy-Didactic-June16-REVAMP/Reference-and-AI-Prompts/References_Annotated.docx,/Users/jm/Clinical/Presentations:Meeting/Family-Therapy-Didactic-June16/Reference-and-AI-Prompts/References_Annotated.docx,7b1eb9acd85ade8f90feb3f4da7b236a79d801bfbc2346964d1086b2faf12d1b
/Users/jm/Clinical/Presentations:Meeting/Family-Therapy-Didactic-June16/Archived versions/Family-Therapy-Didactic-June16/Archived versions/Family-Therapy-Didactic-June16-REVAMP/Reference-and-AI-Prompts/References_Annotated.docx,/Users/jm/_Dedupe_Quarantine_2026-06-26/Clinical/Presentations:Meeting/Family-Therapy-Didactic-June16/Archived versions/Family-Therapy-Didactic-June16/Archived versions/Family-Therapy-Didactic-June16-REVAMP/Reference-and-AI-Prompts/References_Annotated.docx,/Users/jm/Clinical/Presentations:Meeting/Family-Therapy-Didactic-June16/Reference-and-AI-Prompts/References_Annotated.docx,7b1eb9acd85ade8f90feb3f4da7b236a79d801bfbc2346964d1086b2faf12d1b
/Users/jm/Clinical/Presentations:Meeting/Family-Therapy-Didactic-June16/Archived versions/Family-Therapy-Didactic-June16/Reference-and-AI-Prompts/References_Annotated.docx,/Users/jm/_Dedupe_Quarantine_2026-06-26/Clinical/Presentations:Meeting/Family-Therapy-Didactic-June16/Archived versions/Family-Therapy-Didactic-June16/Reference-and-AI-Prompts/References_Annotated.docx,/Users/jm/Clinical/Presentations:Meeting/Family-Therapy-Didactic-June16/Reference-and-AI-Prompts/References_Annotated.docx,7b1eb9acd85ade8f90feb3f4da7b236a79d801bfbc2346964d1086b2faf12d1b
/Users/jm/Clinical/Presentations:Meeting/MEDSTAFF DINNER/Family-Therapy-Inpatient-Evidence-Repository and FINISHED SLIDE DECK/10_MedStaff_Dinner_June9/Relational_Media_Library_Matcher.html,/Users/jm/_Dedupe_Quarantine_2026-06-26/Clinical/Presentations:Meeting/MEDSTAFF DINNER/Family-Therapy-Inpatient-Evidence-Repository and FINISHED SLIDE DECK/10_MedStaff_Dinner_June9/Relational_Media_Library_Matcher.html,/Users/jm/Family-Therapy-Inpatient-Evidence-Repository/10_MedStaff_Dinner_June9/Relational_Media_Library_Matcher.html,144ee44da03cc9189dcedc5e1fafeca5ccdee99f0907971574d4baa1cddd4998
/Users/jm/Clinical/Teaching/Relational_Psychiatry_Teaching_Manual_desktop.docx,/Users/jm/_Dedupe_Quarantine_2026-06-26/Clinical/Teaching/Relational_Psychiatry_Teaching_Manual_desktop.docx,/Users/jm/Clinical/Teaching/Relational_Psychiatry_Teaching_Manual.docx,8eda0e39529d42565169fd78919fc56270f3a564f5eaa126edf6b69683c4c23e
/Users/jm/Clinical/BHU Annual Fund Brainstorm/Portfolio_FINAL_2026-04-30/99_Archive_Superseded/SUPERSEDED_FamilyTelehealth_RequestForm.pdf,/Users/jm/_Dedupe_Quarantine_2026-06-26/Clinical/BHU Annual Fund Brainstorm/Portfolio_FINAL_2026-04-30/99_Archive_Superseded/SUPERSEDED_FamilyTelehealth_RequestForm.pdf,/Users/jm/Clinical/BHU Annual Fund Brainstorm/Drafts_2026-04-30/RequestForm_FamilyTelehealth_DRAFT.pdf,d75e4ec0d88a23a479f2e1d5a4d1d34f069a9bb2425396eaa7c278dd9c63e87b
/Users/jm/Clinical/BHU Annual Fund Brainstorm/Portfolio_FINAL_2026-04-30/99_Archive_Superseded/SUPERSEDED_FamilyTelehealth_SBAR.docx,/Users/jm/_Dedupe_Quarantine_2026-06-26/Clinical/BHU Annual Fund Brainstorm/Portfolio_FINAL_2026-04-30/99_Archive_Superseded/SUPERSEDED_FamilyTelehealth_SBAR.docx,/Users/jm/Clinical/BHU Annual Fund Brainstorm/Drafts_2026-04-30/SBAR_FamilyTelehealth_DRAFT.docx,af4c9d64cf913f5c2be677488c7cb5804e46039c54d7c9ae936d75a3fca73c3f
/Users/jm/Media/NotebookLM-Audio/whisper-transcripts/Should_Acute_Psychiatry_Ignore_Systemic_Trauma.txt,/Users/jm/_Dedupe_Quarantine_2026-06-26/Media/NotebookLM-Audio/whisper-transcripts/Should_Acute_Psychiatry_Ignore_Systemic_Trauma.txt,/Users/jm/Code/reconnect-psychiatry-system/teaching/notebooklm-projects/13_Audio_Overviews/transcripts/Should_Acute_Psychiatry_Ignore_Systemic_Trauma.txt,181984230edb75626a9a6907bb799b5410ea714e4936083dd4d0cfa7cd889b93
/Users/jm/Clinical/Presentations:Meeting/Family-Therapy-Didactic-June16/Archived versions/Family-Therapy-Didactic-June16/Archived versions/Family-Therapy-Didactic-June16-Revamp-2026-06-15/Teaching_Run_of_Show_and_Speaker_Notes.md,/Users/jm/_Dedupe_Quarantine_2026-06-26/Clinical/Presentations:Meeting/Family-Therapy-Didactic-June16/Archived versions/Family-Therapy-Didactic-June16/Archived versions/Family-Therapy-Didactic-June16-Revamp-2026-06-15/Teaching_Run_of_Show_and_Speaker_Notes.md,/Users/jm/Clinical/Presentations:Meeting/Family-Therapy-Didactic-June16/Archived versions/Family-Therapy-Didactic-June16-Revamp-2026-06-15/Teaching_Run_of_Show_and_Speaker_Notes.md,1996627cb844244a4bda6665d370890d2105778ecd0eecfa0d8771f5f9e18b40
/Users/jm/Clinical/Presentations:Meeting/Family-Therapy-Didactic-June16/Archived versions/Family-Therapy-Didactic-June16/Archived versions/Family-Therapy-Didactic-June16-Revamp-2026-06-15/Teaching_Run_of_Show_and_Speaker_Notes_v2_Integrated.md,/Users/jm/_Dedupe_Quarantine_2026-06-26/Clinical/Presentations:Meeting/Family-Therapy-Didactic-June16/Archived versions/Family-Therapy-Didactic-June16/Archived versions/Family-Therapy-Didactic-June16-Revamp-2026-06-15/Teaching_Run_of_Show_and_Speaker_Notes_v2_Integrated.md,/Users/jm/Clinical/Presentations:Meeting/Family-Therapy-Didactic-June16/Archived versions/Family-Therapy-Didactic-June16-Revamp-2026-06-15/Teaching_Run_of_Show_and_Speaker_Notes_v2_Integrated.md,0e8918e724aaf562306dbb9c13c6f23e0a895179bffc14346fa02cc0befb1a68
/Users/jm/Clinical/Presentations:Meeting/MEDSTAFF DINNER/Family-Therapy-Inpatient-Evidence-Repository and FINISHED SLIDE DECK/10_MedStaff_Dinner_June9/FINAL PRESENTATION MATERIAL/The_Family_Is_the_Milieu.mp4,/Users/jm/_Dedupe_Quarantine_2026-06-26/Clinical/Presentations:Meeting/MEDSTAFF DINNER/Family-Therapy-Inpatient-Evidence-Repository and FINISHED SLIDE DECK/10_MedStaff_Dinner_June9/FINAL PRESENTATION MATERIAL/The_Family_Is_the_Milieu.mp4,/Users/jm/Family-Therapy-Inpatient-Evidence-Repository/10_MedStaff_Dinner_June9/The_Family_Is_the_Milieu_FINAL.mp4,ff9596512623e264c419c8cc87ad2549886d5074efdff5bea4dafcfc79111219
/Users/jm/Clinical/Presentations:Meeting/MEDSTAFF DINNER/Family-Therapy-Inpatient-Evidence-Repository and FINISHED SLIDE DECK/10_MedStaff_Dinner_June9/The_Family_Is_the_Milieu_FINAL.mp4,/Users/jm/_Dedupe_Quarantine_2026-06-26/Clinical/Presentations:Meeting/MEDSTAFF DINNER/Family-Therapy-Inpatient-Evidence-Repository and FINISHED SLIDE DECK/10_MedStaff_Dinner_June9/The_Family_Is_the_Milieu_FINAL.mp4,/Users/jm/Family-Therapy-Inpatient-Evidence-Repository/10_MedStaff_Dinner_June9/The_Family_Is_the_Milieu_FINAL.mp4,ff9596512623e264c419c8cc87ad2549886d5074efdff5bea4dafcfc79111219
/Users/jm/Family-Therapy-Inpatient-Evidence-Repository/10_MedStaff_Dinner_June9/FINAL PRESENTATION MATERIAL/The_Family_Is_the_Milieu.mp4,/Users/jm/_Dedupe_Quarantine_2026-06-26/Family-Therapy-Inpatient-Evidence-Repository/10_MedStaff_Dinner_June9/FINAL PRESENTATION MATERIAL/The_Family_Is_the_Milieu.mp4,/Users/jm/Family-Therapy-Inpatient-Evidence-Repository/10_MedStaff_Dinner_June9/The_Family_Is_the_Milieu_FINAL.mp4,ff9596512623e264c419c8cc87ad2549886d5074efdff5bea4dafcfc79111219
/Users/jm/Clinical/Presentations:Meeting/MEDSTAFF DINNER/Family-Therapy-Inpatient-Evidence-Repository and FINISHED SLIDE DECK/10_MedStaff_Dinner_June9/The_Family_Is_the_Milieu_EMAIL.mp4,/Users/jm/_Dedupe_Quarantine_2026-06-26/Clinical/Presentations:Meeting/MEDSTAFF DINNER/Family-Therapy-Inpatient-Evidence-Repository and FINISHED SLIDE DECK/10_MedStaff_Dinner_June9/The_Family_Is_the_Milieu_EMAIL.mp4,/Users/jm/Family-Therapy-Inpatient-Evidence-Repository/10_MedStaff_Dinner_June9/The_Family_Is_the_Milieu_EMAIL.mp4,67d2581ca73011dbc04204cb51b9dae8c9ee87044f727dcd3ba0fdfeff5048d5
/Users/jm/Clinical/Presentations:Meeting/MEDSTAFF DINNER/Family-Therapy-Inpatient-Evidence-Repository and FINISHED SLIDE DECK/10_MedStaff_Dinner_June9/The_Family_Is_the_Milieu_EMAIL_v2.mp4,/Users/jm/_Dedupe_Quarantine_2026-06-26/Clinical/Presentations:Meeting/MEDSTAFF DINNER/Family-Therapy-Inpatient-Evidence-Repository and FINISHED SLIDE DECK/10_MedStaff_Dinner_June9/The_Family_Is_the_Milieu_EMAIL_v2.mp4,/Users/jm/Family-Therapy-Inpatient-Evidence-Repository/10_MedStaff_Dinner_June9/The_Family_Is_the_Milieu_EMAIL_v2.mp4,c5f9d71f6735f13bb093dbdeeabc4ac40e66ad4d8aa9567d028f2ba3deb7295e
/Users/jm/Clinical/Presentations:Meeting/MEDSTAFF DINNER/Family-Therapy-Inpatient-Evidence-Repository and FINISHED SLIDE DECK/10_MedStaff_Dinner_June9/The_Family_Is_the_Milieu_EMAIL_v3.mp4,/Users/jm/_Dedupe_Quarantine_2026-06-26/Clinical/Presentations:Meeting/MEDSTAFF DINNER/Family-Therapy-Inpatient-Evidence-Repository and FINISHED SLIDE DECK/10_MedStaff_Dinner_June9/The_Family_Is_the_Milieu_EMAIL_v3.mp4,/Users/jm/Family-Therapy-Inpatient-Evidence-Repository/10_MedStaff_Dinner_June9/The_Family_Is_the_Milieu_EMAIL_v3.mp4,6834a0fa69c9da0e53a9e2ef6717f9f22fa2d6f50aa6059bced82c6cb321192e
/Users/jm/Clinical/Presentations:Meeting/MEDSTAFF DINNER/Family-Therapy-Inpatient-Evidence-Repository and FINISHED SLIDE DECK/10_MedStaff_Dinner_June9/The_Family_Is_the_Milieu_FINAL.mov,/Users/jm/_Dedupe_Quarantine_2026-06-26/Clinical/Presentations:Meeting/MEDSTAFF DINNER/Family-Therapy-Inpatient-Evidence-Repository and FINISHED SLIDE DECK/10_MedStaff_Dinner_June9/The_Family_Is_the_Milieu_FINAL.mov,/Users/jm/Family-Therapy-Inpatient-Evidence-Repository/10_MedStaff_Dinner_June9/The_Family_Is_the_Milieu_FINAL.mov,71a35c6b21b7fe53f7a39bfd2e640608c413bb4a75a7ce0330139896b7560175
/Users/jm/Clinical/Presentations:Meeting/MEDSTAFF DINNER/Family-Therapy-Inpatient-Evidence-Repository and FINISHED SLIDE DECK/10_MedStaff_Dinner_June9/The_Family_Is_the_Milieu_FINAL_v2.mp4,/Users/jm/_Dedupe_Quarantine_2026-06-26/Clinical/Presentations:Meeting/MEDSTAFF DINNER/Family-Therapy-Inpatient-Evidence-Repository and FINISHED SLIDE DECK/10_MedStaff_Dinner_June9/The_Family_Is_the_Milieu_FINAL_v2.mp4,/Users/jm/Family-Therapy-Inpatient-Evidence-Repository/10_MedStaff_Dinner_June9/The_Family_Is_the_Milieu_FINAL_v2.mp4,51eb652c529e77e9e8d18e44fde0554d879162c21621aed3c4025d6144fea3cd
/Users/jm/Clinical/Presentations:Meeting/MEDSTAFF DINNER/Family-Therapy-Inpatient-Evidence-Repository and FINISHED SLIDE DECK/08_Top_50_Studies/Top_50_Studies_Ranked.docx,/Users/jm/_Dedupe_Quarantine_2026-06-26/Clinical/Presentations:Meeting/MEDSTAFF DINNER/Family-Therapy-Inpatient-Evidence-Repository and FINISHED SLIDE DECK/08_Top_50_Studies/Top_50_Studies_Ranked.docx,/Users/jm/Family-Therapy-Inpatient-Evidence-Repository/08_Top_50_Studies/Top_50_Studies_Ranked.docx,db7c24ec0c553e060041b0a7bf7b5d931d70e4ab4879a3c21b3b26d9757ee583
/Users/jm/Clinical/Presentations:Meeting/MEDSTAFF DINNER/Family-Therapy-Inpatient-Evidence-Repository and FINISHED SLIDE DECK/08_Top_50_Studies/Top_50_Studies_Ranked.md,/Users/jm/_Dedupe_Quarantine_2026-06-26/Clinical/Presentations:Meeting/MEDSTAFF DINNER/Family-Therapy-Inpatient-Evidence-Repository and FINISHED SLIDE DECK/08_Top_50_Studies/Top_50_Studies_Ranked.md,/Users/jm/Family-Therapy-Inpatient-Evidence-Repository/08_Top_50_Studies/Top_50_Studies_Ranked.md,fba1cb79339448c7d2cd7a561bdd2c5f0f846b6d067957b7098f23bf33391339
/Users/jm/Clinical/ED-Psych-Capstone/Patient-Materials/Understanding-a-Psychiatric-Crisis.pdf,/Users/jm/_Dedupe_Quarantine_2026-06-26/Clinical/ED-Psych-Capstone/Patient-Materials/Understanding-a-Psychiatric-Crisis.pdf,/Users/jm/Code/reconnect-psychiatry-system/teaching/ed-psych-capstone/Patient-Materials/Understanding-a-Psychiatric-Crisis.pdf,c8ff8ca484ac176211175a5aa5c7e1994e81faf5d9ddd1bf074f8be91f936f27
/Users/jm/Clinical/ED-Psych-Capstone/Patient-Materials/What-Happens-Next-Patient-Guide.docx,/Users/jm/_Dedupe_Quarantine_2026-06-26/Clinical/ED-Psych-Capstone/Patient-Materials/What-Happens-Next-Patient-Guide.docx,/Users/jm/Code/reconnect-psychiatry-system/teaching/ed-psych-capstone/Patient-Materials/What-Happens-Next-Patient-Guide.docx,b3879098b4de4bfb35e7b22fc173e388a1288052df3b395a82bd956ecf74a043
/Users/jm/Clinical/ED-Psych-Capstone/Patient-Materials/Your-Journey-Visual-Timeline.pdf,/Users/jm/_Dedupe_Quarantine_2026-06-26/Clinical/ED-Psych-Capstone/Patient-Materials/Your-Journey-Visual-Timeline.pdf,/Users/jm/Code/reconnect-psychiatry-system/teaching/ed-psych-capstone/Patient-Materials/Your-Journey-Visual-Timeline.pdf,8457487e48c2018a9f06714f9cdb0055b9d50e6d684ae912c9ee8da194c4732b
"/Users/jm/Gen Psych Resources/PGY3 Psychotherapy Seminar/Psychodynamic Therapy Reading List/PDFs/10 - Joseph, B. (1988). Object Relations in Clinical Practice.pdf","/Users/jm/_Dedupe_Quarantine_2026-06-26/Gen Psych Resources/PGY3 Psychotherapy Seminar/Psychodynamic Therapy Reading List/PDFs/10 - Joseph, B. (1988). Object Relations in Clinical Practice.pdf","/Users/jm/Gen Psych Resources/Psychodynamic Therapy Reading List/PDFs/10 - Joseph, B. (1988). Object Relations in Clinical Practice.pdf",bafd3d616267d7e2ad92298b082febb9f094536d89fdabd923abbafab496b188
"/Users/jm/Gen Psych Resources/PGY3 Psychotherapy Seminar/Psychodynamic Therapy Reading List/PDFs/13b - Ogden, T.H. (2016). Destruction Reconceived - On Winnicott's ‘The Use of an Object and Relating through Identifications’.pdf","/Users/jm/_Dedupe_Quarantine_2026-06-26/Gen Psych Resources/PGY3 Psychotherapy Seminar/Psychodynamic Therapy Reading List/PDFs/13b - Ogden, T.H. (2016). Destruction Reconceived - On Winnicott's ‘The Use of an Object and Relating through Identifications’.pdf","/Users/jm/Gen Psych Resources/Psychodynamic Therapy Reading List/PDFs/13b - Ogden, T.H. (2016). Destruction Reconceived - On Winnicott's ‘The Use of an Object and Relating through Identifications’.pdf",9d68dc6bdaf295bd10002446b475f27573187f61be612fecc4c70d29cc5d01e8
"/Users/jm/Gen Psych Resources/PGY3 Psychotherapy Seminar/Psychodynamic Therapy Reading List/PDFs/16 - Becker, T.E. (1974). On Latency. Psychoanal. St. Child.pdf","/Users/jm/_Dedupe_Quarantine_2026-06-26/Gen Psych Resources/PGY3 Psychotherapy Seminar/Psychodynamic Therapy Reading List/PDFs/16 - Becker, T.E. (1974). On Latency. Psychoanal. St. Child.pdf","/Users/jm/Gen Psych Resources/Psychodynamic Therapy Reading List/PDFs/16 - Becker, T.E. (1974). On Latency. Psychoanal. St. Child.pdf",db0a449a454b3a96e047ed7b6f6aa8b078d98237e7203e1a50ac5143d73e87e2
"/Users/jm/Gen Psych Resources/PGY3 Psychotherapy Seminar/Psychodynamic Therapy Reading List/PDFs/18 - Jaques, E. (1965). Death and the Mid-Life Crisis.pdf","/Users/jm/_Dedupe_Quarantine_2026-06-26/Gen Psych Resources/PGY3 Psychotherapy Seminar/Psychodynamic Therapy Reading List/PDFs/18 - Jaques, E. (1965). Death and the Mid-Life Crisis.pdf","/Users/jm/Clinical/psychodynamic-library/18 - Jaques, E. (1965). Death and the Mid-Life Crisis.pdf",70c3102d8dd27244a0e17b4ce97af42845b618b5f3cea0d8e5f897ba28e63546
"/Users/jm/Gen Psych Resources/Psychodynamic Therapy Reading List/PDFs/18 - Jaques, E. (1965). Death and the Mid-Life Crisis.pdf","/Users/jm/_Dedupe_Quarantine_2026-06-26/Gen Psych Resources/Psychodynamic Therapy Reading List/PDFs/18 - Jaques, E. (1965). Death and the Mid-Life Crisis.pdf","/Users/jm/Clinical/psychodynamic-library/18 - Jaques, E. (1965). Death and the Mid-Life Crisis.pdf",70c3102d8dd27244a0e17b4ce97af42845b618b5f3cea0d8e5f897ba28e63546
"/Users/jm/Gen Psych Resources/PGY3 Psychotherapy Seminar/Psychodynamic Therapy Reading List/PDFs/2 - Cabaniss, D.L. (1998). Shifting Gears - think Psychodynamically and Psychopharmacologically.pdf","/Users/jm/_Dedupe_Quarantine_2026-06-26/Gen Psych Resources/PGY3 Psychotherapy Seminar/Psychodynamic Therapy Reading List/PDFs/2 - Cabaniss, D.L. (1998). Shifting Gears - think Psychodynamically and Psychopharmacologically.pdf","/Users/jm/Clinical/psychodynamic-library/2 - Cabaniss, D.L. (1998). Shifting Gears - think Psychodynamically and Psychopharmacologically.pdf",7ef33dad3347e73df62096ba2400b519d51ccde9ec6bf6b966a35ab927102b13
"/Users/jm/Gen Psych Resources/Psychodynamic Therapy Reading List/PDFs/2 - Cabaniss, D.L. (1998). Shifting Gears - think Psychodynamically and Psychopharmacologically.pdf","/Users/jm/_Dedupe_Quarantine_2026-06-26/Gen Psych Resources/Psychodynamic Therapy Reading List/PDFs/2 - Cabaniss, D.L. (1998). Shifting Gears - think Psychodynamically and Psychopharmacologically.pdf","/Users/jm/Clinical/psychodynamic-library/2 - Cabaniss, D.L. (1998). Shifting Gears - think Psychodynamically and Psychopharmacologically.pdf",7ef33dad3347e73df62096ba2400b519d51ccde9ec6bf6b966a35ab927102b13
"/Users/jm/Gen Psych Resources/PGY3 Psychotherapy Seminar/Psychodynamic Therapy Reading List/PDFs/20 - Joseph, B. (1982). Addiction to Near-Death. Int. J. Psycho-Anal..pdf","/Users/jm/_Dedupe_Quarantine_2026-06-26/Gen Psych Resources/PGY3 Psychotherapy Seminar/Psychodynamic Therapy Reading List/PDFs/20 - Joseph, B. (1982). Addiction to Near-Death. Int. J. Psycho-Anal..pdf","/Users/jm/Gen Psych Resources/Psychodynamic Therapy Reading List/PDFs/20 - Joseph, B. (1982). Addiction to Near-Death. Int. J. Psycho-Anal..pdf",9686ad52e400da1d9aac6be8a45c3c04ce9ffa827528d234c52e142eaa1f85c3
"/Users/jm/Gen Psych Resources/PGY3 Psychotherapy Seminar/Psychodynamic Therapy Reading List/PDFs/21 - Feldman, M. (1993). The Dynamics of Reassurance. Int. J. Psycho-Anal.,.pdf","/Users/jm/_Dedupe_Quarantine_2026-06-26/Gen Psych Resources/PGY3 Psychotherapy Seminar/Psychodynamic Therapy Reading List/PDFs/21 - Feldman, M. (1993). The Dynamics of Reassurance. Int. J. Psycho-Anal.,.pdf","/Users/jm/Gen Psych Resources/Psychodynamic Therapy Reading List/PDFs/21 - Feldman, M. (1993). The Dynamics of Reassurance. Int. J. Psycho-Anal.,.pdf",f0c27fd86e915668bd36ee6d47b2ab428d846c7037c13d5f071e5c93d5769929
/Users/jm/Gen Psych Resources/PGY3 Psychotherapy Seminar/Psychodynamic Therapy Reading List/PDFs/23 - Aviram (2007). Object Relations and Prejudice.pdf,/Users/jm/_Dedupe_Quarantine_2026-06-26/Gen Psych Resources/PGY3 Psychotherapy Seminar/Psychodynamic Therapy Reading List/PDFs/23 - Aviram (2007). Object Relations and Prejudice.pdf,/Users/jm/Gen Psych Resources/Psychodynamic Therapy Reading List/PDFs/23 - Aviram (2007). Object Relations and Prejudice.pdf,0ca9b3994bbbb421dd0c92d9c656ef6ca8ba7965408c32242f265c01968838a1
"/Users/jm/Gen Psych Resources/PGY3 Psychotherapy Seminar/Psychodynamic Therapy Reading List/PDFs/25 - Britton, R. (1989). Chapter Two - The Missing Link - Parental Sexuality in the Oedipus Complex..pdf","/Users/jm/_Dedupe_Quarantine_2026-06-26/Gen Psych Resources/PGY3 Psychotherapy Seminar/Psychodynamic Therapy Reading List/PDFs/25 - Britton, R. (1989). Chapter Two - The Missing Link - Parental Sexuality in the Oedipus Complex..pdf","/Users/jm/Gen Psych Resources/Psychodynamic Therapy Reading List/PDFs/25 - Britton, R. (1989). Chapter Two - The Missing Link - Parental Sexuality in the Oedipus Complex..pdf",bc233eae07b98e2dffd66fccbcf733ac52a77bbd9be1b0e6f74d5bca02e4dde2
"/Users/jm/Gen Psych Resources/PGY3 Psychotherapy Seminar/Psychodynamic Therapy Reading List/PDFs/27 - Stern, D.N. (1998). Non-Interpretive Mechanisms in Psychoanalytic Therapy.pdf","/Users/jm/_Dedupe_Quarantine_2026-06-26/Gen Psych Resources/PGY3 Psychotherapy Seminar/Psychodynamic Therapy Reading List/PDFs/27 - Stern, D.N. (1998). Non-Interpretive Mechanisms in Psychoanalytic Therapy.pdf","/Users/jm/Clinical/psychodynamic-library/27 - Stern, D.N. (1998). Non-Interpretive Mechanisms in Psychoanalytic Therapy.pdf",7df3b0a7b14f71d792170e52089308cee366eecfe4d2082c77335defdeb02799
"/Users/jm/Gen Psych Resources/Psychodynamic Therapy Reading List/PDFs/27 - Stern, D.N. (1998). Non-Interpretive Mechanisms in Psychoanalytic Therapy.pdf","/Users/jm/_Dedupe_Quarantine_2026-06-26/Gen Psych Resources/Psychodynamic Therapy Reading List/PDFs/27 - Stern, D.N. (1998). Non-Interpretive Mechanisms in Psychoanalytic Therapy.pdf","/Users/jm/Clinical/psychodynamic-library/27 - Stern, D.N. (1998). Non-Interpretive Mechanisms in Psychoanalytic Therapy.pdf",7df3b0a7b14f71d792170e52089308cee366eecfe4d2082c77335defdeb02799
"/Users/jm/Gen Psych Resources/PGY3 Psychotherapy Seminar/Psychodynamic Therapy Reading List/PDFs/28 - Bick, E. (1968). The Experience of the Skin in Early Object-Relations.pdf","/Users/jm/_Dedupe_Quarantine_2026-06-26/Gen Psych Resources/PGY3 Psychotherapy Seminar/Psychodynamic Therapy Reading List/PDFs/28 - Bick, E. (1968). The Experience of the Skin in Early Object-Relations.pdf","/Users/jm/Gen Psych Resources/Psychodynamic Therapy Reading List/PDFs/28 - Bick, E. (1968). The Experience of the Skin in Early Object-Relations.pdf",8c61c35ded779e1e1d9faea3cb888c37e9bd7bbf4531e8306fe9278bc3cf8f12
"/Users/jm/Gen Psych Resources/PGY3 Psychotherapy Seminar/Psychodynamic Therapy Reading List/PDFs/31 - Mahler, M.S. (1972). Rapprochement Subphase of the Separation-Individuation Process.pdf","/Users/jm/_Dedupe_Quarantine_2026-06-26/Gen Psych Resources/PGY3 Psychotherapy Seminar/Psychodynamic Therapy Reading List/PDFs/31 - Mahler, M.S. (1972). Rapprochement Subphase of the Separation-Individuation Process.pdf","/Users/jm/Gen Psych Resources/Psychodynamic Therapy Reading List/PDFs/31 - Mahler, M.S. (1972). Rapprochement Subphase of the Separation-Individuation Process.pdf",b9a0163e9434cd4906d75506015ace6c5f39e74f7e42d3d66fa9051f57a74d34
/Users/jm/Gen Psych Resources/PGY3 Psychotherapy Seminar/Psychodynamic Therapy Reading List/PDFs/32 - Bernardi and Eidlin (2018). Thin-skinned or vulnerable narcissism and thick-skinned or grandiose narcissism.pdf,/Users/jm/_Dedupe_Quarantine_2026-06-26/Gen Psych Resources/PGY3 Psychotherapy Seminar/Psychodynamic Therapy Reading List/PDFs/32 - Bernardi and Eidlin (2018). Thin-skinned or vulnerable narcissism and thick-skinned or grandiose narcissism.pdf,/Users/jm/Gen Psych Resources/Psychodynamic Therapy Reading List/PDFs/32 - Bernardi and Eidlin (2018). Thin-skinned or vulnerable narcissism and thick-skinned or grandiose narcissism.pdf,45055f13b035f197a151b05e5243e79c784222b0c5597b1125f72e0aaeee2f66
/Users/jm/Gen Psych Resources/PGY3 Psychotherapy Seminar/Psychodynamic Therapy Reading List/PDFs/33 - Freud (1914). On narcissism.pdf,/Users/jm/_Dedupe_Quarantine_2026-06-26/Gen Psych Resources/PGY3 Psychotherapy Seminar/Psychodynamic Therapy Reading List/PDFs/33 - Freud (1914). On narcissism.pdf,/Users/jm/Gen Psych Resources/Psychodynamic Therapy Reading List/PDFs/33 - Freud (1914). On narcissism.pdf,25c6896b2f50176de6dd91344ecd3d3d3446eed863ab85fb4ecc329cceabcfc4
"/Users/jm/Gen Psych Resources/PGY3 Psychotherapy Seminar/Psychodynamic Therapy Reading List/PDFs/35 - Ferenczi, S. (1949). Confusion of the Tongues Between the Adults and the Child.pdf","/Users/jm/_Dedupe_Quarantine_2026-06-26/Gen Psych Resources/PGY3 Psychotherapy Seminar/Psychodynamic Therapy Reading List/PDFs/35 - Ferenczi, S. (1949). Confusion of the Tongues Between the Adults and the Child.pdf","/Users/jm/Gen Psych Resources/Psychodynamic Therapy Reading List/PDFs/35 - Ferenczi, S. (1949). Confusion of the Tongues Between the Adults and the Child.pdf",f0f995b5995cdc38207774d462d56878fa42409ff8f29be00dfea4eb26ccd6fb
"/Users/jm/Gen Psych Resources/PGY3 Psychotherapy Seminar/Psychodynamic Therapy Reading List/PDFs/39 - Bergstein, A. (2015). Attacks on Linking or a Drive to Communicate.pdf","/Users/jm/_Dedupe_Quarantine_2026-06-26/Gen Psych Resources/PGY3 Psychotherapy Seminar/Psychodynamic Therapy Reading List/PDFs/39 - Bergstein, A. (2015). Attacks on Linking or a Drive to Communicate.pdf","/Users/jm/Gen Psych Resources/Psychodynamic Therapy Reading List/PDFs/39 - Bergstein, A. (2015). Attacks on Linking or a Drive to Communicate.pdf",fe4451ea91e0442d797e55e9b7aab4b99386a681c417cd513a952c1910885266
"/Users/jm/Gen Psych Resources/PGY3 Psychotherapy Seminar/Articles, Lecture Slides and Handouts/Neuroscience and Psychotherapy/Articles/Miller et al (2020) - Not Dead Yet! –Confronting the Legacy of Dualism in Modern Psychiatry.pdf","/Users/jm/_Dedupe_Quarantine_2026-06-26/Gen Psych Resources/PGY3 Psychotherapy Seminar/Articles, Lecture Slides and Handouts/Neuroscience and Psychotherapy/Articles/Miller et al (2020) - Not Dead Yet! –Confronting the Legacy of Dualism in Modern Psychiatry.pdf",/Users/jm/Clinical/psychodynamic-library/40 - Miller et al (2020). Not Dead Yet! –Confronting the Legacy of Dualism in Modern Psychiatry.pdf,73779da2101e38ec2436527433395dbe4684ac04cba3268a869f50a790287607
/Users/jm/Gen Psych Resources/PGY3 Psychotherapy Seminar/Psychodynamic Therapy Reading List/PDFs/40 - Miller et al (2020). Not Dead Yet! –Confronting the Legacy of Dualism in Modern Psychiatry.pdf,/Users/jm/_Dedupe_Quarantine_2026-06-26/Gen Psych Resources/PGY3 Psychotherapy Seminar/Psychodynamic Therapy Reading List/PDFs/40 - Miller et al (2020). Not Dead Yet! –Confronting the Legacy of Dualism in Modern Psychiatry.pdf,/Users/jm/Clinical/psychodynamic-library/40 - Miller et al (2020). Not Dead Yet! –Confronting the Legacy of Dualism in Modern Psychiatry.pdf,73779da2101e38ec2436527433395dbe4684ac04cba3268a869f50a790287607
/Users/jm/Gen Psych Resources/Psychodynamic Therapy Reading List/PDFs/40 - Miller et al (2020). Not Dead Yet! –Confronting the Legacy of Dualism in Modern Psychiatry.pdf,/Users/jm/_Dedupe_Quarantine_2026-06-26/Gen Psych Resources/Psychodynamic Therapy Reading List/PDFs/40 - Miller et al (2020). Not Dead Yet! –Confronting the Legacy of Dualism in Modern Psychiatry.pdf,/Users/jm/Clinical/psychodynamic-library/40 - Miller et al (2020). Not Dead Yet! –Confronting the Legacy of Dualism in Modern Psychiatry.pdf,73779da2101e38ec2436527433395dbe4684ac04cba3268a869f50a790287607
"/Users/jm/Gen Psych Resources/PGY3 Psychotherapy Seminar/Psychodynamic Therapy Reading List/PDFs/41 - O'Shaughnessy, E. (1964). The Absent Object. J. Child Psychother.pdf","/Users/jm/_Dedupe_Quarantine_2026-06-26/Gen Psych Resources/PGY3 Psychotherapy Seminar/Psychodynamic Therapy Reading List/PDFs/41 - O'Shaughnessy, E. (1964). The Absent Object. J. Child Psychother.pdf","/Users/jm/Gen Psych Resources/Psychodynamic Therapy Reading List/PDFs/41 - O'Shaughnessy, E. (1964). The Absent Object. J. Child Psychother.pdf",c7f642d05829f563626d78d95acec53dbda52c2912882deb29fcffc1052e5472
"/Users/jm/Gen Psych Resources/PGY3 Psychotherapy Seminar/Psychodynamic Therapy Reading List/PDFs/42 - Bollas, C. (1979). The Transformational Object. Int. J. Psycho-Anal..pdf","/Users/jm/_Dedupe_Quarantine_2026-06-26/Gen Psych Resources/PGY3 Psychotherapy Seminar/Psychodynamic Therapy Reading List/PDFs/42 - Bollas, C. (1979). The Transformational Object. Int. J. Psycho-Anal..pdf","/Users/jm/Gen Psych Resources/Psychodynamic Therapy Reading List/PDFs/42 - Bollas, C. (1979). The Transformational Object. Int. J. Psycho-Anal..pdf",415c74622eed5a487bbaf50dbde284b806fafce55c74346c8df7ef569fd76f30
"/Users/jm/Gen Psych Resources/PGY3 Psychotherapy Seminar/Psychodynamic Therapy Reading List/PDFs/45 - Loewald, H.W. (1960). On the Therapeutic Action of Psycho-Analysis. Int. J. Psycho-Anal.pdf","/Users/jm/_Dedupe_Quarantine_2026-06-26/Gen Psych Resources/PGY3 Psychotherapy Seminar/Psychodynamic Therapy Reading List/PDFs/45 - Loewald, H.W. (1960). On the Therapeutic Action of Psycho-Analysis. Int. J. Psycho-Anal.pdf","/Users/jm/Gen Psych Resources/Psychodynamic Therapy Reading List/PDFs/45 - Loewald, H.W. (1960). On the Therapeutic Action of Psycho-Analysis. Int. J. Psycho-Anal.pdf",58b2953e16aa50ee4b854355d577dd2491280eea66f85c579acde2be2a4e81a7
"/Users/jm/Gen Psych Resources/PGY3 Psychotherapy Seminar/Psychodynamic Therapy Reading List/PDFs/46 - Raphling, D.L. (1992). Some Vicissitudes of Aggression in the Interpretive Process.pdf","/Users/jm/_Dedupe_Quarantine_2026-06-26/Gen Psych Resources/PGY3 Psychotherapy Seminar/Psychodynamic Therapy Reading List/PDFs/46 - Raphling, D.L. (1992). Some Vicissitudes of Aggression in the Interpretive Process.pdf","/Users/jm/Gen Psych Resources/Psychodynamic Therapy Reading List/PDFs/46 - Raphling, D.L. (1992). Some Vicissitudes of Aggression in the Interpretive Process.pdf",222d9e4c5839439b6b2cb1c5c575eabe8b33be1a2fa80e60506e23f848b50144
"/Users/jm/Gen Psych Resources/PGY3 Psychotherapy Seminar/Psychodynamic Therapy Reading List/PDFs/48 - Conrad, J. (2021). Drive theory, redux - a history and reconsideration of the drives.pdf","/Users/jm/_Dedupe_Quarantine_2026-06-26/Gen Psych Resources/PGY3 Psychotherapy Seminar/Psychodynamic Therapy Reading List/PDFs/48 - Conrad, J. (2021). Drive theory, redux - a history and reconsideration of the drives.pdf","/Users/jm/Gen Psych Resources/Psychodynamic Therapy Reading List/PDFs/48 - Conrad, J. (2021). Drive theory, redux - a history and reconsideration of the drives.pdf",6da2c7e3ecb19e15654d2ee126f4827a0316074d94b3645ea0ed398f5cc9dd4d
"/Users/jm/Gen Psych Resources/PGY3 Psychotherapy Seminar/Psychodynamic Therapy Reading List/PDFs/50 - Grotstein, J.S. (1997). Bion, the Pariah of ‘O’.pdf","/Users/jm/_Dedupe_Quarantine_2026-06-26/Gen Psych Resources/PGY3 Psychotherapy Seminar/Psychodynamic Therapy Reading List/PDFs/50 - Grotstein, J.S. (1997). Bion, the Pariah of ‘O’.pdf","/Users/jm/Gen Psych Resources/Psychodynamic Therapy Reading List/PDFs/50 - Grotstein, J.S. (1997). Bion, the Pariah of ‘O’.pdf",6d3eecc09ed8b9a3cbe4a85994f6dc7df3b8c3fbd8baac079c9802a2241df5fe
"/Users/jm/Gen Psych Resources/PGY3 Psychotherapy Seminar/Psychodynamic Therapy Reading List/PDFs/6 - Feldman, M. (1992). Splitting and Projective Identification.pdf","/Users/jm/_Dedupe_Quarantine_2026-06-26/Gen Psych Resources/PGY3 Psychotherapy Seminar/Psychodynamic Therapy Reading List/PDFs/6 - Feldman, M. (1992). Splitting and Projective Identification.pdf","/Users/jm/Gen Psych Resources/Psychodynamic Therapy Reading List/PDFs/6 - Feldman, M. (1992). Splitting and Projective Identification.pdf",e3bbcd5eca10715130e97ceddbd9890bfa8a64032e42156179cca57b4b6b6a73
"/Users/jm/Gen Psych Resources/PGY3 Psychotherapy Seminar/Psychodynamic Therapy Reading List/PDFs/7 - Carpy, D.V. (1989). Tolerating the Countertransference.pdf","/Users/jm/_Dedupe_Quarantine_2026-06-26/Gen Psych Resources/PGY3 Psychotherapy Seminar/Psychodynamic Therapy Reading List/PDFs/7 - Carpy, D.V. (1989). Tolerating the Countertransference.pdf","/Users/jm/Gen Psych Resources/Psychodynamic Therapy Reading List/PDFs/7 - Carpy, D.V. (1989). Tolerating the Countertransference.pdf",20d478d7be8263d514b3615e4f215485232791778a9357a8ff37dba8451c1f55
"/Users/jm/Gen Psych Resources/PGY3 Psychotherapy Seminar/Psychodynamic Therapy Reading List/PDFs/8 - Winnicott, D.W. (1949). Hate in the Counter-Transference. Int. J. Psycho-Anal..pdf","/Users/jm/_Dedupe_Quarantine_2026-06-26/Gen Psych Resources/PGY3 Psychotherapy Seminar/Psychodynamic Therapy Reading List/PDFs/8 - Winnicott, D.W. (1949). Hate in the Counter-Transference. Int. J. Psycho-Anal..pdf","/Users/jm/Gen Psych Resources/Psychodynamic Therapy Reading List/PDFs/8 - Winnicott, D.W. (1949). Hate in the Counter-Transference. Int. J. Psycho-Anal..pdf",fe7a73224a31d44ffc34598a93109cc1c412d0f3a796739f9688f8ddd1c619d6
/Users/jm/Clinical/Patient-Resources/New Education Library/schizophrenia/family-guide.md,/Users/jm/_Dedupe_Quarantine_2026-06-26/Clinical/Patient-Resources/New Education Library/schizophrenia/family-guide.md,/Users/jm/Code/reconnect-psychiatry-system/psychoed-library/family/schizophrenia/Schizophrenia_Family_Guide_Extended_FAM.md,fde24ea9e657098bc16051b91b85c311c04d590fea3c51b27ad0b87972f01bed
/Users/jm/Clinical/BHU Annual Fund Brainstorm/Portfolio_FINAL_2026-04-30/03_Small_Requests/11_LGBTQ_Affirming_Kit/02_SBAR.docx,/Users/jm/_Dedupe_Quarantine_2026-06-26/Clinical/BHU Annual Fund Brainstorm/Portfolio_FINAL_2026-04-30/03_Small_Requests/11_LGBTQ_Affirming_Kit/02_SBAR.docx,/Users/jm/Clinical/BHU Annual Fund Brainstorm/Drafts_2026-04-30/SBAR_LGBTQ_AffirmingKit_DRAFT.docx,495747478ab7311b8fc3e2cbf4d1c40f5a0a84baf094a745ad476ec2beab5d0e
/Users/jm/Clinical/BHU Annual Fund Brainstorm/Portfolio_FINAL_2026-04-30/03_Small_Requests/12_Foot_and_Hair_Care/02_SBAR.docx,/Users/jm/_Dedupe_Quarantine_2026-06-26/Clinical/BHU Annual Fund Brainstorm/Portfolio_FINAL_2026-04-30/03_Small_Requests/12_Foot_and_Hair_Care/02_SBAR.docx,/Users/jm/Clinical/BHU Annual Fund Brainstorm/Drafts_2026-04-30/SBAR_FootHairCare_DRAFT.docx,ca93707aba342c6d1cd41fbbb6335a72ee794ea5e15795754295f8820d2889c2
/Users/jm/Clinical/reconnect-video-content/Scripts/05_Layer4_Functional_Engagement.md,/Users/jm/_Dedupe_Quarantine_2026-06-26/Clinical/reconnect-video-content/Scripts/05_Layer4_Functional_Engagement.md,/Users/jm/Code/reconnect-psychiatry-system/teaching/video-content/Scripts/05_Layer4_Functional_Engagement.md,4278a24c00e2f285b66133f604bd2972a3c1e59490a4942afac3d47cde1ef4e6
"/Users/jm/Gen Psych Resources/PGY3 Psychotherapy Seminar/Psychodynamic Therapy Reading List/PDFs/15 - Blass, R.B. (2001). The Teaching of the Oedipus Complex. Int. J. Psycho-Anal.pdf","/Users/jm/_Dedupe_Quarantine_2026-06-26/Gen Psych Resources/PGY3 Psychotherapy Seminar/Psychodynamic Therapy Reading List/PDFs/15 - Blass, R.B. (2001). The Teaching of the Oedipus Complex. Int. J. Psycho-Anal.pdf","/Users/jm/Clinical/psychodynamic-library/15 - Blass, R.B. (2001). The Teaching of the Oedipus Complex. Int. J. Psycho-Anal.pdf",589c0e598a08b03ffa083fa1a5a0ca2f25a68d46b5f8ccd84e5694c498c10985
"/Users/jm/Gen Psych Resources/Psychodynamic Therapy Reading List/PDFs/15 - Blass, R.B. (2001). The Teaching of the Oedipus Complex. Int. J. Psycho-Anal.pdf","/Users/jm/_Dedupe_Quarantine_2026-06-26/Gen Psych Resources/Psychodynamic Therapy Reading List/PDFs/15 - Blass, R.B. (2001). The Teaching of the Oedipus Complex. Int. J. Psycho-Anal.pdf","/Users/jm/Clinical/psychodynamic-library/15 - Blass, R.B. (2001). The Teaching of the Oedipus Complex. Int. J. Psycho-Anal.pdf",589c0e598a08b03ffa083fa1a5a0ca2f25a68d46b5f8ccd84e5694c498c10985
/Users/jm/Clinical/Patient-Resources/New Education Library/bpd/patient-handout.md,/Users/jm/_Dedupe_Quarantine_2026-06-26/Clinical/Patient-Resources/New Education Library/bpd/patient-handout.md,/Users/jm/Code/reconnect-psychiatry-system/psychoed-library/patient-materials/bpd/BPD_Patient_Handout_PAT.md,d5d55365744f3689c44ebf5ec2b6c066f1c045aa9bcdc6edf730ef44a6b74460
/Users/jm/Media/NotebookLM-Audio/whisper-transcripts/Bulletproofing_Dr.txt,/Users/jm/_Dedupe_Quarantine_2026-06-26/Media/NotebookLM-Audio/whisper-transcripts/Bulletproofing_Dr.txt,/Users/jm/Code/reconnect-psychiatry-system/teaching/notebooklm-projects/13_Audio_Overviews/transcripts/Bulletproofing_Dr.txt,9bd42bcb3facca01f1b15d711d52b6214a760624be6a5923804700cc4226a8bc
/Users/jm/Clinical/ED-Psych-Capstone/Capstone-Report/Implementation-Plan.pdf,/Users/jm/_Dedupe_Quarantine_2026-06-26/Clinical/ED-Psych-Capstone/Capstone-Report/Implementation-Plan.pdf,/Users/jm/Code/reconnect-psychiatry-system/teaching/ed-psych-capstone/Capstone-Report/Implementation-Plan.pdf,a874893461094b0a69bafe8d9164d8fa2a3232de016cb1e81f0b5f995ceb8185
/Users/jm/Clinical/reconnect-video-content/INDEX.md,/Users/jm/_Dedupe_Quarantine_2026-06-26/Clinical/reconnect-video-content/INDEX.md,/Users/jm/Code/reconnect-psychiatry-system/teaching/video-content/INDEX.md,ce77e219a9c2a3cc80045e9a6367e3e72f9c2f9068a6a930a3386b898bcaa1f8
/Users/jm/Clinical/reconnect-video-content/QR_SYSTEM_README.md,/Users/jm/_Dedupe_Quarantine_2026-06-26/Clinical/reconnect-video-content/QR_SYSTEM_README.md,/Users/jm/Code/reconnect-psychiatry-system/teaching/video-content/QR_SYSTEM_README.md,bcb8649ccedc913cf8edcd628e1189d35f630abf2e23b0ed3b10b057e59242be
/Users/jm/Clinical/reconnect-video-content/QUICKSTART.txt,/Users/jm/_Dedupe_Quarantine_2026-06-26/Clinical/reconnect-video-content/QUICKSTART.txt,/Users/jm/Code/reconnect-psychiatry-system/teaching/video-content/QUICKSTART.txt,aed5d2b3aed260446920ebe4119b09dd7f5cb473ce973b8d550aef3006286cb0
/Users/jm/Clinical/reconnect-video-content/Scripts/01_Introduction_to_RSS.md,/Users/jm/_Dedupe_Quarantine_2026-06-26/Clinical/reconnect-video-content/Scripts/01_Introduction_to_RSS.md,/Users/jm/Code/reconnect-psychiatry-system/teaching/video-content/Scripts/01_Introduction_to_RSS.md,3bb1d3ebdb99437000ad412d5002b63ad81006a624d6b99532bbad244d3d472d
/Users/jm/Clinical/Teaching/Family_Meeting_Didactic_2026/NotebookLM_Package/Clinical_Case_Library.md,/Users/jm/_Dedupe_Quarantine_2026-06-26/Clinical/Teaching/Family_Meeting_Didactic_2026/NotebookLM_Package/Clinical_Case_Library.md,/Users/jm/Clinical/Teaching/Family_Meeting_Didactic_2026/06_Clinical_Case_Library.md,4da104533a7adc635f5f6d4ddde058d0472875836f37ef89eeb2afa062621cc4
/Users/jm/Clinical/reconnect-video-content/Scripts/08_First_Family_Meeting.md,/Users/jm/_Dedupe_Quarantine_2026-06-26/Clinical/reconnect-video-content/Scripts/08_First_Family_Meeting.md,/Users/jm/Code/reconnect-psychiatry-system/teaching/video-content/Scripts/08_First_Family_Meeting.md,6429b9e3fb18c9a1045598bc0520385103b7d3d1182365940097b5c0254f03ea
"/Users/jm/Gen Psych Resources/PGY3 Psychotherapy Seminar/Psychodynamic Therapy Reading List/PDFs/47 - O'Shaughnessy, E. (1990). Can a Liar be Psychoanalysed.pdf","/Users/jm/_Dedupe_Quarantine_2026-06-26/Gen Psych Resources/PGY3 Psychotherapy Seminar/Psychodynamic Therapy Reading List/PDFs/47 - O'Shaughnessy, E. (1990). Can a Liar be Psychoanalysed.pdf","/Users/jm/Gen Psych Resources/Psychodynamic Therapy Reading List/PDFs/47 - O'Shaughnessy, E. (1990). Can a Liar be Psychoanalysed.pdf",6183c6c3e66bb9c3f3ddd83f01a88997ed92b3882ac7f34385c4367aefd8a082
/Users/jm/Clinical/Patient-Resources/New Education Library/anxiety/patient-handout.md,/Users/jm/_Dedupe_Quarantine_2026-06-26/Clinical/Patient-Resources/New Education Library/anxiety/patient-handout.md,/Users/jm/Code/reconnect-psychiatry-system/psychoed-library/patient-materials/anxiety/Anxiety_Patient_Handout_PAT.md,e7ccf154caf600e8d1bc4acd647bb26856958b737fc02d8af5ffaf1dbaa7cb26
/Users/jm/Clinical/reconnect-video-content/Scripts/03_Layer2_Regulatory_Predictability.md,/Users/jm/_Dedupe_Quarantine_2026-06-26/Clinical/reconnect-video-content/Scripts/03_Layer2_Regulatory_Predictability.md,/Users/jm/Code/reconnect-psychiatry-system/teaching/video-content/Scripts/03_Layer2_Regulatory_Predictability.md,2994e80630a6bf7290e10d4fcabcd3c0488199608df2fbd11074c5600990097e
/Users/jm/Clinical/reconnect-video-content/Scripts/09_Supporting_Without_Enabling.md,/Users/jm/_Dedupe_Quarantine_2026-06-26/Clinical/reconnect-video-content/Scripts/09_Supporting_Without_Enabling.md,/Users/jm/Code/reconnect-psychiatry-system/teaching/video-content/Scripts/09_Supporting_Without_Enabling.md,a40dce8b86143f3869ed23419995eb388952d6e3676d09d851a52fcede470d75
/Users/jm/Clinical/ED-Psych-Capstone/Patient-Materials/FAQ-Psychiatric-Admission.docx,/Users/jm/_Dedupe_Quarantine_2026-06-26/Clinical/ED-Psych-Capstone/Patient-Materials/FAQ-Psychiatric-Admission.docx,/Users/jm/Code/reconnect-psychiatry-system/teaching/ed-psych-capstone/Patient-Materials/FAQ-Psychiatric-Admission.docx,63bc15b3940c535e032bc970e818039b529a6f6aca063767f4f6ba04f5a72c39
/Users/jm/Gen Psych Resources/PGY3 Psychotherapy Seminar/Psychodynamic Therapy Reading List/Recommended year-long psychodynamic reading list for PGY-3s (2021-22).pdf,/Users/jm/_Dedupe_Quarantine_2026-06-26/Gen Psych Resources/PGY3 Psychotherapy Seminar/Psychodynamic Therapy Reading List/Recommended year-long psychodynamic reading list for PGY-3s (2021-22).pdf,/Users/jm/Clinical/references/Recommended year-long psychodynamic reading list for PGY-3s (2021-22).pdf,1e44c8571e88c55a73dd1a6c9f121f0da3787f38a0ab1c95098443a155aa5ad0
/Users/jm/Gen Psych Resources/Psychodynamic Therapy Reading List/Recommended year-long psychodynamic reading list for PGY-3s (2021-22).pdf,/Users/jm/_Dedupe_Quarantine_2026-06-26/Gen Psych Resources/Psychodynamic Therapy Reading List/Recommended year-long psychodynamic reading list for PGY-3s (2021-22).pdf,/Users/jm/Clinical/references/Recommended year-long psychodynamic reading list for PGY-3s (2021-22).pdf,1e44c8571e88c55a73dd1a6c9f121f0da3787f38a0ab1c95098443a155aa5ad0
/Users/jm/Clinical/Presentations:Meeting/MEDSTAFF DINNER/EARLIER VERSIONS:WORK/2026-06-09_MaineHealth-Dinner/05-rssm-diagram/RSSM-Diagram.pdf,/Users/jm/_Dedupe_Quarantine_2026-06-26/Clinical/Presentations:Meeting/MEDSTAFF DINNER/EARLIER VERSIONS:WORK/2026-06-09_MaineHealth-Dinner/05-rssm-diagram/RSSM-Diagram.pdf,/Users/jm/Code/reconnect-psychiatry-system/docs/project-management/Psychiatry-Unit-Education/06-external-meetings/2026-06-09_MaineHealth-Dinner/05-rssm-diagram/RSSM-Diagram.pdf,1f58cfa2997510255cc9ad38110ef3b0651953ba6ae09fa15d0181eff161756d
/Users/jm/Clinical/Presentations:Meeting/Family-Therapy-Didactic-June16/05_Interactive_Companion.html,/Users/jm/_Dedupe_Quarantine_2026-06-26/Clinical/Presentations:Meeting/Family-Therapy-Didactic-June16/05_Interactive_Companion.html,/Users/jm/Clinical/Presentations:Meeting/Family-Therapy-Didactic-June16/deploy-site/index.html,db035e6c9e7a106ce66dfc03943f6e1bc7d9807fb2c30cec3f38c9c1980ce74b
/Users/jm/Clinical/Presentations:Meeting/Family-Therapy-Didactic-June16/Archived versions/Family-Therapy-Didactic-June16/05_Interactive_Companion.html,/Users/jm/_Dedupe_Quarantine_2026-06-26/Clinical/Presentations:Meeting/Family-Therapy-Didactic-June16/Archived versions/Family-Therapy-Didactic-June16/05_Interactive_Companion.html,/Users/jm/Clinical/Presentations:Meeting/Family-Therapy-Didactic-June16/deploy-site/index.html,db035e6c9e7a106ce66dfc03943f6e1bc7d9807fb2c30cec3f38c9c1980ce74b
/Users/jm/Clinical/Presentations:Meeting/Family-Therapy-Didactic-June16/Archived versions/Family-Therapy-Didactic-June16/deploy-site/index.html,/Users/jm/_Dedupe_Quarantine_2026-06-26/Clinical/Presentations:Meeting/Family-Therapy-Didactic-June16/Archived versions/Family-Therapy-Didactic-June16/deploy-site/index.html,/Users/jm/Clinical/Presentations:Meeting/Family-Therapy-Didactic-June16/deploy-site/index.html,db035e6c9e7a106ce66dfc03943f6e1bc7d9807fb2c30cec3f38c9c1980ce74b
/Users/jm/Clinical/NEW PSYCH PROJECT MANAGEMENT/Psychiatry Unit/Education/06-external-meetings/send-to-Gogineni/Family_Communication_Framework_Quick_Reference.pdf,/Users/jm/_Dedupe_Quarantine_2026-06-26/Clinical/NEW PSYCH PROJECT MANAGEMENT/Psychiatry Unit/Education/06-external-meetings/send-to-Gogineni/Family_Communication_Framework_Quick_Reference.pdf,/Users/jm/Code/reconnect-psychiatry-system/docs/project-management/Psychiatry-Unit-Education/06-external-meetings/send-to-Gogineni/Family_Communication_Framework_Quick_Reference.pdf,e82034f9955d55ba1e0830bce265157acad9a9adae55b9f92f18f34ea15d83ef
/Users/jm/Clinical/Teaching/Family-Communication-Framework-Quick-Reference.pdf,/Users/jm/_Dedupe_Quarantine_2026-06-26/Clinical/Teaching/Family-Communication-Framework-Quick-Reference.pdf,/Users/jm/Code/reconnect-psychiatry-system/docs/project-management/Psychiatry-Unit-Education/06-external-meetings/send-to-Gogineni/Family_Communication_Framework_Quick_Reference.pdf,e82034f9955d55ba1e0830bce265157acad9a9adae55b9f92f18f34ea15d83ef
"/Users/jm/Gen Psych Resources/PGY3 Psychotherapy Seminar/Articles, Lecture Slides and Handouts/Development Lectures/Adulthood and aging/Adult development slides.pdf","/Users/jm/_Dedupe_Quarantine_2026-06-26/Gen Psych Resources/PGY3 Psychotherapy Seminar/Articles, Lecture Slides and Handouts/Development Lectures/Adulthood and aging/Adult development slides.pdf",/Users/jm/Gen Psych Resources/Adult development slides.pdf,bf14e56460d557e9ae5b2b63bd4ee91c3352c9f36133b5425c826a38b778e3bf
/Users/jm/Gen Psych Resources/PGY3 Psychotherapy Seminar/Beck Institule for Cognitive Therapy.pdf,/Users/jm/_Dedupe_Quarantine_2026-06-26/Gen Psych Resources/PGY3 Psychotherapy Seminar/Beck Institule for Cognitive Therapy.pdf,/Users/jm/Gen Psych Resources/Beck Institule for Cognitive Therapy.pdf,ab4e2ec0d4bfd7471fe450a5dbb1e79482f941152c87cedb3949ea10b7cb17c8
/Users/jm/Clinical/Presentations:Meeting/Family-Therapy-Didactic-June16/Archived versions/Family-Therapy-Didactic-June16/deploy-site/.netlify/plugins/package.json,/Users/jm/_Dedupe_Quarantine_2026-06-26/Clinical/Presentations:Meeting/Family-Therapy-Didactic-June16/Archived versions/Family-Therapy-Didactic-June16/deploy-site/.netlify/plugins/package.json,/Users/jm/Clinical/Presentations:Meeting/Family-Therapy-Didactic-June16/deploy-site/.netlify/plugins/package.json,71aad66cc82d5a4c062dc3e4d78216bd9d897a6b5a4fab9a0bfe53c0981bcf2b
"/Users/jm/Gen Psych Resources/PGY3 Psychotherapy Seminar/Psychodynamic Therapy Reading List/PDFs/1 - Cabaniss, D.L., Graver, R. (2008). Mapping the Macroprocess.pdf","/Users/jm/_Dedupe_Quarantine_2026-06-26/Gen Psych Resources/PGY3 Psychotherapy Seminar/Psychodynamic Therapy Reading List/PDFs/1 - Cabaniss, D.L., Graver, R. (2008). Mapping the Macroprocess.pdf","/Users/jm/Gen Psych Resources/Psychodynamic Therapy Reading List/PDFs/1 - Cabaniss, D.L., Graver, R. (2008). Mapping the Macroprocess.pdf",bace952f01e03e87bf3af04b09d591c3f37172b918b4a483ceeb040851f5c454
"/Users/jm/Gen Psych Resources/PGY3 Psychotherapy Seminar/Psychodynamic Therapy Reading List/PDFs/11 - Davies, J.M. (2004). Whose Bad Objects Are We Anyway.pdf","/Users/jm/_Dedupe_Quarantine_2026-06-26/Gen Psych Resources/PGY3 Psychotherapy Seminar/Psychodynamic Therapy Reading List/PDFs/11 - Davies, J.M. (2004). Whose Bad Objects Are We Anyway.pdf","/Users/jm/Gen Psych Resources/Psychodynamic Therapy Reading List/PDFs/11 - Davies, J.M. (2004). Whose Bad Objects Are We Anyway.pdf",6e150258b0c050ad4cc744b3f112a1a0faa162643eb37a3d1340e78931950081
"/Users/jm/Gen Psych Resources/PGY3 Psychotherapy Seminar/Psychodynamic Therapy Reading List/PDFs/12 - Winnicott, D.W. (1953). Transitional Objects and Transitional Phenomena.pdf","/Users/jm/_Dedupe_Quarantine_2026-06-26/Gen Psych Resources/PGY3 Psychotherapy Seminar/Psychodynamic Therapy Reading List/PDFs/12 - Winnicott, D.W. (1953). Transitional Objects and Transitional Phenomena.pdf","/Users/jm/Gen Psych Resources/Psychodynamic Therapy Reading List/PDFs/12 - Winnicott, D.W. (1953). Transitional Objects and Transitional Phenomena.pdf",f4750cc00c390490b2b94f036f7626689737c55b34af49bd29bfd707c510a5a0
"/Users/jm/Gen Psych Resources/PGY3 Psychotherapy Seminar/Psychodynamic Therapy Reading List/PDFs/13a - Winnicott, D.W. (1971) - The Use of an Object and Relating through Identifications.pdf","/Users/jm/_Dedupe_Quarantine_2026-06-26/Gen Psych Resources/PGY3 Psychotherapy Seminar/Psychodynamic Therapy Reading List/PDFs/13a - Winnicott, D.W. (1971) - The Use of an Object and Relating through Identifications.pdf","/Users/jm/Gen Psych Resources/Psychodynamic Therapy Reading List/PDFs/13a - Winnicott, D.W. (1971) - The Use of an Object and Relating through Identifications.pdf",adcb8e85f31c3b14c1210483958978d8102f4a77edc3fe2a870fecb83375924e
"/Users/jm/Gen Psych Resources/PGY3 Psychotherapy Seminar/Psychodynamic Therapy Reading List/PDFs/14 - Spielman, P.M. (1971). Envy and Jealousy an Attempt at Clarification.pdf","/Users/jm/_Dedupe_Quarantine_2026-06-26/Gen Psych Resources/PGY3 Psychotherapy Seminar/Psychodynamic Therapy Reading List/PDFs/14 - Spielman, P.M. (1971). Envy and Jealousy an Attempt at Clarification.pdf","/Users/jm/Gen Psych Resources/Psychodynamic Therapy Reading List/PDFs/14 - Spielman, P.M. (1971). Envy and Jealousy an Attempt at Clarification.pdf",a991bc6c53df6512d88db408369c5ba478f2cd2815a62e44043595972cb44b6c
"/Users/jm/Gen Psych Resources/PGY3 Psychotherapy Seminar/Psychodynamic Therapy Reading List/PDFs/19 - Joseph, B (1975). The patient who is difficult to reach.pdf","/Users/jm/_Dedupe_Quarantine_2026-06-26/Gen Psych Resources/PGY3 Psychotherapy Seminar/Psychodynamic Therapy Reading List/PDFs/19 - Joseph, B (1975). The patient who is difficult to reach.pdf","/Users/jm/Gen Psych Resources/Psychodynamic Therapy Reading List/PDFs/19 - Joseph, B (1975). The patient who is difficult to reach.pdf",96980684cac60be34aa7fcbef00ef917cd4b0fcf65ace51eb1568f4ec274a764
"/Users/jm/Gen Psych Resources/PGY3 Psychotherapy Seminar/Psychodynamic Therapy Reading List/PDFs/22 - Segal, H. (1988). Introduction to the work of M. Klein - select chapters.pdf","/Users/jm/_Dedupe_Quarantine_2026-06-26/Gen Psych Resources/PGY3 Psychotherapy Seminar/Psychodynamic Therapy Reading List/PDFs/22 - Segal, H. (1988). Introduction to the work of M. Klein - select chapters.pdf","/Users/jm/Gen Psych Resources/Psychodynamic Therapy Reading List/PDFs/22 - Segal, H. (1988). Introduction to the work of M. Klein - select chapters.pdf",356d457e563b0a47ef410528a39fd517a476688e48b1042199fb29fc539953b2
"/Users/jm/Gen Psych Resources/PGY3 Psychotherapy Seminar/Psychodynamic Therapy Reading List/PDFs/3 - Fink, B. (2007). Fundamentals first 2 chapters.pdf","/Users/jm/_Dedupe_Quarantine_2026-06-26/Gen Psych Resources/PGY3 Psychotherapy Seminar/Psychodynamic Therapy Reading List/PDFs/3 - Fink, B. (2007). Fundamentals first 2 chapters.pdf","/Users/jm/Gen Psych Resources/Psychodynamic Therapy Reading List/PDFs/3 - Fink, B. (2007). Fundamentals first 2 chapters.pdf",3d01bf228fc0ac25314ff7c411b21de151410764424702cbd5ca69d08f40fb9c
"/Users/jm/Gen Psych Resources/PGY3 Psychotherapy Seminar/Psychodynamic Therapy Reading List/PDFs/30 - Baker, H. (1987). Heinz Kohut’s Self Psychology.pdf","/Users/jm/_Dedupe_Quarantine_2026-06-26/Gen Psych Resources/PGY3 Psychotherapy Seminar/Psychodynamic Therapy Reading List/PDFs/30 - Baker, H. (1987). Heinz Kohut’s Self Psychology.pdf","/Users/jm/Gen Psych Resources/Psychodynamic Therapy Reading List/PDFs/30 - Baker, H. (1987). Heinz Kohut’s Self Psychology.pdf",80826ec2a890ca6cb433d4d84337b45caeb4a052a0cba135e3885488adbd520a
"/Users/jm/Gen Psych Resources/PGY3 Psychotherapy Seminar/Psychodynamic Therapy Reading List/PDFs/36 - Freud, S. (1920). Beyond the Pleasure Principle.pdf","/Users/jm/_Dedupe_Quarantine_2026-06-26/Gen Psych Resources/PGY3 Psychotherapy Seminar/Psychodynamic Therapy Reading List/PDFs/36 - Freud, S. (1920). Beyond the Pleasure Principle.pdf","/Users/jm/Gen Psych Resources/Psychodynamic Therapy Reading List/PDFs/36 - Freud, S. (1920). Beyond the Pleasure Principle.pdf",bda86a75e73d8864788857931d97c3b20b58c9874eaa1c0d9dbd6760824a9500
"/Users/jm/Gen Psych Resources/PGY3 Psychotherapy Seminar/Psychodynamic Therapy Reading List/PDFs/38 - Miller, C. (2018). Thinking back to linking - Bion and Neuroscience.pdf","/Users/jm/_Dedupe_Quarantine_2026-06-26/Gen Psych Resources/PGY3 Psychotherapy Seminar/Psychodynamic Therapy Reading List/PDFs/38 - Miller, C. (2018). Thinking back to linking - Bion and Neuroscience.pdf","/Users/jm/Gen Psych Resources/Psychodynamic Therapy Reading List/PDFs/38 - Miller, C. (2018). Thinking back to linking - Bion and Neuroscience.pdf",8ba8dd5d71f77d51f7693302c5f7f39e3386d6c762cb27750a013d21c9d9f385
"/Users/jm/Gen Psych Resources/PGY3 Psychotherapy Seminar/Psychodynamic Therapy Reading List/PDFs/43 - Langs, R. (1975) - Therapeutic Misalliances.pdf","/Users/jm/_Dedupe_Quarantine_2026-06-26/Gen Psych Resources/PGY3 Psychotherapy Seminar/Psychodynamic Therapy Reading List/PDFs/43 - Langs, R. (1975) - Therapeutic Misalliances.pdf","/Users/jm/Gen Psych Resources/Psychodynamic Therapy Reading List/PDFs/43 - Langs, R. (1975) - Therapeutic Misalliances.pdf",34e49ce8874dd21d820e821c5e38320216cdf089d7f22ccfb61f12d1e92e35ad
"/Users/jm/Gen Psych Resources/PGY3 Psychotherapy Seminar/Psychodynamic Therapy Reading List/PDFs/44 - Carveth, D.L. (2012). Concordant and Complementary Counter-Transference.pdf","/Users/jm/_Dedupe_Quarantine_2026-06-26/Gen Psych Resources/PGY3 Psychotherapy Seminar/Psychodynamic Therapy Reading List/PDFs/44 - Carveth, D.L. (2012). Concordant and Complementary Counter-Transference.pdf","/Users/jm/Gen Psych Resources/Psychodynamic Therapy Reading List/PDFs/44 - Carveth, D.L. (2012). Concordant and Complementary Counter-Transference.pdf",68b00f7d6b59f263d645cb14de329a5dc2b5a31a354cf84771851c6326e9e739
"/Users/jm/Gen Psych Resources/PGY3 Psychotherapy Seminar/Psychodynamic Therapy Reading List/PDFs/49 - Green, A. (1983). The Dead Mother.pdf","/Users/jm/_Dedupe_Quarantine_2026-06-26/Gen Psych Resources/PGY3 Psychotherapy Seminar/Psychodynamic Therapy Reading List/PDFs/49 - Green, A. (1983). The Dead Mother.pdf","/Users/jm/Gen Psych Resources/Psychodynamic Therapy Reading List/PDFs/49 - Green, A. (1983). The Dead Mother.pdf",161492b9e9a40d4881a1c9e33980dcbe83a431e829c61cf5c53bef18ac3397ca
"/Users/jm/Gen Psych Resources/PGY3 Psychotherapy Seminar/Psychodynamic Therapy Reading List/PDFs/5 - Blass, R. (2015). Conceptualizing splitting.pdf","/Users/jm/_Dedupe_Quarantine_2026-06-26/Gen Psych Resources/PGY3 Psychotherapy Seminar/Psychodynamic Therapy Reading List/PDFs/5 - Blass, R. (2015). Conceptualizing splitting.pdf","/Users/jm/Gen Psych Resources/Psychodynamic Therapy Reading List/PDFs/5 - Blass, R. (2015). Conceptualizing splitting.pdf",38c44a68f69f676dd22424133acc23407fe05572c7e9cc59d5fd28574abd9f12
"/Users/jm/Gen Psych Resources/PGY3 Psychotherapy Seminar/Psychodynamic Therapy Reading List/PDFs/9 - Kegerreis, S. (2013). Meanings of Lateness in Psychoanalytic Psychotherapy.pdf","/Users/jm/_Dedupe_Quarantine_2026-06-26/Gen Psych Resources/PGY3 Psychotherapy Seminar/Psychodynamic Therapy Reading List/PDFs/9 - Kegerreis, S. (2013). Meanings of Lateness in Psychoanalytic Psychotherapy.pdf","/Users/jm/Clinical/psychodynamic-library/9 - Kegerreis, S. (2013). Meanings of Lateness in Psychoanalytic Psychotherapy.pdf",1f43747b4cabe2786517be84999857937bcacc21ece40b7c58109231aacc008e
"/Users/jm/Gen Psych Resources/Psychodynamic Therapy Reading List/PDFs/9 - Kegerreis, S. (2013). Meanings of Lateness in Psychoanalytic Psychotherapy.pdf","/Users/jm/_Dedupe_Quarantine_2026-06-26/Gen Psych Resources/Psychodynamic Therapy Reading List/PDFs/9 - Kegerreis, S. (2013). Meanings of Lateness in Psychoanalytic Psychotherapy.pdf","/Users/jm/Clinical/psychodynamic-library/9 - Kegerreis, S. (2013). Meanings of Lateness in Psychoanalytic Psychotherapy.pdf",1f43747b4cabe2786517be84999857937bcacc21ece40b7c58109231aacc008e
"/Users/jm/Gen Psych Resources/PGY3 Psychotherapy Seminar/Articles, Lecture Slides and Handouts/Development Lectures/Oedipal Period/PGY-3 Psychotherapy Seminar – The Oedipal Situation (10-7-21).pdf","/Users/jm/_Dedupe_Quarantine_2026-06-26/Gen Psych Resources/PGY3 Psychotherapy Seminar/Articles, Lecture Slides and Handouts/Development Lectures/Oedipal Period/PGY-3 Psychotherapy Seminar – The Oedipal Situation (10-7-21).pdf","/Users/jm/Gen Psych Resources/files-2/PGY-3 Psychotherapy Seminar – The Oedipal Situation – October 7, 2021.pdf",d99c46144fdca7337e765a0db0734625c6346d46f2da786ee43b4183054aae0f
"/Users/jm/Gen Psych Resources/PGY3 Psychotherapy Seminar/Articles, Lecture Slides and Handouts/Development Lectures/Pre-Oedipal Period/Pre-Oedipal period I (9-16-21).pdf","/Users/jm/_Dedupe_Quarantine_2026-06-26/Gen Psych Resources/PGY3 Psychotherapy Seminar/Articles, Lecture Slides and Handouts/Development Lectures/Pre-Oedipal Period/Pre-Oedipal period I (9-16-21).pdf",/Users/jm/Gen Psych Resources/files-3/Pre-Oedipal period Part I (9-16-21).pdf,bdb89c46f42f03823fc81ebfae99152e4311089f95beed14d10e601f0b361ca8
"/Users/jm/Gen Psych Resources/PGY3 Psychotherapy Seminar/Articles, Lecture Slides and Handouts/Development Lectures/Pre-Oedipal Period/Pre-Oedipal period II (9-23-21).pdf","/Users/jm/_Dedupe_Quarantine_2026-06-26/Gen Psych Resources/PGY3 Psychotherapy Seminar/Articles, Lecture Slides and Handouts/Development Lectures/Pre-Oedipal Period/Pre-Oedipal period II (9-23-21).pdf",/Users/jm/Gen Psych Resources/Pre-Oedipal period II (9-23-21).pdf,a639cc347ad5d191e0ca9d6a9665487d98c071a113829901c35fa6f8dba19b3a
/Users/jm/Clinical/Presentations:Meeting/Family-Therapy-Didactic-June16/Archived versions/Family-Therapy-Didactic-June16/Slides/Versions/From_Symptom_to_System__Rewiring_the_Relational_Engine.mp4,/Users/jm/_Dedupe_Quarantine_2026-06-26/Clinical/Presentations:Meeting/Family-Therapy-Didactic-June16/Archived versions/Family-Therapy-Didactic-June16/Slides/Versions/From_Symptom_to_System__Rewiring_the_Relational_Engine.mp4,/Users/jm/Clinical/Presentations:Meeting/Family-Therapy-Didactic-June16/Videos/Rewiring_the_Relational_Engine.mp4,a16cf252b158246c20c92482478c1035eaa83242ad9ffa37ee16b177882105fb
/Users/jm/Clinical/Presentations:Meeting/Family-Therapy-Didactic-June16/Archived versions/Family-Therapy-Didactic-June16/Videos/Rewiring_the_Relational_Engine.mp4,/Users/jm/_Dedupe_Quarantine_2026-06-26/Clinical/Presentations:Meeting/Family-Therapy-Didactic-June16/Archived versions/Family-Therapy-Didactic-June16/Videos/Rewiring_the_Relational_Engine.mp4,/Users/jm/Clinical/Presentations:Meeting/Family-Therapy-Didactic-June16/Videos/Rewiring_the_Relational_Engine.mp4,a16cf252b158246c20c92482478c1035eaa83242ad9ffa37ee16b177882105fb
/Users/jm/Clinical/Presentations:Meeting/Family-Therapy-Didactic-June16/Slides/Versions/From_Symptom_to_System__Rewiring_the_Relational_Engine.mp4,/Users/jm/_Dedupe_Quarantine_2026-06-26/Clinical/Presentations:Meeting/Family-Therapy-Didactic-June16/Slides/Versions/From_Symptom_to_System__Rewiring_the_Relational_Engine.mp4,/Users/jm/Clinical/Presentations:Meeting/Family-Therapy-Didactic-June16/Videos/Rewiring_the_Relational_Engine.mp4,a16cf252b158246c20c92482478c1035eaa83242ad9ffa37ee16b177882105fb
/Users/jm/Clinical/reconnect-video-content/Therapeutic_Videos/Navigating_Discharge.mp4,/Users/jm/_Dedupe_Quarantine_2026-06-26/Clinical/reconnect-video-content/Therapeutic_Videos/Navigating_Discharge.mp4,/Users/jm/Media/Therapeutic-Videos/Navigating_Discharge.mp4,e66e9ff733021e6f410c46f4ce1481718c9d552d8120e36cf0178eb16cd6078e
/Users/jm/Clinical/Presentations:Meeting/Family-Therapy-Didactic-June16/Archived versions/Family-Therapy-Didactic-June16/Videos/Rewiring_the_Relational_Engine_under25MB.mp4,/Users/jm/_Dedupe_Quarantine_2026-06-26/Clinical/Presentations:Meeting/Family-Therapy-Didactic-June16/Archived versions/Family-Therapy-Didactic-June16/Videos/Rewiring_the_Relational_Engine_under25MB.mp4,/Users/jm/Clinical/Presentations:Meeting/Family-Therapy-Didactic-June16/Videos/Rewiring_the_Relational_Engine_under25MB.mp4,3bc0e1502b2503b785b5399224ca33de88b4df302bfce13d1c0c99b55f993c19
/Users/jm/Clinical/Presentations:Meeting/Family-Therapy-Didactic-June16/Archived versions/Family-Therapy-Didactic-June16/Slides/Versions/The_Symptom_and_the_System.mp4,/Users/jm/_Dedupe_Quarantine_2026-06-26/Clinical/Presentations:Meeting/Family-Therapy-Didactic-June16/Archived versions/Family-Therapy-Didactic-June16/Slides/Versions/The_Symptom_and_the_System.mp4,/Users/jm/Clinical/Presentations:Meeting/Family-Therapy-Didactic-June16/Videos/The_Symptom_and_the_System.mp4,a351d0963296db6e2bb31ec47c0978fff5d8f1f22b0a00c6a477d2ecee9ee6cd
/Users/jm/Clinical/Presentations:Meeting/Family-Therapy-Didactic-June16/Archived versions/Family-Therapy-Didactic-June16/Videos/The_Symptom_and_the_System.mp4,/Users/jm/_Dedupe_Quarantine_2026-06-26/Clinical/Presentations:Meeting/Family-Therapy-Didactic-June16/Archived versions/Family-Therapy-Didactic-June16/Videos/The_Symptom_and_the_System.mp4,/Users/jm/Clinical/Presentations:Meeting/Family-Therapy-Didactic-June16/Videos/The_Symptom_and_the_System.mp4,a351d0963296db6e2bb31ec47c0978fff5d8f1f22b0a00c6a477d2ecee9ee6cd
/Users/jm/Clinical/Presentations:Meeting/Family-Therapy-Didactic-June16/Slides/Versions/The_Symptom_and_the_System.mp4,/Users/jm/_Dedupe_Quarantine_2026-06-26/Clinical/Presentations:Meeting/Family-Therapy-Didactic-June16/Slides/Versions/The_Symptom_and_the_System.mp4,/Users/jm/Clinical/Presentations:Meeting/Family-Therapy-Didactic-June16/Videos/The_Symptom_and_the_System.mp4,a351d0963296db6e2bb31ec47c0978fff5d8f1f22b0a00c6a477d2ecee9ee6cd
/Users/jm/Clinical/Presentations:Meeting/Family-Therapy-Didactic-June16/Archived versions/Family-Therapy-Didactic-June16/Videos/The_Symptom_and_the_System_under25MB.mp4,/Users/jm/_Dedupe_Quarantine_2026-06-26/Clinical/Presentations:Meeting/Family-Therapy-Didactic-June16/Archived versions/Family-Therapy-Didactic-June16/Videos/The_Symptom_and_the_System_under25MB.mp4,/Users/jm/Clinical/Presentations:Meeting/Family-Therapy-Didactic-June16/Videos/The_Symptom_and_the_System_under25MB.mp4,710aa1c3467f8f7df742f9cc63aebe4b42143db65d58ea687a972475235bd665
/Users/jm/Gen Psych Resources/PGY3 Psychotherapy Seminar/Psychodynamic Therapy Reading List/PDFs/34 - Winnicott (1960). Ego Distortions - True and False Self.pdf,/Users/jm/_Dedupe_Quarantine_2026-06-26/Gen Psych Resources/PGY3 Psychotherapy Seminar/Psychodynamic Therapy Reading List/PDFs/34 - Winnicott (1960). Ego Distortions - True and False Self.pdf,/Users/jm/Gen Psych Resources/Psychodynamic Therapy Reading List/PDFs/34 - Winnicott (1960). Ego Distortions - True and False Self.pdf,30564c264478cfaa5f81f0c9ee9c38c7c3f421cbd304dcf1abcaae387e1a8492
/Users/jm/Clinical/Presentations:Meeting/MEDSTAFF DINNER/Family-Therapy-Inpatient-Evidence-Repository and FINISHED SLIDE DECK/10_MedStaff_Dinner_June9/05_Deck_RML_backup.pdf,/Users/jm/_Dedupe_Quarantine_2026-06-26/Clinical/Presentations:Meeting/MEDSTAFF DINNER/Family-Therapy-Inpatient-Evidence-Repository and FINISHED SLIDE DECK/10_MedStaff_Dinner_June9/05_Deck_RML_backup.pdf,/Users/jm/Family-Therapy-Inpatient-Evidence-Repository/10_MedStaff_Dinner_June9/05_Deck_RML_backup.pdf,e780d3518ac7681bd6e310488369aac11f0767d8539d3764a8022f7560adb5ce
/Users/jm/Clinical/Presentations:Meeting/MEDSTAFF DINNER/Family-Therapy-Inpatient-Evidence-Repository and FINISHED SLIDE DECK/10_MedStaff_Dinner_June9/05_Family_Is_The_Milieu_Deck_backup.pdf,/Users/jm/_Dedupe_Quarantine_2026-06-26/Clinical/Presentations:Meeting/MEDSTAFF DINNER/Family-Therapy-Inpatient-Evidence-Repository and FINISHED SLIDE DECK/10_MedStaff_Dinner_June9/05_Family_Is_The_Milieu_Deck_backup.pdf,/Users/jm/Family-Therapy-Inpatient-Evidence-Repository/10_MedStaff_Dinner_June9/05_Family_Is_The_Milieu_Deck_backup.pdf,db46fcd017b4f816df71ee2795d179c628e6acd06dfd98a9cc34c9f350a2ab4f
/Users/jm/Clinical/Presentations:Meeting/MEDSTAFF DINNER/Family-Therapy-Inpatient-Evidence-Repository and FINISHED SLIDE DECK/10_MedStaff_Dinner_June9/FINAL PRESENTATION MATERIAL/05_Family_Is_The_Milieu_Deck_backup.pdf,/Users/jm/_Dedupe_Quarantine_2026-06-26/Clinical/Presentations:Meeting/MEDSTAFF DINNER/Family-Therapy-Inpatient-Evidence-Repository and FINISHED SLIDE DECK/10_MedStaff_Dinner_June9/FINAL PRESENTATION MATERIAL/05_Family_Is_The_Milieu_Deck_backup.pdf,/Users/jm/Family-Therapy-Inpatient-Evidence-Repository/10_MedStaff_Dinner_June9/FINAL PRESENTATION MATERIAL/05_Family_Is_The_Milieu_Deck_backup.pdf,3cd244f3379a8521cb3fa4c2422ffce453b9d22c658eed88c06180eda8942d63
/Users/jm/Clinical/Presentations:Meeting/MEDSTAFF DINNER/Family-Therapy-Inpatient-Evidence-Repository and FINISHED SLIDE DECK/10_MedStaff_Dinner_June9/05_Family_Is_The_Milieu_Deck_BHU2MODEL_backup.pdf,/Users/jm/_Dedupe_Quarantine_2026-06-26/Clinical/Presentations:Meeting/MEDSTAFF DINNER/Family-Therapy-Inpatient-Evidence-Repository and FINISHED SLIDE DECK/10_MedStaff_Dinner_June9/05_Family_Is_The_Milieu_Deck_BHU2MODEL_backup.pdf,/Users/jm/Family-Therapy-Inpatient-Evidence-Repository/10_MedStaff_Dinner_June9/05_Family_Is_The_Milieu_Deck_BHU2MODEL_backup.pdf,31d13b90f05f09637a779cfc8ac23a713cdca2ab1df3df4cdd120027f344fbed
/Users/jm/Clinical/Presentations:Meeting/MEDSTAFF DINNER/Family-Therapy-Inpatient-Evidence-Repository and FINISHED SLIDE DECK/10_MedStaff_Dinner_June9/14_Video_Summary_Backup_Script.md,/Users/jm/_Dedupe_Quarantine_2026-06-26/Clinical/Presentations:Meeting/MEDSTAFF DINNER/Family-Therapy-Inpatient-Evidence-Repository and FINISHED SLIDE DECK/10_MedStaff_Dinner_June9/14_Video_Summary_Backup_Script.md,/Users/jm/Family-Therapy-Inpatient-Evidence-Repository/10_MedStaff_Dinner_June9/14_Video_Summary_Backup_Script.md,3c367b825c07b91c78fbd7344ab4d7950e5cf48366ee27d2928addf707e08bca
/Users/jm/Clinical/Presentations:Meeting/MEDSTAFF DINNER/Family-Therapy-Inpatient-Evidence-Repository and FINISHED SLIDE DECK/00_Master_Database/master_evidence_v1_backup.json,/Users/jm/_Dedupe_Quarantine_2026-06-26/Clinical/Presentations:Meeting/MEDSTAFF DINNER/Family-Therapy-Inpatient-Evidence-Repository and FINISHED SLIDE DECK/00_Master_Database/master_evidence_v1_backup.json,/Users/jm/Family-Therapy-Inpatient-Evidence-Repository/00_Master_Database/master_evidence_v1_backup.json,2449d0dcb327045490d86d8fee5cea7d29c3b09212138ba5909dc971d6995495
/Users/jm/Clinical/reconnect-video-content/Therapeutic_Videos/Autonomy_&_Containment (1).mp4,/Users/jm/_Dedupe_Quarantine_2026-06-26/Clinical/reconnect-video-content/Therapeutic_Videos/Autonomy_&_Containment (1).mp4,/Users/jm/Clinical/reconnect-video-content/Therapeutic_Videos/Autonomy_&_Containment.mp4,4ce39c3f14ceb28073adbd69db9127f69ba9b02519166388915ebf25f0b7b9a2
/Users/jm/Downloads/Family_Therapy_Inpatient_Didactic_FINAL_Animated_Notes (1).pptx,/Users/jm/_Dedupe_Quarantine_2026-06-26/Downloads/Family_Therapy_Inpatient_Didactic_FINAL_Animated_Notes (1).pptx,/Users/jm/Library/Mobile Documents/com~apple~CloudDocs/Family_Therapy_Inpatient_Didactic_FINAL_Animated_Notes.pptx,9fddb4466eb3bef6d7b49225fba522e4593418ef3b0d725cab7aedd651857ec7
