id,status,category,type,difficulty,high_yield,competency,source_pages,stem,options,answer_key,answer_text,why,pearl,evidence
qb_sud_001,attested,substance,two-tier,2,True,next-step;pharm,t_sud.md,"A 34-year-old man admitted last night for opioid use disorder asks to start buprenorphine right away — 'I don't want to get sick.' His last heroin use was about 6 hours ago. He is anxious but has no yawning, rhinorrhea, mydriasis, or piloerection; his COWS score is 4. Best next step?","A. Start buprenorphine now, before the withdrawal becomes severe | B. Continue serial COWS scoring and start buprenorphine once objective withdrawal is present (COWS roughly 8 to 12) | C. Give a benzodiazepine to control the withdrawal symptoms | D. Reassure him that opioid withdrawal is not dangerous and defer any medication",B,Continue serial COWS scoring and start buprenorphine once objective withdrawal is present (COWS roughly 8 to 12),"Comfort-first induction is the trap the request invites — buprenorphine started before objective withdrawal precipitates the withdrawal it was meant to prevent. Serial COWS scores make the timing objective: induction begins at roughly 8 to 12, not at the patient's anxiety. The benzodiazepine belongs to alcohol and sedative withdrawal, and 'not dangerous' is not a plan when MOUD linkage is the discharge intervention.",Do not start buprenorphine until objective withdrawal is on board (COWS roughly ≥ 8 to 12) or you may precipitate withdrawal.,t_sud.md 'Acute inpatient management' — begin buprenorphine induction only once objective withdrawal is present (roughly COWS ≥ 8 to 12) to avoid precipitated withdrawal from displacing residual full agonist too early.
qb_rel_001,attested,relational,relational,2,True,psychosocial;safety,exp_family.md,"A family meeting is held the day before planned discharge for a 52-year-old man admitted after a suicide attempt by overdose. When the agenda reaches safety and warning signs, his wife says: 'We'll keep a close eye on him. And you don't need to worry about the guns — he would never use them, and they're put away.' The attending invites your input. Which response is best?","A. 'It makes sense that everyone is exhausted and scared. Before discharge, who can confirm that the firearms — and any stockpiled medications — are actually secured, and how will we know it's done?' | B. 'Firearms are involved in about half of US suicides and are lethal in 85 to 90 percent of attempts — ""put away"" isn't good enough.' | C. 'That's reassuring — we'll document that the family will keep him safe and that the guns are secured.' | D. 'Discharge can't move forward unless you agree to remove every firearm from the home today.'",A,"'It makes sense that everyone is exhausted and scared. Before discharge, who can confirm that the firearms — and any stockpiled medications — are actually secured, and how will we know it's done?'","The best response validates first, stays inside the student role, and converts 'put away' into a concrete, verifiable step — who secures the items and how the team will know. Quoting lethality statistics at the family is the righting reflex in evidence clothing; accepting reassurance leaves means safety unconfirmed at the exact moment risk peaks; and an ultimatum makes the family responsible for treatment while overstepping the student's role.","Means safety is a lethality intervention, not a formality — 'who can confirm items are secured before discharge?' is a clinical act.","exp_family.md 'Why It Matters' — documented lethal-means assessment was associated with fewer suicide attempts and deaths at 180 days (0.83% vs 3.3%; Boggs et al. 2020, quasi-experimental); suicide risk peaks in the first week post-discharge (Chung et al., JAMA Psychiatry 2017)."
qb_cog_001,attested,neurocog,sba,2,False,dx;safety,delirium.md,"A 76-year-old woman on hospital day 3 after hip-fracture repair is referred to psychiatry for 'depression.' She is quiet, slow to respond, and sleeps much of the day; her nurse notes she was conversational yesterday evening but is 'flat' this morning. She cannot recite the months of the year backward. Most likely explanation?",A. Major depressive episode — recommend starting an antidepressant | B. Early dementia unmasked by hospitalization | C. Hypoactive delirium — screen for precipitating causes and deliriogenic medications | D. Expected postoperative fatigue — reassure the team and sign off,C,Hypoactive delirium — screen for precipitating causes and deliriogenic medications,"Acute onset, a course that fluctuates across one shift, and failed months-backward — inattention, the cardinal deficit — assemble the CAM picture; low arousal makes it hypoactive delirium, the form most often mislabeled as depression or overlooked because the patient is quiet. Dementia declines over months, not shifts, and 'postoperative fatigue' does not take attention with it. The work now is finding the drivers — infection, metabolic derangement, deliriogenic medications, retention, constipation, pain.","Hypoactive delirium is the dangerous one: commonly missed, worse outcomes, and easily mislabeled as depression.","delirium.md 'Recognize and screen' — Confusion Assessment Method (CAM, Inouye et al.): acute onset and fluctuating course, plus inattention, plus either disorganized thinking or altered level of consciousness."
qb_mood_001,attested,mood,sba,1,True,dx;safety,t_mood.md,"A 31-year-old woman is admitted for a severe depressive episode with passive suicidal ideation. The intern plans to start sertraline today. Before initiating an antidepressant, the most important step is which of the following?","A. Start sertraline now — the diagnosis of major depressive disorder is established by her current presentation | B. Obtain a collateral history and formally screen for any prior manic or hypomanic episode before prescribing an antidepressant | C. Start sertraline and add lithium prophylactically to cover any occult bipolar risk | D. Start sertraline and a PRN benzodiazepine, since anxiety commonly accompanies depression",B,Obtain a collateral history and formally screen for any prior manic or hypomanic episode before prescribing an antidepressant,"Antidepressant before bipolar screen is the key trap: an SSRI started in unrecognized bipolar disorder can trigger mania or rapid cycling. Obtaining collateral and screening for past mania or hypomania is the gatekeeping step before any antidepressant is written. Prophylactic lithium without a diagnosis is premature polypharmacy, and the reflexive benzodiazepine adds risk without resolving the diagnostic question.",Screen every depressed patient for past mania before writing for an antidepressant.,t_mood.md 'High-yield pearls' — Screen every depressed patient for past mania before writing for an antidepressant.
qb_mood_002,attested,mood,two-tier,3,False,pharm;safety,t_mood.md;psychopharm_primer.md,"A 38-year-old man with bipolar I disorder, stable on lithium maintenance for two years, presents with a 2-day course of worsening tremor, confusion, and vomiting. Five days ago he began ibuprofen for back pain. Which of the following best explains his presentation?",A. A breakthrough manic episode — agitation and confusion signal mood destabilization | B. Viral encephalitis — the confusion warrants urgent neuroimaging and lumbar puncture | C. Serotonin syndrome — lithium combined with ibuprofen triggers excess serotonin activity | D. Lithium toxicity precipitated by ibuprofen reducing renal lithium clearance,D,Lithium toxicity precipitated by ibuprofen reducing renal lithium clearance,"Treat the number not the patient, Missing the interaction, and Wrong toxidrome are the traps. Lithium has a narrow therapeutic window; NSAIDs reduce prostaglandin-mediated renal clearance and push lithium levels into the toxic range — a textbook drug interaction. The 2-day picture of tremor, confusion, and vomiting in a lithium-maintained patient who just started an NSAID is lithium toxicity until proven otherwise.","NSAIDs, ACE-inhibitors/ARBs, thiazides, and dehydration push lithium levels toward toxicity — check the list when lithium patients deteriorate.","t_mood.md 'Lithium' — lithium runs a narrow therapeutic window (~0.6–1.2 mEq/L); NSAIDs, ACE-inhibitors/ARBs, thiazides, and dehydration push levels toward toxicity."
qb_psy_001,attested,psychosis,sba,1,True,dx,t_psychosis.md,"A 27-year-old woman with no prior psychiatric history is admitted for new-onset paranoid ideation, disorganized behavior, and auditory hallucinations. Her chart notes she was started on high-dose prednisone three weeks ago for an autoimmune flare. Before establishing a primary psychiatric diagnosis, the most important step is which of the following?",A. Take a thorough medication and medical history and consider a substance- or medication-induced cause before labeling this a primary psychotic disorder | B. Start a second-generation antipsychotic immediately — symptom control should not await diagnostic clarity | C. Diagnose schizophreniform disorder based on symptom type and the absence of a prior psychiatric history | D. Reassure the family that first-episode psychosis in young adults is almost always primary and will respond to antipsychotics,A,Take a thorough medication and medical history and consider a substance- or medication-induced cause before labeling this a primary psychotic disorder,"Psychosis = schizophrenia is the trap in two forms: treating immediately or diagnosing before excluding secondary causes. Psychosis is a syndrome with a broad differential — corticosteroids are a recognized cause of secondary psychosis, and the clinical picture (new-onset, no prior history, active steroid course) demands a medical workup first. Face-value reassurance skips that step and commits to a prognosis without a diagnosis.","Psychosis is a syndrome — exclude delirium, substances, medications, and autoimmune causes before settling on a primary disorder.","t_psychosis.md 'Differential and can't-miss mimics' — Always exclude secondary/medical psychosis before settling on a primary disorder. Screen for substance-induced causes (stimulants, cannabis, hallucinogens, withdrawal) and any medical or medication cause; corticosteroids are a recognized secondary cause (general clinical principle, not individually named on this source page). Do not miss autoimmune/limbic encephalitis."
qb_psy_002,attested,psychosis,sba,2,False,next-step;safety,t_psychosis.md;psychopharm_primer.md,"A 37-year-old man with schizophrenia has been stable on haloperidol 5 mg/day and sertraline 100 mg/day for a comorbid depressive episode. His sertraline was increased to 150 mg two days ago. He now presents with fever (38.9°C), agitation, diaphoresis, and muscle rigidity. CK is mildly elevated at 680 U/L. The differential includes serotonin syndrome and neuroleptic malignant syndrome. Which finding, if present on examination, would most strongly support serotonin syndrome over neuroleptic malignant syndrome?","A. Uniform lead-pipe resistance throughout the passive range of motion of the upper and lower extremities, with normal deep tendon reflexes. | B. Creatine kinase (CK) above 5,000 U/L with rising creatinine suggesting early rhabdomyolysis. | C. Gradual onset of rigidity and fever developing over 48–72 hours after the haloperidol was started three months ago, with no change in the serotonergic regimen. | D. Ankle clonus with brisk, brisker-than-baseline deep tendon reflexes throughout the lower extremities.",D,"Ankle clonus with brisk, brisker-than-baseline deep tendon reflexes throughout the lower extremities.","Lead-pipe rigidity + hyporeflexia → NMS; clonus + hyperreflexia → SS. The three distractors all describe NMS features: lead-pipe rigidity (A), dramatically elevated CK (B), and subacute onset tied to the dopamine blocker rather than the serotonergic change (C). Ankle clonus with lower-extremity hyperreflexia (D) is the hallmark physical finding of serotonin syndrome — it reflects serotonin-mediated hyperactivation of spinal reflex arcs and is absent in NMS, where rigidity comes from central dopaminergic dysfunction. The added clinical clues — onset after the sertraline increase, mild rather than dramatic CK — also favor SS over NMS. In practice, both syndromes require stopping the offending agent; the physical exam reflex pattern is the fastest bedside discriminator.","NMS vs. SS at the bedside: lead-pipe rigidity + hyporeflexia → NMS (dopamine blocker, subacute onset); clonus + hyperreflexia → SS (serotonergic agent, rapid onset hours).","psychotic_disorders_inpatient_teaching.md 'Neuroleptic malignant syndrome vs. serotonin syndrome' — The key discriminator: lead-pipe rigidity + hyporeflexia = NMS; clonus + hyperreflexia (especially ankle clonus) = SS. Onset timeline and offending agent class support the differentiation (Boyer and Shannon, N Engl J Med 2005; Strawn et al., Am J Psychiatry 2007)."
qb_anx_001,attested,anxiety,sba,1,False,dx,t_anxiety.md,"A 29-year-old woman admitted for a manic episode is started on risperidone. Two days later she is restless, pacing the hallway, unable to sit through meals, and says she 'can't stop moving.' She denies worsening mood symptoms. Which of the following best explains her presentation?",A. Worsening mixed mania with motor agitation — increase the risperidone | B. New-onset generalized anxiety disorder unmasked by hospitalization stress | C. Restless legs syndrome — the urge to move is confined to the lower extremities at rest | D. Akathisia — medication-induced inner restlessness from dopamine blockade that worsens with more antipsychotic,D,Akathisia — medication-induced inner restlessness from dopamine blockade that worsens with more antipsychotic,"Agitation = antipsychotic is the dangerous error: escalating the dopamine blocker intensifies akathisia. Missing the iatrogenic cause leads to a wrong new diagnosis. RLS vs akathisia distinguishes them by distribution and provocation — RLS is limb-specific and rest-provoked; akathisia is global, medication-timed, and worsens with increased dosing.","Akathisia is the classic inpatient miss — inner restlessness from antipsychotics that worsens with more dopamine blockade, not less.","t_anxiety.md 'Differential on the unit' — akathisia is the classic miss: restless, driven motor anxiety from antipsychotics that worsens if you reflexively treat it as 'agitation' with more dopamine blockade."
qb_anx_002,attested,anxiety,sba,1,False,management;pharm,t_anxiety.md,"A 28-year-old woman admitted for a severe depressive episode is also found to have untreated PTSD — she endorses daily nightmares, hypervigilance, and avoidance behaviors that have persisted for two years since an assault. She has no history of substance use disorder. After addressing the acute safety concern, which is the most appropriate first-line pharmacotherapy for her PTSD?","A. Start scheduled lorazepam — benzodiazepines reduce hyperarousal and improve sleep, targeting PTSD's core neurobiological substrate | B. Start an SSRI or SNRI, counsel her about delayed onset, and plan trauma-focused therapy (prolonged exposure or CPT) as a discharge goal | C. Start propranolol — beta blockade prevents autonomic consolidation of traumatic memories and is first-line for established PTSD | D. Start an antipsychotic for the intrusive re-experiencing — flashback-like episodes indicate psychotic features requiring dopamine blockade",B,"Start an SSRI or SNRI, counsel her about delayed onset, and plan trauma-focused therapy (prolonged exposure or CPT) as a discharge goal","The reflexive benzodiazepine is the most common trap — standing benzos for PTSD create dependence without treating the disorder and are explicitly avoided on the inpatient unit. SSRIs and SNRIs are first-line across all anxiety disorders and PTSD; definitive treatment pairs medication with trauma-focused therapy (prolonged exposure or CPT) planned at discharge. Propranolol is studied in acute peritraumatic settings, not as first-line pharmacotherapy for established PTSD. Antipsychotics conflate re-experiencing with psychosis.",SSRIs/SNRIs are first-line for PTSD — benzodiazepines are a liability on the unit; pair medication with trauma-focused therapy (PE or CPT) at discharge.,"t_anxiety.md 'Acute inpatient management' — SSRIs and SNRIs are first-line across anxiety disorders, OCD, and PTSD; avoid standing benzodiazepines on the unit; pair pharmacology with disorder-specific behavioral work — prolonged exposure (PE) and cognitive processing therapy (CPT) for PTSD."
qb_sud_002,attested,substance,sba,2,False,safety;next-step,t_sud.md,A 52-year-old man with a history of heavy daily alcohol use is admitted in early withdrawal — tremulous and tachycardic. A nurse is about to start an IV dextrose infusion for a fingerstick glucose in the low-normal range. The most important step before administering the glucose is which of the following?,A. Obtain a CIWA-Ar score to guide benzodiazepine dosing before starting any IV fluids | B. Confirm his blood alcohol level has cleared to zero before giving glucose-containing fluids | C. Administer thiamine before or with the glucose to prevent Wernicke encephalopathy | D. Reassure the team that Wernicke encephalopathy risk applies only to patients with a documented prior episode,C,Administer thiamine before or with the glucose to prevent Wernicke encephalopathy,"Sequence error and It's just withdrawal are the traps. Administering carbohydrate to a thiamine-depleted patient can precipitate Wernicke encephalopathy — a preventable neurologic emergency. Thiamine goes before or with the glucose, and it does not require a prior history of encephalopathy. The rule governs planned and maintenance carbohydrate, as here: it is not a licence to withhold emergency dextrose from a hypoglycemic patient while thiamine is located.",Thiamine before or with glucose in a thiamine-depleted patient — carbohydrate loading can precipitate Wernicke encephalopathy. Never delay emergency dextrose for documented hypoglycemia — give the sugar immediately and the thiamine alongside it.,t_sud.md 'Acute inpatient management' — Give thiamine before or with glucose; administering carbohydrate to a thiamine-depleted patient can precipitate Wernicke encephalopathy. The sequencing governs maintenance and repletion fluids and never justifies delaying dextrose in documented hypoglycemia.
qb_cog_002,attested,neurocog,sba,2,False,next-step;safety,catatonia.md,"A 44-year-old woman with a history of bipolar disorder is found mute and immobile in her room, staring past the examiner. When the examiner positions her arm in an awkward posture, it remains in place for over a minute. A colleague suggests starting haloperidol for presumed psychosis. Best next step?",A. Evaluate for catatonia using a structured rating instrument before initiating any antipsychotic | B. Start haloperidol immediately — mutism and posturing indicate untreated psychosis | C. Apply a physical hold for safety while awaiting psychiatric evaluation | D. Order a urine drug screen and defer further evaluation to the morning team,A,Evaluate for catatonia using a structured rating instrument before initiating any antipsychotic,Psychosis = schizophrenia drives the dangerous action: haloperidol in an unexcluded catatonia can precipitate NMS. Waxy flexibility (sustained posturing) is a catatonic sign — catatonia must be rated before any dopamine blocker is started. Restraint first violates least-restrictive principle; Quiet patient = stable patient defers an urgent evaluation.,Avoid antipsychotics until catatonia is excluded — they can precipitate or worsen NMS and malignant catatonia; the lorazepam challenge is both diagnostic and therapeutic.,catatonia.md 'Management principles' — avoid antipsychotics until catatonia is excluded — they can precipitate or worsen NMS and malignant catatonia. A positive lorazepam challenge both supports the diagnosis and begins treatment.
qb_pha_001,attested,pharm,two-tier,2,True,pharm;safety,psychopharm_primer.md,"A 23-year-old man with a history of depression on high-dose sertraline is brought to the emergency department 3 hours after a second serotonergic medication was added to his regimen. Examination shows agitation, diarrhea, diaphoresis, and clonus; reflexes are brisk and symmetrically hyperactive throughout. Temperature is 38.3°C. Which of the following best explains this presentation?","A. Neuroleptic malignant syndrome — high-dose SSRIs can block dopamine receptors | B. Anticholinergic toxidrome — sertraline has strong anticholinergic activity | C. Alcohol withdrawal — autonomic instability and agitation are hallmarks | D. Serotonin syndrome — rapid onset after a second serotonergic agent was added, with hyperreflexia, clonus, and autonomic instability",D,"Serotonin syndrome — rapid onset after a second serotonergic agent was added, with hyperreflexia, clonus, and autonomic instability","Wrong toxidrome is the common trap in two directions: NMS (requires a dopamine blocker, slower, lead-pipe rigid) and anticholinergic (dry skin, urinary retention, no clonus). It's just withdrawal misreads autonomic instability without the serotonin-specific signs. Serotonin syndrome is the answer: rapid onset after serotonergic augmentation, clonus, hyperreflexia, and autonomic instability are its distinguishing features.","Serotonin syndrome: rapid onset, clonus, hyperreflexia after a serotonergic agent was added. NMS: lead-pipe rigidity, elevated CK, on a dopamine blocker — slower and stiffer.","psychopharm_primer.md — Serotonin syndrome: clonus, hyperreflexia, and autonomic instability with rapid onset, usually after a serotonergic agent was started or increased. Neuroleptic malignant syndrome: 'lead-pipe' rigidity, hyperthermia, and elevated CK in someone on a dopamine blocker — slower and stiffer than serotonin syndrome."
qb_pha_002,attested,pharm,sba,1,False,pharm;management,psychopharm_primer.md,A 34-year-old man with treatment-resistant schizophrenia has just been started on clozapine. He reports feeling better than he has in years. The treatment team asks the student to identify the most critical ongoing monitoring parameter for this medication. Which of the following is correct?,A. Monthly liver function tests — clozapine is heavily metabolized by the liver and hepatotoxicity is the primary dose-limiting toxicity | B. Absolute neutrophil count monitoring per prescribing requirements — clozapine carries a risk of agranulocytosis | C. Serum clozapine levels at every visit — toxicity is reliably predicted by drug concentration | D. Monthly QTc interval on ECG — clozapine's primary dose-limiting toxicity is cardiac arrhythmia,B,Absolute neutrophil count monitoring per prescribing requirements — clozapine carries a risk of agranulocytosis,Wrong monitoring target in two forms — LFTs and QTc — and Treat the number not the patient (serum levels without ANC) are the traps. Clozapine's mandated monitoring is the absolute neutrophil count due to the risk of potentially fatal agranulocytosis. Serum levels and LFTs may be checked but do not constitute the primary safety obligation.,"Clozapine requires mandatory ANC monitoring for agranulocytosis; also watch for myocarditis, severe constipation/ileus, and seizures.","psychopharm_primer.md — Clozapine for treatment-resistant schizophrenia: ANC monitoring per prescribing information; also watch for myocarditis, severe constipation/ileus, and seizures."
qb_saf_001,attested,safety,sba,2,True,safety,pg_suicide.md,"A 19-year-old man is admitted after a near-lethal suicide attempt. He has expressed persistent hopelessness and a stated wish to die for three days. On hospital day 4, nurses report he seems 'much better' — calm, well-rested, and telling the team he is ready to go home. His affect is bright and he is chatty with staff. No clinical change or social development explains the shift. Best next step?",A. Begin discharge planning — improvement is the goal of admission and this patient has achieved it | B. Reduce his observation level and move him to a lower-acuity room to reinforce the progress | C. Escalate to the attending immediately — unexplained sudden improvement after severe suicidality is a warning sign requiring reassessment | D. Update the safety plan and schedule discharge within 24 hours while the patient is engaged,C,Escalate to the attending immediately — unexplained sudden improvement after severe suicidality is a warning sign requiring reassessment,Sudden improvement = recovery is the most dangerous trap: the pocket card explicitly lists unexplained sudden improvement as an immediate escalation trigger. Quiet patient = stable patient reduces vigilance at exactly the wrong moment. Safety plan = discharge permission slip conflates a tool with a risk decision.,"Sudden unexplained improvement after severe suicidality is an escalation trigger, not evidence of recovery.",pg_suicide.md 'What to escalate immediately' — Sudden improvement after severe suicidality without clear explanation.
qb_saf_002,attested,safety,relational,2,False,safety;psychosocial,agitation.md,"A patient is pacing the hallway, speaking loudly, and waving his hands. He has not threatened anyone and is not in immediate danger of harming himself or others. You are the student. Which response is best?","A. Let a nearby staff member know you are engaging, then approach calmly — without blocking his exit or yours — introduce yourself, acknowledge that he looks upset, and offer him a choice — 'Would it help to step somewhere quieter where staff can still see us, or is there something I can get you?' | B. Return to the nursing station and request a PRN intramuscular medication order before approaching | C. Call for additional staff and prepare for restraint in case the patient escalates | D. Instruct him firmly to return to his room or staff will have to intervene",A,"Let a nearby staff member know you are engaging, then approach calmly — without blocking his exit or yours — introduce yourself, acknowledge that he looks upset, and offer him a choice — 'Would it help to step somewhere quieter where staff can still see us, or is there something I can get you?'","Agitation = antipsychotic, Restraint first, and Commands over choices are the three forms of the same error: defaulting to force or medication before de-escalation. The Project BETA framework begins with calm presence, acknowledgment of distress, and genuine choices — not commands or preemptive escalation.","Verbal de-escalation — calm presence, acknowledgment, and genuine choices — is the default first response to agitation, not a courtesy step before medication; tell a staff member before you engage, and stay near your exit without blocking the patient's.","agitation.md 'Verbal de-escalation, first' — This is the default response, not a courtesy step. The Project BETA de-escalation framework (Richmond et al. 2012) centers respect, simple boundaries, listening, and offering choices rather than issuing commands."
qb_per_001,attested,personality,sba,1,False,dx;psychosocial,t_personality.md,A 26-year-old woman with borderline personality disorder tells her student doctor that she trusts only her and that the other staff 'just don't care.' Night nurses describe her as cooperative and warm; day nurses report she screams at them. How is this pattern best understood?,"A. The patient has genuine rapport with the student and a legitimate complaint about day staff behavior | B. Splitting — a feature of BPD in which people are experienced as entirely good or bad, requiring team consistency as the antidote | C. Deliberate manipulation — the patient is consciously exploiting the split to get preferential treatment | D. A delusional belief about staff intentions that warrants diagnostic reassessment for a psychotic disorder",B,"Splitting — a feature of BPD in which people are experienced as entirely good or bad, requiring team consistency as the antidote","Face-value reassurance takes the report at face value and misses the clinical process. Manipulation framing leads to punitive responses that worsen therapeutic alliance. Psychosis = schizophrenia misapplies a diagnostic frame to a personality-disorder phenomenon. Splitting — all-good or all-bad experiencing of staff — is a feature of BPD; the intervention is team communication and consistency, not confrontation.","Splitting is a feature of BPD, not a character flaw — team consistency and shared notes are the antidote, not confrontation.","t_personality.md — Splitting — experiencing staff as all-good or all-bad — is common and is a feature of the illness, not a character flaw or manipulation."
qb_per_002,attested,personality,sba,3,False,management;safety,t_personality.md,A 22-year-old woman with borderline personality disorder is admitted in crisis with severe anxiety and sleep disturbance. She has been engaged in DBT for six months with good skill use documented. She is asking for 'something for her nerves.' The pharmacologic approach most consistent with evidence-based practice for BPD is which of the following?,"A. Prescribe lorazepam PRN — addressing the anxiety will help her engage with skills | B. Add a nightly benzodiazepine for sleep — insomnia is fueling the crisis cycle | C. Add an SSRI — anxiety in a BPD patient with good DBT engagement suggests an undertreated mood component requiring pharmacological augmentation. | D. Minimize pharmacotherapy — if needed, a single low-risk agent for ≤1 week, preferring a sedating antihistamine or low-dose quetiapine over a benzodiazepine.",D,"Minimize pharmacotherapy — if needed, a single low-risk agent for ≤1 week, preferring a sedating antihistamine or low-dose quetiapine over a benzodiazepine.","The reflexive benzodiazepine in two forms (PRN and scheduled) and Polypharmacy first are the traps. No medication treats BPD itself; the evidence base supports skills over pills, and benzodiazepines in BPD carry the highest risk of attempted or completed suicide of any psychotropic class studied (HR 1.61, Lieslehto 2023). The NICE-aligned approach is a single, low-risk agent at the minimum dose for ≤1 week — sedating antihistamine or low-dose quetiapine preferred over benzodiazepines.","Benzodiazepines in BPD carry the highest risk of attempted or completed suicide of any class studied — reach for skills, not pills.","t_personality.md — do not start or escalate benzodiazepines — they carry the highest risk of attempted or completed suicide of any psychotropic class studied in BPD (HR 1.61, Lieslehto 2023) and worsen disinhibition. If a crisis genuinely needs pharmacology, follow the NICE rule: a single agent at the minimum effective dose for ≤1 week (prefer a sedating antihistamine or low-dose quetiapine over benzodiazepines and TCAs)."
qb_chd_001,attested,childdev,sba,2,False,dx,t_neurodev.md,"A 19-year-old college student is brought to the inpatient unit by his parents after three weeks of dramatically decreased need for sleep (sleeping two to three hours and feeling rested), expansive and grandiose mood, pressured speech, and impulsive spending. His parents note he has always been 'a little hyper' in school but never like this. He takes no medications and denies substance use. Most likely diagnosis?","A. Bipolar disorder, manic episode — the episodic 3-week course with decreased need for sleep and grandiosity distinguishes this from ADHD | B. ADHD, first recognized in adulthood — the impulsivity and hyperactivity confirm childhood-onset ADHD now decompensated | C. Brief psychotic disorder — the grandiosity indicates loss of reality testing | D. Adjustment disorder — the academic stress of college explains the sleep changes and mood elevation",A,"Bipolar disorder, manic episode — the episodic 3-week course with decreased need for sleep and grandiosity distinguishes this from ADHD","ADHD vs mania is the key discrimination: ADHD is chronic and cross-situational from childhood, not episodic with decreased need for sleep and grandiosity. Psychosis = schizophrenia misreads a mood symptom as a primary psychotic feature. Adjustment by default collapses a manic episode into a stress reaction.",ADHD is chronic and cross-situational from childhood; mania is episodic — episodic ADHD-like symptoms are a mood or substance flag.,"t_neurodev.md — ADHD vs bipolar mania: ADHD is chronic, pervasive, and cross-situational from childhood; mania is episodic with mood elevation, decreased need for sleep, and grandiosity. Episodic 'ADHD-like' symptoms are a mood or substance flag."
qb_chd_002,attested,childdev,sba,1,False,management,t_neurodev.md,"An autistic adult admitted after aggression at his group home is increasingly distressed on the inpatient unit — covering his ears, rocking, and repeatedly asking when it will be quiet. He is not in imminent danger. No PRN medication has been given. The most appropriate first step is which of the following?",A. Administer a PRN antipsychotic — irritability and agitation in autism respond to targeted medication | B. Engage him in a group activity to normalize the milieu and reduce his isolation | C. Move him to a quieter space and establish a predictable routine to reduce sensory load | D. Assign a staff member to redirect him verbally and prompt use of calming strategies,C,Move him to a quieter space and establish a predictable routine to reduce sensory load,"Agitation = antipsychotic skips the evidence-based first step. Group = stimulation adds sensory load when reduction is the goal. Verbal prompting first increases auditory demand on an already overloaded sensory system. The environment-first approach — quiet space, predictable routine, reduced sensory input — is the foundational intervention in ASD on the inpatient unit.","In ASD, lead with the environment — predictability, reduced sensory load, and concrete communication — before reaching for medication.","t_neurodev.md — Lead with the environment and communication, not medication. Provide predictability (routine, visual schedules, consistent staff), reduce sensory load, allow extra processing time, use concrete language."
qb_oth_001,attested,otherdx,sba,2,True,safety;next-step,t_eating.md,"A 16-year-old with severe anorexia nervosa has been restrictive for 4 months and is medically admitted with critically low weight. Before nutritional rehabilitation begins, which approach most directly reduces the risk of refeeding syndrome?","A. Start full nutritional rehabilitation immediately at a standard adult caloric target to restore weight as rapidly as possible. | B. Give prophylactic anxiolytics and monitor for 24 hours before introducing nutrition — anxiety increases metabolic demand in malnourished patients. | C. Correct all electrolyte abnormalities to normal before introducing any nutrition — electrolyte imbalances worsen if nutrition begins before they are stable. | D. Start caloric refeeding at a conservative initial target and advance slowly; administer thiamine before or with carbohydrate and check phosphate, potassium, and magnesium at least daily early in refeeding.",D,"Start caloric refeeding at a conservative initial target and advance slowly; administer thiamine before or with carbohydrate and check phosphate, potassium, and magnesium at least daily early in refeeding.","Faster is safer, Sedation before nutrition, and Normalize first all create delay or metabolic risk. The source's 'start low, go slow' principle is the safety framework: conservative start, daily electrolyte checks, and thiamine before carbohydrate to prevent Wernicke encephalopathy.","Refeeding syndrome prevention: start low, go slow, give thiamine before carbohydrate, check phosphate daily.","t_eating.md — Refeeding syndrome: the safe posture is 'start low, go slow': begin conservative caloric refeeding, check phosphate/potassium/magnesium at least daily early, supplement phosphate and give thiamine before or with carbohydrate, and advance calories per protocol as electrolytes stay stable."
qb_oth_002,attested,otherdx,sba,2,False,dx;safety,t_perinatal.md,"A 27-year-old mother, 9 days postpartum, arrives with acute confusion and delusions that her infant 'was sent to test her faith.' Her husband reports hours of apparent lucidity followed by rapid deterioration. The diagnosis of postpartum psychosis is made. Which management priority is most immediately critical?","A. Refer for outpatient psychiatry follow-up and prescribe a low-dose antipsychotic — postpartum psychosis in first-time mothers without prior mental illness typically resolves with minimal intervention. | B. Immediate psychiatric hospitalization — postpartum psychosis is a psychiatric emergency; explicitly assess and restrict unsupervised access to the infant, start acute pharmacotherapy (lithium or antipsychotic), and protect sleep. | C. Prioritize medical workup to rule out thyroid dysfunction and eclampsia before any psychiatric treatment — pharmacotherapy is premature until medical causes are excluded. | D. The lucid interval between episodes provides reassurance — waxing-and-waning symptoms are inconsistent with psychosis; this is most likely a severe postpartum adjustment reaction.",B,"Immediate psychiatric hospitalization — postpartum psychosis is a psychiatric emergency; explicitly assess and restrict unsupervised access to the infant, start acute pharmacotherapy (lithium or antipsychotic), and protect sleep.","Outpatient sufficient and Lucid interval = reassurance miss the emergency framing. Medical workup before treatment is wrong only in its sequencing: delirium, eclampsia, thyroid disease, infection, and autoimmune encephalitis are excluded concurrently with emergency psychiatric admission — the organic workup proceeds in parallel and must never delay hospitalization or treatment. The source states: 'POSTPARTUM PSYCHOSIS IS A PSYCHIATRIC EMERGENCY: rapid onset, waxing/waning presentation, and real risk to both mother and infant — admit and treat urgently.' The safety assessment must explicitly include the infant.","Postpartum psychosis = immediate hospitalization, restrict unsupervised infant access, start lithium or antipsychotic urgently.","t_perinatal.md — POSTPARTUM PSYCHOSIS IS A PSYCHIATRIC EMERGENCY: rapid onset, waxing/waning presentation, and real risk to both mother and infant — admit and treat urgently. The safety assessment must explicitly include the infant: assess risk to the baby, the parent's current access to the baby, and available supervision."
qb_eth_001,attested,ethics,sba,2,False,dx;next-step,ethics_legal.md,"A 45-year-old man with schizophrenia is voluntarily admitted and refuses his prescribed antipsychotic. When asked, he explains what the medication is for, articulates specific concerns about its side effects, understands the risks of not taking it, and asks whether alternatives exist. Best next step?","A. Conduct a formal capacity assessment; if he has capacity, his refusal must be respected, documented, and an alternative offered | B. Override the refusal — voluntarily admitted patients accept the prescribed treatment plan as a condition of admission | C. Seek an emergency court order — a schizophrenia diagnosis with medication refusal requires judicial review | D. Discharge him against medical advice — he is voluntary and refusing treatment",A,"Conduct a formal capacity assessment; if he has capacity, his refusal must be respected, documented, and an alternative offered","Refusal = no capacity in two forms — assumed from admission type and assumed from diagnosis — is the central error. Capacity is decision-specific and clinical: the four abilities are assessed, not inferred from the admission voluntary/involuntary status or from a psychiatric diagnosis. Discharge for refusal conflates refusal with grounds for discharge. This patient's demonstrated abilities (communicating, understanding, appreciating, reasoning) point toward capacity — in which case his refusal must be honored.",Capacity is decision-specific and clinical — a psychiatric diagnosis and even a refusal do not equal incapacity; assess the four abilities.,"ethics_legal.md — Capacity is decision-specific and clinical (a physician assesses it). The four abilities: communicate a choice, understand, appreciate, and reason. Competent patients (including many involuntarily hospitalized ones) generally retain the right to refuse medication. Overriding that refusal requires either a true emergency or a separate legal/adjudicated process."
qb_eth_002,attested,ethics,two-tier,3,True,next-step;safety,ethics_legal.md,"An outpatient therapist is meeting with a 34-year-old patient who describes, in specific detail, a plan to assault a named family member. He states his intent to act before the end of the week and describes the location and means. The therapist's obligation is which of the following?","A. Maintain confidentiality — disclosing the patient's statements would violate the therapeutic relationship and deter future help-seeking | B. Document the threat and continue outpatient treatment with increased session frequency | C. Take reasonable protective steps — which may include warning the potential victim, notifying law enforcement, hospitalizing the patient, or intensifying treatment | D. Wait for corroborating evidence before acting — a single session disclosure does not establish genuine intent",C,"Take reasonable protective steps — which may include warning the potential victim, notifying law enforcement, hospitalizing the patient, or intensifying treatment","Confidentiality always wins, Document and continue, and Wait for action are three forms of inaction in the face of the duty to protect. A specific, credible threat to a named, identifiable person — with described means and timeline — triggers a duty to take reasonable protective steps. The options are broad: warning the victim, notifying police, hospitalizing, or intensifying treatment. The duty does not require certainty that harm will occur.","A specific, credible threat to a reasonably identifiable victim overrides confidentiality — the duty to protect obligates action, not only documentation.","ethics_legal.md — When a patient makes a serious threat of violence against a reasonably identifiable victim, the clinician has a duty to take reasonable protective steps — which may include warning the potential victim, notifying police, hospitalizing the patient, or intensifying treatment."
qb_rel_002,attested,relational,relational,2,False,psychosocial,family_playbook.md,A family meeting is held on hospital day 3 for a 29-year-old man admitted for a first manic episode. His mother interrupts repeatedly: 'He does this every time he stops his medication — he's selfish and he makes us all suffer.' She is tearful and wringing her hands. The attending invites the student to observe what is happening. What is the student's best understanding of this dynamic?,A. The mother's criticism is accurate and should be incorporated into the discharge plan as a documented adherence barrier | B. The meeting should be suspended — the mother's distress is dysregulating the patient and the therapeutic goals cannot be met | C. The mother should be gently corrected about the medication-stopping narrative to address the factual inaccuracy | D. The mother is showing expressed emotion — criticism that likely masks fear and grief — and the student's task is to validate the feeling behind it before moving to problem-solving,D,The mother is showing expressed emotion — criticism that likely masks fear and grief — and the student's task is to validate the feeling behind it before moving to problem-solving,"Criticism as fact accepts EE as objective reporting; Terminate for emotion cuts off the highest-yield phase of the meeting; Correct the narrative redirects to facts before the emotional climate has been heard. Expressed emotion — criticism, hostility, emotional over-involvement — is the measurable family dynamic that predicts relapse. De-shaming and validating the underlying fear or grief, without correcting in the moment, is what the playbook calls the phase that most changes outcomes.","Expressed emotion — criticism, hostility, emotional over-involvement — often masks fear; validate it without correcting it in the moment, because this phase is where outcomes change.","family_playbook.md 'Hear the family and read the emotional climate' — Listen for expressed emotion — criticism, hostility, and emotional over-involvement — without correcting it in the moment. De-shame: frame symptoms and behavior as illness and regulation, not character or fault. This is the phase that most changes outcomes; protect the time for it."
qb_cog_003,attested,neurocog,sba,1,True,management,delirium.md,An 82-year-old man on postoperative day 2 after hip arthroplasty is confused and agitated. The Confusion Assessment Method is positive for delirium. He has no history of dementia. Which is the most appropriate initial management step?,"A. Start scheduled haloperidol — antipsychotics prevent delirium progression in post-surgical patients. | B. Implement non-pharmacologic delirium measures — reorientation, sleep-wake protection, early mobilization, sensory restoration — investigate the underlying cause, and deprescribe deliriogenic medications. | C. Start a benzodiazepine PRN — GABAergic agents calm delirium-related agitation while the cause is sought. | D. Order a STAT non-contrast CT head — new confusion in a post-surgical patient indicates intracranial pathology until proven otherwise.",B,"Implement non-pharmacologic delirium measures — reorientation, sleep-wake protection, early mobilization, sensory restoration — investigate the underlying cause, and deprescribe deliriogenic medications.","Agitation = antipsychotic is the most dangerous trap — scheduled antipsychotics are not for delirium prevention and carry a mortality warning in older patients with dementia-related psychosis. The reflexive benzodiazepine deepens delirium unless the cause is alcohol or sedative withdrawal. Non-pharmacologic measures — reorientation, sleep-wake cycle protection, early mobilization, sensory aids, deprescribing — are first-line while the cause is found.","Non-pharmacologic measures (ABCDEF bundle, sensory aids, mobility) are first-line for delirium — antipsychotics are for dangerous agitation only, never for prevention.","delirium.md 'Management' — Non-pharmacologic measures come first, not as an afterthought: reorient the patient, protect the sleep–wake cycle, mobilize early, restore sensory aids. Antipsychotics are reserved for dangerous agitation only — not for prevention."
qb_cog_004,attested,neurocog,sba,2,False,management;pharm,delirium.md,A 78-year-old woman with mild Alzheimer disease is admitted from her nursing home after 2 days of worsening confusion. A CAM is positive. She is agitated and picking at her IV. The team asks the student to help select an appropriate PRN medication for dangerous agitation. Which of the following is correct?,"A. A benzodiazepine is the safest first choice — GABAergic agents are better tolerated than antipsychotics in cognitively impaired older patients. | B. Start a scheduled antipsychotic to prevent further deterioration — treating the agitation reduces downstream complications. | C. Combine a benzodiazepine with a low-dose antipsychotic for the best coverage of mixed delirium-related agitation. | D. If pharmacotherapy is needed after non-pharmacologic measures fail, use the lowest effective antipsychotic dose time-limited with close monitoring; avoid benzodiazepines unless the cause is alcohol or sedative withdrawal.",D,"If pharmacotherapy is needed after non-pharmacologic measures fail, use the lowest effective antipsychotic dose time-limited with close monitoring; avoid benzodiazepines unless the cause is alcohol or sedative withdrawal.","The reflexive benzodiazepine and Agitation = antipsychotic are both active. Benzodiazepines are appropriate only for alcohol and sedative withdrawal — in other delirium they worsen confusion and increase aspiration and fall risk. If pharmacotherapy is needed for dangerous agitation after non-pharmacologic measures, a low-dose antipsychotic time-limited is the choice. Polypharmacy before non-pharmacologic management is never the correct framework.","Benzodiazepines worsen delirium — reserve them for alcohol and sedative withdrawal only; antipsychotics at the lowest effective dose, time-limited, for dangerous agitation.","delirium.md 'Management' — Avoid benzodiazepines, with the single exception of alcohol or sedative withdrawal, where they are the treatment. Antipsychotics are reserved for dangerous agitation only — lowest effective dose, time-limited."
qb_cog_005,attested,neurocog,sba,1,True,dx,t_neurocog.md,"A 74-year-old man presents with an 18-month history of vivid recurrent visual hallucinations (small animals in the room), episodes of staring with fluctuating cognition, mild rigidity and slowness, and his wife's report that he 'acts out his dreams' and has struck her while asleep. Which dementia subtype does this constellation most strongly suggest?","A. Lewy body dementia — the combination of fluctuating cognition, recurrent visual hallucinations, spontaneous parkinsonism, and REM sleep behavior disorder is the characteristic core-feature tetrad. | B. Behavioral-variant frontotemporal dementia — visual hallucinations and behavioral change point to frontotemporal degeneration. | C. Alzheimer disease — amnestic dementia with behavioral symptoms in a 74-year-old is most commonly Alzheimer. | D. Vascular dementia — stepwise decline with parkinsonism and motor slowing points to cerebrovascular disease.",A,"Lewy body dementia — the combination of fluctuating cognition, recurrent visual hallucinations, spontaneous parkinsonism, and REM sleep behavior disorder is the characteristic core-feature tetrad.","Most common = correct drives most errors here: Alzheimer is most prevalent, but the full LBD tetrad — fluctuating cognition, recurrent visual hallucinations, spontaneous parkinsonism, and REM sleep behavior disorder — is present. FTD shows disinhibition and personality change without this constellation. Vascular dementia follows a stepwise course with focal signs, not this tetrad. Recognizing LBD matters urgently because of its neuroleptic sensitivity.",LBD tetrad: fluctuating cognition + recurrent visual hallucinations + parkinsonism + REM sleep behavior disorder — recognize it before anyone prescribes an antipsychotic.,"t_neurocog.md — Lewy body dementia — fluctuating cognition, recurrent visual hallucinations, spontaneous parkinsonism, REM sleep behavior disorder, and severe neuroleptic sensitivity."
qb_cog_006,attested,neurocog,two-tier,2,False,pharm;safety,t_neurocog.md,A patient with known Lewy body dementia is admitted with agitation and paranoid delusions. A nurse asks whether the team should start haloperidol. The most appropriate response is which of the following?,"A. Start haloperidol — first-generation antipsychotics are better tolerated in elderly patients than second-generation agents. | B. Start olanzapine — second-generation antipsychotics do not carry neuroleptic sensitivity risk in LBD. | C. Hold the antipsychotic, flag the LBD diagnosis to the team, pursue non-pharmacologic management first, and reserve quetiapine or pimavanserin if pharmacotherapy is truly unavoidable. | D. Start risperidone — its lower EPS profile compared to haloperidol makes it the safest antipsychotic for LBD.",C,"Hold the antipsychotic, flag the LBD diagnosis to the team, pursue non-pharmacologic management first, and reserve quetiapine or pimavanserin if pharmacotherapy is truly unavoidable.","Newer = better in three forms. In LBD, neuroleptic sensitivity can be triggered by any dopamine-blocking agent — the risk is highest with typicals and substantial with high-D2-occupancy SGAs like risperidone and olanzapine. The correct first step is flagging the diagnosis, non-pharmacologic management, and choosing quetiapine or pimavanserin if medication is truly unavoidable.","Avoid antipsychotics in LBD — especially typicals; if pharmacotherapy is unavoidable, quetiapine or pimavanserin are lower-risk choices.","t_neurocog.md 'Acute inpatient management' — In Lewy body dementia, avoid antipsychotics (especially typicals) because of life-threatening neuroleptic sensitivity — if one is unavoidable, quetiapine or pimavanserin are lower-risk choices."
qb_cog_007,attested,neurocog,sba,1,True,dx,t_neurocog.md,"A 69-year-old man is referred for evaluation of progressive cognitive decline, urinary incontinence that preceded the cognitive changes by several months, and a gait his wife describes as 'shuffling and magnetic — like his feet are stuck to the floor.' MRI is pending. Which diagnosis should be considered first because of its potential reversibility?","A. Alzheimer disease — amnestic-predominant decline with gait changes in a 69-year-old is most likely AD. | B. Normal-pressure hydrocephalus — the triad of magnetic gait apraxia, cognitive decline, and urinary incontinence is potentially reversible with ventriculoperitoneal shunting. | C. Vascular dementia — gait dysfunction and cognitive decline indicate stepwise cerebrovascular disease. | D. Parkinson disease dementia — gait dysfunction and cognitive decline indicate a Lewy body spectrum disorder.",B,"Normal-pressure hydrocephalus — the triad of magnetic gait apraxia, cognitive decline, and urinary incontinence is potentially reversible with ventriculoperitoneal shunting.","Most common = correct drives most errors. The specific triad — wet (urinary incontinence), wacky (cognitive decline), and wobbly (magnetic gait) — is classic NPH, and its potential reversibility with shunting makes it a must-diagnose. The magnetic gait is low-clearance, wide-based, and apraxic — different from Parkinsonian tremor-and-rigidity gait. Early incontinence preceding cognition is unusual for Alzheimer or vascular dementia at this stage.","NPH triad = wet, wacky, wobbly (urinary incontinence, cognition, magnetic gait) — potentially reversible with ventriculoperitoneal shunting.","t_neurocog.md — normal-pressure hydrocephalus (the triad — wet, wacky, wobbly: urinary incontinence, cognitive decline, magnetic gait)."
qb_cog_008,attested,neurocog,sba,2,False,dx,t_neurocog.md;t_geri.md,"Psychiatry is consulted on an 82-year-old man in the surgical ICU on postoperative day 3. He is quiet, slow to respond, and sleeping between nursing checks — his nurse reports he was interactive at yesterday's evening assessment. His CAM is positive. The covering team wonders why this presentation is more concerning than a 'hyperactive' delirious patient. Which statement best explains the clinical risk?","A. Hyperactive delirium carries worse outcomes — the agitation, pulling at lines, and fall risk create more immediate danger than a quiet, withdrawn presentation. | B. The two subtypes have equivalent outcomes — motor presentation does not predict prognosis; treatment targets the underlying cause regardless of subtype. | C. Hypoactive delirium responds better to antipsychotics — the reduced agitation creates a therapeutic window for pharmacologic intervention that hyperactive delirium does not allow. | D. Hypoactive delirium carries worse outcomes precisely because it goes unrecognized — the quiet, non-interactive patient does not trigger intervention; it is commonly mislabeled as depression and associated with higher mortality.",D,"Hypoactive delirium carries worse outcomes precisely because it goes unrecognized — the quiet, non-interactive patient does not trigger intervention; it is commonly mislabeled as depression and associated with higher mortality.","Hyperactive = higher risk, Subtypes equivalent, and Hypoactive = better pharmacologic target all invert the clinical reality. The source states: 'The hypoactive form is the one that gets missed, and it carries worse outcomes precisely because no one is alarmed by a quiet patient.' Recognition requires deliberate screening — the CAM is the tool.","Hypoactive delirium = the dangerous one: commonly missed, worse outcomes, easily mislabeled as depression.","delirium.md — The hypoactive form is the one that gets missed, and it carries worse outcomes precisely because no one is alarmed by a quiet patient. Hypoactive delirium is the dangerous one: commonly missed, worse outcomes, and easily mislabeled as depression."
qb_cog_009,attested,neurocog,sba,2,False,next-step,t_neurocog.md,A 68-year-old woman is admitted after 4 months of progressive cognitive decline and withdrawal. Neuropsychological testing suggests a moderate amnestic syndrome. She has no known prior psychiatric or neurological history. Which is the most appropriate first-line laboratory workup before assigning a neurodegenerative diagnosis?,"A. CBC, CMP, TSH, B12/folate, and consider RPR/HIV — reversible causes must be excluded before a neurodegenerative diagnosis is established. | B. Anti-NMDA receptor antibody panel — autoimmune encephalitis mimics dementia and should be ruled out first in all new presentations. | C. Brain MRI with gadolinium — structural imaging is the single most important diagnostic step for a new dementia presentation. | D. APOE genotyping — an APOE ε4 allele would confirm Alzheimer disease and guide management.",A,"CBC, CMP, TSH, B12/folate, and consider RPR/HIV — reversible causes must be excluded before a neurodegenerative diagnosis is established.","Jump to autoimmune and Genetic confirmation both skip the foundational step. The reversible-cause panel — B12/folate, TSH, CMP, and when indicated RPR/HIV — must precede neurodegenerative labeling because these conditions are treatable and clinically indistinguishable at presentation. APOE genotyping is not a diagnostic standard. Structural imaging is part of the same initial workup rather than a later step, but it is not the laboratory screen this stem asks for, and it does not require gadolinium.","Every new cognitive diagnosis gets both halves of the reversible screen: the panel (B12/folate, TSH, CMP, ± RPR/HIV) and structural imaging — labs cannot exclude NPH or a chronic subdural.","t_neurocog.md 'Initial workup' — Labs to catch reversible causes: CBC, CMP, TSH, B12/folate, and — when indicated — HIV and RPR/treponemal testing. Neuroimaging (CT or MRI) as part of the initial workup of any new cognitive diagnosis — it is the only way the NPH and chronic subdural hematoma on the reversible list above get found — with MRI preferred, and expedited for atypical, rapid, focal, or early-onset presentations."
qb_cog_010,attested,neurocog,two-tier,2,False,management,t_geri.md,A 78-year-old woman with mild cognitive impairment is admitted for worsening confusion and agitation over the past week. She recently started diphenhydramine nightly for insomnia and oxybutynin for urge incontinence. The student reviews her medication list. Which is the most appropriate next step?,"A. Add risperidone for the agitation — it is the most evidence-based pharmacotherapy for behavioral symptoms in cognitive impairment. | B. Order a 24-hour EEG — medication-induced encephalopathy can produce seizure patterns that explain cognitive worsening. | C. Flag diphenhydramine and oxybutynin as high-risk anticholinergic agents for the team, escalate for deprescribing, and recommend non-pharmacologic sleep and bladder strategies. | D. Reassure the family that mild cognitive impairment commonly worsens under medical stress and will recover once she is discharged.",C,"Flag diphenhydramine and oxybutynin as high-risk anticholinergic agents for the team, escalate for deprescribing, and recommend non-pharmacologic sleep and bladder strategies.","Agitation = antipsychotic and Face-value reassurance both bypass the diagnosis. Anticholinergic burden is a recognized, reversible driver of cognitive worsening in older adults — diphenhydramine and oxybutynin are among the Beers Criteria's most flagged agents. Jump to testing substitutes cost for the straightforward clinical action. The geriatric psychiatry principle: the drug list is often the diagnosis; deprescribing is active treatment.","In older adults with cognitive change, the medication list is often the diagnosis — assess anticholinergic burden and deprescribe before adding anything.","t_geri.md 'Acute inpatient management' — Apply the Beers Criteria and assess cumulative anticholinergic burden, then actively deprescribe deliriogenic and high-risk agents. 'High-yield pearls' — The drug list is often the diagnosis — deprescribing is active treatment."
qb_cog_011,attested,neurocog,sba,2,True,dx,t_neurocog.md,"A 58-year-old man is brought to the emergency department by his wife, who reports an 18-month history of increasingly disinhibited behavior — making inappropriate sexual comments to strangers, hoarding food, and neglecting hygiene. He has no memory complaints, names and recognizes objects normally, and denies mood symptoms. Neuropsychological testing shows prominent executive dysfunction with intact episodic memory. Most likely diagnosis?","A. Bipolar disorder — new-onset mania presents with disinhibition, impulsivity, and executive dysfunction in midlife. | B. Behavioral-variant frontotemporal dementia — early disinhibition, socially inappropriate behavior, and executive dysfunction with relative sparing of episodic memory in a younger adult is the classic bvFTD presentation. | C. Early-onset Alzheimer disease — insidious behavioral change in a 58-year-old is most commonly early-onset AD. | D. Personality disorder — disinhibition, impulsivity, and boundary violations reflect a longstanding personality pattern rather than a new neurological process.",B,"Behavioral-variant frontotemporal dementia — early disinhibition, socially inappropriate behavior, and executive dysfunction with relative sparing of episodic memory in a younger adult is the classic bvFTD presentation.","Bipolar by default, Most common = correct, and Personality disorder by default are three forms of the same error: assigning a functional psychiatric diagnosis before considering neurodegeneration. FTD is the dementia of younger adults, presenting with behavior and personality change or progressive language, while sparing episodic memory early — the exact opposite of Alzheimer.","Frontotemporal dementia: younger onset, behavioral disinhibition or progressive language first, episodic memory spared early — the signature that separates it from Alzheimer.",t_neurocog.md — Frontotemporal — younger onset with early personality/behavior change or progressive aphasia; memory relatively spared early.
qb_cog_012,attested,neurocog,sba,2,False,dx;safety,t_geri.md,"A 74-year-old woman with no prior psychiatric history is brought to the emergency department by her family. She has developed, over the past month, a fixed belief that her neighbors are poisoning her food and has stopped eating. She is alert, coherent, and oriented. There is no mood disturbance. Which is the most important next step?","A. Diagnose late-onset schizophrenia — paranoid delusions in late life unexplained by a mood disorder represent a primary psychotic illness. | B. Start an antipsychotic immediately — the refusal to eat constitutes an acute safety emergency requiring empirical treatment. | C. Reassure the family that paranoid ideation is a normal variant of cognitive aging. | D. Conduct a medical workup to exclude organic causes of new-onset psychosis — including delirium, medication effect, CNS lesion, metabolic derangement, and autoimmune encephalitis — before establishing a primary psychiatric diagnosis.",D,"Conduct a medical workup to exclude organic causes of new-onset psychosis — including delirium, medication effect, CNS lesion, metabolic derangement, and autoimmune encephalitis — before establishing a primary psychiatric diagnosis.","Psychosis = schizophrenia, Treat before diagnosis, and Face-value reassurance all skip the foundational step. New-onset psychosis in an older adult without a prior psychiatric history is a medical emergency until proven otherwise. The differential includes delirium, CNS lesion, metabolic cause, autoimmune encephalitis, and medication-induced psychosis — all requiring workup before a primary psychotic diagnosis is made.",New psychosis in an older adult is a medical emergency until proven otherwise — work up before labeling or treating.,t_geri.md 'High-yield pearls' — New psychosis in an older adult is delirium or a medical cause until proven otherwise.
qb_cog_013,attested,neurocog,sba,2,False,next-step,catatonia.md,"A 35-year-old man with bipolar disorder screens positive for catatonia on the Bush-Francis Catatonia Rating Scale — he is mute, maintains awkward arm postures for extended periods, and stares past the examiner. The team has appropriately held the antipsychotic. What is the indicated next step?",A. Administer a lorazepam challenge (IV or IM) — meaningful improvement in catatonic signs after benzodiazepines supports the diagnosis and begins treatment; benzodiazepines are first-line for catatonia. | B. Initiate a clozapine trial — persistent psychiatric symptoms after stopping the antipsychotic indicate a need for a clozapine evaluation. | C. Restart the antipsychotic at a lower dose — catatonic symptoms worsen without dopamine blockade and the patient needs partial antipsychotic coverage. | D. Apply soft restraints and obtain an urgent head CT to rule out structural causes before proceeding with any treatment.,A,Administer a lorazepam challenge (IV or IM) — meaningful improvement in catatonic signs after benzodiazepines supports the diagnosis and begins treatment; benzodiazepines are first-line for catatonia.,"Clozapine for catatonia, Restart antipsychotic, and Restraint before treatment all defer or undermine first-line treatment. The catatonia source states: 'A test dose of lorazepam is both a diagnostic maneuver and the start of treatment — a meaningful, often rapid improvement supports the diagnosis and predicts response.' Benzodiazepines are first-line; ECT is for benzodiazepine-refractory or malignant catatonia.",After positive catatonia screen + holding the antipsychotic → lorazepam challenge next: both diagnostic and therapeutic.,catatonia.md 'The lorazepam challenge' — A test dose of lorazepam (IV or IM) is both a diagnostic maneuver and the start of treatment; meaningful improvement after the challenge supports the diagnosis and predicts benzodiazepine response. Benzodiazepines are first-line; ECT is for benzodiazepine-refractory or malignant catatonia.
qb_cog_014,attested,neurocog,two-tier,3,False,safety,catatonia.md,"A 29-year-old woman with schizophrenia has been mute and posturing for 2 days. Today she is found febrile to 39.6°C, diaphoretic, hypotensive, with lead-pipe rigidity and a markedly elevated CK. Her antipsychotic was increased yesterday. Best next step?","A. Administer additional lorazepam challenge doses and observe on the psychiatric unit — the rigidity suggests catatonic stupor responding to benzodiazepines. | B. Increase the antipsychotic — this is a catatonic variant of treatment-resistant psychosis requiring more aggressive dopamine blockade. | C. Stop all antipsychotics immediately, transfer to a medical unit for hemodynamic monitoring and supportive care, and obtain urgent psychiatric and neurology consultation — ECT should be considered for malignant or refractory catatonia. | D. Treat empirically for sepsis — fever, hypotension, and elevated CK indicate bacterial infection requiring antibiotics.",C,"Stop all antipsychotics immediately, transfer to a medical unit for hemodynamic monitoring and supportive care, and obtain urgent psychiatric and neurology consultation — ECT should be considered for malignant or refractory catatonia.","Underestimate the emergency and Agitation = antipsychotic are the two clinical catastrophes. This is NMS/malignant catatonia: fever, autonomic instability, lead-pipe rigidity, elevated CK after antipsychotic escalation. The correct sequence is stop all antipsychotics, transfer to a medical unit for hemodynamic monitoring, continue lorazepam — benzodiazepines remain first-line pharmacotherapy for malignant catatonia while ECT is arranged — and pursue ECT emergently if the patient does not rapidly improve; the error in option A is observation on the psychiatric unit, not the lorazepam, and certainly not more antipsychotic.","Malignant catatonia overlaps with NMS: fever + rigidity + elevated CK + autonomic instability after antipsychotic exposure — stop antipsychotics, transfer to medical, and consider ECT urgently.","catatonia.md — The emergency you must never miss is malignant catatonia: autonomic instability, hyperthermia, and rigidity that clinically overlaps with neuroleptic malignant syndrome (NMS). ECT is the treatment for severe, malignant, or benzodiazepine-refractory catatonia and should not be delayed when the patient is deteriorating."
qb_cog_015,attested,neurocog,sba,2,False,pharm,t_neurocog.md,An 82-year-old man with moderate-to-severe Alzheimer disease is currently on donepezil 10 mg daily. His neurologist asks the student to identify what pharmacotherapy optimization is supported by evidence for this stage of disease.,A. Increase donepezil to the maximum tolerated dose — dose escalation of cholinesterase inhibitors alone is the evidence-based approach for moderate-to-severe disease. | B. Add memantine — combination of a cholinesterase inhibitor and memantine (NMDA antagonist) is the evidence-based pharmacotherapy for moderate-to-severe Alzheimer disease. | C. Switch to a rivastigmine patch — transdermal delivery is more effective than oral donepezil in advanced disease. | D. Start a monoclonal anti-amyloid antibody — these agents are now standard of care for all stages of Alzheimer.,B,Add memantine — combination of a cholinesterase inhibitor and memantine (NMDA antagonist) is the evidence-based pharmacotherapy for moderate-to-severe Alzheimer disease.,"Dose escalation alone and Newer = better in two forms. For mild-to-moderate AD, cholinesterase inhibitors alone are the standard. For moderate-to-severe AD, adding memantine is the evidence-based optimization. Anti-amyloid antibodies are specialist-initiated, amyloid-confirmed, and restricted to early disease.",Cholinesterase inhibitors for mild-to-moderate AD; add memantine for moderate-to-severe disease.,"t_neurocog.md 'Acute inpatient management' — Cognitive symptoms: cholinesterase inhibitors (donepezil, rivastigmine, galantamine) for mild–moderate Alzheimer/Lewy body disease; add memantine (NMDA antagonist) for moderate–severe disease."
qb_cog_016,attested,neurocog,sba,3,True,dx,t_geri.md,"A 73-year-old woman with recurrent major depression (last treated 5 years ago) is referred for cognitive evaluation after 3 months of 'memory problems.' On formal cognitive testing she scores in the impaired range on delayed recall but consistently answers 'I don't know' rather than confabulating; she is slow to initiate answers and appears effortfully disengaged. She remains alert and attentive, and scores 22 on the PHQ-9. Most appropriate next step?","A. Diagnose major neurocognitive disorder — the cognitive test scores confirm a dementia syndrome independent of mood. | B. Start a cholinesterase inhibitor — the episodic memory impairment indicates Alzheimer-spectrum disease requiring pharmacotherapy. | C. Order an amyloid PET scan — direct amyloid visualization definitively distinguishes depression-associated cognitive impairment from Alzheimer disease. | D. Prioritize treatment of the depressive episode and reassess cognitive function after remission — the pattern of 'I don't know' responses, effortful disengagement, and a PHQ-9 of 22 is consistent with pseudodementia that may resolve with antidepressant treatment.",D,"Prioritize treatment of the depressive episode and reassess cognitive function after remission — the pattern of 'I don't know' responses, effortful disengagement, and a PHQ-9 of 22 is consistent with pseudodementia that may resolve with antidepressant treatment.","Scores = diagnosis, Treat the number not the patient, and Jump to advanced imaging all bypass the pseudodementia maneuver. 'I don't know' responses with effortful disengagement and preserved alertness — rather than confabulation and unawareness — is the clinical signature of depression-associated cognitive impairment (Caine 1981). The correct next step is antidepressant treatment and follow-up cognitive assessment.",Pseudodementia: 'I don't know' with effortful disengagement and preserved alertness — treat the depression first and reassess cognition; scores may fully normalize.,"t_geri.md — Depression can masquerade as cognitive impairment — the pseudodementia presentation (Caine 1981), where patients say 'I don't know' rather than confabulate, show effortful disengagement, and improve cognitively when mood is treated."
qb_saf_003,attested,safety,sba,1,True,safety,pg_suicide.md,"A 22-year-old man is admitted following a suicide attempt by acetaminophen overdose. When the student asks about means restriction, he asks only: 'Do you have access to anything dangerous at home?' The patient answers 'no.' The attending asks what a complete means safety assessment requires. Which response is best?","A. Ask the patient if he feels safe returning home — a verbal assurance of safety constitutes adequate means restriction documentation. | B. Ask specifically about firearms, stockpiled medications, sharps and ligatures, and who will remove or secure each item — then ask how it will be confirmed before discharge. | C. Have the patient and family sign a no-harm contract — a signed document constitutes the means safety plan. | D. Document 'means safety discussed' in the note — documenting the discussion fulfills the clinical obligation.",B,"Ask specifically about firearms, stockpiled medications, sharps and ligatures, and who will remove or secure each item — then ask how it will be confirmed before discharge.","Face-value reassurance and Document and continue are both documentation traps. Means safety requires asking by item — firearms, stockpiled medications, sharps, ligatures, and the patient-specific methods the presentation revealed — and confirming who will secure them and how the team will know it happened. A general safety question or a no-harm contract does not accomplish this.","Means safety = ask by item (firearms, medications, sharps), name who will secure them, and confirm how the team will know.",pg_suicide.md 'Means Safety' — Ask specifically. Do not say only 'we discussed safety.' Include: Firearms. Stockpiled medication. Sharps or ligatures when relevant. Who will remove/secure means. How it will be confirmed.
qb_saf_004,attested,safety,sba,1,True,safety;dx,pg_suicide.md,A 45-year-old man with schizophrenia and two prior suicide attempts is admitted for worsening command hallucinations telling him to jump. He is calm on exam; he reports the voices are 'quieter today' and denies current intent. Which statement best reflects how to frame his suicide risk?,"A. His current denial of suicidal intent indicates low acute risk — patient self-report is the most reliable indicator of imminent safety. | B. His prior attempts are the most important factor and define his overall risk level — chronic factors drive the primary assessment. | C. His schizophrenia diagnosis independently elevates his risk to high — a psychiatric diagnosis drives the risk classification. | D. Separate chronic risk (prior attempts, schizophrenia — the floor) from acute risk (active command hallucinations — the current target); the formulation must address both tiers and identify the modifiable acute drivers.",D,"Separate chronic risk (prior attempts, schizophrenia — the floor) from acute risk (active command hallucinations — the current target); the formulation must address both tiers and identify the modifiable acute drivers.","Denies SI = low risk in two forms and Diagnosis = high risk all produce single-tier formulations that miss the key structure. Risk formulation separates the chronic floor (prior attempts, schizophrenia) from the acute drivers (command hallucinations, current voices) that are the admission's targets. Command hallucinations are explicitly listed as an acute risk factor; denial of intent does not neutralize them.",Separate chronic and acute risk — prior attempts and a psychiatric diagnosis set the floor; command hallucinations and current intent are the acute targets.,pg_suicide.md 'Separate Chronic And Acute Risk' — Acute risk: current intent or plan; psychosis or command hallucinations. Chronic risk: prior attempts; chronic psychiatric illness.
qb_saf_005,attested,safety,sba,2,False,safety,pg_suicide.md,A 38-year-old woman is admitted after a near-lethal suicide attempt. She has three young children and is an ICU nurse. A student notes 'strong family ties and professional identity' as protective factors and proposes these substantially mitigate her acute risk. The attending asks the student to refine this reasoning. Which statement is most accurate?,A. The number of protective factors is inversely proportional to acute risk — more factors reliably indicate lower risk. | B. Protective factors matter only if they are credible and available during the risk window — a family connection that is geographically unavailable during a crisis does not reduce risk at that moment. | C. Professional status significantly reduces suicide risk — healthcare workers have lower rates of completed suicide than the general population. | D. Protective factors and acute risk factors can be numerically compared — strong protective factors offset recent preparatory behavior in the calculation.,B,Protective factors matter only if they are credible and available during the risk window — a family connection that is geographically unavailable during a crisis does not reduce risk at that moment.,"Face-value reassurance appears throughout. Protective factors are not protective if they are geographically distant, unavailable, or theoretically present but non-operative during the crisis. Healthcare worker status does not protect against suicide. The page states explicitly: 'Protective factors are not magic. They matter only if they are credible and available during the risk window.'","Protective factors matter only if they are credible and available during the risk window — not as a list, but as real-time assets.",pg_suicide.md — Protective factors are not magic. They matter only if they are credible and available during the risk window.
qb_saf_006,attested,safety,sba,2,False,safety;next-step,pg_suicide.md,"A student is asked to draft the safety note for a patient admitted with active suicidal ideation, a stated plan, and unsecured firearm access. Which of the following best illustrates strong safety documentation?","A. ""Patient endorses suicidal ideation — reviewed risks and benefits of hospitalization, patient agrees to continued treatment."" | B. ""Denies SI/HI. No acute safety concerns."" | C. ""Acute suicide risk elevated due to active plan, persistent insomnia, escalating alcohol use, and firearm access not yet confirmed secured; chronic risk elevated by prior attempt and family history; modifiable targets include means restriction and substance stabilization; continued inpatient care indicated."" | D. ""Patient stated: 'I want to die and I have a gun at home.' Verbatim suicidal statement documented per policy.""",C,"""Acute suicide risk elevated due to active plan, persistent insomnia, escalating alcohol use, and firearm access not yet confirmed secured; chronic risk elevated by prior attempt and family history; modifiable targets include means restriction and substance stabilization; continued inpatient care indicated.""","Document and continue, Denies SI = low risk, and Quotes = documentation all replace formulation with something easier to write. Strong safety documentation names chronic factors, acute drivers, protective factors with limits, modifiable targets, and the current plan. 'Denies SI/HI. No acute safety concerns.' is the example the page uses for the weakest possible documentation.",Strong safety documentation = chronic factors + acute drivers + protective factors with limits + modifiable targets + current plan — not 'denies SI/HI.',"pg_suicide.md 'Documentation Sentence' — Strong: [detailed formulation with acute risk factors, chronic risk, means safety status, and plan]. Weak: 'Denies SI/HI. No acute safety concerns.'"
qb_saf_007,attested,safety,sba,2,False,safety;next-step,pg_suicide.md,A 19-year-old woman is brought to the inpatient unit after a self-reported suicide attempt. On arrival she is visibly intoxicated with alcohol. The student is attempting to complete an initial risk assessment. Which of the following best describes the correct approach?,"A. Escalate to the attending immediately — intoxication is an explicit escalation trigger; a reliable risk assessment cannot be completed while she is intoxicated, and medical monitoring is required. | B. Complete the risk assessment now — gathering history while the patient can still speak is more important than waiting for sobriety. | C. Document 'unable to assess due to intoxication' and defer further evaluation to the morning team. | D. Reassure the patient that alcohol often exaggerates suicidal statements and that a full assessment in the morning will clarify her actual risk level.",A,"Escalate to the attending immediately — intoxication is an explicit escalation trigger; a reliable risk assessment cannot be completed while she is intoxicated, and medical monitoring is required.","Assess before escalate and Face-value reassurance both produce the same error: treating an escalation trigger as a reason to delay action. Intoxication is explicitly listed on the card as 'what to escalate immediately.' Document and continue creates an unmonitored gap. The correct approach is immediate attending notification, with the formal risk assessment deferred to sobriety.",Intoxication during active suicidal ideation is an escalation trigger — notify the attending now; complete the formal risk assessment after sobriety.,pg_suicide.md 'What To Escalate Immediately' — Intoxication or withdrawal.
qb_saf_008,attested,safety,sba,1,False,safety,pg_suicide.md,A medical student is alone with a patient who says: 'I feel so much better — can you put in a good word with the team about going home today?' The student has not been briefed on this patient's risk. Which response is most appropriate?,"A. Affirm to the patient that she appears improved and will relay this to the team, then complete a brief suicide screen to provide the team with an update. | B. Explain that discharge is the team's decision, then complete and document a formal suicide risk assessment in the medical record based on this conversation. | C. Reassure the patient that the team is working toward discharge and provide the hospital's crisis line number. | D. Tell the patient that discharge is the team's decision and that you will let the attending know she wants to discuss it — then inform the team promptly.",D,Tell the patient that discharge is the team's decision and that you will let the attending know she wants to discuss it — then inform the team promptly.,"Student clears patient in two forms — direct affirmation and independent documentation — both cross the role boundary. The student's role is to ask, observe, and report to the team — not to clear a patient for discharge or to produce an independent safety assessment. Reassure and defer leaves the student in a limbo of implied endorsement without any supervisory loop.","Students can ask, observe, and report to the team — they cannot independently clear a patient for discharge or conduct a solo risk assessment.",pg_suicide.md 'Student Role' — You cannot: Clear a patient for discharge independently.
qb_saf_009,attested,safety,sba,2,True,safety;management,agitation.md,"A patient placed in physical restraints 4 hours ago following an agitation episode is now calm, cooperative, and asking to be released. His nurse pages the on-call student. Which of the following best reflects the correct management principle?","A. Continue the restraints through the end of the shift to ensure safety is maintained across the nursing team handoff. | B. Notify the attending immediately — the patient's calm state and request to be released require prompt reassessment; restraints must be discontinued as soon as the patient is safe, not held to shift end. | C. Ask the patient to demonstrate he can remain calm for 30 minutes, then release him and document the trial. | D. Since the original physician order is still active, no action is needed until the order expires.",B,"Notify the attending immediately — the patient's calm state and request to be released require prompt reassessment; restraints must be discontinued as soon as the patient is safe, not held to shift end.","Restraint as stability in two forms and Order = permission both treat the order as a static permission. Restraint is a time-limited safety measure requiring a physician order, continuous monitoring, and discontinuation the moment the patient is safe — the page explicitly states 'not the end of a shift.' The student's correct action is immediate attending notification so the reassessment can happen.","Restraints require time-limited orders, continuous monitoring, and discontinuation as soon as the patient is safe — not the end of a shift.","agitation.md 'Restraint and seclusion' — They require a time-limited physician order, close and continuous monitoring, and discontinuation the moment the patient is safe — not the end of a shift."
qb_saf_010,attested,safety,sba,2,False,safety;psychosocial,agitation.md,A team is debriefing after a physical restraint episode involving a Black patient on the inpatient unit. A student asks what the published evidence shows about racial disparities in restraint use in inpatient psychiatry. Which statement correctly reflects the data?,"A. Black patients are restrained at similar rates to White patients after adjusting for clinical acuity — the apparent disparity is explained by severity of presentation. | B. Black patients are more likely to receive verbal de-escalation before physical restraint — the data show greater resource deployment, not disparity. | C. Black patients face roughly 1.85× the adjusted odds of a restraint event on inpatient psychiatric units — this disparity is a quality-of-care issue, not an acuity artifact. | D. Joint Commission non-discrimination standards adopted in 2015 have eliminated racial disparities in restraint use.",C,"Black patients face roughly 1.85× the adjusted odds of a restraint event on inpatient psychiatric units — this disparity is a quality-of-care issue, not an acuity artifact.","No disparity exists in three forms. The page explicitly states: 'Black patients face roughly 1.85× the adjusted odds of a restraint event on inpatient psychiatric units (Singal et al., Psychiatric Services 2024), and higher adjusted odds of physical and chemical restraint during emergency psychiatric evaluation in the ED as well (aOR ~1.35; Smith et al., Psychiatric Services 2022) — that disparity is a quality-of-care issue, not a footnote.' This is the only data point cited on the page for this topic and is explicitly framed as belonging in a post-restraint debrief.",Black patients face ~1.85× the adjusted odds of a restraint event on inpatient psychiatric units — a quality-of-care disparity that belongs in every post-restraint debrief.,"agitation.md 'Restraint and seclusion' — Black patients face roughly 1.85× the adjusted odds of a restraint event on inpatient psychiatric units (Singal et al., Psychiatric Services 2024), and higher adjusted odds of physical and chemical restraint during emergency psychiatric evaluation in the ED as well (aOR ~1.35; Smith et al., Psychiatric Services 2022) — that disparity is a quality-of-care issue, not a footnote."
qb_saf_011,attested,safety,relational,1,False,safety;psychosocial,agitation.md,"A patient with mania is pacing loudly in the hallway, slamming cabinet doors, and making hostile comments toward staff. He has not made a direct threat or moved toward anyone. You are the student and the first person to encounter him. Which response is best?","A. Signal a nearby staff member that you are approaching, then step calmly into the hallway — not blocking his exit — introduce yourself and acknowledge his frustration: 'I can see you're really upset right now. What's going on?' Then offer a choice of where to speak. | B. Return to the nursing station and request an involuntary IM medication order before approaching, so the team is ready to intervene. | C. Stand in the doorway and firmly instruct him to return to his room or further action will be taken. | D. Alert the restraint team and position staff at the hallway exits in case the patient escalates.",A,"Signal a nearby staff member that you are approaching, then step calmly into the hallway — not blocking his exit — introduce yourself and acknowledge his frustration: 'I can see you're really upset right now. What's going on?' Then offer a choice of where to speak.","Agitation = antipsychotic, Commands over choices, and Restraint first are three forms of reaching for escalation before de-escalation. The Project BETA framework starts with calm presence, acknowledgment, genuine choices, and listening. The student also needs to stay near the exit and never block the patient's — personal safety and de-escalation are not competing goals. A student encountering an agitated patient should signal a staff member before engaging — personal safety and de-escalation are complementary, not competing goals.",Calm presence + acknowledging distress + offering choices = the first move in de-escalation; stay near your exit and never block the patient's.,"agitation.md 'Verbal de-escalation, first' — The Project BETA de-escalation framework (Richmond et al. 2012) centers respect, simple boundaries, listening, and offering choices rather than issuing commands."
qb_saf_012,attested,safety,two-tier,3,False,safety;next-step,agitation.md,"A 67-year-old man with no psychiatric history, admitted for pneumonia, begins shouting at night and pulling at his oxygen tubing. He is combative with staff. The on-call resident asks the student how to approach this. What is the most appropriate first frame?","A. Start an antipsychotic immediately and then search for the cause — treating the agitation reduces the risk of self-harm while the workup proceeds. | B. Initiate a CIWA-Ar protocol — nighttime agitation in an older admitted patient is most likely alcohol withdrawal. | C. Apply soft restraints and then assess — the agitation puts both the patient and staff at immediate risk. | D. Name the question: 'What is driving this agitation?' — systematic evaluation for delirium, substance withdrawal, medication effects (akathisia, steroids), pain, hypoxia, urinary retention, and fear must precede any pharmacologic decision.",D,"Name the question: 'What is driving this agitation?' — systematic evaluation for delirium, substance withdrawal, medication effects (akathisia, steroids), pain, hypoxia, urinary retention, and fear must precede any pharmacologic decision.","Agitation = antipsychotic, It's just withdrawal, and Restraint first all skip cause-finding. Agitation is a symptom. The standard is to name the driver — delirium, withdrawal, akathisia, pain, hypoxia, retention, fear — before selecting an intervention. Pharmacotherapy, if needed, then matches the cause.",Agitation is always a symptom — name the driver before selecting the intervention; the treatment should match the cause.,"agitation.md 'Find the driver' — Before you decide what to do, ask what is producing this. The usual drivers are delirium, intoxication or withdrawal, an acute psychotic or manic process, akathisia, unrelieved pain, and a fear or trauma response. 'High-yield pearls' — Agitation is a symptom — always ask 'what is driving this?' before 'what do we give?'"
qb_sud_003,attested,substance,sba,1,True,safety,t_sud.md,A 57-year-old man with severe alcohol use disorder is admitted through the ED with altered mental status. The nurse establishes IV access and is preparing to infuse D5W. He appears malnourished and confused. Which step must occur before the glucose infusion is started?,A. Start a CIWA-Ar protocol — the altered mental status indicates active alcohol withdrawal requiring immediate benzodiazepine dosing. | B. Obtain a CT head to exclude intracranial pathology before administering any fluids. | C. Administer IV thiamine before or together with the glucose-containing fluids — carbohydrate loading in a thiamine-depleted patient can precipitate Wernicke encephalopathy. | D. Confirm blood alcohol level — management depends on whether the AMS is from intoxication or withdrawal.,C,Administer IV thiamine before or together with the glucose-containing fluids — carbohydrate loading in a thiamine-depleted patient can precipitate Wernicke encephalopathy.,"It's just withdrawal and Imaging before treatment both bypass the cheap, time-critical intervention: thiamine given before or together with the glucose. Wernicke encephalopathy — confusion, ophthalmoplegia, ataxia — can be precipitated when carbohydrate is infused into a thiamine-depleted nervous system. Here the D5W is routine maintenance and nothing is lost by giving thiamine with it. Read the rule correctly, though: in symptomatic hypoglycemia the dextrose goes in immediately and the thiamine goes in with it, because delayed correction of hypoglycemia causes its own neuronal injury.",Thiamine before or with glucose in any malnourished or alcohol-dependent patient — but never delay emergent dextrose for documented hypoglycemia; give thiamine alongside.,"t_sud.md — Give thiamine before or with glucose; administering carbohydrate to a thiamine-depleted patient can precipitate Wernicke encephalopathy, and the sequencing never justifies withholding emergency dextrose."
qb_sud_004,attested,substance,sba,1,True,management,t_sud.md,A 46-year-old woman is admitted for alcohol detoxification. Her CIWA-Ar score is 16 on admission. A nurse asks how benzodiazepines should be dosed for alcohol withdrawal management on this unit. Which approach is correct?,A. Symptom-triggered dosing guided by serial CIWA-Ar scores — administer benzodiazepines when the score crosses a threshold and escalate monitoring for seizure or delirium tremens risk. | B. A fixed-schedule taper starting at maximum dose for 5 days regardless of symptoms — scheduled dosing prevents breakthrough withdrawal. | C. Administer benzodiazepines only if a seizure occurs — prophylactic dosing is not supported by evidence. | D. Use a non-benzodiazepine anticonvulsant such as phenobarbital as first-line — benzodiazepines are contraindicated in alcohol withdrawal due to cross-tolerance.,A,Symptom-triggered dosing guided by serial CIWA-Ar scores — administer benzodiazepines when the score crosses a threshold and escalate monitoring for seizure or delirium tremens risk.,"Scheduled over symptom-triggered, Underestimate the emergency, and Contraindication confusion are all active. Symptom-triggered CIWA-Ar–guided benzodiazepine dosing is the standard for alcohol withdrawal — it provides treatment when needed, avoids over-sedation, and maintains vigilance for the lethal end of the spectrum (seizures, delirium tremens).","Alcohol withdrawal: CIWA-Ar–driven, symptom-triggered benzodiazepines — escalate monitoring for seizure and DT risk.","t_sud.md — For alcohol withdrawal, score serially with the CIWA-Ar and treat symptom-driven with benzodiazepines, escalating vigilance for seizures and delirium tremens in high-risk patients."
qb_sud_005,attested,substance,sba,2,False,management;next-step,t_sud.md,"A 28-year-old man with opioid use disorder requests buprenorphine. He last used heroin 5 hours ago and reports mild cramping but looks comfortable. His COWS score is 5. He says, 'I'm ready to start — please give it now.' What is the most appropriate response?",A. Start buprenorphine now — early induction prevents relapse and meeting the patient's readiness is clinically more important than withdrawal scoring. | B. Wait until objective withdrawal is established (COWS roughly ≥8–12) before initiating buprenorphine induction — this is required to avoid precipitating withdrawal. | C. Administer a test dose of buprenorphine 0.5 mg and observe for 30 minutes — a small test dose avoids precipitated withdrawal. | D. Refuse buprenorphine and offer clonidine instead — clonidine is safer in the early withdrawal window.,B,Wait until objective withdrawal is established (COWS roughly ≥8–12) before initiating buprenorphine induction — this is required to avoid precipitating withdrawal.,"Comfort-first induction in two forms is the central trap. Buprenorphine is a partial agonist with high receptor affinity — it displaces full agonists. If taken before sufficient withdrawal, it precipitates sudden, severe withdrawal. The COWS threshold (≥8–12) ensures residual full agonist has cleared enough receptors that induction is safe.","COWS ≥8–12 before buprenorphine induction — the scoring threshold prevents precipitated withdrawal, not patient readiness.",t_sud.md — Begin buprenorphine induction only once objective withdrawal is present (roughly COWS ≥8 to 12) to avoid precipitated withdrawal from displacing residual full agonist too early.
qb_sud_006,attested,substance,sba,2,False,dx,t_sud.md,"A 34-year-old woman with cocaine use disorder presents with elevated mood, decreased need for sleep, pressured speech, and grandiosity beginning 2 days after she used cocaine heavily. The team wants to document a diagnosis of bipolar I disorder. Which statement best characterizes the diagnostic approach?","A. Bipolar I disorder should be diagnosed — the clinical picture is classic and the cocaine use is a separate comorbidity. | B. Stimulant-induced mood disorder is the only possible diagnosis — patients with SUD cannot be diagnosed with primary bipolar disorder. | C. The decreased sleep alone confirms a manic episode distinct from stimulant effects. | D. A primary psychiatric diagnosis cannot be reliably established while the patient is within the acute intoxication or withdrawal window — stabilize medically, allow clearance, then reassess.",D,"A primary psychiatric diagnosis cannot be reliably established while the patient is within the acute intoxication or withdrawal window — stabilize medically, allow clearance, then reassess.","Diagnose through intoxication and SUD excludes comorbidity are the two opposing errors. The standard is clear: co-occurring psychiatric illness is the rule in SUD, but you cannot reliably diagnose a primary mood or psychotic disorder while the patient is acutely intoxicated or withdrawing — the symptoms are indistinguishable. Stabilize first, then reassess.","No primary psychiatric diagnosis while acutely intoxicated or withdrawing — stabilize first, then reassess.",t_sud.md — You cannot reliably diagnose a primary mood or psychotic disorder while the patient is acutely intoxicated or withdrawing.
qb_sud_007,attested,substance,sba,2,True,dx,t_sud.md,"A 61-year-old man with severe alcohol use disorder is admitted for detoxification. On day 2, a nurse pages: he is increasingly confused, stumbling when ambulated, and his eyes appear to be 'moving strangely.' He was ambulatory on admission. Which diagnosis must be excluded immediately?","A. Delirium tremens — fluctuating confusion and ataxia are expected in severe alcohol withdrawal and represent the feared end of the spectrum. | B. Wernicke encephalopathy — the triad of confusion, ataxia, and ophthalmoplegia constitutes Wernicke, which occurs in incomplete forms and requires immediate IV thiamine regardless of completeness. | C. Alcohol-related cerebellar degeneration — chronic ataxia is expected in severe alcohol use and does not require acute intervention. | D. Hepatic encephalopathy — asterixis and confusion in a patient with alcohol use disorder indicate liver failure.",B,"Wernicke encephalopathy — the triad of confusion, ataxia, and ophthalmoplegia constitutes Wernicke, which occurs in incomplete forms and requires immediate IV thiamine regardless of completeness.","It's just withdrawal in two forms. The Wernicke triad — confusion, ataxia, ophthalmoplegia — is classically taught as a complete triad but occurs frequently in incomplete forms. The threshold for treatment is low because thiamine is cheap and Wernicke untreated progresses to Korsakoff syndrome, which is irreversible.",Wernicke encephalopathy: confusion + ataxia + ophthalmoplegia — often incomplete; treat with IV thiamine immediately without waiting for the complete triad.,"t_sud.md — Wernicke encephalopathy (confusion, ophthalmoplegia, ataxia — often incomplete, so a low threshold is correct)."
qb_sud_008,attested,substance,sba,1,False,safety;management,t_sud.md,A 31-year-old man with opioid use disorder is being discharged after a brief admission for opioid intoxication. He declines to start buprenorphine during the admission. Which discharge intervention has the strongest direct evidence for preventing death in the weeks following discharge?,A. Refer to a residential rehabilitation program — structured environments eliminate the post-discharge overdose window. | B. Prescribe clonidine for autonomic withdrawal symptoms — addressing physiological discomfort reduces relapse. | C. Provide naloxone with overdose-prevention education and arrange linkage to medication for opioid use disorder (MOUD) before discharge. | D. Schedule a routine outpatient psychiatric follow-up in 4–6 weeks — continuity of care addresses the root causes of relapse.,C,Provide naloxone with overdose-prevention education and arrange linkage to medication for opioid use disorder (MOUD) before discharge.,"Referral without bridge, Non-MOUD for OUD, and Routine follow-up adequate all fail to address the acute post-discharge window. Tolerance drops during admission; returning to a pre-admission dose now carries high overdose risk. Naloxone plus MOUD linkage before discharge is the concrete, evidence-based life-saving intervention named on the page.",Naloxone + MOUD linkage at discharge for every patient with opioid use disorder — the post-discharge window is the highest-risk period.,"t_sud.md — Provide naloxone and overdose-prevention education to any patient at opioid risk and to their family. Arrange linkage to MOUD before the patient leaves, since the post-discharge window carries elevated overdose risk."
qb_sud_009,attested,substance,sba,2,False,pharm,t_sud.md,"A 52-year-old woman completes medically supervised alcohol detoxification and wants pharmacotherapy to support sobriety. She has normal renal and hepatic function and no contraindications. Which agents are FDA-approved, evidence-based first-line options for alcohol use disorder maintenance?","A. Naltrexone or acamprosate — both are FDA-approved pharmacotherapies with evidence for reducing relapse and supporting sobriety in alcohol use disorder. | B. A long-term benzodiazepine — GABAergic agents reduce alcohol craving through the same receptor mechanism as alcohol. | C. An SSRI — the anxiety and dysphoria underlying alcohol use are the primary drivers, and antidepressants address them. | D. Valproate — mood stabilization reduces the emotional dysregulation and impulsivity that drive relapse.",A,Naltrexone or acamprosate — both are FDA-approved pharmacotherapies with evidence for reducing relapse and supporting sobriety in alcohol use disorder.,"The reflexive benzodiazepine, Treat the symptom not the disorder, and Off-label equals evidence-based all miss the two agents the page explicitly names. Naltrexone (opioid antagonist — reduces reward) and acamprosate (GABA/glutamate modulation — reduces craving) are the established pharmacotherapies for maintaining sobriety in alcohol use disorder.","AUD maintenance pharmacotherapy: naltrexone or acamprosate — not benzodiazepines, not SSRIs alone.","t_sud.md — For ongoing alcohol use disorder, offer naltrexone or acamprosate."
qb_sud_010,attested,substance,relational,2,False,psychosocial,t_sud.md,A patient with opioid use disorder says: 'I'm not an addict. I can stop whenever I want — it hasn't caused me any real problems.' You are the student conducting the initial interview using a motivational interviewing approach. Which response is best?,"A. ""That's not accurate — research shows that opioid use changes your brain's reward system in ways that make 'just stopping' very difficult. Let me explain what the evidence says."" | B. ""I hear you saying it hasn't caused problems, but the data is clear — untreated opioid use disorder has a high mortality rate, and I want you to understand that risk."" | C. ""I understand you feel that way. Before we go further, I need you to complete this substance use disorder questionnaire for our documentation."" | D. ""It sounds like you feel like you have it handled. I'm curious — has there been any time when using has gotten in the way of something that mattered to you?""",D,"""It sounds like you feel like you have it handled. I'm curious — has there been any time when using has gotten in the way of something that mattered to you?""","The righting reflex and Quoting statistics at patients are the two forms of pushing for change that motivational interviewing specifically avoids — they produce resistance. Process over person abandons the conversation entirely. The correct response reflects the patient's frame, rolls with resistance, and opens a door with curiosity — the Volkow brain-disease model frames addiction as a brain condition requiring engagement rather than moral correction.","MI meets ambivalence with curiosity, not confrontation — reflect, don't argue; the righting reflex produces sustain talk.",t_sud.md — Use motivational interviewing to meet ambivalence with curiosity rather than confrontation. Frame the whole encounter through the Volkow brain-disease model of addiction.
qb_sud_011,attested,substance,two-tier,2,False,safety,t_sud.md,"A 19-year-old man is admitted for heroin withdrawal. He is visibly distressed, diaphoretic, tachycardic, and requesting immediate medication. A colleague asks, 'Is this patient in danger?' Which response most accurately conveys the clinical urgency?","A. Yes, severely — opioid withdrawal can progress to respiratory depression and circulatory collapse. | B. Minimal — opioid withdrawal is uncomfortable but medically benign; supportive care and reassurance are sufficient without formal pharmacotherapy. | C. Opioid withdrawal is rarely fatal, but leaving it untreated risks AMA discharge into the highest overdose-risk window — the treatment imperative is engaging the patient in MOUD, not the withdrawal severity alone. | D. Yes — untreated opioid withdrawal routinely progresses to seizures and delirium, creating the same risk as alcohol withdrawal.",C,"Opioid withdrawal is rarely fatal, but leaving it untreated risks AMA discharge into the highest overdose-risk window — the treatment imperative is engaging the patient in MOUD, not the withdrawal severity alone.","Not lethal = not treatable in two forms frame this item. Opioid withdrawal itself is rarely lethal — but dismissing it as benign is a clinical error because untreated withdrawal drives AMA discharge at the moment when tolerance is lowest and overdose risk is highest. The urgency is engagement in MOUD, not hemodynamic management.","Opioid withdrawal: rarely fatal but drives AMA discharge into the highest-overdose-risk window — the treatment priority is MOUD engagement, not the withdrawal itself.","t_sud.md — Opioid and stimulant withdrawal are intensely uncomfortable but rarely lethal. Naloxone plus MOUD linkage at discharge is a concrete, evidence-based way to save a life."
qb_sud_012,attested,substance,sba,3,False,dx;next-step,t_sud.md,"A 56-year-old man with alcohol use disorder is brought in by EMS after being found unresponsive. Blood alcohol level is 0.22. He remains obtunded 45 minutes after arrival despite being stable. A colleague says, 'He's just drunk — let's monitor and wait.' Which response is most accurate?","A. Agree — a BAC of 0.22 fully accounts for the clinical picture in a patient with alcohol use disorder. | B. Disagree — obtundation in a patient who uses alcohol requires workup for Wernicke encephalopathy, subdural hematoma, infection, hepatic encephalopathy, and co-ingestants before attributing to alcohol alone. | C. Agree — wait for the alcohol to metabolize, but plan to obtain a CT head if not improved in 4 hours. | D. Disagree — the next step is naloxone administration to reverse any opioid co-ingestion before other workup is done.",B,"Disagree — obtundation in a patient who uses alcohol requires workup for Wernicke encephalopathy, subdural hematoma, infection, hepatic encephalopathy, and co-ingestants before attributing to alcohol alone.","It's just intoxication in two forms: accepting alcohol as the only explanation and deferring to a 4-hour reassessment both delay a workup that could catch a treatable emergency. The page explicitly states that altered mental status in a patient who uses substances is never automatically 'just withdrawal' — the same principle applies to intoxication. The differential includes Wernicke, subdural, infection, hepatic encephalopathy, and polysubstance use.","AMS + alcohol use disorder = real differential; BAC does not close the workup — Wernicke, subdural, infection, and hepatic encephalopathy must be actively excluded.","t_sud.md — Altered mental status in a patient who uses substances is never automatically 'just withdrawal.' Keep these live: Wernicke encephalopathy, head injury/subdural hematoma, occult infection/sepsis, hepatic encephalopathy, and polysubstance use."
qb_sud_013,attested,substance,sba,3,False,safety;pharm,t_sud.md,A 64-year-old man with severe alcohol use disorder and documented Child-Pugh B cirrhosis is admitted for alcohol withdrawal. CIWA-Ar is 14. The team considers using chlordiazepoxide for symptom-triggered dosing. A student identifies a safety concern. Which response is most accurate?,"A. In significant hepatic impairment, long-acting benzodiazepines (chlordiazepoxide, diazepam) accumulate due to impaired oxidative metabolism — lorazepam or oxazepam are preferred because they undergo direct glucuronidation, which is preserved in hepatic disease. | B. Benzodiazepines are contraindicated in alcohol withdrawal for patients with cirrhosis — use phenobarbital or an antipsychotic instead. | C. Chlordiazepoxide is preferred in liver disease — its long half-life provides smoother coverage than short-acting agents and prevents rebound. | D. All benzodiazepines are equally affected by hepatic dysfunction — no single agent is preferred over another in cirrhosis.",A,"In significant hepatic impairment, long-acting benzodiazepines (chlordiazepoxide, diazepam) accumulate due to impaired oxidative metabolism — lorazepam or oxazepam are preferred because they undergo direct glucuronidation, which is preserved in hepatic disease.",Contraindication confusion and Long half-life equals smooth coverage are the two active errors. The clinical principle: lorazepam and oxazepam are preferred in hepatic impairment precisely because their glucuronidation pathway is preserved while oxidative metabolism (which processes chlordiazepoxide and diazepam) is impaired in cirrhosis. All drugs equal ignores a clinically important pharmacokinetic distinction.,Hepatic impairment + alcohol withdrawal: use lorazepam or oxazepam (glucuronidation preserved); avoid long-acting benzodiazepines that accumulate.,"substance_use_inpatient_teaching.md 'Benzodiazepine choice in hepatic impairment' — Lorazepam, oxazepam, and temazepam (the LOT drugs) bypass oxidative CYP450 metabolism; they are conjugated by glucuronidation, a pathway that is relatively preserved in cirrhosis, and produce no clinically significant active metabolites. Chlordiazepoxide and diazepam rely on hepatic oxidative metabolism and produce long-lived active metabolites that accumulate in significant hepatic impairment, risking progressive over-sedation and worsening hepatic encephalopathy (Schuckit, N Engl J Med 2014; Saitz, N Engl J Med 1998)."
qb_sud_014,attested,substance,two-tier,2,False,safety,t_sud.md,A 49-year-old man with severe alcohol use disorder is admitted after a tonic-clonic seizure at home. He has a documented prior alcohol withdrawal seizure from two years ago. CIWA-Ar on arrival is 12. Which statement best characterizes his risk and clinical priority?,"A. The seizure occurred before admission; since he is now calmer, observation without immediate pharmacologic intervention is appropriate. | B. The seizure risk has passed — withdrawal seizures occur in the first 24–48 hours; further seizures are not expected after a first event. | C. Start a fixed-schedule antipsychotic — antipsychotics lower seizure threshold and provide targeted coverage for alcohol withdrawal psychosis. | D. Prior withdrawal seizure is a strong predictor of future seizures; give a benzodiazepine promptly and use front-loaded or fixed-schedule dosing with symptom-triggered supplementation — not score-gated dosing alone — with close monitoring for progression to delirium tremens.",D,Prior withdrawal seizure is a strong predictor of future seizures; give a benzodiazepine promptly and use front-loaded or fixed-schedule dosing with symptom-triggered supplementation — not score-gated dosing alone — with close monitoring for progression to delirium tremens.,"Underestimate the emergency in two forms, and Agitation = antipsychotic. Prior withdrawal seizure is explicitly the most robust predictor of future seizure risk. Antipsychotics lower seizure threshold and are contraindicated for seizure prevention in alcohol withdrawal. CIWA-Ar-guided benzodiazepines are the treatment, and DT vigilance is the priority.",Prior withdrawal seizure = highest predictor of future seizures; aggressive CIWA-Ar-guided benzodiazepines + DT monitoring is the standard.,"t_sud.md — Alcohol withdrawal: score serially with the CIWA-Ar and treat symptom-driven with benzodiazepines, escalating vigilance for seizures and delirium tremens in high-risk patients."
qb_pha_003,attested,pharm,sba,1,True,pharm,psychopharm_primer.md,A student argues that quetiapine should be chosen over haloperidol for a patient with psychosis because 'it's a second-generation agent and therefore more effective.' An attending asks what the CATIE trial established about this reasoning. Which response is most accurate?,"A. The student is correct — second-generation antipsychotics have uniformly superior efficacy to first-generation agents in head-to-head trials. | B. CATIE showed that antipsychotics differ primarily in side-effect profile — metabolic effects, EPS, QTc, and prolactin — not in raw efficacy; agents should be chosen based on the patient's specific risk profile. | C. CATIE found that olanzapine is the most effective antipsychotic overall and should be the default first choice. | D. First-generation antipsychotics are preferred in first-episode psychosis because their longer evidence base makes them more predictable.",B,"CATIE showed that antipsychotics differ primarily in side-effect profile — metabolic effects, EPS, QTc, and prolactin — not in raw efficacy; agents should be chosen based on the patient's specific risk profile.","Newer = better is the target trap. CATIE's fundamental lesson: the FGA/SGA distinction is not a reliable efficacy hierarchy. Choose by side-effect profile — the patient's metabolic risk, EPS vulnerability, QTc baseline, and prolactin sensitivity are the discriminating factors.","CATIE: choose antipsychotics by side-effect profile, not generation — no consistent efficacy advantage for SGAs over FGAs.","psychopharm_primer.md — The single most useful framing comes from CATIE: choose by side-effect profile, not by 'newer is better' — agents differ more in what they do to weight, glucose, lipids, prolactin, QTc, and movement than in raw efficacy."
qb_pha_004,attested,pharm,sba,1,False,management;pharm,psychopharm_primer.md,A 23-year-old man is starting risperidone for his first psychotic episode. The student is asked to set up his monitoring schedule. What does the standard require for ALL patients starting any antipsychotic?,"A. Baseline ECG — all antipsychotics require cardiac clearance due to QTc prolongation risk. | B. Serum drug level at steady state — therapeutic monitoring ensures adequate receptor occupancy. | C. Urine drug screen at baseline — substance use can confound both the psychotic presentation and antipsychotic response. | D. Baseline weight, fasting glucose, and lipid profile — then ongoing tracking; metabolic monitoring is part of the antipsychotic prescription for every agent.",D,"Baseline weight, fasting glucose, and lipid profile — then ongoing tracking; metabolic monitoring is part of the antipsychotic prescription for every agent.","QTc always, Drug levels = necessary, and Most relevant test first all substitute a different monitoring task for the universal one. Metabolic monitoring — baseline weight, glucose, and lipids, then tracking — is built into the antipsychotic prescription regardless of the agent chosen. The page explicitly states: 'metabolic monitoring is part of the prescription.'","Every antipsychotic: baseline weight, fasting glucose, lipids — then ongoing tracking. Metabolic monitoring is part of the prescription.","psychopharm_primer.md — Whatever the choice, metabolic monitoring is part of the prescription: baseline weight, glucose, and lipids, then ongoing tracking."
qb_pha_005,attested,pharm,two-tier,2,True,pharm;safety,psychopharm_primer.md,A 49-year-old man with bipolar I disorder has had three prior hospitalizations and two suicide attempts. The team is weighing lithium versus valproate for maintenance. Which statement about lithium's unique clinical profile is most accurate?,A. Lithium has the strongest anti-suicidal evidence in its class and a narrow therapeutic window requiring renal and thyroid monitoring — its unique therapeutic profile and its monitoring requirements are inseparable considerations. | B. Lithium's anti-suicidal effect is secondary to mood stabilization — any effective mood stabilizer achieves equivalent reduction in completed suicide. | C. Lithium is first-line only for acute mania; its anti-suicidal and maintenance evidence are not strong enough to justify its monitoring burden. | D. Lithium can be started without baseline labs in a medically healthy patient — monitoring is required only once toxicity signs appear.,A,Lithium has the strongest anti-suicidal evidence in its class and a narrow therapeutic window requiring renal and thyroid monitoring — its unique therapeutic profile and its monitoring requirements are inseparable considerations.,"Anti-suicidal = just mood stabilization, Narrow = second-line, and Monitoring = optional all undermine the case for lithium in the highest-risk patient. Lithium's anti-suicidal evidence is cited on the page as worth remembering specifically when the team is weighing risk. For a patient with two prior suicide attempts, this is the discriminating consideration.",Lithium: strongest anti-suicidal evidence in the mood stabilizer class + narrow window demanding renal/thyroid monitoring — both sides of the profile matter.,"psychopharm_primer.md — Lithium has a narrow therapeutic window — too little does nothing, too much is toxic — and demands renal and thyroid monitoring over time; it also carries the strongest anti-suicidal evidence in the class, which is worth remembering when the team weighs risk."
qb_pha_006,attested,pharm,sba,2,True,safety;pharm,psychopharm_primer.md,The team plans to start valproate for a 27-year-old woman with bipolar I disorder admitted for acute mania. The student reviews her chart and finds no documentation of pregnancy status or contraception. Which action must occur before the first dose is given?,A. Order baseline LFTs — hepatotoxicity is valproate's primary safety concern and must be screened before initiation. | B. Obtain neurology sign-off — valproate is primarily an anticonvulsant and requires specialist authorization before psychiatric use. | C. Confirm she is not pregnant and discuss contraception — valproate is a known teratogen (neural tube defects and other major malformations); this must be addressed before initiating in any person who could become pregnant. | D. Start valproate at a low dose and monitor for teratogenic risk — low doses are safe in pregnancy.,C,Confirm she is not pregnant and discuss contraception — valproate is a known teratogen (neural tube defects and other major malformations); this must be addressed before initiating in any person who could become pregnant.,"Hepatotox before teratogenicity, Specialist equals prerequisite, and Low dose equals safe all miss or displace the must-act-first check. The page is explicit: valproate should not be started in people who may become pregnant given teratogenicity — this check must come before the first dose, not afterward.","Before valproate in any person who could become pregnant: confirm not pregnant, discuss contraception — this is the pre-prescribing gate, not a post-hoc conversation.",psychopharm_primer.md — Valproate is effective but should not be started in people who may become pregnant given teratogenicity; flag this before it is ordered.
qb_pha_007,attested,pharm,sba,2,False,pharm;safety,psychopharm_primer.md,A 29-year-old man presents with a 3-week first depressive episode. His maternal grandmother and aunt both have bipolar disorder. The team is ready to prescribe sertraline. The student asks whether a bipolar screen should be done first. The most appropriate response is:,"A. A family history of bipolar disorder has no bearing on SSRI prescribing — treat the current episode. | B. Screen for prior hypomanic or manic episodes before starting sertraline — an antidepressant without a mood stabilizer can destabilize unrecognized bipolar disorder, and a strong family history elevates the suspicion. | C. Start sertraline and monitor for mania — treatment-emergent mania is how bipolar disorder is identified in practice. | D. Co-prescribe a mood stabilizer with the SSRI as a precaution — mood stabilizers prevent antidepressant-induced destabilization.",B,"Screen for prior hypomanic or manic episodes before starting sertraline — an antidepressant without a mood stabilizer can destabilize unrecognized bipolar disorder, and a strong family history elevates the suspicion.","Diagnosis by symptom alone, Treat before diagnose, and Precautionary polypharmacy all bypass the screening step. The page states: 'screen for bipolarity before starting' an antidepressant — an antidepressant alone can destabilize bipolar illness. A positive family history, especially multiple first-degree relatives, makes this screening step particularly important.",Screen for prior hypomania or mania before every first antidepressant prescription — family history of bipolar disorder elevates the index of suspicion.,psychopharm_primer.md — Two cautions matter on an inpatient unit: screen for bipolarity before starting (an antidepressant alone can destabilize bipolar illness).
qb_pha_008,attested,pharm,sba,1,False,pharm;management,psychopharm_primer.md,"A 24-year-old woman started sertraline 3 days ago for major depression. She calls the unit and says, 'I don't feel any better — maybe this medication isn't right for me.' What is the most accurate and helpful response?","A. Consider switching agents — inadequate early response after 3 days in a young adult suggests pharmacogenomic mismatch. | B. Increase the dose — subtherapeutic early levels explain the absence of response. | C. Discontinue sertraline and pursue psychotherapy alone — the black box warning signals that SSRIs are more dangerous than beneficial. | D. Continue sertraline and reassess in several weeks — antidepressant response emerges over weeks, not days; counsel her on expected delayed onset and monitor for early side effects.",D,"Continue sertraline and reassess in several weeks — antidepressant response emerges over weeks, not days; counsel her on expected delayed onset and monitor for early side effects.","Antidepressants require weeks before mood benefits emerge — early absence of response is not treatment failure. Impatient switching, Treat the number, and Black box = don't treat are three forms of the same error: responding to early non-response as if it were evidence of treatment failure. The page is clear: onset is delayed — symptom relief lags weeks behind the first dose. Managing expectations is a clinical skill.","SSRI onset is delayed — weeks, not days; early side effects can appear before mood benefit; it is too early to assess response at day 3.","psychopharm_primer.md — Onset is delayed — symptom relief lags weeks behind the first dose, so manage expectations and keep watching."
qb_pha_009,attested,pharm,sba,2,False,safety,psychopharm_primer.md,A 21-year-old man is starting escitalopram for his first major depressive episode. His parents ask: 'We've heard there's a black box warning on these medications — what does it mean?' Which response best reflects the FDA warning?,"A. All antidepressants carry an FDA black box warning for increased suicidal thinking and behavior through age 24 — close monitoring especially early in treatment is mandated; this is a monitoring requirement, not a contraindication. | B. The warning applies only to tricyclic antidepressants — SSRIs are exempt from the black box warning. | C. The black box applies only to patients under 18 — your son at 21 is no longer in the warning category. | D. The warning concerns completed suicide — the medications increase the likelihood of a lethal attempt.",A,"All antidepressants carry an FDA black box warning for increased suicidal thinking and behavior through age 24 — close monitoring especially early in treatment is mandated; this is a monitoring requirement, not a contraindication.","Selective citation, Partial citation: Selective citation, Partial citation in two forms. The FDA black box warning covers all antidepressants through age 24 — not just TCAs, not just under-18 patients. The correct framing is that it mandates close monitoring early in treatment, not that it prohibits treatment. The absolute increase in suicidal ideation/behavior is roughly 1 per 110 treated, against an NNT near 10 for response.","FDA black box: all antidepressants + all ages through 24 = monitor closely early; it is a monitoring mandate, not a contraindication.","psychopharm_primer.md — The FDA black-box warning for suicidality spans all antidepressants through age 24, not just children — relevant to your young-adult admissions."
qb_pha_010,attested,pharm,sba,2,False,pharm;management,psychopharm_primer.md,A 71-year-old woman with generalized anxiety disorder has been prescribed lorazepam 0.5 mg TID continuously for 18 months by her primary care physician. She is now admitted for a fall and mild confusion. The student is asked to comment on her lorazepam use. Which is the most accurate framing?,"A. Lorazepam TID is appropriate for generalized anxiety — long-term benzodiazepine maintenance has a well-established evidence base for GAD. | B. The dose has remained stable, so tolerance and dependence are unlikely — the clinical concern is solely whether the dose is sufficient for symptom control. | C. Long-term scheduled benzodiazepines in an older adult accumulate risk: physical dependence, falls, and delirium; the admission events (fall, confusion) are consistent with adverse effects; deprescribing should be planned with appropriate tapering. | D. Benzodiazepines produce less sedation in older adults due to reduced receptor sensitivity — standing use is safe in elderly patients.",C,"Long-term scheduled benzodiazepines in an older adult accumulate risk: physical dependence, falls, and delirium; the admission events (fall, confusion) are consistent with adverse effects; deprescribing should be planned with appropriate tapering.","Autopilot prescribing, Stability equals safety, and Wrong direction of aging effect all normalize long-term scheduled benzodiazepines. The fall and confusion on admission are not incidental — they are the expected adverse effects the page names: falls, dependence, and delirium especially in older adults. The answer: targeted, short-term use is the standard; this patient needs a supervised taper.","Standing benzodiazepines in older adults: dependence, falls, and delirium are expected adverse effects — short-term targeted use is the standard; deprescribe with a supervised taper.","psychopharm_primer.md — Benzodiazepines are genuinely useful for alcohol/sedative withdrawal, catatonia, and short-term agitation — but avoid standing scheduled use. Dependence, falls, and delirium (especially in older adults) are the price of leaving them on autopilot."
qb_pha_013,attested,pharm,sba,2,False,safety,psychopharm_primer.md,"A 65-year-old man with bipolar I disorder maintained on lithium 900 mg daily presents with intention tremor, unsteady gait, and mild confusion over 5 days. His lithium level was 0.75 mEq/L two months ago. He recently started lisinopril for newly diagnosed hypertension. Most likely explanation?","A. Lithium toxicity — ACE inhibitors reduce renal lithium clearance, leading to lithium level elevation; tremor, ataxia, and confusion are early-to-moderate toxicity signs. | B. Essential tremor triggered by a new antihypertensive — beta-blockers, not ACE inhibitors, cause tremor. | C. Bipolar mixed state with neurological features — the combination of mood instability and motor symptoms represents bipolar cycling. | D. Lisinopril-induced hypotension — orthostatic changes reduce cerebral perfusion and explain the ataxia and confusion.",A,"Lithium toxicity — ACE inhibitors reduce renal lithium clearance, leading to lithium level elevation; tremor, ataxia, and confusion are early-to-moderate toxicity signs.","Neurological symptoms equal neurological diagnosis, Bipolar by default, and Cardiac first all bypass the pharmacokinetic explanation that is sitting in the chart. ACE inhibitors reduce renal lithium clearance — a well-established drug interaction. The triad of tremor, ataxia, and confusion after something changed in a lithium-treated patient is the textbook lithium toxicity presentation.","Lithium toxicity: tremor + ataxia + confusion = check the level when something changed (dehydration, NSAIDs, ACE inhibitors, diuretics, declining renal function).","psychopharm_primer.md — Lithium toxicity: tremor, ataxia, and confusion, often when something changed (dehydration, renal function, an interacting drug)."
qb_pha_014,attested,pharm,sba,1,True,pharm;management,ect_neuromodulation.md,"A 72-year-old woman with treatment-resistant MDD has active suicidal ideation, has stopped eating and drinking, and expresses a fixed belief that her body is rotting. She has failed two adequate antidepressant trials. The team is choosing between a third antidepressant plus antipsychotic versus ECT. Which response best reflects the evidence?","A. Start a third antidepressant plus an atypical antipsychotic — combination pharmacotherapy is the standard for psychotic depression and avoids the risks of anesthesia. | B. ECT — it is the most effective treatment for severe, psychotic, and treatment-resistant depression and provides the rapid response required for a patient with active suicidality who is not eating or drinking. | C. rTMS — it avoids anesthesia, is FDA-cleared for treatment-resistant depression, and has equivalent efficacy to ECT in psychotic depression. | D. Esketamine — rapid-acting antidepressants with same-day onset should be tried before ECT for any treatment-resistant presentation.",B,"ECT — it is the most effective treatment for severe, psychotic, and treatment-resistant depression and provides the rapid response required for a patient with active suicidality who is not eating or drinking.","Pharmacotherapy first at any severity, Newer = better, and Ordering by recency all delay the most effective and most appropriate intervention. ECT's indications include exactly this constellation: severe, psychotic, treatment-resistant depression with active suicidality and refusal to eat/drink. The page lists 'rapid, definitive response needed' as the specific framing that points to ECT.","ECT is the most effective treatment for severe, psychotic, or catatonic depression — choose it when a rapid, definitive response is needed (active suicidality, not eating/drinking, prior good ECT response).","ect_neuromodulation.md — ECT indications: severe MDD (especially with psychotic features, catatonia, or high suicide risk), treatment-resistant depression, acute mania, and catatonia/NMS. Choose ECT when a rapid, definitive response is needed — active suicidality, refusal to eat or drink, pregnancy where medications are undesirable, or prior good ECT response."
qb_pha_015,attested,pharm,sba,2,False,management;pharm,ect_neuromodulation.md,"A patient with severe depression is scheduled for ECT tomorrow. Her current medications include clonazepam 1 mg BID, gabapentin 300 mg TID, and escitalopram 20 mg daily. Her ECT team asks the student to identify which medication adjustment is most critical before the procedure.","A. Discontinue escitalopram — antidepressants inhibit the neuroplasticity mechanisms through which ECT works. | B. Hold gabapentin only — anticonvulsants raise seizure threshold, but benzodiazepines are safe to continue through ECT. | C. Hold clonazepam and gabapentin — benzodiazepines and anticonvulsants raise the seizure threshold and blunt the induced seizure that is the mechanism of ECT's therapeutic effect. | D. Discontinue all medications for 72 hours before ECT — polypharmacy during ECT increases anesthesia risk.",C,Hold clonazepam and gabapentin — benzodiazepines and anticonvulsants raise the seizure threshold and blunt the induced seizure that is the mechanism of ECT's therapeutic effect.,"Wrong medication stopped, Partial hold, and All medications stopped all fail to identify the pharmacologically correct adjustment. The ECT page is explicit: benzodiazepines and anticonvulsants raise the seizure threshold and reduce ECT efficacy — they are the agents to hold. Escitalopram is not contraindicated.",Before ECT: hold benzodiazepines and anticonvulsants — they raise the seizure threshold and reduce ECT efficacy.,"ect_neuromodulation.md — Pre-ECT medication review: hold/adjust benzodiazepines and anticonvulsants, which raise seizure threshold."
qb_pha_016,attested,pharm,sba,3,False,management;pharm,ect_neuromodulation.md,"A 48-year-old man with treatment-resistant depression (two adequate antidepressant trials, no psychotic features, no active suicidality) strongly prefers to avoid general anesthesia. He asks the team about neuromodulation options. Which correctly characterizes what is available?","A. rTMS is equivalent to ECT for all indications including psychotic depression — the delivery route is the only difference. | B. ECT is the only FDA-cleared neuromodulation option for treatment-resistant depression. | C. Esketamine intranasal requires no monitoring and can be self-administered at home once initiated. | D. rTMS is FDA-cleared for treatment-resistant depression, requires no anesthesia, carries a small seizure risk, and is less potent than ECT; for this patient who declines anesthesia, rTMS is a clinically appropriate next step.",D,"rTMS is FDA-cleared for treatment-resistant depression, requires no anesthesia, carries a small seizure risk, and is less potent than ECT; for this patient who declines anesthesia, rTMS is a clinically appropriate next step.","Newer = better, Ignores rTMS, and Misread REMS monitoring all mischaracterize the options. rTMS is FDA-cleared for TRD and OCD, outpatient, anesthesia-free, with a small seizure risk — less potent than ECT but a reasonable option for patients who cannot or will not tolerate anesthesia. Esketamine requires in-office REMS monitoring.","rTMS: FDA-cleared for TRD and OCD, no anesthesia, small seizure risk, less potent than ECT — appropriate for patients who decline anesthesia.","ect_neuromodulation.md — rTMS: FDA-cleared for treatment-resistant depression (and OCD); outpatient, no anesthesia, no memory effects; main risk is a small seizure risk. Less potent than ECT but far better tolerated."
qb_mood_003,attested,mood,sba,1,True,dx,t_mood.md,"A 31-year-old woman with two prior depressive episodes was started on escitalopram without a bipolar screen. Two weeks later she is brought to the emergency department with 4 days of markedly decreased sleep, racing thoughts, and grandiosity. What does this presentation most likely represent?",A. A new unipolar depressive episode — mood cycling within MDD can produce early-morning awakening and agitation resembling mania. | B. An SSRI discontinuation syndrome — the behavioral and sleep changes reflect escitalopram's stimulant effect in some patients. | C. Antidepressant-induced mood switch — starting an antidepressant in an unscreened patient with occult bipolar disorder can precipitate mania or mixed features; this is why bipolar screening is required before prescribing. | D. Stimulant-induced insomnia — escitalopram acts as a stimulant in some patients and disrupts sleep without indicating a mood disorder.,C,Antidepressant-induced mood switch — starting an antidepressant in an unscreened patient with occult bipolar disorder can precipitate mania or mixed features; this is why bipolar screening is required before prescribing.,"Cycling = unipolar, Antidepressant discontinuation, and Stimulant side effect all miss the key clinical teaching. The mood disorders page is explicit: 'a bipolar depression misread as unipolar can be pushed into mania or rapid cycling by an antidepressant.' This item tests the consequence of skipping the bipolar screen — not the procedural gap, but the clinical outcome that follows.","Missing the bipolar screen before prescribing an antidepressant can precipitate a manic or mixed episode — know the consequence, not just the procedure.","t_mood.md — Critically, always screen for a past manic or hypomanic episode before calling a depression 'unipolar' — a bipolar depression misread as unipolar can be pushed into mania or rapid cycling by an antidepressant."
qb_mood_004,attested,mood,sba,2,False,dx,t_mood.md,"A 38-year-old man presents for admission with a current depressive episode. He reports no prior manic episodes. His wife, who accompanied him, states that 3 years ago he 'went weeks without sleeping, gave away his car, and was fired for erratic behavior.' He does not recall this period as abnormal. Which diagnostic move has the highest yield in clarifying the bipolar question?",A. Patient self-report is the most reliable — the wife's account may be distorted by relationship conflict. | B. Obtain collateral history from the wife and prior clinicians — collateral is the single highest-yield diagnostic move for distinguishing bipolar from unipolar disorder. | C. Administer a structured screening tool (Mood Disorder Questionnaire) — it replaces the need for collateral history. | D. Only documented hospitalizations for mania count as evidence — behavioral reports from family members do not meet the diagnostic threshold.,B,Obtain collateral history from the wife and prior clinicians — collateral is the single highest-yield diagnostic move for distinguishing bipolar from unipolar disorder.,Self-report over collateral and Protocol over clinical judgment both bypass the highest-yield step. The mood page explicitly calls collateral 'the single highest-yield diagnostic move for distinguishing bipolar from unipolar.' This patient's lack of insight into a probable manic episode is classic — the wife's account is the clinical key.,Collateral history is the single highest-yield diagnostic move for bipolar vs unipolar — patients with past mania often lack insight into the episode.,t_mood.md — Collateral history (the single highest-yield diagnostic move for distinguishing bipolar from unipolar).
qb_mood_005,attested,mood,sba,1,True,safety;dx,t_mood.md,"A 29-year-old man is admitted with depressed mood, anhedonia, and feelings of worthlessness. On detailed MSE, he also has racing thoughts, psychomotor agitation, and is sleeping only 3 hours per night despite feeling exhausted. He endorses passive suicidal ideation. Which statement about his presentation is most clinically important?",A. The racing thoughts indicate that mania is the predominant syndrome and the depression is secondary — treat for mania first. | B. The activating symptoms suggest his antidepressant dose is too high and producing anxiety — reduce the dose. | C. Mixed features — concurrent depressive and activating symptoms — carry elevated suicide risk and are easy to miss; this combination warrants heightened safety vigilance. | D. Mixed features can only occur in bipolar disorder — this patient's mixed presentation requires a bipolar I or II diagnosis before initiating treatment.,C,Mixed features — concurrent depressive and activating symptoms — carry elevated suicide risk and are easy to miss; this combination warrants heightened safety vigilance.,"One syndrome at a time, Side effect attribution, and Bipolar required for mixed all delay recognition of the dangerous phenotype. Mixed features — concurrent depression and activation — are explicitly called out on the mood page as easy to miss and carrying elevated suicide risk. This patient's passive SI plus mixed features is the classic high-risk presentation.",Mixed features (depression + racing thoughts/agitation/decreased sleep) carry elevated suicide risk and are easy to miss — heighten safety vigilance.,t_mood.md — Mixed features (depressed mood with concurrent activation/agitation) are easy to miss and carry elevated suicide risk.
qb_mood_006,attested,mood,sba,2,False,dx,t_mood.md,"A 71-year-old woman with no prior psychiatric history presents with 2 weeks of elevated mood, decreased need for sleep, pressured speech, and grandiosity. Her family calls it her 'first manic episode.' She is on prednisone 40 mg daily for a recent flare of rheumatoid arthritis. Which step is most important before proceeding with a bipolar diagnosis?",A. Document the manic episode and start a mood stabilizer — late-onset bipolar is increasingly recognized in older adults. | B. Start an antipsychotic for the florid manic symptoms — mood stabilizers are too slow for acute management. | C. Order a head MRI — new psychiatric symptoms in older adults indicate intracranial pathology until proven otherwise. | D. Rule out medical mimics before anchoring on a primary mood diagnosis — corticosteroids are a recognized cause of manic symptoms; evaluate the steroid exposure as a contributing or precipitating cause.,D,Rule out medical mimics before anchoring on a primary mood diagnosis — corticosteroids are a recognized cause of manic symptoms; evaluate the steroid exposure as a contributing or precipitating cause.,"Late-onset bipolar by default, Treat before diagnose, and Imaging before differential all skip the foundational step. The mood page lists corticosteroids in the medical mimic differential and explicitly states: 'Rule out medical mimics before anchoring on a primary mood disorder.' A 71-year-old on prednisone with a first-lifetime episode is steroid-induced mania until proven otherwise.","New mood episodes in older or medically complex patients require a medical mimic workup — corticosteroids, thyroid disease, intoxication, CNS pathology.","t_mood.md — Rule out medical mimics before anchoring on a primary mood disorder: thyroid dysfunction, corticosteroids and other medications, intoxication or withdrawal, and CNS processes."
qb_mood_007,attested,mood,two-tier,2,False,pharm;safety,t_mood.md,A 44-year-old man with bipolar I disorder and two prior suicide attempts is starting maintenance therapy. The team is choosing between lithium and lamotrigine. Which argument most strongly favors lithium?,"A. Lithium has both the strongest anti-suicidal evidence and the strongest maintenance evidence in the mood stabilizer class — in a patient with prior attempts, both properties directly apply. | B. Lamotrigine has equivalent anti-suicidal evidence to lithium — the choice should be based on tolerability alone. | C. Lithium's anti-suicidal effect is limited to acute suicidality and does not apply to maintenance treatment. | D. The narrow therapeutic window makes lithium too risky for long-term maintenance — the monitoring burden outweighs its benefits.",A,"Lithium has both the strongest anti-suicidal evidence and the strongest maintenance evidence in the mood stabilizer class — in a patient with prior attempts, both properties directly apply.","Anti-suicidal = interchangeable, Narrow = second-line, and Monitoring = disqualifying all undervalue lithium in the highest-risk patient. The page specifically names lithium's anti-suicidal effect (Cipriani 2013) and BALANCE maintenance evidence as reasons to 'use it, and monitor it' — the monitoring is the price of the unique therapeutic profile, not a drawback.","Lithium: strongest anti-suicidal evidence (Cipriani 2013) + strongest maintenance evidence (BALANCE trial) — use it in high-risk patients, and monitor it.",t_mood.md — Lithium deserves specific emphasis — it carries a distinct anti-suicidal effect (Cipriani 2013) and is a first-line maintenance mood stabilizer with the strongest long-term evidence (BALANCE trial).
qb_mood_008,attested,mood,sba,1,True,pharm;management,t_mood.md,"A 67-year-old woman with treatment-resistant MDD is hospitalized. She has failed two adequate antidepressant trials, has active suicidal ideation, refuses all oral intake, and expresses the nihilistic delusion that her intestines have rotted. The team debates a third antidepressant versus ECT. Which framing is most accurate?","A. A third antidepressant combined with an antipsychotic should be tried first — pharmacotherapy is the standard of care before proceeding to procedural interventions. | B. ECT is not a last resort — it is first-line for severe, psychotic, catatonic, or life-threatening mood states, and this patient meets several of those criteria at once. | C. rTMS is preferred because it avoids anesthesia and has equivalent efficacy to ECT for psychotic depression. | D. Palliative consultation is appropriate — treatment resistance and refusal of oral intake indicate a terminal trajectory.",B,"ECT is not a last resort — it is first-line for severe, psychotic, catatonic, or life-threatening mood states, and this patient meets several of those criteria at once.","This patient's presentation meets multiple ECT indications simultaneously. Pharmacotherapy first at any severity, Newer = better, and Hopeless by default all delay a definitive, evidence-based treatment. The mood page states explicitly: 'ECT is not a last resort — it is first-line for psychotic, catatonic, or life-threatening mood states.' Active suicidality, refusal of food/fluids, psychotic features, and treatment resistance are all named ECT indications.","ECT is not a last resort — it is first-line for psychotic, catatonic, or life-threatening depression; do not defer it when these criteria are met.","t_mood.md — ECT is not a last resort — it is first-line for psychotic, catatonic, or life-threatening mood states, and in pregnancy it is a preferred option when illness of that severity demands rapid, definitive treatment. Pregnancy alone is not the indication; the severity is."
qb_mood_009,attested,mood,sba,2,False,management,t_mood.md,"A 45-year-old man with MDD was started on sertraline 50 mg outpatient 4 weeks ago. His PHQ-9 improved from 22 to 18. His outpatient clinician says, 'No response — time to add lithium augmentation.' A student asks what should be verified before changing the plan. Which element of measurement-based, sequential treatment (in the spirit of STAR*D) is most relevant here?","A. Whether the patient had adequate sleep — insomnia alone can prevent antidepressant response. | B. The patient's family history — poor family response to SSRIs predicts individual non-response. | C. Whether the dose was adequate and the duration sufficient before declaring non-response — a PHQ-9 drop from 22 to 18 at 4 weeks may represent ongoing response, not treatment failure. | D. Whether the patient prefers augmentation — patient preference drives the treatment decision in measurement-based care.",C,"Whether the dose was adequate and the duration sufficient before declaring non-response — a PHQ-9 drop from 22 to 18 at 4 weeks may represent ongoing response, not treatment failure.","A dose increase may be preferable to augmentation when partial response is still emerging. Sleep over dose/duration, Pharmacogenomics before dose, and Preference over protocol all bypass the foundational step. STAR*D's model: pick an agent, dose it adequately, and track response systematically before switching or augmenting. A partial response at 4 weeks on a 50 mg sertraline dose has not yet established non-response.",Sequential treatment (STAR*D): verify adequate dose and adequate duration before switching or augmenting — a partial response is not non-response.,"t_mood.md — Practice measurement-based, sequential treatment in the spirit of STAR*D: pick an agent, dose it adequately, track response with a scale, and switch or augment by protocol rather than by impression."
qb_mood_010,attested,mood,sba,2,False,management,t_mood.md,"A patient with bipolar I disorder, admitted during a depressive episode, tells the student: 'I don't see why the staff keeps bothering me about sleep — it doesn't affect my moods.' Which response best reflects the clinical evidence?","A. Sleep disruption affects only energy and concentration, not mood stability — the patient's assessment is essentially correct. | B. Sleep problems are a symptom of bipolar disorder, not a cause — treating the mood disorder will resolve the sleep disruption. | C. Sleep medications are the priority — behavioral sleep protection is ineffective without pharmacotherapy. | D. Sleep loss both worsens depression and precipitates mania in bipolar disorder — protecting sleep and circadian rhythm is active treatment, not optional self-care.",D,"Sleep loss both worsens depression and precipitates mania in bipolar disorder — protecting sleep and circadian rhythm is active treatment, not optional self-care.","Sleep = energy only, Symptom not driver, and Pharmacotherapy over milieu all diminish the therapeutic importance of sleep. The mood page is explicit: 'protect sleep and circadian rhythm actively, since sleep loss both worsens depression and precipitates mania.' Sleep protection is a treatment modality, not a lifestyle recommendation.",Sleep is treatment in bipolar disorder — sleep loss worsens depression AND precipitates mania; protecting circadian rhythm is an active clinical intervention.,"t_mood.md — Protect sleep and circadian rhythm actively, since sleep loss both worsens depression and precipitates mania (Harvey; IPSRT/Frank)."
qb_mood_011,attested,mood,sba,2,False,management;pharm,t_mood.md,A 28-year-old man with bipolar I disorder is admitted for his first acute manic episode. He has no prior mood stabilizer exposure. Which is the most appropriate pharmacological framework for acute mania management?,"A. First-line options for acute mania — lithium, valproate, or a second-generation antipsychotic — combined with milieu measures to reduce stimulation and restore sleep. | B. Start an antidepressant first — addressing the depression component of mixed mania speeds recovery. | C. Benzodiazepine monotherapy is appropriate for a first manic episode — avoid mood stabilizers until the diagnosis is confirmed over multiple episodes. | D. Clozapine should be considered first because of its superior efficacy in refractory mania.",A,"First-line options for acute mania — lithium, valproate, or a second-generation antipsychotic — combined with milieu measures to reduce stimulation and restore sleep.","Avoid valproate in anyone of childbearing potential regardless of current pregnancy status. Antidepressant for mania, Defer mood stabilizer, and Skip the ladder all misstate the first-line framework. Acute mania is managed with lithium, valproate, or an SGA, combined with milieu interventions — reduce stimulation and restore sleep, since sleep loss itself perpetuates mania.","Acute mania: lithium, valproate, or SGA + reduce stimulation + restore sleep; antidepressants are contraindicated.","t_mood.md — For acute mania, reduce stimulation, restore sleep, and start or optimize a mood stabilizer or antipsychotic."
qb_mood_012,attested,mood,two-tier,2,False,pharm;safety,t_mood.md,"A 58-year-old man with bipolar I disorder is stable on lithium 900 mg daily, level 0.8 mEq/L. He recently started ibuprofen for knee pain and reports new-onset hand tremor and mild mental fogginess for the past week. Most appropriate next step?","A. Reassure the patient — tremor is an expected mild lithium side effect that does not indicate toxicity. | B. Check a lithium level immediately — NSAIDs reduce renal prostaglandin activity, decreasing lithium clearance; new neurological symptoms in this context require urgent assessment for toxicity. | C. Stop lithium immediately and restart once the pain resolves — the ibuprofen interaction makes continued lithium unsafe. | D. Ibuprofen has no interaction with lithium — evaluate for a new neurological diagnosis.",B,"Check a lithium level immediately — NSAIDs reduce renal prostaglandin activity, decreasing lithium clearance; new neurological symptoms in this context require urgent assessment for toxicity.","Treat the number not the patient, Overreact to interaction, and No drug interaction represent a spectrum of errors around a common drug interaction. The correct action is checking the level urgently — not dismissing the symptoms, not stopping lithium abruptly. The clinical situation maps directly to the page's warning about NSAIDs pushing lithium toward toxicity.","New neurological symptoms (tremor, fogginess) in a lithium-treated patient after starting an NSAID → check level urgently; NSAIDs reduce lithium clearance.","t_mood.md — NSAIDs, ACE-inhibitors/ARBs, thiazides, and dehydration push lithium levels toward toxicity."
qb_mood_013,attested,mood,sba,2,False,dx,t_mood.md,"A 70-year-old woman is admitted with severe depression. She is convinced her children have died in a car accident — despite video calls with her healthy children — and that her body is 'empty inside.' She is oriented, alert, and attentive. No confusion on exam. Which diagnosis is most consistent with this presentation?","A. Schizophrenia — fixed, persistent false beliefs constitute a primary psychotic disorder. | B. Delirium with nihilistic ideation — new psychosis in an elderly patient is delirium until proven otherwise. | C. Severe major depression with psychotic features — the nihilistic and guilt-laden delusions are mood-congruent and consistent with the depression; orientation and attention are intact. | D. Schizoaffective disorder — concurrent mood episodes and psychotic features define this diagnosis.",C,Severe major depression with psychotic features — the nihilistic and guilt-laden delusions are mood-congruent and consistent with the depression; orientation and attention are intact.,"Psychosis = schizophrenia, All psychosis in elderly = delirium, and Concurrent = schizoaffective all misdiagnose the presentation. Psychotic depression produces mood-congruent delusions (nihilistic, guilt-laden) within the context of a severe depressive episode — the alert, attentive patient without fluctuating consciousness rules out delirium.","Mood-congruent psychotic features (nihilistic/guilt-laden delusions) in severe depression = psychotic depression, not schizophrenia — psychosis confined to the mood episode is the discriminator.",t_mood.md — Severe unipolar depression can include mood-congruent psychosis (nihilistic or guilt-laden delusions).
qb_mood_014,attested,mood,sba,3,False,pharm;safety,t_mood.md,"A 36-year-old man with 'recurrent unipolar depression' has been on sertraline 100 mg for 8 months. His current episode resolved well, but over the past 2 weeks he has developed markedly decreased need for sleep, pressured speech, and impulsive spending. He is not using substances. Which is the most accurate interpretation?","A. The patient is experiencing sertraline discontinuation syndrome — the mania-like symptoms are medication side effects that will resolve spontaneously. | B. He has developed a superimposed stimulant use disorder — the pattern is classic methamphetamine intoxication. | C. This represents sertraline's therapeutic effect — the energy and motivation improvement of depression recovery can resemble hypomania. | D. Antidepressant monotherapy has precipitated a manic switch in a patient likely misdiagnosed as unipolar — the diagnosis should be reconsidered as bipolar disorder, the antidepressant should be discontinued, and antimanic treatment started.",D,"Antidepressant monotherapy has precipitated a manic switch in a patient likely misdiagnosed as unipolar — the diagnosis should be reconsidered as bipolar disorder, the antidepressant should be discontinued, and antimanic treatment started.","Side effect attribution, Substance first, and Recovery looks like hypomania all avoid the correct diagnosis. The mood page explicitly states: 'a bipolar depression misread as unipolar can be pushed into mania or rapid cycling by an antidepressant.' This is the clinical manifestation of that process — treatment-emergent mania revealing unrecognized bipolar disorder.","Manic symptoms emerging on antidepressant monotherapy = probable treatment-emergent switch revealing unrecognized bipolar — not side effects, not recovery.",t_mood.md — A bipolar depression misread as unipolar can be pushed into mania or rapid cycling by an antidepressant.
qb_mood_015,attested,mood,sba,3,False,management,t_mood.md,"A 49-year-old man admitted for severe bipolar depression requests discharge on day 6. His mood has partially improved (PHQ-9 from 24 to 17), but he is still sleeping only 4 hours per night, his safety plan is not yet completed, and he does not have an outpatient appointment scheduled. The attending asks the student to frame the clinical decision. Which is most accurate?","A. Discharge readiness is functional and safety-based, not calendar-based — incomplete sleep restoration, an incomplete safety plan, and no follow-up appointment are clinical criteria not yet met; continued inpatient care is indicated. | B. The partial PHQ-9 improvement indicates adequate response — at day 6 the acute risk has passed and discharge is appropriate. | C. The patient has the right to leave against medical advice — sign him out and provide a safety net number. | D. Six days is within the standard inpatient admission length — continue treatment by the calendar.",A,"Discharge readiness is functional and safety-based, not calendar-based — incomplete sleep restoration, an incomplete safety plan, and no follow-up appointment are clinical criteria not yet met; continued inpatient care is indicated.","Score = discharge permission, Autonomy over safety, and Calendar over function all substitute a proxy for clinical readiness. The mood page is explicit: 'Discharge readiness is functional and safety-based, not calendar-based: improving mood and resolving acute risk, adequate sleep and intake, an established and tolerated medication, and a concrete follow-up.' None of these criteria are met.","Discharge readiness in mood disorders is functional and safety-based: sleep restored, safety plan complete, follow-up scheduled — not calendar-driven.","t_mood.md — Discharge readiness is functional and safety-based, not calendar-based: improving mood and resolving acute risk, adequate sleep and intake, an established and tolerated medication, and a concrete follow-up."
qb_mood_016,attested,mood,two-tier,3,False,pharm;management,t_mood.md;ect_neuromodulation.md,"A 24-year-old woman in her 14th week of pregnancy presents with severe MDD: active suicidal ideation with a plan, refusal to eat, psychomotor retardation, and a prior excellent response to ECT 4 years ago. The team debates continuing the current antidepressant versus offering ECT. Which statement best reflects the clinical standard?","A. ECT is contraindicated in pregnancy due to the risk of uterine contractions during the induced seizure. | B. Continue the antidepressant through pregnancy — the benefits of pharmacotherapy always outweigh teratogenic risks in severe depression. | C. ECT is a preferred treatment option in this presentation — pregnancy is an explicit ECT indication when medications are undesirable, and this patient also has active suicidality, refusal of oral intake, and a prior good ECT response. | D. Ketamine infusion should be chosen over ECT — it avoids anesthesia and is equally effective for suicidal ideation in pregnancy.",C,"ECT is a preferred treatment option in this presentation — pregnancy is an explicit ECT indication when medications are undesirable, and this patient also has active suicidality, refusal of oral intake, and a prior good ECT response.","Absolute contraindication invented, Pharmacotherapy always first, and Newer = better all distort the evidence. ECT has no absolute contraindications, and pregnancy is where it becomes preferred once the illness is severe enough to need rapid, definitive treatment — it is not an indication on its own. This patient has four concurrent reasons: active suicidality, refusal of oral intake, pregnancy where medications are less desirable, and prior good ECT response.","ECT in pregnancy: no absolute contraindication, explicitly indicated when medications are undesirable — especially when there is active suicidality, refusal to eat, or prior ECT response.","t_mood.md — Reserve ECT for severe, psychotic, catatonic, or treatment-resistant depression, for life-threatening states (refusal of food/fluids, acute high suicide risk), and — when illness of that severity occurs in pregnancy — as a preferred option, since the therapeutic seizure works without the systemic fetal drug exposure pharmacotherapy requires."
qb_psy_003,attested,psychosis,sba,1,True,dx,t_psychosis.md,"A 22-year-old man presents with 3 weeks of auditory hallucinations, paranoid delusions, and disorganized behavior. The team is ready to diagnose schizophrenia and start an antipsychotic. The student asks whether anything should be done first. Which step is most critical?","A. Obtain a collateral history from family — schizophrenia cannot be diagnosed without family confirmation. | B. Start the antipsychotic immediately — early treatment of schizophrenia reduces the duration of untreated psychosis and improves long-term outcomes. | C. Start a structured first-episode protocol (RAISE) — coordinated specialty care reduces DUP more effectively than routine treatment. | D. Exclude secondary causes of psychosis — delirium, substance-induced psychosis, mood disorder with psychotic features, and autoimmune encephalitis — before labeling a primary psychotic disorder.",D,"Exclude secondary causes of psychosis — delirium, substance-induced psychosis, mood disorder with psychotic features, and autoimmune encephalitis — before labeling a primary psychotic disorder.","Collateral = diagnosis, Treat before diagnose, and Protocol before differential all skip the foundational step. The page states: 'Psychosis is a syndrome — exclude delirium, substances, and autoimmune/seizure causes before calling it primary.' In a young adult with new-onset psychosis, the organic yield is highest at the first episode.","Psychosis is a syndrome — exclude delirium, substance-induced, mood disorder with psychotic features, and autoimmune encephalitis before diagnosing primary psychotic disorder.","t_psychosis.md — Always exclude secondary/medical psychosis before settling on a primary disorder. High-yield pearls: Psychosis is a syndrome — exclude delirium, substances, and autoimmune/seizure causes before calling it primary."
qb_psy_004,attested,psychosis,sba,2,False,next-step,t_psychosis.md,"A 19-year-old man presents with his first psychotic episode — 4 weeks of auditory hallucinations, paranoid delusions, and social withdrawal with no prior psychiatric history. Laboratory workup is sent. The team is discussing imaging. When is neuroimaging warranted in first-episode psychosis?","A. First-episode psychosis warrants a thorough medical workup — the organic yield is highest when there is no prior psychiatric history; MRI is indicated with focal findings, atypical or abrupt onset, unusual age, seizures, or autoimmune encephalitis on the differential. | B. Neuroimaging is not indicated in first-episode psychosis — it is expensive and does not alter the psychiatric management plan. | C. CT is preferred over MRI in first-episode psychosis because it is faster and avoids the need for patient cooperation during sedation. | D. MRI should only be ordered if the psychosis does not respond to antipsychotic treatment after 4 weeks.",A,"First-episode psychosis warrants a thorough medical workup — the organic yield is highest when there is no prior psychiatric history; MRI is indicated with focal findings, atypical or abrupt onset, unusual age, seizures, or autoimmune encephalitis on the differential.","Imaging never changes treatment, CT over MRI, and Treat before image all defer a workup that is most valuable precisely at first-episode presentation. The page states first-episode psychosis 'warrants a medical workup because a treatable organic cause is more likely when there is no established psychiatric history' and specifically recommends MRI in the named scenarios.","First-episode psychosis earns a full medical workup including MRI when there are focal signs, atypical onset, seizures, or concern for autoimmune encephalitis — organic yield is highest here.","t_psychosis.md — First-episode psychosis specifically warrants a medical workup because a treatable organic cause is more likely when there is no established psychiatric history; obtain neuroimaging (MRI preferred) when the exam is focal, onset is atypical or abrupt, age is unusual, or there are seizures."
qb_psy_005,attested,psychosis,sba,1,True,pharm,t_psychosis.md,A student argues that lurasidone should be prescribed for a first-episode patient because 'it is one of the newest second-generation agents and therefore most effective.' Which framing from CATIE is most relevant here?,"A. The student is correct — second-generation agents show consistently superior efficacy in first-episode trials compared to older agents. | B. Choose the antipsychotic by the patient's specific side-effect risk profile — metabolic, motor, QTc, sedation, and prolactin risks — not by recency or generation. | C. CATIE found perphenazine was superior to all second-generation agents for first-episode psychosis — first-generation agents should be chosen first. | D. CATIE only applies to chronic schizophrenia — for first-episode psychosis, the newest generation agents should be preferred.",B,"Choose the antipsychotic by the patient's specific side-effect risk profile — metabolic, motor, QTc, sedation, and prolactin risks — not by recency or generation.","Newer = better, Older = better, and CATIE exception for first episode all invert or misapply the CATIE lesson. The conclusion of CATIE: effectiveness is broadly comparable across FGAs and SGAs; the clinically actionable difference is in the side-effect profile matched to the patient's individual vulnerability.","CATIE: antipsychotic choice should be driven by the patient's metabolic, EPS, QTc, and sedation risk — not by generation or recency.","t_psychosis.md — Choose the antipsychotic by side-effect profile, not by 'newer is better': CATIE showed first- and second-generation agents had broadly comparable effectiveness, with differences driven by tolerability."
qb_psy_006,attested,psychosis,sba,1,False,psychosocial,t_psychosis.md,A 24-year-old man with schizophrenia is brought to the inpatient unit by his parents. He insists there is nothing wrong with him and refuses to engage with the treatment plan. His parents ask: 'Why won't he just accept that he's sick?' Which response best reflects the clinical approach?,"A. Confronting the patient with the evidence that he is ill — the psychoeducation-first approach — produces the fastest improvement in insight. | B. Anosognosia is a neurobiological deficit in self-awareness, not willful denial — use the LEAP approach (Listen, Empathize, Agree, Partner) to build engagement without requiring the patient to accept the diagnosis first. | C. Lack of insight is a reliable indicator of poor prognosis — formal involuntary treatment is indicated for any patient who refuses to acknowledge their diagnosis. | D. Accept the patient's denial and focus treatment on behavioral symptoms only — attempting to improve insight in schizophrenia is not evidence-based.",B,"Anosognosia is a neurobiological deficit in self-awareness, not willful denial — use the LEAP approach (Listen, Empathize, Agree, Partner) to build engagement without requiring the patient to accept the diagnosis first.","The righting reflex and No insight = no hope displace LEAP-based engagement. The page explicitly states: 'many patients have anosognosia, so use Amador's LEAP approach (Listen, Empathize, Agree, Partner) rather than arguing about whether they are ill.' Anosognosia is a neurobiological symptom, not willful denial — debating it produces resistance, not insight.","Anosognosia is not denial — use LEAP (Listen, Empathize, Agree, Partner) to build engagement without requiring the patient to accept the diagnosis first.","t_psychosis.md — Engagement is its own clinical task: many patients have anosognosia, so use Amador's LEAP approach (Listen, Empathize, Agree, Partner) rather than arguing about whether they are ill."
qb_psy_007,attested,psychosis,two-tier,2,False,pharm;safety,t_psychosis.md,"A 37-year-old man with schizophrenia has had an inadequate response to olanzapine (adequate dose and duration) and then risperidone (adequate dose and duration). Residual negative symptoms (flat affect, avolition, alogia) have persisted on both trials. The team is now choosing a next step. Which is the evidence-based recommendation?",A. Try a third antipsychotic from a different chemical class — a third-line non-clozapine agent should be exhausted before clozapine. | B. Add an antidepressant — the residual negative symptoms are likely a secondary depression co-occurring with schizophrenia. | C. Increase the risperidone dose further — super-therapeutic doses overcome treatment resistance. | D. Initiate clozapine with baseline ANC and recommended hematologic monitoring per the prescribing information — two failed adequate antipsychotic trials define treatment-resistant schizophrenia.,D,Initiate clozapine with baseline ANC and recommended hematologic monitoring per the prescribing information — two failed adequate antipsychotic trials define treatment-resistant schizophrenia.,"Skip the ladder, Negative symptoms = depression, and More = better all defer the evidence-based intervention. The page states: 'two failed adequate antipsychotic trials means consider clozapine, with recommended ANC monitoring per the prescribing information.' This threshold is defined and evidence-based.",Two adequate antipsychotic trial failures = treatment-resistant schizophrenia = clozapine with ANC monitoring; a third non-clozapine trial has no supporting evidence.,"t_psychosis.md — Two failed adequate antipsychotic trials means consider clozapine, with recommended ANC (hematologic) monitoring per the prescribing information."
qb_psy_008,attested,psychosis,sba,2,True,safety;next-step,t_psychosis.md,"A 32-year-old woman with schizophrenia started haloperidol 5 days ago. She is now febrile to 39.9°C, diaphoretic, and rigid. Nursing staff describe her muscle tone as 'like a pipe.' Her CK is 5,400. What is the most important immediate action?","A. Stop the antipsychotic immediately, transfer to a medical unit for supportive care, and monitor vital signs and CK serially — this is neuroleptic malignant syndrome. | B. Increase the antipsychotic dose — the psychotic agitation underlying the NMS-like symptoms requires more aggressive dopamine blockade. | C. Start empiric antibiotics — fever and rigidity after medication initiation represent a superimposed infection in an immunocompromised patient. | D. Administer a benzodiazepine for the agitation and recheck vitals in 4 hours before escalating.",A,"Stop the antipsychotic immediately, transfer to a medical unit for supportive care, and monitor vital signs and CK serially — this is neuroleptic malignant syndrome.","Agitation = antipsychotic, Fever = infection, and Treat and wait all delay the single most important intervention: stopping the antipsychotic. NMS is the can't-miss antipsychotic emergency — fever + lead-pipe rigidity + elevated CK after dopamine blocker initiation requires immediate drug cessation and medical-level care.",NMS: fever + lead-pipe rigidity + elevated CK after antipsychotic → stop the antipsychotic immediately and transfer to medical care.,"t_psychosis.md — Neuroleptic malignant syndrome (fever, rigidity, autonomic instability, elevated CK) is the can't-miss antipsychotic emergency — stop the antipsychotic and treat supportively."
qb_psy_009,attested,psychosis,sba,2,False,dx,t_psychosis.md,"A 21-year-old woman develops subacute psychosis, behavioral changes, and seizures over 4 weeks. She also has involuntary mouth movements and facial grimacing, and her family reports fluctuating states of agitation and relative unresponsiveness. Which diagnosis should be actively considered in this presentation?","A. Cannabis-induced psychosis — young adults with psychosis and behavioral changes most commonly have substance-induced illness. | B. Anti-NMDA receptor encephalitis — the combination of subacute psychosis with seizures, orofacial dyskinesias, and fluctuating consciousness characterizes this autoimmune syndrome and requires urgent CSF and antibody testing. | C. Schizophrenia — the presence of psychosis, behavioral change, and movement abnormalities in a young woman is classic for schizophrenia spectrum illness. | D. Bipolar disorder with psychotic features — the fluctuating states and behavioral change represent rapid cycling.",B,"Anti-NMDA receptor encephalitis — the combination of subacute psychosis with seizures, orofacial dyskinesias, and fluctuating consciousness characterizes this autoimmune syndrome and requires urgent CSF and antibody testing.","Substance first, Psychosis = schizophrenia, and Bipolar by default all produce premature diagnostic closure on a treatable condition. The page specifically names anti-NMDA receptor encephalitis as a can't-miss mimic: 'subacute psychosis with seizures, dyskinesias, autonomic instability' — the triad here maps directly to that presentation.",Subacute psychosis + seizures + orofacial dyskinesias + fluctuating consciousness = anti-NMDA receptor encephalitis until proven — urgent CSF and antibody testing.,"t_psychosis.md — Do not miss autoimmune/limbic encephalitis (e.g., anti-NMDA receptor encephalitis — subacute psychosis with seizures, dyskinesias, autonomic instability)."
qb_psy_010,attested,psychosis,sba,2,False,management;psychosocial,t_psychosis.md,"A 20-year-old man is diagnosed with first-episode schizophrenia. His family asks, 'What kind of treatment should we expect — just medication?' Which response best reflects the evidence-based approach for first-episode psychosis?","A. Yes — antipsychotic medication alone is the evidence-based standard for first-episode psychosis; psychosocial interventions are added only after medication stabilization. | B. Clozapine should be initiated immediately for first-episode schizophrenia — early aggressive treatment reduces DUP most effectively. | C. Coordinated specialty care, including antipsychotic medication, active family involvement, early psychosocial intervention, and integrated care — as supported by the RAISE project — is the evidence-based approach for first-episode psychosis. | D. The focus for first-episode psychosis should be on medication titration alone; family involvement risks creating dependency and should be avoided in young adults.",C,"Coordinated specialty care, including antipsychotic medication, active family involvement, early psychosocial intervention, and integrated care — as supported by the RAISE project — is the evidence-based approach for first-episode psychosis.","Medication alone for first episode, Skip the ladder, and Family involvement = dependency all fail to apply the RAISE evidence. The page explicitly states: 'For first-episode patients, RAISE supports coordinated specialty care with active family involvement and early psychosocial intervention, not medication alone.'","First-episode psychosis: coordinated specialty care (RAISE model) — medication + family involvement + psychosocial intervention from the start, not medication alone.","t_psychosis.md — For first-episode patients, RAISE supports coordinated specialty care with active family involvement and early psychosocial intervention, not medication alone."
qb_psy_011,attested,psychosis,sba,2,False,dx,t_psychosis.md,"A 78-year-old man with no prior psychiatric history is noted to be 'psychotic' — he is making nonsensical statements, appears to be responding to internal stimuli, and is alternating between agitation and somnolence. He was admitted 2 days ago for a hip fracture repair. Which diagnosis should be considered first?","A. Late-onset schizophrenia — psychosis with no prior history in an older adult indicates a late-onset primary psychotic disorder. | B. Bipolar disorder with late-onset psychotic mania — the agitation and apparent hallucinations indicate a mood disorder with psychotic features. | C. Brief psychotic disorder — the onset after a medical stressor meets the criteria for brief psychotic disorder. | D. Delirium — acute onset after surgery with fluctuating consciousness, inattention, disorganized thinking, and alternating agitation and somnolence is delirium until proven otherwise.",D,"Delirium — acute onset after surgery with fluctuating consciousness, inattention, disorganized thinking, and alternating agitation and somnolence is delirium until proven otherwise.","Psychosis = schizophrenia, Bipolar by default, and Stress-reactive psychosis all assign a primary psychiatric diagnosis to what is clinically delirium. The page states: 'Think delirium first in any acute, fluctuating presentation with inattention or clouded consciousness.' The alternating agitation and somnolence, post-surgical timing, and older age converge on the delirium diagnosis.","Delirium first in any acute, fluctuating presentation with clouded consciousness — new 'psychosis' after surgery in an older patient is delirium until proven otherwise.","t_psychosis.md — Think delirium first in any acute, fluctuating presentation with inattention or clouded consciousness."
qb_psy_012,attested,psychosis,sba,3,False,management,t_psychosis.md,"A 41-year-old man with treatment-resistant schizophrenia on clozapine for 6 months presents with 3 days of fever, severe constipation, and abdominal distension. His ANC is within the monitored range. Which clozapine adverse effect must be immediately considered?",A. Severe constipation progressing to ileus — an overlooked but potentially fatal clozapine complication; obstipation and abdominal distension require urgent evaluation. | B. Agranulocytosis — fever in a clozapine-treated patient always indicates a dropping ANC regardless of the current count. | C. Myocarditis — clozapine-associated myocarditis presents with fever and should be evaluated by cardiac workup first. | D. Clozapine toxicity — fever and abdominal symptoms indicate supratherapeutic levels requiring a dose reduction.,A,Severe constipation progressing to ileus — an overlooked but potentially fatal clozapine complication; obstipation and abdominal distension require urgent evaluation.,"All fever = agranulocytosis, Fever = myocarditis, and Toxicity explains everything all focus on the better-known risks while missing the one the presentation actually points to. The page explicitly states: 'severe constipation/ileus' as a serious clozapine risk that must be monitored 'beyond the ANC.' Ileus from clozapine is underrecognized and can be fatal.",Clozapine beyond the ANC: severe constipation → ileus is a potentially fatal complication; fever + abdominal distension in a clozapine-treated patient requires urgent GI evaluation.,"t_psychosis.md — Beyond the ANC: clozapine can cause myocarditis (especially in the first weeks), severe constipation/ileus, seizures, and orthostasis — monitor for these, not just the count."
qb_psy_013,attested,psychosis,two-tier,2,False,dx,t_psychosis.md,A 28-year-old woman presents with 2 weeks of auditory hallucinations and paranoid delusions coinciding with a severe depressive episode. Between prior mood episodes she has no psychotic symptoms. Which diagnosis is most consistent with this pattern?,"A. Schizophrenia — persistent auditory hallucinations lasting 2 weeks meet duration criteria for schizophrenia. | B. Mood disorder with psychotic features — psychosis confined to the mood episode and absent between episodes, distinguishing this from schizoaffective disorder or schizophrenia. | C. Schizoaffective disorder — concurrent psychosis and a mood episode always indicate schizoaffective disorder. | D. Brief psychotic disorder — the acute onset within a depressive episode qualifies for a brief psychotic disorder diagnosis.",B,"Mood disorder with psychotic features — psychosis confined to the mood episode and absent between episodes, distinguishing this from schizoaffective disorder or schizophrenia.","Psychosis = schizophrenia, Concurrent = schizoaffective, and Brief = distinct diagnosis all misidentify the key discriminating feature: does the psychosis persist independent of mood episodes? When psychosis is confined to mood episodes, the diagnosis is mood disorder with psychotic features, not schizophrenia or schizoaffective.",Psychosis confined to mood episodes = mood disorder with psychotic features; schizoaffective disorder requires ≥2 weeks of psychosis independent of any mood episode.,t_psychosis.md — Distinguish a mood disorder with psychotic features (psychosis confined to mood episodes) from a primary psychotic disorder.
qb_psy_014,attested,psychosis,sba,3,False,management,t_psychosis.md,A 33-year-old man with schizophrenia has had a modest response to risperidone 4 mg/day for 6 weeks. His attending considers this a non-response and wants to proceed to clozapine. The student questions whether the treatment resistance threshold has been met. What must be true before clozapine is indicated for treatment-resistant schizophrenia?,"A. One failed antipsychotic trial at any dose is sufficient to establish treatment resistance and justify clozapine. | B. Failure of any antipsychotic regardless of dose or duration qualifies — the current trial started 6 weeks ago and is adequate. | C. Two adequate antipsychotic trials — at therapeutic doses, for adequate durations — must be documented before treatment-resistant schizophrenia is established and clozapine is considered. | D. Trial of ECT followed by failure of one antipsychotic qualifies — somatic therapy plus pharmacotherapy failure establishes the threshold.",C,"Two adequate antipsychotic trials — at therapeutic doses, for adequate durations — must be documented before treatment-resistant schizophrenia is established and clozapine is considered.","One trial sufficient, Duration sufficient alone, and ECT in the ladder all misstate the threshold. The page defines treatment resistance as 'inadequate response to two adequate antipsychotic trials' — both trials must be at therapeutic doses for adequate durations. One partially-dosed trial does not qualify.","Treatment-resistant schizophrenia = inadequate response to two adequate antipsychotic trials (therapeutic dose, adequate duration) — both criteria must be met before clozapine.","t_psychosis.md — For treatment-resistant schizophrenia (inadequate response to two adequate antipsychotic trials), clozapine is the evidence-based agent."
qb_anx_003,attested,anxiety,sba,1,True,dx;next-step,t_anxiety.md,"A 29-year-old man with first-episode psychosis was started on haloperidol 3 days ago. He has been pacing the unit continuously, reports an inner urge to move, and the team has correctly identified this as akathisia. The attending decides that haloperidol should be continued for now at the same dose. Which pharmacological intervention has the strongest evidence as first-line treatment for akathisia in this setting?","A. Benztropine — anticholinergic agents are first-line for all antipsychotic-induced movement disorders, including akathisia. | B. Propranolol 20–40 mg BID — a non-selective beta-blocker with the strongest evidence base for akathisia from multiple small RCTs and Cochrane review. | C. Immediate switch to clozapine — clozapine's low D2 affinity eliminates akathisia risk and is the definitive treatment when any antipsychotic causes akathisia. | D. Standing diazepam — benzodiazepines are the first-line pharmacological agent for dopamine-blocker-induced restlessness.",B,Propranolol 20–40 mg BID — a non-selective beta-blocker with the strongest evidence base for akathisia from multiple small RCTs and Cochrane review.,"Anticholinergic first-line, Clozapine immediately, and Benzodiazepine first-line all misorient the management hierarchy. Propranolol (B) remains the standard first-line pharmacotherapy for akathisia when dose reduction or switching is not immediately available, and among the options offered it is the best-supported choice — but characterize the evidence honestly: the 2004 Cochrane review (Lima et al., CD001946) found only three small placebo-controlled RCTs (total n=51, ≤72 hours), could draw no firm conclusions, and judged the data insufficient to recommend beta-blockers for akathisia. The recommendation rests on early small trials and accumulated clinical practice rather than on positive systematic-review evidence. The management sequence is: (1) reduce antipsychotic dose or switch if possible — the mechanism fix; (2) propranolol when dose reduction isn't immediately available; (3) benztropine if parkinsonism co-exists; (4) benzodiazepine adjunct if symptoms remain severe. Avoid escalating the antipsychotic — the cardinal error.",Akathisia pharmacotherapy: propranolol 20–40 mg BID is first-line (strongest evidence); add benztropine if parkinsonism co-exists; benzodiazepine is third-line adjunct.,"t_anxiety.md 'When akathisia is identified' — Propranolol 20–40 mg BID is the pharmacological first-line for akathisia with the strongest evidence from multiple small RCTs and Cochrane review (Lima et al., Cochrane Database Syst Rev 2004). Management hierarchy: reduce dose or switch → propranolol → benztropine if parkinsonism co-exists → benzodiazepine adjunct."
qb_anx_004,attested,anxiety,sba,2,False,dx,t_anxiety.md,"A 52-year-old man is admitted to the inpatient psychiatry unit. He is anxious, diaphoretic, and tremulous. His heart rate is 102. He says he has always been 'an anxious person.' The team prepares to increase his home sertraline. Which step is most important before attributing this presentation to his anxiety disorder?","A. Obtain a psychiatric consultation — his elevated heart rate may indicate a panic attack requiring specialist evaluation. | B. Screen for medical and withdrawal causes first — diaphoresis, tachycardia, and tremor require workup for hyperthyroidism, withdrawal states, arrhythmia, and hypoglycemia before attributing symptoms to primary anxiety. | C. Increase the sertraline — the anxiety disorder history provides the most parsimonious explanation. | D. Obtain an ECG and troponin immediately — the anxiety symptoms likely represent cardiac ischemia.",B,"Screen for medical and withdrawal causes first — diaphoresis, tachycardia, and tremor require workup for hyperthyroidism, withdrawal states, arrhythmia, and hypoglycemia before attributing symptoms to primary anxiety.","Specialist before differential, Anchoring to prior diagnosis, and Single diagnosis before differential all bypass the foundational step. The page's first pearl: 'Anxiety is a symptom before it is a diagnosis — clear the medical and withdrawal mimics first.' In a newly admitted patient with diaphoresis, tremor, and tachycardia, alcohol or sedative withdrawal must top the differential.","Anxiety is a symptom before it is a diagnosis — clear medical and withdrawal mimics (thyroid, withdrawal, arrhythmia, hypoglycemia) before treating the disorder.","t_anxiety.md — Anxiety is a final common pathway, so screen the body first: cardiopulmonary causes, thyroid disease, hypoglycemia, caffeine and stimulant intoxication, and alcohol or benzodiazepine withdrawal."
qb_anx_005,attested,anxiety,sba,1,True,pharm;safety,t_anxiety.md,A 44-year-old woman with panic disorder and alcohol use disorder in early recovery is admitted for assessment. She is anxious and requesting 'something to help right away.' The student considers adding a standing lorazepam dose for anxiety management. Which response reflects the inpatient standard?,"A. Start lorazepam 0.5 mg twice daily and titrate to response — benzodiazepines are first-line for inpatient anxiety. | B. Give a single dose of lorazepam now and plan to stop it in 24 hours — brief PRN use avoids dependence. | C. Avoid standing benzodiazepines on the inpatient unit — they drive dependence, falls, and delirium, and are especially hazardous with comorbid SUD; use skills-based approaches and SSRI/SNRI planning instead. | D. Benzodiazepines are acceptable for a few days in any patient — dependence only develops with chronic outpatient use.",C,"Avoid standing benzodiazepines on the inpatient unit — they drive dependence, falls, and delirium, and are especially hazardous with comorbid SUD; use skills-based approaches and SSRI/SNRI planning instead.","Benzos for anxiety disorder, One dose is safe, and Inpatient benzos safe short-term all contradict the page's explicit guidance. The page states: 'Avoid standing benzodiazepines on the unit — they drive dependence, falls, and delirium, and are especially hazardous with comorbid SUD or in older adults.' This patient has both risk factors.","Standing benzodiazepines are a liability on the inpatient unit — dependence, falls, delirium; especially avoid with SUD or in older adults; use SSRIs + behavioral skills instead.","t_anxiety.md — Avoid standing benzodiazepines on the unit — they drive dependence, falls, and delirium, and are especially hazardous with comorbid SUD or in older adults."
qb_anx_006,attested,anxiety,sba,2,False,management,t_anxiety.md,A 32-year-old man with OCD spends 4–6 hours daily performing handwashing and checking rituals that he recognizes as excessive. He asks what the most effective treatment for his OCD is. Which response is most accurate?,"A. Cognitive restructuring — identifying and challenging the distorted beliefs underlying the OCD cognitions is the first-line behavioral approach. | B. Prolonged exposure — reliving the feared OCD content in an imaginal narrative is the evidence-based treatment for OCD. | C. Mindfulness-based stress reduction — cultivating non-judgmental awareness of obsessional thoughts reduces their power over the patient's behavior. | D. Exposure and response prevention (ERP) — gradually exposing the patient to feared triggers while preventing the compulsive ritual, breaking the anxiety-reduction cycle that maintains OCD.",D,"Exposure and response prevention (ERP) — gradually exposing the patient to feared triggers while preventing the compulsive ritual, breaking the anxiety-reduction cycle that maintains OCD.","Cognitive restructuring over ERP, ERP confused with PE, and Mindfulness over ERP all substitute adjacent techniques for the specific evidence-based intervention. The page states: 'Definitive treatment is behavioral — ERP for OCD.' The mechanism of ERP (exposure + ritual prevention breaks the anxiety-reduction cycle) is what distinguishes it from general cognitive or mindfulness work.","First-line behavioral treatment for OCD is ERP (exposure and response prevention) — not PE (which is PTSD), not generic CBT, not mindfulness alone.",t_anxiety.md — Pair pharmacology with disorder-specific behavioral work: exposure and response prevention (ERP) for OCD.
qb_anx_007,attested,anxiety,sba,2,False,dx,t_anxiety.md,"A 29-year-old man is admitted from the emergency department with a possible psychotic disorder. He is noted to perform elaborate ritualized behaviors before eating — arranging his tray precisely, touching items in a fixed sequence, and repeating phrases — and he becomes extremely distressed if interrupted. He describes intrusive thoughts about contamination. He acknowledges the behaviors are excessive and senseless but cannot stop performing them. Which is the most accurate interpretation of this presentation?","A. OCD can masquerade as psychosis when rituals are elaborate — the structured, ego-dystonic nature of the rituals and the contamination preoccupation are consistent with OCD, not a primary psychotic disorder. | B. This confirms a psychotic disorder with magical thinking — ritualized behavior during a psychotic episode indicates command hallucinations driving the rituals. | C. This is catatonia — the stereotyped movements and distress on interruption indicate a catatonic episode requiring lorazepam challenge. | D. This represents an autism spectrum disorder with restricted/repetitive behaviors — pursue developmental history and ASD workup.",A,"OCD can masquerade as psychosis when rituals are elaborate — the structured, ego-dystonic nature of the rituals and the contamination preoccupation are consistent with OCD, not a primary psychotic disorder.","Rituals = psychosis, Stereotypy = catatonia, and Repetitive behavior = ASD all replace OCD with other diagnoses based on surface features. The page notes: 'OCD can masquerade as psychosis when rituals are elaborate.' The discriminating features are ego-dystonicity (patient recognizes the ritual as excessive) and the contamination obsession → relief-seeking ritual chain.",Elaborate ego-dystonic rituals + contamination obsessions on a psychiatric unit = OCD masquerading as psychosis — clarify ego-dystonicity before committing to a psychosis diagnosis.,"t_anxiety.md — OCD can masquerade as psychosis when rituals are elaborate, or as treatment refusal when contamination fears collide with the milieu."
qb_anx_008,attested,anxiety,two-tier,2,False,dx;management,t_anxiety.md,"A student is reviewing a patient with OCD and notes serial Y-BOCS scores in the chart: 32 on admission, 24 at one week, and 20 at two weeks. The attending asks the student to interpret what the Y-BOCS measures and what these scores indicate. Which response is most accurate?","A. The Y-BOCS is a patient self-report symptom checklist for OCD — scores above 20 indicate clinical disorder; a drop from 32 to 20 reflects the patient's subjective sense of improvement. | B. The Y-BOCS (Yale-Brown Obsessive-Compulsive Scale) is the gold-standard clinician-rated measure of OCD severity and treatment response — it includes obsession and compulsion domains scored separately, and the drop from 32 to 20 indicates a meaningful response to treatment. | C. The Y-BOCS is a broadband anxiety screen — it measures generalized anxiety severity across all anxiety disorders and is used to track treatment response in any anxiety condition. | D. The Y-BOCS is a behavioral observation tool completed by nursing staff during the hospital stay, documenting observable compulsive behaviors rather than the patient's internal experience.",B,"The Y-BOCS (Yale-Brown Obsessive-Compulsive Scale) is the gold-standard clinician-rated measure of OCD severity and treatment response — it includes obsession and compulsion domains scored separately, and the drop from 32 to 20 indicates a meaningful response to treatment.","Y-BOCS = self-report, Broadband anxiety screen, and Behavioral observation only all mischaracterize the instrument. The page specifically names the Y-BOCS as 'the gold-standard clinician-rated measure of OCD severity and treatment response.' Serial tracking — obsessions and compulsions scored separately — is the measure's primary clinical value.","Y-BOCS = gold-standard clinician-rated OCD scale; obsessions and compulsions scored separately; use it to track treatment response, not just screen at baseline.",t_anxiety.md — The scale to know for OCD is the Y-BOCS (Yale-Brown Obsessive-Compulsive Scale) — the gold-standard clinician-rated measure of OCD severity and treatment response.
qb_anx_009,attested,anxiety,sba,3,False,management;psychosocial,t_anxiety.md,"A 34-year-old woman with PTSD is admitted following a psychiatric emergency. During nursing assessment, she becomes acutely distressed, raises her voice, and states, 'Don't touch me — get away from me.' Two staff members consider initiating a hold. The attending pauses and asks the team to consider the clinical frame. Which interpretation best reflects trauma-informed care?","A. The patient's behavior meets criteria for involuntary hold — refusing assessment endangers the evaluation process. | B. This is treatment-seeking behavior — the distress indicates she wants more intense intervention; respond by offering medication. | C. This likely represents trauma activation — PTSD may surface as hyperarousal and reactions to perceived threats; the trauma-informed response is to pause, explain procedures, offer choices, and avoid restraint. | D. The verbal aggression may be a prodrome of violence — activate the behavioral emergency protocol for potential assault.",C,"This likely represents trauma activation — PTSD may surface as hyperarousal and reactions to perceived threats; the trauma-informed response is to pause, explain procedures, offer choices, and avoid restraint.","Refusal = hold criteria, Distress = medication need, and Verbal escalation = imminent assault all trigger coercive responses that retraumatize. The page explicitly states: 'PTSD may surface as hyperarousal, nightmares, or a behavioral reaction to restraint, seclusion, or a same-gender vs. opposite-gender examiner.' Trauma-informed care — 'predictability, explained procedures, offered choices, and minimized restraint/seclusion — reduces retraumatization and lowers behavioral escalation.'","PTSD may surface as behavioral distress on the unit; trauma-informed care (predictability, choice, explain procedures, minimize restraint) reduces both retraumatization and escalation.","t_anxiety.md — Wrap all of it in trauma-informed care — predictability, explained procedures, offered choices, and minimized restraint/seclusion — which both reduces retraumatization and lowers behavioral escalation."
qb_anx_010,attested,anxiety,sba,2,False,dx;management,t_anxiety.md,"A 26-year-old combat veteran is admitted for a depressive episode. He is being interviewed by a female medical student when he abruptly terminates the interview and states he cannot continue. He has nightmares, is hypervigilant, and startle-reactive. The student asks the attending how to understand this behavior clinically. Which is most accurate?",A. The patient is likely psychotic — the refusal to engage with an examiner is a negative symptom or paranoia. | B. The patient is non-adherent and should be counseled on the importance of clinical cooperation. | C. This may represent a personality disorder — emotional dysregulation and interview termination suggest borderline features. | D. PTSD may surface as behavioral reactions to specific examiners or triggers; this combat veteran's avoidance of a female examiner is a recognized PTSD presentation — accommodate the trigger rather than pathologizing the refusal.,D,PTSD may surface as behavioral reactions to specific examiners or triggers; this combat veteran's avoidance of a female examiner is a recognized PTSD presentation — accommodate the trigger rather than pathologizing the refusal.,"Avoidance = psychosis, Avoidance = non-compliance, and Avoidance = personality disorder all pathologize what is a PTSD-specific behavioral response. The page is explicit: 'PTSD may surface as hyperarousal, nightmares, or a behavioral reaction to restraint, seclusion, or a same-gender vs. opposite-gender examiner.' Accommodation (e.g., offering a male examiner) is the clinical response.","PTSD may present on the unit as interview refusal or agitation related to specific triggers (examiner gender, restraint, procedures) — accommodate the trigger rather than pathologizing the refusal.","t_anxiety.md — PTSD may surface as hyperarousal, nightmares, or a 'behavioral' reaction to restraint, seclusion, or a same-gender vs. opposite-gender examiner."
qb_anx_011,attested,anxiety,sba,2,False,management,t_anxiety.md,"A 39-year-old woman with PTSD is ready for discharge after a brief inpatient stay. She was started on sertraline. The resident says, 'She's on an SSRI — she's set.' The attending asks the student to identify what is missing from this discharge plan.","A. She should also have a benzodiazepine prescription for acute anxiety management in the first few weeks after discharge. | B. The discharge plan is complete — SSRIs are the evidence-based treatment for PTSD, and outpatient titration will complete the course. | C. She needs a referral to outpatient therapy that can deliver prolonged exposure (PE) or cognitive processing therapy (CPT) — medication alone does not finish the job; the behavioral component is the definitive treatment for PTSD. | D. The sertraline dose should be maximized before discharge — achieving therapeutic dosing during inpatient stay makes outpatient follow-up less urgent.",C,She needs a referral to outpatient therapy that can deliver prolonged exposure (PE) or cognitive processing therapy (CPT) — medication alone does not finish the job; the behavioral component is the definitive treatment for PTSD.,"Discharge benzo for anxiety, Medication alone is sufficient, and Maximize dose before discharge all miss the key gap. The page states: 'Confirm the SSRI/SNRI is at a tolerated dose with a clear titration plan, and verify outpatient follow-up that can deliver ERP, PE, or CPT — the medication rarely finishes the job alone.' PE or CPT referral is the explicit discharge requirement.",Medication alone rarely finishes the PTSD treatment job — discharge requires a referral to outpatient PE or CPT; confirming the behavioral therapy access is a discharge criterion.,"t_anxiety.md — Confirm the SSRI/SNRI is at a tolerated dose with a clear titration plan, and verify outpatient follow-up that can deliver ERP, PE, or CPT — the medication rarely finishes the job alone."
qb_anx_012,attested,anxiety,two-tier,3,False,management,t_anxiety.md,A student is preparing a PTSD psychoeducation handout and wants to explain the difference between prolonged exposure (PE) and cognitive processing therapy (CPT). Both are listed as evidence-based treatments in the patient's discharge plan. Which statement about the distinction is most accurate?,"A. PE and CPT are the same treatment with different names used by different institutions. | B. PE focuses on identifying and challenging maladaptive beliefs ('stuck points') about the trauma and its meaning; CPT focuses on repeated imaginal and in-vivo exposure to trauma-related memories and avoided stimuli. | C. PE focuses on gradual, repeated imaginal and in-vivo exposure to the trauma memory and avoided triggers to reduce conditioned fear; CPT targets cognitive stuck points — maladaptive beliefs about safety, trust, power, esteem, and intimacy altered by the trauma. | D. PE is behavioral (no cognitive component) and requires revisiting the trauma narrative; CPT is purely cognitive (no behavioral component) and avoids discussing the trauma entirely.",C,"PE focuses on gradual, repeated imaginal and in-vivo exposure to the trauma memory and avoided triggers to reduce conditioned fear; CPT targets cognitive stuck points — maladaptive beliefs about safety, trust, power, esteem, and intimacy altered by the trauma.",PE = CPT and Behavioral vs cognitive = entirely separate flatten the distinction. The page names both PE and CPT as first-line behavioral treatments for PTSD. Knowing that PE works through fear extinction via exposure and CPT works through cognitive restructuring of stuck points is the key clinical distinction for recommending or describing the referral.,"PE = repeated exposure to trauma memory and avoided triggers; CPT = cognitive stuck points about safety/trust/esteem altered by trauma — both are first-line for PTSD, mechanisms differ.","t_anxiety.md — Definitive treatment is behavioral — ERP for OCD, PE/CPT for PTSD, interoceptive exposure for panic."
qb_eth_007,attested,ethics,sba,1,True,safety;management,ethics_legal.md,"During an outpatient psychiatry session, a 34-year-old man with paranoid schizophrenia states, 'I have a gun at home. When John Smith gets out of prison next month, I'm going to kill him.' John Smith is his estranged brother. Which action is most appropriate?","A. Escalate by warning the potential victim, notifying law enforcement, or hospitalizing the patient — a specific threat to an identifiable person triggers a duty to protect, and confidentiality yields to this obligation. | B. Maintain confidentiality — the threat is against a family member, and family threats are not covered by the Tarasoff duty. | C. Document the threat and reassess at the next session — the duty to warn only applies to imminent threats. | D. Consult with a supervisor and take no other action until legal counsel is contacted — clinicians must confirm the legal requirement before taking any action.",A,"Escalate by warning the potential victim, notifying law enforcement, or hospitalizing the patient — a specific threat to an identifiable person triggers a duty to protect, and confidentiality yields to this obligation.","Family exception, Imminence required, and Legal clearance first all create barriers to a clinically required action. The page states: 'A specific threat to a specific person overrides confidentiality.' The duty to protect may be fulfilled by warning the victim, notifying police, hospitalizing the patient, or intensifying treatment — and specifics vary by state, but the tested principle is clear.","Tarasoff: a specific threat to an identifiable victim overrides confidentiality — warn, notify police, or hospitalize; inaction in a credible threat is not a safe option.",ethics_legal.md — A serious threat to an identifiable victim triggers a duty to protect (Tarasoff) — confidentiality yields.
qb_eth_008,attested,ethics,sba,1,True,safety;management,ethics_legal.md,"A 6-year-old boy is brought to the pediatrician with multiple bruises in various stages of healing. His mother explains that he 'bruises easily.' The student suspects possible physical abuse but is uncertain. There are no obvious fractures, and the child denies being hurt. Which is the correct action?","A. Do not report yet — a definitive diagnosis of abuse must be established before filing a report, and reporting uncertainty could harm an innocent family. | B. File a mandatory report with child protective services immediately — mandatory reporters must report on reasonable suspicion, not proof, and good-faith reporters are legally protected. | C. Refer to a social worker and wait for a social assessment before deciding whether to report — the social worker's professional judgment supersedes the clinician's obligation. | D. Conduct a formal forensic assessment before reporting — premature reports reduce the accuracy of subsequent forensic interviews.",B,"File a mandatory report with child protective services immediately — mandatory reporters must report on reasonable suspicion, not proof, and good-faith reporters are legally protected.","Proof required to report, Social work replaces report, and Forensic assessment before report all create delays in a child protection obligation. The page states: 'Reporting requires reasonable suspicion, not proof, and mandated reporters are generally protected when reporting in good faith.' Multiple healing bruises is reasonable suspicion; that is the threshold.","Mandatory reporting for child abuse requires reasonable suspicion, not proof — good-faith reporters are protected; report now and let CPS investigate.","ethics_legal.md — Report suspected child abuse or neglect and elder/dependent-adult abuse — reporting requires reasonable suspicion, not proof, and mandated reporters are generally protected when reporting in good faith."
qb_eth_003,attested,ethics,sba,2,False,management,ethics_legal.md,"A 38-year-old man with schizophrenia is involuntarily hospitalized following an acute psychotic episode with danger to others. On day 2, he states that he refuses to take haloperidol. The team wants to medicate him over his objection because 'he's committed.' Which statement is most accurate?",A. Involuntary hospitalization authorizes involuntary medication — the commitment order supersedes the patient's medication refusal. | B. The team should use a shorter-acting intramuscular formulation — minimizing the degree of involuntary intervention makes the override ethically permissible. | C. Involuntary hospitalization does NOT authorize involuntary medication; overriding the refusal requires either a true emergency (imminent danger) or a separate legal or adjudicated process independent of the commitment. | D. The patient's schizophrenia diagnosis implies impaired judgment — a psychiatric diagnosis automatically confers authority to override medication refusal.,C,Involuntary hospitalization does NOT authorize involuntary medication; overriding the refusal requires either a true emergency (imminent danger) or a separate legal or adjudicated process independent of the commitment.,"Commitment = consent to medicate, Route reduces ethical constraint, and Diagnosis = impaired capacity are all versions of the same error. The page is clear: 'Involuntary hospitalization does NOT by itself authorize involuntary medication.' Overriding refusal requires an imminent-danger emergency or a separate legal/adjudicated process. Commitment status and medication consent are independent legal states.",Commitment ≠ consent to medicate — involuntary hospitalization does not override medication refusal; a separate emergency or legal process is required.,"ethics_legal.md — Involuntary hospitalization does NOT by itself authorize involuntary medication. Separate the four legal states: voluntary vs committed, and has-capacity vs court-determined-incompetent."
qb_eth_004,attested,ethics,sba,2,False,management,ethics_legal.md,A patient with delirium cannot provide coherent consent for an emergent procedure. The family asks if the patient 'has been declared incompetent.' The resident responds that the patient 'lacks capacity.' The family seems confused by the distinction. Which explanation is most accurate?,"A. Capacity and competence are synonymous — they differ only in which professional makes the determination. | B. Competence is a clinical determination made by a physician or psychiatrist; capacity is a legal determination that requires a court order when the clinical team is uncertain about the patient's decision-making status. | C. Incompetence is determined by a psychiatrist through formal neuropsychological testing; capacity is determined by a court based on a jury's judgment. | D. Capacity is clinical and decision-specific — assessed by any physician for a particular decision at a point in time; competence is a legal determination made by a court, applicable more globally.",D,"Capacity is clinical and decision-specific — assessed by any physician for a particular decision at a point in time; competence is a legal determination made by a court, applicable more globally.","Capacity = competence, Description with keys swapped (B), and Roles reversed all miss the key discriminators. The page states: 'Capacity is decision-specific and clinical (a physician assesses it); competence is a legal determination (a court decides).' Option D captures both discriminators — the clinical/legal distinction AND the decision-specific nature of capacity.","Capacity = clinical, decision-specific (physician decides); competence = legal determination (court decides) — they are not interchangeable.",ethics_legal.md — Capacity is decision-specific and clinical (a physician assesses it); competence is a legal determination (a court decides).
qb_eth_005,attested,ethics,sba,2,False,management,ethics_legal.md,"A 62-year-old man is informed of the risks, benefits, and alternatives of a recommended ECT course; his cognition is grossly intact on interview, though no formal capacity assessment has been documented. He is under no coercion and says, 'I understand what you've told me, and I want to have ECT.' Which component of informed consent has NOT yet been addressed?","A. He has expressed a choice — the consent is now complete because all required elements are present. | B. The emergency exception permits ECT without formal consent in this case — ECT is a medical urgency. | C. Voluntariness has not been assessed — the stem confirms disclosure and that the patient made a choice, but does not confirm he is free from undue influence, coercion, or therapeutic misconception. | D. A formal clinical capacity assessment has not been explicitly performed — consent requires capacity, disclosure (risks/benefits/alternatives), and voluntariness; disclosure and voluntariness are confirmed in the stem, but capacity is asserted by the word 'intact cognition' without a documented four-ability assessment.",D,"A formal clinical capacity assessment has not been explicitly performed — consent requires capacity, disclosure (risks/benefits/alternatives), and voluntariness; disclosure and voluntariness are confirmed in the stem, but capacity is asserted by the word 'intact cognition' without a documented four-ability assessment.","Choice = consent and Emergency exception for ECT overlook the structure of valid consent. Valid consent requires ALL three: capacity + disclosure + voluntariness. Disclosure is confirmed (risks/benefits/alternatives given), voluntariness is confirmed ('under no coercion'), but formal capacity documentation — the four abilities: communicate a choice, understand, appreciate, reason — is described as 'intact cognition' without a documented assessment. This is the gap.",Informed consent = capacity + disclosure + voluntariness — all three must be documented; 'intact cognition' is not the same as a documented capacity assessment.,"ethics_legal.md — Valid consent requires capacity, disclosure (risks/benefits/alternatives), and voluntariness. The four abilities: communicate a choice, understand, appreciate, and reason."
qb_eth_006,attested,ethics,sba,3,False,management,ethics_legal.md,"A 15-year-old presents to an outpatient clinic requesting evaluation and treatment for alcohol use disorder. He does not want his parents informed. His parents are alive, married, and have not relinquished guardianship. Which framework applies?","A. Parental consent is always required for minors — the 15-year-old cannot consent to or receive evaluation without parental involvement. | B. In many states, minors may consent to and receive substance use treatment without parental consent — this is one of the recognized statutory exceptions to the general parental consent rule; however, specific state law governs. | C. Since he is 15, he is an emancipated minor in most states — emancipation applies to all minors above age 14. | D. Adolescent confidentiality cannot be protected in substance use treatment — HIPAA requires parental access to minor treatment records in all clinical contexts.",B,"In many states, minors may consent to and receive substance use treatment without parental consent — this is one of the recognized statutory exceptions to the general parental consent rule; however, specific state law governs.","Minor always requires parental consent, Emancipation by age, and HIPAA overrides minor confidentiality all misstate the legal framework. The page states: 'In many states, care for STIs, contraception, substance use, and some mental-health services' are exceptions to the general parental consent requirement. The correct answer acknowledges the exception while noting state variation.","In many states, minors can consent to substance use treatment without parental involvement — this is a recognized statutory exception; state law governs the specifics.","ethics_legal.md — Parents/guardians generally consent for minors, with exceptions (emancipated/mature minors and, in many states, care for STIs, contraception, substance use, and some mental-health services)."
qb_per_005,attested,personality,sba,1,True,pharm;safety,t_personality.md,A 27-year-old woman with borderline personality disorder is admitted following a suicide attempt by overdose. The treating team is considering starting lorazepam to help manage her emotional lability and distress between therapy sessions. Which evidence-based statement most accurately characterizes this plan?,"A. Benzodiazepines should not be started or escalated for BPD symptoms or crisis distress — they are associated with the highest risk of attempted or completed suicide of any psychotropic class studied in this population and worsen disinhibition. | B. A short 5-day lorazepam course is safe — the risk only applies to chronic outpatient benzodiazepine use, not brief inpatient administration. | C. Benzodiazepines are acceptable in BPD when prescribed at the lowest effective dose — the risk-benefit ratio favors treatment for acute distress. | D. Lorazepam is first-line for BPD crisis management — emotional lability is its primary pharmacological target.",A,Benzodiazepines should not be started or escalated for BPD symptoms or crisis distress — they are associated with the highest risk of attempted or completed suicide of any psychotropic class studied in this population and worsen disinhibition.,"Inpatient benzos safe short-term, Low dose = safe, and Benzo for BPD emotional dysregulation all lead to starting a contraindicated drug class. The page is explicit: 'Never start or escalate benzodiazepines in BPD — highest risk of attempted or completed suicide of any class (Lieslehto 2023); reach for skills, not pills.'","Never start or escalate benzodiazepines for BPD symptoms or crisis distress — they carry the highest suicide risk of any psychotropic class in this population; use skills, not pills.","t_personality.md — Never start or escalate benzodiazepines in BPD — highest risk of attempted or completed suicide of any psychotropic class studied in BPD (HR 1.61, 95% CI 1.45–1.78; Lieslehto 2023) and worsen disinhibition."
qb_per_006,attested,personality,sba,2,False,psychosocial;management,t_personality.md,"A patient with borderline personality disorder has been admitted for one week. Day-shift nurses describe her as 'demanding and exhausting,' while night-shift nurses call her 'our most engaged patient.' The team recognizes this as splitting. Which response most directly addresses the splitting dynamic?","A. Have the primary clinician confront the patient with both accounts of her behavior — addressing the pattern directly will reduce the manipulative splitting. | B. Bring the divergent staff perceptions to the next team meeting; establish a unified care plan with consistent limits, shared documentation, and identical responses from all staff. | C. Rotate staff assignments so different nurses interact with the patient each shift, preventing any single staff member from becoming the 'good' or 'bad' object. | D. Document the staff disagreement in the chart as evidence of inconsistent care quality and file a milieu management concern.",B,"Bring the divergent staff perceptions to the next team meeting; establish a unified care plan with consistent limits, shared documentation, and identical responses from all staff.","Confront the patient, Rotation reduces splitting, and Document the disagreement all fail the unified-team response. The source states: 'Apply consistent, transparent limit-setting and communicate as a unified team — shared notes and handoffs blunt splitting.' Bringing divergent perceptions to rounds is the clinical intervention.","Splitting in BPD is treated by team unity — shared notes, consistent limits, and bringing divergent perceptions to rounds; confronting the patient or rotating staff backfires.","t_personality.md — Apply consistent, transparent limit-setting and communicate as a unified team — shared notes and handoffs blunt splitting and prevent staff from being divided into 'good' and 'bad.' Bring observed splitting or team-division to rounds so the plan stays unified."
qb_per_003,attested,personality,sba,2,False,safety,t_personality.md,"A 24-year-old woman with borderline personality disorder has had 6 psychiatric admissions in the past 2 years, each following an episode of suicidal ideation and non-suicidal self-injury after an interpersonal rupture. She describes ongoing passive suicidal ideation at baseline. Tonight she is calm, the relationship dispute that triggered this admission has somewhat resolved, and her self-harm behaviors have decreased. How should the team conceptualize the discharge planning?","A. She should be admitted as long as suicidal ideation is present — admission ends only when suicidal ideation resolves completely. | B. Discharge should be planned now that the acute crisis has resolved — her chronic suicidality is managed primarily through collaborative safety planning and outpatient therapy, not serial acute admissions. | C. Transfer to a long-term residential program is the appropriate step — repeated admissions indicate that outpatient treatment has failed. | D. Increase the frequency of psychiatric medications — the recurrent admissions indicate inadequate pharmacotherapy.",B,"Discharge should be planned now that the acute crisis has resolved — her chronic suicidality is managed primarily through collaborative safety planning and outpatient therapy, not serial acute admissions.","Admission until SI resolves, Repeated admissions = step up, and Polypharmacy for BPD all fail to apply the chronic-vs-acute distinction. The page is explicit: 'For chronic suicidality, collaborative safety planning is often preferable to repeated or prolonged admission, which can reinforce the hospital as the primary coping strategy.' Discharge planning after acute-on-chronic resolution is the correct frame.","Chronic BPD suicidality ≠ acute crisis — distinguish the baseline from escalation; safety planning + outpatient DBT, not serial admissions, manage the chronic pattern.","t_personality.md — For chronic suicidality, collaborative safety planning is often preferable to repeated or prolonged admission, which can reinforce the hospital as the primary coping strategy."
qb_per_004,attested,personality,sba,3,False,dx,t_personality.md,"A 31-year-old woman with a documented BPD diagnosis is admitted with severe depressive symptoms, inability to get out of bed, anhedonia, and new passive suicidal ideation. A third-year student says, 'She has BPD — this is probably just her mood lability.' The attending asks the student to reflect on this reasoning. What is the specific error in this approach?",A. BPD should not be diagnosed in women under 35 — the patient's age makes the diagnosis questionable. | B. The student should have assessed self-harm first before considering mood symptoms. | C. BPD mood lability is transient and identity-driven; sustained anhedonia and neurovegetative symptoms over days are fully explained by BPD dysregulation and do not warrant evaluation for superimposed major depression. | D. The student is using diagnostic overshadowing — attributing the depressive symptoms to the BPD diagnosis and under-investigating a potentially treatable mood episode; a BPD diagnosis does not protect a patient from also having major depression.,D,The student is using diagnostic overshadowing — attributing the depressive symptoms to the BPD diagnosis and under-investigating a potentially treatable mood episode; a BPD diagnosis does not protect a patient from also having major depression.,"Age-based BPD exclusion and Sequence error miss the core error. Option C is the error itself in clinical clothing — its accurate opening (BPD mood lability is transient and reactive) is used to license the false conclusion that sustained anhedonia and neurovegetative symptoms need no evaluation for superimposed major depression; key D names that error and its mechanism. The page calls this 'the cardinal error: diagnostic overshadowing — letting a personality label cause you to under-treat a real, acute, treatable illness.'","Diagnostic overshadowing in BPD: never let a personality diagnosis suppress investigation of a treatable comorbid mood, psychotic, or substance disorder.","t_personality.md — The cardinal error is diagnostic overshadowing: letting a personality label cause you to under-treat a real, acute, treatable illness. A BPD diagnosis does not protect a patient from also having a serious mood, psychotic, or medical condition."
qb_cdev_001,attested,childdev,sba,1,True,dx;next-step,t_neurodev.md,"A 22-year-old man with autism spectrum disorder and intellectual disability who lives in a group home is admitted for acute behavioral escalation — he became agitated and hit a staff member after a change in his daily routine. A nurse says, 'He has ASD — this is probably just how he behaves.' Which response reflects the correct clinical approach?","A. Agree — behavioral escalation is expected in ASD and does not require further workup. | B. New behavioral escalation in a patient with ASD or ID earns a medical workup — diagnostic overshadowing (assuming new behavior is just the developmental disorder) is the cardinal error; screen for pain, constipation, infection, dental problems, and medication effects before attributing to baseline. | C. Start risperidone immediately — it is FDA-approved for autism and will treat the behavioral dyscontrol. | D. Contact the group home about the routine change — environmental causes are the only plausible explanation for behavioral escalation in ASD.",B,"New behavioral escalation in a patient with ASD or ID earns a medical workup — diagnostic overshadowing (assuming new behavior is just the developmental disorder) is the cardinal error; screen for pain, constipation, infection, dental problems, and medication effects before attributing to baseline.","Baseline dismissal, Medication before assessment, and Environmental cause only all skip the foundational step. The page's first pearl: 'Diagnostic overshadowing is the cardinal error — new symptoms in ASD/ID earn a workup, not a shrug.' Behavior is communication; medical drivers must be excluded before attributing to baseline or starting a psychotropic.","Diagnostic overshadowing in ASD/ID: new behavioral escalation always earns a workup for pain, constipation, infection, dental issues, and medications before attributing to baseline.","t_neurodev.md — Diagnostic overshadowing is the cardinal error — new symptoms in ASD/ID earn a workup, not a shrug. Behavior is communication; look for pain and medical drivers before sedation."
qb_cdev_002,attested,childdev,sba,2,False,pharm,t_neurodev.md,An 18-year-old with autism spectrum disorder is admitted for aggressive behavior. His parents ask if medication can 'help with his autism.' The team considers starting risperidone. Which statement about the pharmacological target of risperidone in ASD is most accurate?,"A. Risperidone is FDA-approved to improve the core social-communication deficits of autism, including eye contact, reciprocal conversation, and restricted interests. | B. Risperidone is effective for all ASD-related behavioral symptoms when used at sufficient doses — including social withdrawal, repetitive behaviors, and communication deficits. | C. Risperidone and aripiprazole are FDA-approved for irritability and aggression associated with autism — they do not treat the core social-communication features; target symptoms must be explicitly defined, and metabolic monitoring is required. | D. Risperidone is a first-line agent for all behaviors in any patient with autism regardless of severity — it should be started prophylactically to prevent aggression.",C,"Risperidone and aripiprazole are FDA-approved for irritability and aggression associated with autism — they do not treat the core social-communication features; target symptoms must be explicitly defined, and metabolic monitoring is required.","Antipsychotic treats core ASD features, Sufficient dose treats all features, and Prophylactic antipsychotic all misstate the indication. The page is specific: 'Risperidone and aripiprazole are FDA-approved for irritability/aggression associated with autism (they do NOT treat the core social-communication features), so target symptoms explicitly, monitor metabolically, and avoid reflexive standing antipsychotics.'",Risperidone/aripiprazole treat autism-associated irritability/aggression (FDA-approved) — they do NOT treat core social-communication features; always document the target symptom.,"t_neurodev.md — Antipsychotics (risperidone, aripiprazole) treat autism-associated irritability, not the core social-communication features."
qb_cdev_003,attested,childdev,sba,3,False,dx,t_neurodev.md,"A 16-year-old boy with a childhood diagnosis of ADHD is admitted following his first episode of several days of markedly decreased sleep, grandiosity, pressured speech, and impulsive behavior. His parents report that his ADHD has 'always been there' but this episode is 'completely different.' His Vanderbilt score from 3 years ago documented inattention and hyperactivity across home and school settings. Which interpretation is most accurate?","A. This is undertreated ADHD — intensifying stimulant therapy will address the behavioral escalation. | B. The childhood ADHD diagnosis rules out bipolar disorder — the two cannot co-occur. | C. The decreased sleep, grandiosity, and pressured speech are likely stimulant side effects from his ADHD medications — reduce the dose and reassess before considering a mood diagnosis. | D. ADHD is chronic and cross-situational from childhood; episodic presentations with mood elevation, decreased need for sleep, and grandiosity are mood or substance flags, not ADHD exacerbations — this clinical picture warrants a first manic episode evaluation, not a stimulant adjustment.",D,"ADHD is chronic and cross-situational from childhood; episodic presentations with mood elevation, decreased need for sleep, and grandiosity are mood or substance flags, not ADHD exacerbations — this clinical picture warrants a first manic episode evaluation, not a stimulant adjustment.","ADHD intensification for episodic change and ADHD excludes bipolar both apply the wrong clinical framework. Option C is also incorrect: the stem never establishes stimulant treatment, and several days of decreased need for sleep, grandiosity, and pressured speech constitute a manic syndrome rather than a stimulant side effect — the correct move is a first manic episode evaluation now (holding any stimulant), not a dose reduction with a deferred mood assessment. The page explicitly states: 'ADHD is chronic, pervasive, and cross-situational from childhood; mania is episodic with mood elevation, decreased need for sleep, and grandiosity — episodic ADHD-like symptoms are a mood or substance flag.'","ADHD is chronic and cross-situational from childhood; a new episodic presentation with decreased sleep, grandiosity, and pressured speech is a first manic episode flag — not an ADHD exacerbation.","t_neurodev.md — ADHD is chronic, pervasive, and cross-situational from childhood; mania is episodic with mood elevation, decreased need for sleep, and grandiosity. Episodic 'ADHD-like' symptoms are a mood or substance flag."
qb_cdev_004,attested,childdev,sba,2,False,dx,t_neurodev.md,"A 26-year-old man with autism spectrum disorder is admitted by his group home for a change in behavior. Over the past 10 days he has become mute, stopped eating, and is found in fixed postures for hours at a time. He previously spoke in simple sentences and was active in daily activities. Which diagnosis must be actively evaluated?","A. Worsening autism — the increase in stereotyped behaviors and withdrawal represents a regression to a lower developmental level. | B. Treatment-resistant depression — the mutism and akinesia reflect severe depression refractory to prior treatment. | C. Neuroleptic malignant syndrome — posturing and immobility indicate a drug reaction if the patient is on an antipsychotic. | D. Catatonia — new mutism, fixed posturing, and immobility in an autistic patient represent catatonia until proven otherwise; catatonia is under-recognized in ASD and requires specific evaluation and treatment.",D,"Catatonia — new mutism, fixed posturing, and immobility in an autistic patient represent catatonia until proven otherwise; catatonia is under-recognized in ASD and requires specific evaluation and treatment.","Regression = autism worsening, Mutism = severe depression, and NMS by default all bypass the specific catatonia recognition task. The page explicitly calls out: 'Catatonia is under-recognized in autistic patients — look for it.' New mutism, immobility, and posturing in a previously communicative autistic adult is the classic presentation — it requires a catatonia evaluation (Bush-Francis scale), not dismissal as regression.","Catatonia is under-recognized in ASD — new mutism, fixed posturing, and immobility in an autistic patient = catatonia evaluation, not regression or depression attribution.","t_neurodev.md — Catatonia in autism — under-recognized and important; new mutism, immobility, posturing, or stupor in an autistic patient should prompt a catatonia evaluation."
qb_rel_003,attested,relational,relational,1,True,psychosocial,motivational_interviewing.md,"A student is seeing a 38-year-old man who is admitted after an alcohol-related incident — his second alcohol-related admission this year. When the student mentions concerns about his drinking, the patient says, 'Look, I drink to handle stress — I don't have a problem. Everyone drinks.' The student's instinct is to explain why the drinking is dangerous and list the health consequences. Which response best reflects motivational interviewing?","A. 'That label isn't the point — and it sounds like work stress has been really heavy lately. You've ended up here twice this year. What's your take on that?' [Rolling with resistance, reflecting back the fact without argument, then opening with a genuine question] | B. 'Your liver enzymes are elevated and your blood pressure is high — the data clearly show that alcohol is harming you.' [Presenting the medical evidence directly to motivate change] | C. 'I think you should stop drinking entirely — it's the only way to protect your health.' [A clear recommendation from the clinician] | D. 'Would you be willing to try an abstinence contract for the next 30 days — just to see if you feel better?' [Proposing a behavior change target]",A,"'That label isn't the point — and it sounds like work stress has been really heavy lately. You've ended up here twice this year. What's your take on that?' [Rolling with resistance, reflecting back the fact without argument, then opening with a genuine question]","The righting reflex, Advice without readiness, and Planning before evoking all push the patient into a defensive position. MI's core insight: 'People talk themselves into change. Your job is not to supply the arguments but to evoke the patient's own reasons.' Rolling with resistance and reflecting the ambiguity without arguing is the MI move.","Resist the righting reflex — don't argue for change; roll with resistance, reflect change talk, and let the patient articulate their own reasons.",motivational_interviewing.md — The one idea: People talk themselves into change. Your job is not to supply the arguments (the 'righting reflex' — resist it) but to evoke the patient's own reasons. Pushing usually produces sustain talk; curiosity produces change talk.
qb_rel_004,attested,relational,relational,2,False,management;psychosocial,family_modalities.md,A family asks the treatment team what they can do during their loved one's hospitalization for schizophrenia to help with recovery. The team is considering whether to invest the time in a formal family meeting. Which argument best supports making structured family psychoeducation the default approach?,"A. Family involvement is primarily a courtesy — it improves patient satisfaction but has no measurable impact on relapse rates. | B. Families frequently refuse structured family meetings, so the effort should be reserved for families who specifically request it. | C. Family psychoeducation is the highest-evidence family intervention — it led 11 models for 12-month relapse prevention (Rodolico et al., Lancet Psychiatry 2022; 90 RCTs) with an NNT of 7 (Pharoah, Cochrane 2010; 53 RCTs); dose matters: ≤2 sessions is ineffective, with NICE recommending ≥10 sessions over ≥3 months. | D. Family involvement should wait until the patient is stable — in the acute phase, it increases stimulation and worsens psychosis.",C,"Family psychoeducation is the highest-evidence family intervention — it led 11 models for 12-month relapse prevention (Rodolico et al., Lancet Psychiatry 2022; 90 RCTs) with an NNT of 7 (Pharoah, Cochrane 2010; 53 RCTs); dose matters: ≤2 sessions is ineffective, with NICE recommending ≥10 sessions over ≥3 months.","Family work = courtesy, Patient/family refusal as barrier, and Stability first all undermine the evidence-based standard. Family psychoeducation has NNT 7 for 12-month relapse prevention — one of the strongest NNTs in inpatient psychiatry. The dose requirement (≥10 sessions over ≥3 months) means starting the work during the admission and securing the outpatient continuation.",Family psychoeducation for schizophrenia: NNT 7 for 12-month relapse prevention; ≥10 sessions over ≥3 months; dose matters — start during admission.,"family_modalities.md — NNT 7 — treat seven families to prevent one relapse (Pharoah, Cochrane 2010; 53 RCTs). Dose matters: ≤2 sessions is ineffective; NICE recommends ≥10 sessions over ≥3 months."
qb_rel_005,attested,relational,relational,2,False,psychosocial,motivational_interviewing.md,A student is using the MI readiness ruler with a patient who has poorly controlled diabetes and drinks heavily. He rates the importance of cutting back alcohol as '4 out of 10.' Which follow-up question best uses the readiness ruler to elicit change talk?,A. 'You said 4 — why not a 2? What keeps it that high?' [Evoking the patient's own reasons for change by asking why the number isn't even lower] | B. 'Why isn't your number higher? You should care more about your health.' [Naming the mismatch between the rating and the clinical severity] | C. 'That's a 4 — you're clearly not ready to change right now. Let's talk about something else.' [Accepting the score and moving on] | D. 'A 4 means ambivalence — let's complete a full decisional balance worksheet together right now.' [Shifting to a structured CBT exercise],A,'You said 4 — why not a 2? What keeps it that high?' [Evoking the patient's own reasons for change by asking why the number isn't even lower],"Confrontational reflect, Score = readiness fixed, and Decisional balance as MI all bypass the evocative purpose of the readiness ruler. The MI readiness ruler follow-up sequence: '...why not a 2?' forces change talk by asking the patient to articulate why they're not lower. 'What would move you from a 4 to a 6?' explores the next steps. Both are evocative, not confrontational.","MI readiness ruler: after the patient rates importance (e.g., 4/10), ask 'why not a 2?' — this forces the patient to articulate their own change talk rather than pushing your reasons.",motivational_interviewing.md — A 30-second tool: the readiness ruler. 'You said 4 — why not a 2?' (forces change talk). 'What would move you from a 4 to a 6?'
qb_rel_006,attested,relational,relational,2,False,management;psychosocial,family_modalities.md,"The family of a patient with schizophrenia is described in the chart as 'high expressed emotion' — high criticism and high emotional over-involvement. The resident says, 'We can't do much about the family climate — it's just how they are.' Which response is most evidence-based?","A. Agree — expressed emotion is a fixed family trait that does not respond to clinical intervention. | B. High EE only predicts relapse in schizophrenia, not in other psychiatric illnesses — it is not relevant beyond psychosis. | C. High EE is a family problem but not a clinical problem — it is outside the scope of inpatient psychiatric intervention. | D. Expressed emotion (EE) substantially raises relapse odds — roughly doubling to quintupling across studies (Butzlaff & Hooley 1998) — while family warmth is protective, but EE is modifiable through behavioral family therapy and family psychoeducation, making the family climate a tractable clinical target.",D,"Expressed emotion (EE) substantially raises relapse odds — roughly doubling to quintupling across studies (Butzlaff & Hooley 1998) — while family warmth is protective, but EE is modifiable through behavioral family therapy and family psychoeducation, making the family climate a tractable clinical target.","EE is fixed, EE = schizophrenia only, and EE = out of scope all represent clinical fatalism about a modifiable variable. The page states EE 'roughly doubles to quintuples relapse odds depending on the study (Butzlaff & Hooley 1998 meta-analysis), while family warmth is protective — and family climate is modifiable, which is why meetings help lower it.'",Expressed emotion (EE) substantially raises relapse odds (roughly doubling to quintupling across studies; Butzlaff & Hooley 1998) and is MODIFIABLE — behavioral family therapy and psychoeducation specifically target and reduce it; EE is a tractable clinical problem.,"family_modalities.md — Expressed emotion: high-EE roughly doubles to quintuples relapse odds depending on the study (Butzlaff & Hooley 1998 meta-analysis), while family warmth is protective. Family climate is modifiable — meetings help lower it."
qb_rel_007,attested,relational,relational,1,True,safety,brief_psychotherapy.md,A 27-year-old woman is being discharged after a suicidal crisis. The resident asks her to 'sign a contract that she won't hurt herself.' The student wonders whether this is the evidence-based approach. Which response reflects the current standard?,"A. Yes — a no-suicide contract is the gold standard for discharge safety planning; it establishes a binding commitment to safety. | B. Yes — contracts are more legally protective for the clinician than safety plans, which is why they are standard at discharge. | C. No — a collaborative safety plan (Stanley-Brown model) is the evidence-based tool; no-suicide contracts have no supporting evidence and can create false reassurance that displaces genuine clinical assessment. | D. Neither approach has evidence — rely on clinical judgment and family support for suicidal patients at discharge.",C,No — a collaborative safety plan (Stanley-Brown model) is the evidence-based tool; no-suicide contracts have no supporting evidence and can create false reassurance that displaces genuine clinical assessment.,"Contract = gold standard, Contract = legal protection, and No evidence either way all misrepresent the evidence. The brief psychotherapy page explicitly states: 'Abandon no-suicide contracts — they don't work.' Safety planning (Stanley-Brown) with follow-up reduces suicidal behaviors by approximately 50%.","Safety planning (Stanley-Brown) with follow-up ≈ 50% fewer suicidal behaviors — abandon no-suicide contracts, which have no evidence and create false reassurance.",brief_psychotherapy.md — Safety planning (Stanley-Brown) + crisis response planning: Safety Planning Intervention with follow-up ≈ 50% fewer suicidal behaviors (Stanley 2018); abandon no-suicide 'contracts' — they don't work.
qb_rel_008,attested,relational,relational,2,False,management,brief_psychotherapy.md,"A 52-year-old man with severe depression is withdrawn, stays in bed all day, and says 'nothing matters anymore.' The student asks how to perform a brief psychotherapy intervention given a 15-minute window. Which approach is most appropriate for this presentation?","A. Behavioral activation — schedule one small, specific valued activity for today; this is the highest-yield, lowest-cognitive-demand inpatient move for behavioral shutdown. | B. Psychodynamic interpretation — explore the unconscious drivers of the behavioral withdrawal during this session. | C. Prolonged exposure — begin reliving any traumatic experiences that may underlie the depression. | D. Wait for medication to take effect before beginning any psychotherapy — behavioral shutdown is too severe for psychotherapy engagement.",A,"Behavioral activation — schedule one small, specific valued activity for today; this is the highest-yield, lowest-cognitive-demand inpatient move for behavioral shutdown.","Insight therapy for shutdown, PE for depression, and Medication before psychotherapy all mismatch mechanism to technique. The brief psychotherapy table: 'Withdrawn, inactive, anhedonic — behavioral shutdown → reach for behavioral activation (BA): schedule one small, valued activity. Superior to TAU for depression (SMD −0.78) and anxiety, on par with CBT; lowest cognitive demand → best inpatient fit.'","Behavioral activation is the highest-yield, lowest-effort inpatient move for the shutdown depressed patient — schedule one small valued activity; it requires no cognitive engagement.","brief_psychotherapy.md — Behavioral activation (BA) — schedule one small, valued activity. Superior to TAU for depression (SMD −0.78) and anxiety (−0.33), on par with CBT; lowest cognitive demand → best inpatient fit."
qb_rel_009,attested,relational,relational,2,False,management,brief_psychotherapy.md,"A patient with recurrent MDD completed three individual therapy sessions during an 8-day hospitalization. At discharge, the student writes in the note: 'CBT skills taught inpatient; patient discharged with psychotherapy complete.' The attending asks the student to reconsider the framing. Which is more accurate?","A. The note is accurate — three CBT sessions is the evidence-based minimum for inpatient psychotherapy, and the skills have been transferred. | B. Inpatient psychotherapy starts the work and secures the handoff — the discharge note should name the specific therapeutic thread started, identify the named outpatient clinician who will continue it, and make the handoff explicit. | C. Psychotherapy is an outpatient intervention — inpatient therapy has no meaningful impact and should not be documented as a treatment component. | D. Three CBT sessions is sufficient only if the patient was 'CBT-naive' — if she had prior CBT, the inpatient work is redundant.",B,"Inpatient psychotherapy starts the work and secures the handoff — the discharge note should name the specific therapeutic thread started, identify the named outpatient clinician who will continue it, and make the handoff explicit.","Example: 'BA for behavioral shutdown' is the specific thread; naming the clinician prevents the work from being dropped at discharge. Three sessions = complete, Inpatient therapy = ineffective, and Prior CBT = redundant all miss the purpose. The page: 'The skill is to read the mechanism driving this patient's crisis right now and match one brief technique to it — then hand the work off to outpatient care.' 'Write the handoff so the outpatient clinician can continue the thread — the point of inpatient therapy is to start it and secure the follow-up.'","Inpatient psychotherapy starts the thread and secures the handoff — document the technique, name the outpatient clinician, and make the handoff explicit; it does not complete treatment.",brief_psychotherapy.md — Write the handoff so the outpatient clinician can continue the thread — the point of inpatient therapy is to start it and secure the follow-up.
qb_rel_010,attested,relational,relational,3,False,management,family_modalities.md,"The treatment team reviews its data and finds that structured family meetings occurred in only 8% of admissions over the past year, despite family members being available and willing in most cases. The team discusses why. Which explanation is most consistent with the literature?","A. Families of inpatient psychiatric patients predominantly refuse to participate in structured family meetings when offered. | B. Structured family work requires >90 minutes per family — the time investment is prohibitive in an acute inpatient setting. | C. The main barrier to family psychoeducation being delivered is clinician avoidance — structured family work is available to the minority of families who receive it largely because of clinician behavior, not family behavior. | D. Insurance authorization is the dominant barrier — family meetings require separate billing codes that are denied in most health systems.",C,"The main barrier to family psychoeducation being delivered is clinician avoidance — structured family work is available to the minority of families who receive it largely because of clinician behavior, not family behavior.","Family refusal, Time as primary barrier, and Billing as dominant barrier all attribute the gap to external factors. The literature finding is counterintuitive and important: 'Reaches a minority of families — structured family work is delivered in only ~0–53% of cases (historically <10%), and the main barrier is clinician avoidance, not patient refusal (Dixon 1999; Eassom 2014).' This is a clinician self-awareness finding.","The main barrier to family psychoeducation in inpatient psychiatry is clinician avoidance, not patient or family refusal — the gap is a clinician behavior problem.","family_modalities.md — Reaches a minority of families — structured family work is delivered in only ~0–53% of cases (historically <10%), and the main barrier is clinician avoidance, not patient refusal (Dixon 1999; Eassom 2014)."
qb_rel_011,attested,relational,relational,2,False,psychosocial,brief_psychotherapy.md,"A 24-year-old woman with BPD cuts herself on the unit. The charge nurse says, 'Document it and flag it. Don't talk to her about it — it just encourages the behavior.' The student wonders about the evidence-based approach. Which response is most accurate?","A. The nurse is right — direct conversation about self-harm incidents reinforces the behavior by providing attention; the clinical standard is documentation without engagement. | B. The appropriate response is immediate medication review — self-harm indicates the current regimen is inadequate. | C. Place the patient on 1:1 observation and restrict milieu privileges pending a formal incident review — the safety breach requires an institutional response before therapeutic engagement resumes. | D. A chain analysis — walking the sequence of antecedents, emotions, and behaviors with the patient non-punitively — turns the incident into a clinical formulation and a coping plan; this is the DBT standard and replaces documentation-only or punitive responses.",D,"A chain analysis — walking the sequence of antecedents, emotions, and behaviors with the patient non-punitively — turns the incident into a clinical formulation and a coping plan; this is the DBT standard and replaces documentation-only or punitive responses.","Engagement reinforces behavior, Self-harm = medication failure, and Punitive documentation all fail to apply the DBT-informed clinical standard. The page states: 'Chain analysis replaces a punitive response to self-harm — understand the behavior, don't just document it.' The chain analysis is a brief, structured, non-punitive conversation about what preceded the self-harm that turns the incident into a formulation.","After self-harm: chain analysis (non-punitive, with the patient) replaces documentation-only or punitive responses — it transforms the incident into a formulation and a coping plan.","brief_psychotherapy.md — Chain analysis — walk the sequence with the patient, non-punitively. Turns an incident into a formulation and a plan; core DBT move. Chain analysis replaces a punitive response to self-harm — understand the behavior, don't just document it."
qb_rel_012,attested,relational,relational,2,False,management;psychosocial,family_modalities.md,A 32-year-old man with alcohol use disorder has refused treatment for 2 years. His wife is desperate to help and asks the team what she can do. The team is considering a traditional confrontational intervention approach. Which family therapy modality is specifically evidence-based for this scenario?,"A. CRAFT (Community Reinforcement and Family Training) — the family member changes her own behavior in specific ways that reduce the reinforcement of drinking and increase the appeal of treatment-seeking, without confrontation or blame. | B. Structural family therapy (Minuchin) — the focus is on realigning the roles and boundaries in the marriage to reduce the enabling dynamic. | C. A family confrontation (traditional intervention) — bringing family and friends together to confront the patient with consequences is the most evidence-based approach. | D. Emotionally focused therapy (EFT) — addressing the attachment disruption in the marriage will resolve the motivational impasse for the patient.",A,"CRAFT (Community Reinforcement and Family Training) — the family member changes her own behavior in specific ways that reduce the reinforcement of drinking and increase the appeal of treatment-seeking, without confrontation or blame.","Structural for substance refusal, Confrontational intervention, and EFT for treatment refusal all apply less-specific frameworks. CRAFT is the specific modality: 'the family changes its own behavior to invite treatment — no blame.' It trains the wife to use behavioral strategies (reinforcing non-drinking behavior, withdrawing reinforcement of drinking, using teachable moments) that increase the patient's engagement with treatment.","CRAFT: the family changes its OWN behavior to invite treatment — no blame, no confrontation; evidence-based for families of treatment-refusing people with SUD.",family_modalities.md — CRAFT (Community Reinforcement & Family Training): the family changes its own behavior to invite treatment — no blame.
qb_rel_013,attested,relational,relational,3,False,management,brief_psychotherapy.md,A quality-improvement team wants to identify the single inpatient psychological intervention with the strongest readmission-prevention evidence. Which intervention has the hardest numbers?,"A. Safety planning (Stanley-Brown) — approximately 50% fewer suicidal behaviors. | B. Psychoeducation — the hardest inpatient numbers for readmission prevention: readmission NNT 5 (Xia, Cochrane 2011) and relapse NNT 9; and it costs nothing except time. | C. Behavioral activation — the most evidence-based inpatient psychological intervention for any condition. | D. Problem-solving therapy (PST) — NNT 12 for repeat self-harm re-presentation.",B,"Psychoeducation — the hardest inpatient numbers for readmission prevention: readmission NNT 5 (Xia, Cochrane 2011) and relapse NNT 9; and it costs nothing except time.","Safety planning hardest numbers, BA = strongest overall, and PST hardest numbers each reference real evidence for different outcomes. For readmission prevention specifically, psychoeducation's NNT 5 is the standout: 'Psychoeducation has the hardest inpatient numbers (readmission NNT 5) — and it's free.' This is the quality-improvement answer.","Psychoeducation has the hardest inpatient readmission numbers: NNT 5 (Xia, Cochrane 2011) — the highest-evidence, lowest-cost psychological intervention for preventing readmission.",brief_psychotherapy.md — Psychoeducation has the hardest inpatient numbers (readmission NNT 5) — and it's free.
qb_otherdx_001,attested,otherdx,two-tier,1,True,safety;management,t_eating.md,"A 17-year-old with severe anorexia nervosa has been starved for 4 months and is starting nutritional rehabilitation. On day 3 of refeeding, her phosphate drops to 2.1 mg/dL. She is also mildly confused and has new-onset leg weakness. What is the most important diagnosis to recognize?","A. Refeeding syndrome — the metabolic shift from catabolic to anabolic metabolism drives phosphate, potassium, and magnesium into cells; hypophosphatemia is the hallmark and can cause cardiac failure, arrhythmia, respiratory failure, and delirium. | B. Electrolyte depletion from malnutrition alone — she was already malnourished on admission, so the low phosphate reflects pre-existing deficiency rather than a refeeding process. | C. Conversion disorder — the confusion and leg weakness represent a functional neurological symptom disorder superimposed on the eating disorder. | D. Thiamine deficiency — the neurological symptoms indicate Wernicke encephalopathy from B1 deficiency.",A,"Refeeding syndrome — the metabolic shift from catabolic to anabolic metabolism drives phosphate, potassium, and magnesium into cells; hypophosphatemia is the hallmark and can cause cardiac failure, arrhythmia, respiratory failure, and delirium.","Pre-existing deficiency only, Functional explanation for metabolic emergency, and Thiamine over phosphate all miss the refeeding-specific mechanism. The page calls refeeding syndrome 'the complication that kills' — hypophosphatemia is the hallmark. Note that D (thiamine) is also clinically relevant and the page specifically says 'give thiamine before or with carbohydrate' — but the presenting electrolyte abnormality and timing point to refeeding syndrome as the primary diagnosis.","Refeeding syndrome: watch phosphate — the hallmark is hypophosphatemia after starting nutrition in the severely malnourished; start low, go slow; supplement phosphate; give thiamine before carbs.","t_eating.md — Refeeding syndrome — the complication that kills: hypophosphatemia is the hallmark; the danger is cardiac failure, arrhythmia, respiratory failure, and delirium. Supplement phosphate and give thiamine before or with carbohydrate."
qb_otherdx_002,attested,otherdx,sba,2,False,dx,t_eating.md,"A 24-year-old woman is referred for 'weight-related anxiety.' She is at normal weight and denies dieting. However, she endorses recurrent binge episodes followed by self-induced vomiting several times weekly, and she reports that her self-worth is almost entirely based on her weight and shape. On exam, you note calluses on her right hand knuckles. Which diagnosis should be suspected?","A. Anorexia nervosa, binge-purging subtype — the purging behavior and weight preoccupation are classic for anorexia. | B. Binge-eating disorder — binge episodes with distress are the defining feature; no compensatory behavior is required. | C. Bulimia nervosa — normal weight does not rule out bulimia; the binge-purge cycle, weight/shape self-evaluation, and Russell's sign (knuckle calluses) are the diagnostic markers. | D. Purging disorder — recurrent purging in the absence of objectively large binge episodes, with weight/shape concern, is classified as purging disorder.",C,"Bulimia nervosa — normal weight does not rule out bulimia; the binge-purge cycle, weight/shape self-evaluation, and Russell's sign (knuckle calluses) are the diagnostic markers.","Normal weight rules out AN, Binge = BED, and Purging without binges = purging disorder all miss the defining features — her recurrent, objectively large binge episodes with compensatory purging make this bulimia nervosa rather than purging disorder, which requires purging in the absence of binges. The page: 'Bulimia nervosa — weight is often normal or high — a normal weight does not rule it out. Look for Russell's sign (knuckle calluses), parotid enlargement, and dental enamel erosion.' All three examination findings distinguish BN from BED: the presence of compensatory behaviors (purging) is the key.",Normal weight DOES NOT rule out bulimia nervosa — look for binge-purge cycle + Russell's sign (knuckle calluses) + parotid swelling + dental erosion.,"t_eating.md — Bulimia nervosa — weight is often normal or high — a normal weight does not rule it out. Look for Russell's sign (knuckle calluses), parotid enlargement, and dental enamel erosion."
qb_otherdx_003,attested,otherdx,two-tier,1,True,dx;safety,t_perinatal.md,"A 28-year-old woman who delivered 6 days ago is brought by her husband with confusion, talking to people who aren't there, and expressing beliefs that her baby 'was sent to test her faith.' She had been laughing and crying alternately. She was seen yesterday and appeared fine for two hours. What is the most critical diagnosis to consider?","A. Baby blues — mild postpartum mood changes are expected in the first 2 weeks and are self-limited. | B. Postpartum depression — the mood lability and behavioral change represent a perinatal major depressive episode. | C. Postpartum psychosis — this is a psychiatric emergency; abrupt onset within days of delivery, waxing-and-waning course, psychotic features centered on the infant, and the lucid interval does not provide reassurance. | D. Medical emergency — new psychosis postpartum indicates eclampsia or infection until proven otherwise.",C,"Postpartum psychosis — this is a psychiatric emergency; abrupt onset within days of delivery, waxing-and-waning course, psychotic features centered on the infant, and the lucid interval does not provide reassurance.","Baby blues by default, Postpartum depression default, and Medical cause only all fail to identify postpartum psychosis as the emergency. The page: 'Postpartum psychosis is a psychiatric emergency: rapid onset, waxing/waning presentation, and real risk to both mother and infant — admit and treat urgently.' The lucid interval yesterday is explicitly stated to not provide reassurance: 'A lucid interval does not rule out psychosis — the waxing/waning course is part of the illness.'","Postpartum psychosis is a psychiatric emergency — abrupt onset, waxing/waning course, infant-focused delusions within days of delivery; a lucid interval does NOT rule it out.","t_perinatal.md — POSTPARTUM PSYCHOSIS IS A PSYCHIATRIC EMERGENCY: rapid onset, waxing/waning presentation, and real risk to both mother and infant — admit and treat urgently. A lucid interval does not rule out psychosis — the waxing/waning course is part of the illness, not reassurance."
qb_otherdx_004,attested,otherdx,sba,2,False,dx,t_somatic.md,"A 45-year-old woman is referred for psychiatric consultation for 'medically unexplained' chest pain and fatigue. Her symptoms are real and distressing, her workup is negative, and she spends hours daily researching health threats and 4–5 hours daily focused on her symptoms. Which DSM-5-TR principle is most relevant to the diagnosis?","A. Somatic symptom disorder requires that the symptoms have no identifiable organic cause — the diagnosis is made only after medical explanation is definitively excluded. | B. Somatic symptom disorder requires at least 3 distinct somatic complaints across different organ systems. | C. These complaints are best diagnosed as illness anxiety disorder because the patient's main symptom is health preoccupation rather than multiple somatic symptoms. | D. DSM-5-TR defines somatic symptom disorder by the excessive thoughts, feelings, and behaviors around symptoms — not by whether those symptoms are medically explained; a patient with a confirmed medical diagnosis can still meet SSD criteria if her response to symptoms is disproportionate.",D,"DSM-5-TR defines somatic symptom disorder by the excessive thoughts, feelings, and behaviors around symptoms — not by whether those symptoms are medically explained; a patient with a confirmed medical diagnosis can still meet SSD criteria if her response to symptoms is disproportionate.","SSD = medically unexplained, Multiple organ systems required, and Preoccupation = IAD all misstate the DSM-5-TR diagnosis. The page's first pearl: 'SSD is defined by the excessive response to symptoms, not by whether they're medically explained (a key DSM-5-TR shift from medically unexplained).' This is a tested concept: the diagnosis no longer hinges on medical explanation.",SSD (DSM-5-TR): defined by excessive thoughts/feelings/behaviors about symptoms — NOT by whether the symptoms are medically unexplained; a confirmed medical illness can coexist with SSD.,"t_somatic.md — SSD is defined by the excessive response to symptoms, not by whether they're medically explained (a key DSM-5-TR shift from 'medically unexplained')."
qb_otherdx_005,attested,otherdx,two-tier,2,False,dx,t_somatic.md,"A 36-year-old woman is admitted with a 3-day history of right-sided paralysis and inability to walk. Neurological workup is negative. When the examiner tests voluntary right hip extension, extension is absent; however, strong right hip extension is felt involuntarily when the patient flexes the left hip against resistance (positive Hoover sign). Which statement about the diagnosis is most accurate?","A. Functional neurological symptom disorder (conversion) is diagnosed here by a positive examination finding — the Hoover sign; this is a rule-in diagnosis, not solely a diagnosis of exclusion. | B. The diagnosis requires a psychiatric interview confirming psychosocial stress as the precipitant before a neurological cause can be excluded. | C. The diagnosis requires a complete neurological workup including MRI, EMG, and nerve conduction studies before conversion can be considered. | D. The positive examination finding is unreliable — the Hoover sign has poor sensitivity and should not anchor a diagnosis.",A,"Functional neurological symptom disorder (conversion) is diagnosed here by a positive examination finding — the Hoover sign; this is a rule-in diagnosis, not solely a diagnosis of exclusion.","Psychiatric cause required, Full workup before conversion, and Hoover sign unreliable all delay diagnosis or require unnecessary conditions. The page is explicit: 'Conversion/functional neurological disorder is a rule-in diagnosis — Hoover sign, tremor entrainment, non-epileptic seizures. Name conversion by its positive signs — don't make it a diagnosis of exclusion alone.'","Functional neurological disorder (conversion) is diagnosed by POSITIVE examination signs (Hoover sign, tremor entrainment, give-way weakness) — not solely by exclusion; DSM-5 removed the psychological precipitant requirement.","t_somatic.md — Conversion/functional neurological disorder is a rule-in diagnosis — Hoover sign, tremor entrainment, non-epileptic seizures. Name conversion by its positive signs — don't make it a diagnosis of exclusion alone."
qb_otherdx_006,attested,otherdx,two-tier,2,False,dx,t_somatic.md,"A 42-year-old woman has been hospitalized multiple times for recurrent infections. Staff have noted that her central line infections always follow nursing shifts during which she is left alone with the IV port. A camera reveals that she is injecting herself with contaminated fluid. She appears distressed when confronted and says, 'I just need doctors to take care of me.' There is no evidence of secondary gain (no pending disability, no legal issue). Which diagnosis is most consistent?","A. Malingering — the deliberate production of symptoms for secondary gain is the defining feature. | B. Somatic symptom disorder — the recurrent hospitalizations and the distress of the patient indicate a pattern of disproportionate health concern. | C. Conversion disorder — the pattern of self-limited infections with resolution suggests a functional mechanism. | D. Factitious disorder imposed on self — conscious falsification or induction of illness motivated by assuming the sick role, without external incentive; 'I need doctors to take care of me' is the factitious driver.",D,"Factitious disorder imposed on self — conscious falsification or induction of illness motivated by assuming the sick role, without external incentive; 'I need doctors to take care of me' is the factitious driver.","Deliberate = malingering, Recurrent admissions = SSD, and Episodic = functional all apply the wrong framework. The page's diagnostic table: 'Factitious disorder — conscious falsification or induction of illness (self or another) motivated by assuming the sick role, without external reward.' The two-axis rule: 'Separate on two axes: conscious? and external incentive? Factitious = internal motive (sick role); malingering = external incentive (and is not a disorder).'","Factitious = conscious, internal motive (sick role); malingering = conscious, external incentive (money/drugs/legal); neither has unconscious somatic symptoms.",t_somatic.md — Factitious = internal motive (sick role); malingering = external incentive (and is not a disorder). Separate on the two axes: conscious? and external incentive?
qb_otherdx_007,attested,otherdx,two-tier,2,False,dx,cultural_psychiatry.md,"A 55-year-old Puerto Rican woman is brought to the emergency department by her family. She is hyperventilating, trembling, shouting uncontrollably, and has fallen to the floor. Her family says this has happened before after a stressful family argument. Her vitals are normal and she recovers fully within 30 minutes. Which culturally informed interpretation is most accurate?","A. This is a panic disorder episode — the hyperventilation and trembling meet the physiological criteria for a panic attack. | B. This is a functional neurological disorder — the shouting and falling indicate a non-epileptic seizure. | C. This may be ataque de nervios — a Latino cultural concept of distress characterized by trembling, shouting, hyperventilation, and sometimes falling, typically precipitated by family stress; cultural inquiry is essential before applying a Western diagnostic label. | D. This is malingering — the rapid recovery and interpersonal context suggest the episode served a social function.",C,"This may be ataque de nervios — a Latino cultural concept of distress characterized by trembling, shouting, hyperventilation, and sometimes falling, typically precipitated by family stress; cultural inquiry is essential before applying a Western diagnostic label.","Symptoms match panic, Motor symptoms = functional seizure, and Socially embedded = malingering all bypass cultural inquiry. The page: 'Cultural concepts of distress (e.g., ataque de nervios) can mimic panic or psychosis — ask before you label.' Using Kleinman's explanatory-model questions would surface the patient's interpretation and cultural meaning before assigning a diagnosis.","Ataque de nervios: culturally patterned distress in Latino communities — trembling, shouting, hyperventilation, falling, stress-triggered — can be misread as panic, seizure, or psychosis without cultural inquiry.","cultural_psychiatry.md — Cultural concepts of distress (e.g., ataque de nervios, susto) can be mistaken for panic, psychosis, or malingering. Ask before you label."
qb_otherdx_008,attested,otherdx,sba,2,False,dx,cultural_psychiatry.md,"A 34-year-old Black man presents with paranoid ideation, disorganized thinking, and social withdrawal that began 3 months ago. A student suggests schizophrenia. The attending asks the student to consider a documented cultural bias. Which statement reflects the clinical evidence?","A. Black patients present with more severe schizophrenia symptoms on average, which explains the higher diagnostic rate. | B. The diagnostic difference reflects differential rates of schizophrenia across demographic groups — epidemiological data confirm higher prevalence in this population. | C. Cultural mistrust in the clinical encounter leads Black patients to endorse more psychotic symptoms on screening, creating a false-positive signal. | D. Black patients are disproportionately over-diagnosed with schizophrenia and under-diagnosed with mood disorders relative to comparable presentations — a documented clinician bias that is not explained by symptom profile or true prevalence differences.",D,Black patients are disproportionately over-diagnosed with schizophrenia and under-diagnosed with mood disorders relative to comparable presentations — a documented clinician bias that is not explained by symptom profile or true prevalence differences.,"Severity explains disparity, Epidemiology explains disparity, and Patient behavior explains disparity all misattribute the cause. The page is explicit: 'Black (and some other minority) patients are disproportionately over-diagnosed with schizophrenia and under-diagnosed with mood disorders relative to comparable presentations — a documented bias to guard against.' This is a patient-safety issue that requires active self-monitoring.","Documented bias: Black patients are over-diagnosed with schizophrenia and under-diagnosed with mood disorders — not due to prevalence differences, but clinician diagnostic bias; guard against it.",cultural_psychiatry.md — Black (and some other minority) patients are disproportionately over-diagnosed with schizophrenia and under-diagnosed with mood disorders relative to comparable presentations — a documented bias to guard against.
qb_otherdx_009,attested,otherdx,two-tier,3,False,dx;safety,t_perinatal.md,"A 30-year-old mother, 3 weeks postpartum, scores a 14 on the Edinburgh Postnatal Depression Scale (EPDS). She is distressed and anxious. The student says, 'She screened positive for postpartum depression — start sertraline.' The attending asks what the student may have missed. Which is most accurate?","A. The EPDS is not validated for postpartum use — use the PHQ-9 instead. | B. A score of 14 on the EPDS requires hospitalization — outpatient sertraline is below the level of care indicated. | C. The EPDS screens for depression and anxiety but does NOT detect psychotic or manic symptoms — explicitly ask about hallucinations, delusions, and manic symptoms before assuming postpartum depression rather than psychosis or bipolar relapse. | D. Sertraline is contraindicated in the first 4 weeks postpartum — the student should recommend a different SSRI.",C,"The EPDS screens for depression and anxiety but does NOT detect psychotic or manic symptoms — explicitly ask about hallucinations, delusions, and manic symptoms before assuming postpartum depression rather than psychosis or bipolar relapse.","EPDS not validated, EPDS score mandates hospitalization, and Sertraline contraindicated all misstate the evidence. The page's explicit pearl: 'The EPDS screens depression, not psychosis — ask about delusions and perceptual disturbance directly.' The student's error is treating a positive depression screen as a complete psychiatric assessment — the EPDS misses psychosis and mania by design.","EPDS screens for depression and anxiety — it does NOT detect psychosis or mania; always ask explicitly about delusions, hallucinations, and manic symptoms in every postpartum patient.","t_perinatal.md — The EPDS screens depression, not psychosis — ask about delusions and perceptual disturbance directly."
qb_anx_016,attested,anxiety,sba,2,False,dx;pharm,t_anxiety.md,A student develops intense anxiety only when performing music in public but is comfortable in other social situations. Which best describes the condition and a reasonable option?,"A. Social anxiety disorder, Performance type requiring PRN medication | B. Generalized anxiety disorder requiring daily long-term medication | C. Panic disorder requiring PRN medication | D. A normal reaction requiring no discussion",A,"Social anxiety disorder, Performance type requiring PRN medication","Anxiety confined to discrete public performances is performance-only social anxiety. When medically appropriate, a PRN beta-blocker can reduce tremor, tachycardia, and sweating for those events; generalized social anxiety is treated with CBT/exposure and SSRI/SNRI when medication is needed.",Performance-only social anxiety: PRN beta-blocker for physical performance symptoms; generalized social anxiety needs CBT/exposure ± SSRI/SNRI.,t_anxiety.md — Exam treatment anchors: performance-only social anxiety.
qb_saf_016,attested,safety,sba,2,False,dx;safety,violence.md,You are assessing a patient's risk of violence on the unit. Which is the single strongest predictor of future violence?,A. A specific psychiatric diagnosis alone | B. The patient's stated remorse | C. Male sex by itself | D. A history of past violence,D,A history of past violence,"Past violence is the strongest single predictor of future violence. Distinguish static factors (history — fixed) from dynamic factors (acute psychosis, intoxication, agitation — modifiable and the treatment target).",Past violence is the best predictor; separate static (history) from dynamic (treatable) risk.,violence.md — Static vs dynamic risk; past violence as predictor.
