category,source_page,source_title,link_text,url,final_url,content_type,filename,path,bytes,sha256
Patient and family education,https://www.psychiatry.org/patients-families/climate-change-and-mental-health-connections,Psychiatry.org - Climate Change and Mental Health Connections,Read the full statement.,https://www.psychiatry.org/getattachment/0ce71f37-61a6-44d0-8fcd-c752b7e935fd/Position-Mental-Health-Climate-Change.pdf,https://www.psychiatry.org/getattachment/0ce71f37-61a6-44d0-8fcd-c752b7e935fd/Position-Mental-Health-Climate-Change.pdf,application/pdf,2b7821aba8_Position-Mental-Health-Climate-Change.pdf,/Users/jm/Psychiatry-Clerkship-Library/13_Faculty_Resources/APA_Downloads_2026-06-29/files/2b7821aba8_Position-Mental-Health-Climate-Change.pdf,125090,2b7821aba823cb8e195f106ac005a9bcb1c63459f9fd5ab0ba059d1d3a29a5a5
Patient and family education,https://www.psychiatry.org/patients-families/alzheimers/what-is-alzheimers-disease,Psychiatry.org - What Are Dementia and Alzheimer’s Disease?,Patient and Caregiver Guide: Antipsychotic Medications to Treat Agitation and Psychosis in Adults with Dementia (.pdf),https://www.psychiatry.org/File%20Library/Psychiatrists/Practice/Clinical%20Practice%20Guidelines/APA-Dementia-Patient-and-Caregiver-Guide.pdf,https://www.psychiatry.org/File%20Library/Psychiatrists/Practice/Clinical%20Practice%20Guidelines/APA-Dementia-Patient-and-Caregiver-Guide.pdf,application/pdf,66be7c4af8_APA-Dementia-Patient-and-Caregiver-Guide.pdf,/Users/jm/Psychiatry-Clerkship-Library/13_Faculty_Resources/APA_Downloads_2026-06-29/files/66be7c4af8_APA-Dementia-Patient-and-Caregiver-Guide.pdf,402407,66be7c4af80397a3d39abaac65df7d137e722ff354af3f35e733244b0e95941d
Patient and family education,https://www.psychiatry.org/patients-families/eating-disorders/what-are-eating-disorders,Psychiatry.org - What are Eating Disorders?,Eating Disorders Statistics,https://www.psychiatry.org/getmedia/4e28215e-4c52-426c-af97-086e55d0ace2/Eating-Disorders-Statistics.pdf,https://www.psychiatry.org/getmedia/4e28215e-4c52-426c-af97-086e55d0ace2/Eating-Disorders-Statistics.pdf,application/pdf,171884cefa_Eating-Disorders-Statistics.pdf,/Users/jm/Psychiatry-Clerkship-Library/13_Faculty_Resources/APA_Downloads_2026-06-29/files/171884cefa_Eating-Disorders-Statistics.pdf,285715,171884cefa91c75bdf638627e2a58384a1536cbc7000cc09c13eda699043cb4c
Patient and family education,https://www.psychiatry.org/patients-families/addiction-substance-use-disorders,Psychiatry.org - Addiction and Substance Use Disorders,Read the full list,https://www.psychiatry.org/getmedia/e25c07ae-7333-4466-9add-5fe75ffce45e/Addiction-Top-10-Public-FINAL.pdf,https://www.psychiatry.org/getmedia/e25c07ae-7333-4466-9add-5fe75ffce45e/Addiction-Top-10-Public-FINAL.pdf,application/pdf,97b9474176_Addiction-Top-10-Public-FINAL.pdf,/Users/jm/Psychiatry-Clerkship-Library/13_Faculty_Resources/APA_Downloads_2026-06-29/files/97b9474176_Addiction-Top-10-Public-FINAL.pdf,177473,97b947417692855a2ced2a415111ca1cd69ed55ee7c6e9ab712bee1149111563
Patient and family education,https://www.psychiatry.org/patients-families/coping-after-disaster-trauma,Psychiatry.org - Coping After Disaster,Mental Health: A Guide for Faith Leaders (.pdf),https://www.psychiatry.org/File%20Library/Psychiatrists/Cultural-Competency/faith-mentalhealth-guide.pdf,https://www.psychiatry.org/File%20Library/Psychiatrists/Cultural-Competency/faith-mentalhealth-guide.pdf,application/pdf,d7c10b3569_faith-mentalhealth-guide.pdf,/Users/jm/Psychiatry-Clerkship-Library/13_Faculty_Resources/APA_Downloads_2026-06-29/files/d7c10b3569_faith-mentalhealth-guide.pdf,4302241,d7c10b3569684dff464480e5c5809519e84a3ee08a5239a51a1ccb270bfa2152
Spanish patient and family education,https://www.psychiatry.org/patients-families/la-salud-mental/%C2%BFque-es-la-psiquiatria,Psychiatry.org - ¿Qué es la psiquiatría?,Descargar el Folleto,https://www.psychiatry.org/getmedia/0f1f369d-0e6b-4838-92d9-1a4fc1940916/7-15-24-What-is-a-Psychiatrist-ES.pdf,https://www.psychiatry.org/getmedia/0f1f369d-0e6b-4838-92d9-1a4fc1940916/7-15-24-What-is-a-Psychiatrist-ES.pdf,application/pdf,9989639776_7-15-24-What-is-a-Psychiatrist-ES.pdf,/Users/jm/Psychiatry-Clerkship-Library/13_Faculty_Resources/APA_Downloads_2026-06-29/files/9989639776_7-15-24-What-is-a-Psychiatrist-ES.pdf,157869,99896397762c948ad8f22949963f4cb1da2ba4319f68afd5ad230c150941792d
Collaborative and integrated care,https://www.psychiatry.org/patients-families/integrated-behavioral-healthcare,Psychiatry.org - Integrated Behavioral Healthcare,The Role of Collaborative Care in Reducing Mental Health Inequities,https://www.psychiatry.org/getmedia/e24b9d4f-df28-43a1-8359-25cc4f9de661/APA-Role-CoCM-Reducing-Mental-Health-Inequities.pdf,https://www.psychiatry.org/getmedia/e24b9d4f-df28-43a1-8359-25cc4f9de661/APA-Role-CoCM-Reducing-Mental-Health-Inequities.pdf,application/pdf,efbe8e9b2f_APA-Role-CoCM-Reducing-Mental-Health-Inequities.pdf,/Users/jm/Psychiatry-Clerkship-Library/13_Faculty_Resources/APA_Downloads_2026-06-29/files/efbe8e9b2f_APA-Role-CoCM-Reducing-Mental-Health-Inequities.pdf,310420,efbe8e9b2f9c1b2249f9fa0e661352329e3e4a500012327e2d2d363f9a2bebaa
Patient and family education,https://www.psychiatry.org/patients-families/eating-disorders/what-are-eating-disorders,Psychiatry.org - What are Eating Disorders?,,https://www.psychiatry.org/getmedia/e19a72cf-444d-439e-92a8-25688ddf98b6/What-are-Eating-Disorders-Infographic,https://www.psychiatry.org/getmedia/e19a72cf-444d-439e-92a8-25688ddf98b6/What-are-Eating-Disorders-Infographic,application/pdf,3e61dc018b_What-are-Eating-Disorders-Infographic.pdf,/Users/jm/Psychiatry-Clerkship-Library/13_Faculty_Resources/APA_Downloads_2026-06-29/files/3e61dc018b_What-are-Eating-Disorders-Infographic.pdf,216316,3e61dc018bdac8732bbcc6915b29549b838cb47e8a964e894eaf4e8d864e45bc
Spanish patient and family education,https://www.psychiatry.org/patients-families/la-salud-mental/ansiedad/folleto,Psychiatry.org - Folleto,Descargar el Folleto,https://www.psychiatry.org/getmedia/f6a3712f-5e7e-4fdb-bf50-30d365e813f5/7-18-24-Ansiedad-ES.pdf,https://www.psychiatry.org/getmedia/f6a3712f-5e7e-4fdb-bf50-30d365e813f5/7-18-24-Ansiedad-ES.pdf,application/pdf,27d3b0880f_7-18-24-Ansiedad-ES.pdf,/Users/jm/Psychiatry-Clerkship-Library/13_Faculty_Resources/APA_Downloads_2026-06-29/files/27d3b0880f_7-18-24-Ansiedad-ES.pdf,133711,27d3b0880f6adb8d89eae2fe14eddac545a35df33b3af06be57c814f0bfb3f32
Spanish patient and family education,https://www.psychiatry.org/patients-families/la-salud-mental/depresion/folleto,Psychiatry.org - Folleto,Descargar el Folleto,https://www.psychiatry.org/getmedia/4cc0fb51-d643-4e0d-a52b-6110643cfa1f/depresion-folleto.pdf,https://www.psychiatry.org/getmedia/4cc0fb51-d643-4e0d-a52b-6110643cfa1f/depresion-folleto.pdf,application/pdf,93ca47443a_depresion-folleto.pdf,/Users/jm/Psychiatry-Clerkship-Library/13_Faculty_Resources/APA_Downloads_2026-06-29/files/93ca47443a_depresion-folleto.pdf,154179,93ca47443a3f25a133e6f2e1cf532c00882a7341632e91a03b58e40d0c3b9fbd
Spanish patient and family education,https://www.psychiatry.org/patients-families/la-salud-mental/conexiones-entre-el-cambio-climatico-y-la-salud-me/folleto,Psychiatry.org - Folleto,Descargar el Folleto,https://www.psychiatry.org/getmedia/bdf48b72-c5d9-49fd-9dee-36c5c2879d2a/8-1-24-Climate-ES-Handout.pdf,https://www.psychiatry.org/getmedia/bdf48b72-c5d9-49fd-9dee-36c5c2879d2a/8-1-24-Climate-ES-Handout.pdf,application/pdf,f11f9f2c05_8-1-24-Climate-ES-Handout.pdf,/Users/jm/Psychiatry-Clerkship-Library/13_Faculty_Resources/APA_Downloads_2026-06-29/files/f11f9f2c05_8-1-24-Climate-ES-Handout.pdf,169947,f11f9f2c052e4326bf0e8827e4dcf1143c128c94ee82dfbc2e933d34fcd8ce37
Spanish patient and family education,https://www.psychiatry.org/patients-families/la-salud-mental/%C2%BFque-es-el-dsm,Psychiatry.org - ¿Qué es el DSM?,Política de divulgación de afiliaciones e intereses.,https://www.psychiatry.org/getmedia/bc83f63f-48b6-45cb-83db-bb71c4845808/APA-Disclosure-of-Affiliations-and-Interests-Policy.pdf,https://www.psychiatry.org/getmedia/bc83f63f-48b6-45cb-83db-bb71c4845808/APA-Disclosure-of-Affiliations-and-Interests-Policy.pdf,application/pdf,3b2ed2c1c1_APA-Disclosure-of-Affiliations-and-Interests-Policy.pdf,/Users/jm/Psychiatry-Clerkship-Library/13_Faculty_Resources/APA_Downloads_2026-06-29/files/3b2ed2c1c1_APA-Disclosure-of-Affiliations-and-Interests-Policy.pdf,154607,3b2ed2c1c1ded252c997fcca0f2b78b3546a84883f61aadacecdb9869bc68149
Spanish patient and family education,https://www.psychiatry.org/patients-families/la-salud-mental/cigarrillos-electronicos-y-vapeo,Psychiatry.org - Cigarrillos electrónicos y vapeo,Descargar folleto de vapeo,https://www.psychiatry.org/getmedia/2381cdc8-2aa2-416b-809d-a4454c20fc7e/6-3-24-Vaping-Handout-Spanish.pdf,https://www.psychiatry.org/getmedia/2381cdc8-2aa2-416b-809d-a4454c20fc7e/6-3-24-Vaping-Handout-Spanish.pdf,application/pdf,a341fa6431_6-3-24-Vaping-Handout-Spanish.pdf,/Users/jm/Psychiatry-Clerkship-Library/13_Faculty_Resources/APA_Downloads_2026-06-29/files/a341fa6431_6-3-24-Vaping-Handout-Spanish.pdf,357372,a341fa643119f6262a3da90f436e001e214681371136e8ce00fbe6c453feecbc
Spanish patient and family education,https://www.psychiatry.org/patients-families/la-salud-mental/adiccion-a-la-tecnologia-redes-sociales-juegos-en,"Psychiatry.org - Adicción a la tecnología: redes sociales, juegos en línea, y más",Descargar folleto de adicción a la tecnología,https://www.psychiatry.org/getmedia/30383742-7a3a-48d0-aabd-0809ea74f494/6-3-24-Technology-Handout-Spanish.pdf,https://www.psychiatry.org/getmedia/30383742-7a3a-48d0-aabd-0809ea74f494/6-3-24-Technology-Handout-Spanish.pdf,application/pdf,72f559b399_6-3-24-Technology-Handout-Spanish.pdf,/Users/jm/Psychiatry-Clerkship-Library/13_Faculty_Resources/APA_Downloads_2026-06-29/files/72f559b399_6-3-24-Technology-Handout-Spanish.pdf,87207,72f559b399568d0ca55b6abd5409b4724fd26cbfea7b09b3cfe863c5e4beb4b7
Perinatal mental health,https://www.psychiatry.org/patients-families/la-salud-mental/folletos,Psychiatry.org - Herramientas digitales para promover la salud mental de los latinos,Descarga aquí,https://www.psychiatry.org/getmedia/8253e0fc-9814-4a04-8973-cc96001d43a3/perinatal-folleto.pdf,https://www.psychiatry.org/getmedia/8253e0fc-9814-4a04-8973-cc96001d43a3/perinatal-folleto.pdf,application/pdf,9b9605f350_perinatal-folleto.pdf,/Users/jm/Psychiatry-Clerkship-Library/13_Faculty_Resources/APA_Downloads_2026-06-29/files/9b9605f350_perinatal-folleto.pdf,201126,9b9605f35013125af5688239e834ed25f09cfd57326f060fb2f90df24d0e237a
Spanish patient and family education,https://www.psychiatry.org/patients-families/la-salud-mental/estigma/folleto,Psychiatry.org - Folleto,Descargar el Folleto,https://www.psychiatry.org/getmedia/0f149189-8131-49ce-a165-d07017acc1b0/estigma-folleto.pdf,https://www.psychiatry.org/getmedia/0f149189-8131-49ce-a165-d07017acc1b0/estigma-folleto.pdf,application/pdf,8ce6992093_estigma-folleto.pdf,/Users/jm/Psychiatry-Clerkship-Library/13_Faculty_Resources/APA_Downloads_2026-06-29/files/8ce6992093_estigma-folleto.pdf,170153,8ce699209373797aa222c48d8b9f6f148951c2a76d56c322bfc9ae62af4a9e93
Spanish patient and family education,https://www.psychiatry.org/patients-families/la-salud-mental/hoja-informativa-poblacion-hispana-y-salud-mental,Psychiatry.org - Hoja informativa: Población hispana y salud mental,Download PDF,https://www.psychiatry.org/getmedia/816593d9-1d0d-4a7b-ae81-3f64153f290e/3-20-26-Hispanic-Population-MH-Handout.pdf,https://www.psychiatry.org/getmedia/816593d9-1d0d-4a7b-ae81-3f64153f290e/3-20-26-Hispanic-Population-MH-Handout.pdf,application/pdf,4e21439e5d_3-20-26-Hispanic-Population-MH-Handout.pdf,/Users/jm/Psychiatry-Clerkship-Library/13_Faculty_Resources/APA_Downloads_2026-06-29/files/4e21439e5d_3-20-26-Hispanic-Population-MH-Handout.pdf,66067,4e21439e5d3b59f954f94956a0b1620912368fad3444054bf1dbdcf29bc753b3
Spanish patient and family education,https://www.psychiatry.org/patients-families/la-salud-mental/folletos,Psychiatry.org - Herramientas digitales para promover la salud mental de los latinos,Download PDF,https://www.psychiatry.org/getmedia/61bd0803-e933-4c23-b5a8-06d303321229/6-10-25-LasSaludMental-General-Flyers-English.pdf,https://www.psychiatry.org/getmedia/61bd0803-e933-4c23-b5a8-06d303321229/6-10-25-LasSaludMental-General-Flyers-English.pdf,application/pdf,8df60360cf_6-10-25-LasSaludMental-General-Flyers-English.pdf,/Users/jm/Psychiatry-Clerkship-Library/13_Faculty_Resources/APA_Downloads_2026-06-29/files/8df60360cf_6-10-25-LasSaludMental-General-Flyers-English.pdf,1186492,8df60360cff7a68061fa7ddfe7f341938a0dc359c441ed4e1713d7291b9ecbc9
Spanish patient and family education,https://www.psychiatry.org/patients-families/la-salud-mental/trastorno-de-estres-postraumatico-tept/folleto,Psychiatry.org - Folleto,Descargar el Folleto,https://www.psychiatry.org/getmedia/7181c7fd-9fa7-4461-a5de-bcdda6326676/tept-folleto.pdf,https://www.psychiatry.org/getmedia/7181c7fd-9fa7-4461-a5de-bcdda6326676/tept-folleto.pdf,application/pdf,cec4dd403d_tept-folleto.pdf,/Users/jm/Psychiatry-Clerkship-Library/13_Faculty_Resources/APA_Downloads_2026-06-29/files/cec4dd403d_tept-folleto.pdf,82747,cec4dd403d8da68457ee53698e07c70805977de5db06797f44fa8e8e66d97a92
Spanish patient and family education,https://www.psychiatry.org/patients-families/la-salud-mental/suicidio-y-autolesion/folleto,Psychiatry.org - Folleto,Descargar el Folleto,https://www.psychiatry.org/getmedia/213d7658-072a-479c-ba68-fabb724cdf6c/suicidio-folleto.pdf,https://www.psychiatry.org/getmedia/213d7658-072a-479c-ba68-fabb724cdf6c/suicidio-folleto.pdf,application/pdf,eff17337c8_suicidio-folleto.pdf,/Users/jm/Psychiatry-Clerkship-Library/13_Faculty_Resources/APA_Downloads_2026-06-29/files/eff17337c8_suicidio-folleto.pdf,89571,eff17337c812d9b2fe5ebecae1b5198750e3a0ed84c211f31b19d4b93edc04e0
Spanish patient and family education,https://www.psychiatry.org/patients-families/la-salud-mental/trastorno-por-consumo-de-sustancias,Psychiatry.org - Trastorno por consumo de sustancias,Aprende más,https://www.psychiatry.org/getmedia/b70b1798-78d9-41e3-ab05-8e21b4fc3a05/Addiction-Top10-Spanish-everyone.pdf,https://www.psychiatry.org/getmedia/b70b1798-78d9-41e3-ab05-8e21b4fc3a05/Addiction-Top10-Spanish-everyone.pdf,application/pdf,1fc808b151_Addiction-Top10-Spanish-everyone.pdf,/Users/jm/Psychiatry-Clerkship-Library/13_Faculty_Resources/APA_Downloads_2026-06-29/files/1fc808b151_Addiction-Top10-Spanish-everyone.pdf,180115,1fc808b151f102209caaad80367f06412127b455a4cdfa67a078a42554f67222
Spanish patient and family education,https://www.psychiatry.org/patients-families/la-salud-mental/folletos,Psychiatry.org - Herramientas digitales para promover la salud mental de los latinos,Descarga PDF,https://www.psychiatry.org/getmedia/0de450d3-ab29-4f2c-9a01-818aa7f6de6d/4-28-25-LasSaludMental-General-Flyers-Update3.pdf,https://www.psychiatry.org/getmedia/0de450d3-ab29-4f2c-9a01-818aa7f6de6d/4-28-25-LasSaludMental-General-Flyers-Update3.pdf,application/pdf,c23977e2cc_4-28-25-LasSaludMental-General-Flyers-Update3.pdf,/Users/jm/Psychiatry-Clerkship-Library/13_Faculty_Resources/APA_Downloads_2026-06-29/files/c23977e2cc_4-28-25-LasSaludMental-General-Flyers-Update3.pdf,1186149,c23977e2cc09ded67f92ef9a840d211e1f0cb42c733fa1e61b3b463ceb0a8af0
Spanish patient and family education,https://www.psychiatry.org/patients-families/la-salud-mental/trastorno-por-consumo-de-opioides-1,Psychiatry.org - Trastorno por consumo de opioides,Descargar folleto de opioides,https://www.psychiatry.org/getmedia/148ea81a-5546-41b7-99d0-d74e259d9d66/6-3-24-Opioids-Handout-Spanish.pdf,https://www.psychiatry.org/getmedia/148ea81a-5546-41b7-99d0-d74e259d9d66/6-3-24-Opioids-Handout-Spanish.pdf,application/pdf,4808dd0791_6-3-24-Opioids-Handout-Spanish.pdf,/Users/jm/Psychiatry-Clerkship-Library/13_Faculty_Resources/APA_Downloads_2026-06-29/files/4808dd0791_6-3-24-Opioids-Handout-Spanish.pdf,146185,4808dd0791d8aeabf8d8197b799680c26a91e4e4ff8091ba94e86953c8523418
Spanish patient and family education,https://www.psychiatry.org/patients-families/la-salud-mental/trastorno-por-deficit-de-atencion-con-hiperactivid/folleto,Psychiatry.org - Folleto,Descargar el Folleto,https://www.psychiatry.org/getmedia/fc6c1496-c8f4-4f63-a44a-c23e8c6b6066/tdah-folleto.pdf,https://www.psychiatry.org/getmedia/fc6c1496-c8f4-4f63-a44a-c23e8c6b6066/tdah-folleto.pdf,application/pdf,1fdf4eae1c_tdah-folleto.pdf,/Users/jm/Psychiatry-Clerkship-Library/13_Faculty_Resources/APA_Downloads_2026-06-29/files/1fdf4eae1c_tdah-folleto.pdf,81361,1fdf4eae1c9b7bbe4d585c6129b4b3003ba0d06870fe6713295f815df58a4365
Spanish patient and family education,https://www.psychiatry.org/patients-families/la-salud-mental/folletos,Psychiatry.org - Herramientas digitales para promover la salud mental de los latinos,Descarga PDF aqui,https://www.psychiatry.org/getmedia/4d6d1a9f-cea9-40dd-9148-99fe41afb778/11-8-24-LaSaludMental-poster-SUD,https://www.psychiatry.org/getmedia/4d6d1a9f-cea9-40dd-9148-99fe41afb778/11-8-24-LaSaludMental-poster-SUD,application/pdf,7b104d2b3b_11-8-24-LaSaludMental-poster-SUD.pdf,/Users/jm/Psychiatry-Clerkship-Library/13_Faculty_Resources/APA_Downloads_2026-06-29/files/7b104d2b3b_11-8-24-LaSaludMental-poster-SUD.pdf,2621456,7b104d2b3b7ce1c959daaa4f2a2167d21ee912b13ccca5feda92132651f6eb60
Spanish patient and family education,https://www.psychiatry.org/patients-families/la-salud-mental/trastorno-por-consumo-de-alcohol,Psychiatry.org - Trastorno por consumo de alcohol,Descargar folleto de trastorno por consumo alcohol,https://www.psychiatry.org/getmedia/e21eba04-5fea-4d43-b78f-ebb25a9be1ee/6-3-24-Alcohol-Handout-Spanish.pdf,https://www.psychiatry.org/getmedia/e21eba04-5fea-4d43-b78f-ebb25a9be1ee/6-3-24-Alcohol-Handout-Spanish.pdf,application/pdf,45efb327c7_6-3-24-Alcohol-Handout-Spanish.pdf,/Users/jm/Psychiatry-Clerkship-Library/13_Faculty_Resources/APA_Downloads_2026-06-29/files/45efb327c7_6-3-24-Alcohol-Handout-Spanish.pdf,96260,45efb327c72edd10f456dba5d9dfbeb2f3aa79363dd2f4650b39c729f05cb874
Spanish patient and family education,https://www.psychiatry.org/patients-families/la-salud-mental/folletos,Psychiatry.org - Herramientas digitales para promover la salud mental de los latinos,Descarga PDF aqui,https://www.psychiatry.org/getmedia/2777c174-1993-466f-8763-4602c758aa4e/11-13-24-LaSaludMental-poster-Depression.pdf,https://www.psychiatry.org/getmedia/2777c174-1993-466f-8763-4602c758aa4e/11-13-24-LaSaludMental-poster-Depression.pdf,application/pdf,0e1862d10b_11-13-24-LaSaludMental-poster-Depression.pdf,/Users/jm/Psychiatry-Clerkship-Library/13_Faculty_Resources/APA_Downloads_2026-06-29/files/0e1862d10b_11-13-24-LaSaludMental-poster-Depression.pdf,4261265,0e1862d10b73e70f650f88abe059ee97750e4545d3b17681ee47747c89c25782
Perinatal mental health,https://www.psychiatry.org/patients-families/peripartum-depression,Psychiatry.org - Perinatal Depression (formerly Postpartum),Pregnant Persons with Mental Health and Substance Use Conditions (.pdf),https://www.psychiatry.org/getmedia/6d13c289-403d-4d6d-bff4-c5e946768bbc/APA-CDC-Facts-Pregnant-Persons-Mental-Health-Substance-Use-Conditions.pdf,https://www.psychiatry.org/getmedia/6d13c289-403d-4d6d-bff4-c5e946768bbc/APA-CDC-Facts-Pregnant-Persons-Mental-Health-Substance-Use-Conditions.pdf,application/pdf,a81abdc783_APA-CDC-Facts-Pregnant-Persons-Mental-Health-Substance-Use-Conditions.pdf,/Users/jm/Psychiatry-Clerkship-Library/13_Faculty_Resources/APA_Downloads_2026-06-29/files/a81abdc783_APA-CDC-Facts-Pregnant-Persons-Mental-Health-Substance-Use-Conditions.pdf,92453,a81abdc7837221590556feb020dd976c2942dcd02a91aa0f545429c06e7b2fd7
Perinatal mental health,https://www.psychiatry.org/patients-families/peripartum-depression,Psychiatry.org - Perinatal Depression (formerly Postpartum),Persons with Mental Health and Substance Use Conditions Who are Planning to Become Pregnant (.pdf),https://www.psychiatry.org/getmedia/8778dac2-5837-45ec-895b-2321e1116638/APA-CDC-Facts-Persons-with-Mental-Health-Substance-Use-Conditions-Planning-to-Become-Pregant.pdf,https://www.psychiatry.org/getmedia/8778dac2-5837-45ec-895b-2321e1116638/APA-CDC-Facts-Persons-with-Mental-Health-Substance-Use-Conditions-Planning-to-Become-Pregant.pdf,application/pdf,dae6850cc8_APA-CDC-Facts-Persons-with-Mental-Health-Substance-Use-Conditions-Planning-to-Become-Pregant.pdf,/Users/jm/Psychiatry-Clerkship-Library/13_Faculty_Resources/APA_Downloads_2026-06-29/files/dae6850cc8_APA-CDC-Facts-Persons-with-Mental-Health-Substance-Use-Conditions-Planning-to-Become-Pregant.pdf,90570,dae6850cc84cf45fcae26ba2ae41bfd28b699b05da132dcce5108a03f2c3baf5
Perinatal mental health,https://www.psychiatry.org/patients-families/peripartum-depression,Psychiatry.org - Perinatal Depression (formerly Postpartum),Persons Who Develop Mental Health or Substance Use Conditions Within a Year of Giving Birth (.pdf),https://www.psychiatry.org/getmedia/cda60968-80f2-4c15-9190-cc0f858e4679/APA-CDC-Facts-Persons-Who-Develop-Mental-Health-Substance-Use-Conditions-Within-Year-of-Giving-Birth.pdf,https://www.psychiatry.org/getmedia/cda60968-80f2-4c15-9190-cc0f858e4679/APA-CDC-Facts-Persons-Who-Develop-Mental-Health-Substance-Use-Conditions-Within-Year-of-Giving-Birth.pdf,application/pdf,71859baf26_APA-CDC-Facts-Persons-Who-Develop-Mental-Health-Substance-Use-Conditions-Within-Year-of-Giving-Birth.pdf,/Users/jm/Psychiatry-Clerkship-Library/13_Faculty_Resources/APA_Downloads_2026-06-29/files/71859baf26_APA-CDC-Facts-Persons-Who-Develop-Mental-Health-Substance-Use-Conditions-Within-Year-of-Giving-Birth.pdf,92338,71859baf262bb60b5e2a2b90f0ba2c475112e71501a90a094cd883ef86fdf0de
Spanish patient and family education,https://www.psychiatry.org/patients-families/la-salud-mental/trastorno-por-deficit-de-atencion-con-hiperactivid/%C2%BFque-es-el-tdah,Psychiatry.org - ¿Qué es el TDAH?,Guía para padres sobre medicamentos: TDAH,https://www.psychiatry.org/File%20Library/Psychiatrists/Practice/Professional-Topics/Child-Adolescent-Psychiatry/adhd-parents-medication-guide-spanish.pdf,https://www.psychiatry.org/File%20Library/Psychiatrists/Practice/Professional-Topics/Child-Adolescent-Psychiatry/adhd-parents-medication-guide-spanish.pdf,application/pdf,797c5a45ab_adhd-parents-medication-guide-spanish.pdf,/Users/jm/Psychiatry-Clerkship-Library/13_Faculty_Resources/APA_Downloads_2026-06-29/files/797c5a45ab_adhd-parents-medication-guide-spanish.pdf,1356837,797c5a45abf61b81ef387e054cfb45453d356683760f7830f57f76e5a73d2791
Patient and family education,https://www.psychiatry.org/patients-families/peripartum-depression,Psychiatry.org - Perinatal Depression (formerly Postpartum),Preparing for your Medical Appointment (.pdf),https://www.psychiatry.org/getmedia/0d8265b8-4489-41d0-820d-314214357433/APA-CDC-Preparing-for-Mental-Health-Appointments.pdf,https://www.psychiatry.org/getmedia/0d8265b8-4489-41d0-820d-314214357433/APA-CDC-Preparing-for-Mental-Health-Appointments.pdf,application/pdf,504f2cb178_APA-CDC-Preparing-for-Mental-Health-Appointments.pdf,/Users/jm/Psychiatry-Clerkship-Library/13_Faculty_Resources/APA_Downloads_2026-06-29/files/504f2cb178_APA-CDC-Preparing-for-Mental-Health-Appointments.pdf,89312,504f2cb178d26fbb2142d47272d2a08f34cd375156dee11b64af09dc78cbf7e5
Telepsychiatry and digital care,https://www.psychiatry.org/patients-families/telepsychiatry,Psychiatry.org - What is Telepsychiatry?,Read the full position statement.,https://www.psychiatry.org/getattachment/a9405e26-3a69-4e9d-95b6-5df9568fb443/Position-Telemedicine-in-Psychiatry.pdf,https://www.psychiatry.org/getattachment/a9405e26-3a69-4e9d-95b6-5df9568fb443/Position-Telemedicine-in-Psychiatry.pdf,application/pdf,0b153cf125_Position-Telemedicine-in-Psychiatry.pdf,/Users/jm/Psychiatry-Clerkship-Library/13_Faculty_Resources/APA_Downloads_2026-06-29/files/0b153cf125_Position-Telemedicine-in-Psychiatry.pdf,168177,0b153cf1255f5a742b9955abe7d9dbb7004579d710fc3364e399f336d14b3119
Spanish patient and family education,https://www.psychiatry.org/patients-families/la-salud-mental/trastorno-por-consumo-de-sustancias/folleto,Psychiatry.org - Folleto,Descargar el Folleto,https://www.psychiatry.org/getmedia/443c49ec-bd80-4fef-8656-26909157883e/trastorno-por-consumo-sustancias-folleto.pdf,https://www.psychiatry.org/getmedia/443c49ec-bd80-4fef-8656-26909157883e/trastorno-por-consumo-sustancias-folleto.pdf,application/pdf,2b059af6a8_trastorno-por-consumo-sustancias-folleto.pdf,/Users/jm/Psychiatry-Clerkship-Library/13_Faculty_Resources/APA_Downloads_2026-06-29/files/2b059af6a8_trastorno-por-consumo-sustancias-folleto.pdf,144420,2b059af6a8f4744be092bdbb224d5a8056c72f197374671bc2587b3864d8ad91
"Diversity, culture, and equity",https://www.psychiatry.org/psychiatrists/diversity/education/african-american-patients,Psychiatry.org - African Americans,Mental Health Facts for Diverse Populations (.pdf),https://www.psychiatry.org/getmedia/bac9c998-5b2d-4ffa-ace9-d35844b8475a/Mental-Health-Facts-for-Diverse-Populations.pdf,https://www.psychiatry.org/getmedia/bac9c998-5b2d-4ffa-ace9-d35844b8475a/Mental-Health-Facts-for-Diverse-Populations.pdf,application/pdf,c7cd151e97_Mental-Health-Facts-for-Diverse-Populations.pdf,/Users/jm/Psychiatry-Clerkship-Library/13_Faculty_Resources/APA_Downloads_2026-06-29/files/c7cd151e97_Mental-Health-Facts-for-Diverse-Populations.pdf,550802,c7cd151e97b74e78d5bd82b865840f25aedf4d187f48335957f5e030337cae14
Spanish patient and family education,https://www.psychiatry.org/patients-families/la-salud-mental/trastorno-del-espectro-autista/folleto,Psychiatry.org - Folleto,Descargar el Folleto,https://www.psychiatry.org/getmedia/8b9f119a-ebf2-422b-8326-31e05f965005/tea-folleto.pdf,https://www.psychiatry.org/getmedia/8b9f119a-ebf2-422b-8326-31e05f965005/tea-folleto.pdf,application/pdf,1789a58b2b_tea-folleto.pdf,/Users/jm/Psychiatry-Clerkship-Library/13_Faculty_Resources/APA_Downloads_2026-06-29/files/1789a58b2b_tea-folleto.pdf,150526,1789a58b2b5f5c405d3c2ba42da5d55b5af5007c2cdfb537f609ea4f76d6c4a5
"Diversity, culture, and equity",https://www.psychiatry.org/psychiatrists/diversity/education/appalachian-patients,Psychiatry.org - Appalachian People,Mental Health Facts for Appalachian People (.pdf),https://www.psychiatry.org/getmedia/395d3f07-0f37-4802-94a2-0bd584ffbc63/Mental-Health-Facts-for-Appalachian-People.pdf,https://www.psychiatry.org/getmedia/395d3f07-0f37-4802-94a2-0bd584ffbc63/Mental-Health-Facts-for-Appalachian-People.pdf,application/pdf,e9b3faf099_Mental-Health-Facts-for-Appalachian-People.pdf,/Users/jm/Psychiatry-Clerkship-Library/13_Faculty_Resources/APA_Downloads_2026-06-29/files/e9b3faf099_Mental-Health-Facts-for-Appalachian-People.pdf,845242,e9b3faf09973610bfdbe42f37f9400da622a7bd4eb46b1919cf203576f938bc5
"Diversity, culture, and equity",https://www.psychiatry.org/psychiatrists/diversity/education/best-practice-highlights/working-with-latino-patients,Psychiatry.org - Working with Latino Patients,Download Guide,https://www.psychiatry.org/getmedia/fbf73050-d1d5-4854-8893-6007301537f4/Best-Practices-Latinos-Patients.pdf,https://www.psychiatry.org/getmedia/fbf73050-d1d5-4854-8893-6007301537f4/Best-Practices-Latinos-Patients.pdf,application/pdf,00bc7d1995_Best-Practices-Latinos-Patients.pdf,/Users/jm/Psychiatry-Clerkship-Library/13_Faculty_Resources/APA_Downloads_2026-06-29/files/00bc7d1995_Best-Practices-Latinos-Patients.pdf,290986,00bc7d1995ed49d0d2705a7fc04e85aabb52cf1146ae2d2dbc8d9e91c4bc3929
"Diversity, culture, and equity",https://www.psychiatry.org/psychiatrists/diversity/education/best-practice-highlights/working-with-lgbtq-patients,Psychiatry.org - Working with LGBTQ Patients,Download Guide,https://www.psychiatry.org/getmedia/1dd0b752-8791-49d0-b8a1-c73d853bd610/Best-Practices-LGBTQ-Patients.pdf,https://www.psychiatry.org/getmedia/1dd0b752-8791-49d0-b8a1-c73d853bd610/Best-Practices-LGBTQ-Patients.pdf,application/pdf,a80c95f86c_Best-Practices-LGBTQ-Patients.pdf,/Users/jm/Psychiatry-Clerkship-Library/13_Faculty_Resources/APA_Downloads_2026-06-29/files/a80c95f86c_Best-Practices-LGBTQ-Patients.pdf,600736,a80c95f86ce6e0c36a3fdc966f9e653be83386ca822ba23445ab0d49965f5804
"Diversity, culture, and equity",https://www.psychiatry.org/psychiatrists/diversity/education/asian-american-patients,Psychiatry.org - Asian American,Mental Health Facts for Asian Americans/Pacific Islanders (.pdf),https://www.psychiatry.org/getmedia/1b7f4da3-d5ca-43be-b5ee-8cead4c12668/Mental-Health-Facts-for-Asian-Americans-Pacific-Islanders.pdf,https://www.psychiatry.org/getmedia/1b7f4da3-d5ca-43be-b5ee-8cead4c12668/Mental-Health-Facts-for-Asian-Americans-Pacific-Islanders.pdf,application/pdf,30df5e7f6b_Mental-Health-Facts-for-Asian-Americans-Pacific-Islanders.pdf,/Users/jm/Psychiatry-Clerkship-Library/13_Faculty_Resources/APA_Downloads_2026-06-29/files/30df5e7f6b_Mental-Health-Facts-for-Asian-Americans-Pacific-Islanders.pdf,242391,30df5e7f6bd1166f6e3a6db5ce79f3a0abb9f312b5452588105536140b3d425a
"Diversity, culture, and equity",https://www.psychiatry.org/psychiatrists/diversity/education/best-practice-highlights/working-with-appalachian-patients,Psychiatry.org - Working with Appalachian Patients,Download Guide,https://www.psychiatry.org/getmedia/fb13e285-4955-4c43-9b19-d98411b9467a/Best-Practices-Appalachian-Patients.pdf,https://www.psychiatry.org/getmedia/fb13e285-4955-4c43-9b19-d98411b9467a/Best-Practices-Appalachian-Patients.pdf,application/pdf,8fcade4daf_Best-Practices-Appalachian-Patients.pdf,/Users/jm/Psychiatry-Clerkship-Library/13_Faculty_Resources/APA_Downloads_2026-06-29/files/8fcade4daf_Best-Practices-Appalachian-Patients.pdf,2788751,8fcade4dafbfa8987317070daa06723b92d9447cfdb50a72648c5df604bac1bc
"Diversity, culture, and equity",https://www.psychiatry.org/psychiatrists/diversity/education/best-practice-highlights/working-with-refugee-and-forced-displacement-patie,Psychiatry.org - Working with Refugee and Forced Displacement Patients,"Mental Health Facts on Refugees, Asylum-seekers, & Survivors of Forced Displacement (.pdf)",https://www.psychiatry.org/getmedia/9d2de01e-babc-4e04-8f01-16f3f75ff1cd/Mental-Health-Facts-for-Refugees.pdf,https://www.psychiatry.org/getmedia/9d2de01e-babc-4e04-8f01-16f3f75ff1cd/Mental-Health-Facts-for-Refugees.pdf,application/pdf,42b161aad0_Mental-Health-Facts-for-Refugees.pdf,/Users/jm/Psychiatry-Clerkship-Library/13_Faculty_Resources/APA_Downloads_2026-06-29/files/42b161aad0_Mental-Health-Facts-for-Refugees.pdf,213475,42b161aad0af7be4c6073fcfc287140387783358c4f8aff709498d5c5ffaf76f
"Diversity, culture, and equity",https://www.psychiatry.org/psychiatrists/diversity/education/best-practice-highlights/working-with-african-american-patients,Psychiatry.org - Working with African American/Black Patients,Mental Health Facts for African Americans (.pdf),https://www.psychiatry.org/getmedia/bc6ae47f-b0aa-4418-b045-952ede06757f/Mental-Health-Facts-for-African-Americans.pdf,https://www.psychiatry.org/getmedia/bc6ae47f-b0aa-4418-b045-952ede06757f/Mental-Health-Facts-for-African-Americans.pdf,application/pdf,ac3a2af935_Mental-Health-Facts-for-African-Americans.pdf,/Users/jm/Psychiatry-Clerkship-Library/13_Faculty_Resources/APA_Downloads_2026-06-29/files/ac3a2af935_Mental-Health-Facts-for-African-Americans.pdf,936626,ac3a2af935825bf61784012f6657b053eba316cb7e92df8097b5ea7e221ff8b3
"Diversity, culture, and equity",https://www.psychiatry.org/psychiatrists/diversity/education/best-practice-highlights/working-with-women-patients,Psychiatry.org - Working with Women Patients,Download Guide,https://www.psychiatry.org/getmedia/5a609251-8ad3-4f04-8f98-a0d5cbd004c0/Best-Practices-Women-Patients.pdf,https://www.psychiatry.org/getmedia/5a609251-8ad3-4f04-8f98-a0d5cbd004c0/Best-Practices-Women-Patients.pdf,application/pdf,4136802635_Best-Practices-Women-Patients.pdf,/Users/jm/Psychiatry-Clerkship-Library/13_Faculty_Resources/APA_Downloads_2026-06-29/files/4136802635_Best-Practices-Women-Patients.pdf,555495,4136802635b65b5d95cf28833dfd23a0897b42f62610d938662c1f15813afc5c
"Diversity, culture, and equity",https://www.psychiatry.org/psychiatrists/diversity/education/best-practice-highlights/working-with-native-american-patients,Psychiatry.org - Working With Indigenous Patients,Download Guide,https://www.psychiatry.org/getmedia/d5d644a8-af5d-42d7-bb23-c2965cd0af92/Best-Practices-Native-Americans-Patients.pdf,https://www.psychiatry.org/getmedia/d5d644a8-af5d-42d7-bb23-c2965cd0af92/Best-Practices-Native-Americans-Patients.pdf,application/pdf,5481e03a4d_Best-Practices-Native-Americans-Patients.pdf,/Users/jm/Psychiatry-Clerkship-Library/13_Faculty_Resources/APA_Downloads_2026-06-29/files/5481e03a4d_Best-Practices-Native-Americans-Patients.pdf,334547,5481e03a4d5811c972a30338566611a44834a0d84136d46454cf165709fc6555
"Diversity, culture, and equity",https://www.psychiatry.org/psychiatrists/diversity/education/intimate-partner-violence/women,Psychiatry.org - Women,Guide to Treating Women Who Have Exprienced Intimate Parner Violence (.pdf),https://www.psychiatry.org/getmedia/d8bb1a4a-0830-4f5b-90fd-5049f33e134e/APA-Guide-to-IPV-Among-Women.pdf,https://www.psychiatry.org/getmedia/d8bb1a4a-0830-4f5b-90fd-5049f33e134e/APA-Guide-to-IPV-Among-Women.pdf,application/pdf,a8191351a0_APA-Guide-to-IPV-Among-Women.pdf,/Users/jm/Psychiatry-Clerkship-Library/13_Faculty_Resources/APA_Downloads_2026-06-29/files/a8191351a0_APA-Guide-to-IPV-Among-Women.pdf,398453,a8191351a07d0fe02bfad3ec203079fb776fc0be76ea30b4bce132e7be7aef1c
"Diversity, culture, and equity",https://www.psychiatry.org/psychiatrists/diversity/education/immigration-toolkit,Psychiatry.org - Immigration Toolkit,Download the Toolkit,https://www.psychiatry.org/getmedia/d29a12ca-1ef3-4832-adbd-f05ff89b9e82/APA-Immigration-Toolkit.pdf,https://www.psychiatry.org/getmedia/d29a12ca-1ef3-4832-adbd-f05ff89b9e82/APA-Immigration-Toolkit.pdf,application/pdf,34098ece08_APA-Immigration-Toolkit.pdf,/Users/jm/Psychiatry-Clerkship-Library/13_Faculty_Resources/APA_Downloads_2026-06-29/files/34098ece08_APA-Immigration-Toolkit.pdf,704023,34098ece08621bce36c69197db0dbc419797494a31d758d8f60537146c4e6cc8
"Diversity, culture, and equity",https://www.psychiatry.org/psychiatrists/diversity/education/lgbtq-patients,"Psychiatry.org - Lesbian, Gay, Bisexual, Transgender and Queer/Questioning",Mental Health Facts for Bisexual Populations (.pdf),https://www.psychiatry.org/getmedia/78267295-37e1-4894-8cc7-bff2ac39bb72/Mental-Health-Facts-for-Bisexual-Populations.pdf,https://www.psychiatry.org/getmedia/78267295-37e1-4894-8cc7-bff2ac39bb72/Mental-Health-Facts-for-Bisexual-Populations.pdf,application/pdf,2be4b62a1a_Mental-Health-Facts-for-Bisexual-Populations.pdf,/Users/jm/Psychiatry-Clerkship-Library/13_Faculty_Resources/APA_Downloads_2026-06-29/files/2be4b62a1a_Mental-Health-Facts-for-Bisexual-Populations.pdf,703652,2be4b62a1a69cef8681027922ecb4242a0026cd2aded09a01ca250362032c2c1
"Diversity, culture, and equity",https://www.psychiatry.org/psychiatrists/diversity/education/intimate-partner-violence/immigrants-and-refugees,Psychiatry.org - Immigrants and Refugees,Guide to Treating Immigrant and Refugee Patients Who Have Experienced Intimate Partner Violence,https://www.psychiatry.org/getmedia/8bc87eaf-424e-4302-8877-957c8af181d7/APA-Guide-to-IPV-Among-Immigrant-and-Refugee-Communities.pdf,https://www.psychiatry.org/getmedia/8bc87eaf-424e-4302-8877-957c8af181d7/APA-Guide-to-IPV-Among-Immigrant-and-Refugee-Communities.pdf,application/pdf,7514d2d281_APA-Guide-to-IPV-Among-Immigrant-and-Refugee-Communities.pdf,/Users/jm/Psychiatry-Clerkship-Library/13_Faculty_Resources/APA_Downloads_2026-06-29/files/7514d2d281_APA-Guide-to-IPV-Among-Immigrant-and-Refugee-Communities.pdf,319558,7514d2d281e29235138b7a7657e2f3540bba5fc200b39c6508b56f5f180ed8a9
"Diversity, culture, and equity",https://www.psychiatry.org/psychiatrists/diversity/education/best-practice-highlights/working-with-muslim-patients,Psychiatry.org - Working with Muslim Patients,Mental Health Disparities for Muslim Americans (.pdf),https://www.psychiatry.org/getmedia/3b170f1d-565f-4fec-b9bc-23ea1da1c0ab/Mental-Health-Facts-for-Muslim-Americans.pdf,https://www.psychiatry.org/getmedia/3b170f1d-565f-4fec-b9bc-23ea1da1c0ab/Mental-Health-Facts-for-Muslim-Americans.pdf,application/pdf,d3cdfc765e_Mental-Health-Facts-for-Muslim-Americans.pdf,/Users/jm/Psychiatry-Clerkship-Library/13_Faculty_Resources/APA_Downloads_2026-06-29/files/d3cdfc765e_Mental-Health-Facts-for-Muslim-Americans.pdf,310762,d3cdfc765ebeb33bd094beb2883942dbea9e025f2975136123f28b3fb9073e73
"Diversity, culture, and equity",https://www.psychiatry.org/psychiatrists/diversity/education/lgbtq-patients,"Psychiatry.org - Lesbian, Gay, Bisexual, Transgender and Queer/Questioning",Mental Health Facts for Gay Populations (.pdf),https://www.psychiatry.org/getmedia/a38e2def-6e1c-4b37-8c1a-d4f8ecb89c05/Mental-Health-Facts-for-Gay-Populations.pdf,https://www.psychiatry.org/getmedia/a38e2def-6e1c-4b37-8c1a-d4f8ecb89c05/Mental-Health-Facts-for-Gay-Populations.pdf,application/pdf,c8ed7cb085_Mental-Health-Facts-for-Gay-Populations.pdf,/Users/jm/Psychiatry-Clerkship-Library/13_Faculty_Resources/APA_Downloads_2026-06-29/files/c8ed7cb085_Mental-Health-Facts-for-Gay-Populations.pdf,295132,c8ed7cb085a0257322663a9bdc24abc4861ef890943c3fb632e3454f179e747d
"Diversity, culture, and equity",https://www.psychiatry.org/psychiatrists/diversity/education/indigenous-patients,"Psychiatry.org - American Indian, Alaska Native & Native Hawaiian",Mental Health Facts for American Indian/Alaska Natives (.pdf),https://www.psychiatry.org/getmedia/d008fb53-3566-4a0a-adac-ba1f3b88528c/Mental-Health-Facts-for-American-Indian-Alaska-Natives.pdf,https://www.psychiatry.org/getmedia/d008fb53-3566-4a0a-adac-ba1f3b88528c/Mental-Health-Facts-for-American-Indian-Alaska-Natives.pdf,application/pdf,a287e065f7_Mental-Health-Facts-for-American-Indian-Alaska-Natives.pdf,/Users/jm/Psychiatry-Clerkship-Library/13_Faculty_Resources/APA_Downloads_2026-06-29/files/a287e065f7_Mental-Health-Facts-for-American-Indian-Alaska-Natives.pdf,791724,a287e065f75383f0e2ad4f6cdbd020941661c08ec5d010b7d0fdfdf1c99e48dc
"Diversity, culture, and equity",https://www.psychiatry.org/psychiatrists/diversity/education/lgbtq-patients,"Psychiatry.org - Lesbian, Gay, Bisexual, Transgender and Queer/Questioning",Mental Health Facts on Questioning/Queer Populations (.pdf),https://www.psychiatry.org/getmedia/1da0f311-d0d1-4bd3-8397-acb76a4a8d6a/Mental-Health-Facts-for-Queer-Questioning-Populations.pdf,https://www.psychiatry.org/getmedia/1da0f311-d0d1-4bd3-8397-acb76a4a8d6a/Mental-Health-Facts-for-Queer-Questioning-Populations.pdf,application/pdf,3152c2ae60_Mental-Health-Facts-for-Queer-Questioning-Populations.pdf,/Users/jm/Psychiatry-Clerkship-Library/13_Faculty_Resources/APA_Downloads_2026-06-29/files/3152c2ae60_Mental-Health-Facts-for-Queer-Questioning-Populations.pdf,229029,3152c2ae60e808f20eb7a846b4d883adff807f4ec70792f7622743bb49f7d580
DSM assessment measures,https://www.psychiatry.org/psychiatrists/diversity/education/social-determinants-of-mental-health,Psychiatry.org - Social Determinants of Mental Health,APA DSM-5-TR® Cultural Formulation Interview (.pdf),https://www.psychiatry.org/getmedia/5cc5329d-3bd4-4c6a-bae1-dfd0d6496f44/APA-DSM5TR-CulturalFormulationInterview.pdf,https://www.psychiatry.org/getmedia/5cc5329d-3bd4-4c6a-bae1-dfd0d6496f44/APA-DSM5TR-CulturalFormulationInterview.pdf,application/pdf,fc42b3bcdc_APA-DSM5TR-CulturalFormulationInterview.pdf,/Users/jm/Psychiatry-Clerkship-Library/13_Faculty_Resources/APA_Downloads_2026-06-29/files/fc42b3bcdc_APA-DSM5TR-CulturalFormulationInterview.pdf,375591,fc42b3bcdc60f6b62fd341dd4c657ad0e6709c5ca00daec25d4953433ef6e5f3
"Diversity, culture, and equity",https://www.psychiatry.org/psychiatrists/diversity/education/lgbtq-patients,"Psychiatry.org - Lesbian, Gay, Bisexual, Transgender and Queer/Questioning","Mental Health Facts for Lesbian, Gay, Bisexual, Transgender, Queer/Questioning (LGBTQ) (.pdf)",https://www.psychiatry.org/getmedia/552df1c0-57f2-4489-88fa-432182ce815a/Mental-Health-Facts-for-LGBTQ.pdf,https://www.psychiatry.org/getmedia/552df1c0-57f2-4489-88fa-432182ce815a/Mental-Health-Facts-for-LGBTQ.pdf,application/pdf,7fd3165fbf_Mental-Health-Facts-for-LGBTQ.pdf,/Users/jm/Psychiatry-Clerkship-Library/13_Faculty_Resources/APA_Downloads_2026-06-29/files/7fd3165fbf_Mental-Health-Facts-for-LGBTQ.pdf,608407,7fd3165fbffa44c844bbe9708d89fecf0d017c4058bca2829b3b9a49958d3f92
"Diversity, culture, and equity",https://www.psychiatry.org/psychiatrists/diversity/education/intimate-partner-violence/lgbtq,Psychiatry.org - LGBTQ,Guide to Treating LGBTQ Patients Who Have Exprienced Intimate Parner Violence,https://www.psychiatry.org/getmedia/cb181248-81df-4907-a3ca-a42e177e5bab/APA-Guide-to-IPV-Among-LGTBQ-Communities.pdf,https://www.psychiatry.org/getmedia/cb181248-81df-4907-a3ca-a42e177e5bab/APA-Guide-to-IPV-Among-LGTBQ-Communities.pdf,application/pdf,3358dc4817_APA-Guide-to-IPV-Among-LGTBQ-Communities.pdf,/Users/jm/Psychiatry-Clerkship-Library/13_Faculty_Resources/APA_Downloads_2026-06-29/files/3358dc4817_APA-Guide-to-IPV-Among-LGTBQ-Communities.pdf,280462,3358dc4817f17bf59a49cb4394726d9707dc96372a315e88ce5063c5635c8a77
"Diversity, culture, and equity",https://www.psychiatry.org/psychiatrists/diversity/education/social-determinants-of-mental-health,Psychiatry.org - Social Determinants of Mental Health,Report of the Presidential Task Force on the Social Determinants of Mental Health (.pdf),https://www.psychiatry.org/getmedia/b73d3f7b-94dd-4a52-9267-e83328247325/2022-APA-TFSDMH-Board-of-Trustees-December-Report.pdf,https://www.psychiatry.org/getmedia/b73d3f7b-94dd-4a52-9267-e83328247325/2022-APA-TFSDMH-Board-of-Trustees-December-Report.pdf,application/pdf,d4e44c6c4d_2022-APA-TFSDMH-Board-of-Trustees-December-Report.pdf,/Users/jm/Psychiatry-Clerkship-Library/13_Faculty_Resources/APA_Downloads_2026-06-29/files/d4e44c6c4d_2022-APA-TFSDMH-Board-of-Trustees-December-Report.pdf,1201445,d4e44c6c4d832c5adcbb99bd69e71b8aa2909f38f5cda3c4e040233ff80c32d2
"Diversity, culture, and equity",https://www.psychiatry.org/psychiatrists/diversity/education/social-determinants-of-mental-health,Psychiatry.org - Social Determinants of Mental Health,APA Resource Document: Social Determinants of Mental Health (.pdf),https://www.psychiatry.org/getattachment/a03e07c5-bba9-4ac7-b434-9183b1e0b730/Resource-Document-Social-Determinants-of-Mental-Health-Youth.pdf,https://www.psychiatry.org/getattachment/a03e07c5-bba9-4ac7-b434-9183b1e0b730/Resource-Document-Social-Determinants-of-Mental-Health-Youth.pdf,application/pdf,8e7cf2c651_Resource-Document-Social-Determinants-of-Mental-Health-Youth.pdf,/Users/jm/Psychiatry-Clerkship-Library/13_Faculty_Resources/APA_Downloads_2026-06-29/files/8e7cf2c651_Resource-Document-Social-Determinants-of-Mental-Health-Youth.pdf,621316,8e7cf2c651d89337b32a519e7897771198a05bdf8e8228c7df8e89b79fda61a5
"Diversity, culture, and equity",https://www.psychiatry.org/psychiatrists/diversity/education/mental-health-facts,Psychiatry.org - Mental Health Disparities: Diverse Populations,Mental Health Facts for Women (.pdf),https://www.psychiatry.org/getmedia/aa325a61-5b60-4c71-80f1-dc80cf83c383/Mental-Health-Facts-for-Women.pdf,https://www.psychiatry.org/getmedia/aa325a61-5b60-4c71-80f1-dc80cf83c383/Mental-Health-Facts-for-Women.pdf,application/pdf,60712aecd5_Mental-Health-Facts-for-Women.pdf,/Users/jm/Psychiatry-Clerkship-Library/13_Faculty_Resources/APA_Downloads_2026-06-29/files/60712aecd5_Mental-Health-Facts-for-Women.pdf,495368,60712aecd5303dde9aec583fce36fe394535725c9f427e41b3006a0495f9e45a
"Diversity, culture, and equity",https://www.psychiatry.org/psychiatrists/diversity/education/stress-and-trauma/hispanics,Psychiatry.org - Hispanics,/File%20Library/Psychiatrists/Cultural-Competency/Mental-Health-Disparities/Mental-Health-Facts-for-Hispanic-Latino.pdf,https://www.psychiatry.org/File%20Library/Psychiatrists/Cultural-Competency/Mental-Health-Disparities/Mental-Health-Facts-for-Hispanic-Latino.pdf,https://www.psychiatry.org/File%20Library/Psychiatrists/Cultural-Competency/Mental-Health-Disparities/Mental-Health-Facts-for-Hispanic-Latino.pdf,application/pdf,5f3e3e57a5_Mental-Health-Facts-for-Hispanic-Latino.pdf,/Users/jm/Psychiatry-Clerkship-Library/13_Faculty_Resources/APA_Downloads_2026-06-29/files/5f3e3e57a5_Mental-Health-Facts-for-Hispanic-Latino.pdf,820368,5f3e3e57a5db181e534fc3a26208b09acb54ed82bfc8371f693d8d799c03fe81
"Diversity, culture, and equity",https://www.psychiatry.org/psychiatrists/diversity/education/stress-and-trauma/african-americans,Psychiatry.org - African Americans,/File%20Library/Psychiatrists/Cultural-Competency/Mental-Health-Disparities/Mental-Health-Facts-for-African-Americans.pdf,https://www.psychiatry.org/File%20Library/Psychiatrists/Cultural-Competency/Mental-Health-Disparities/Mental-Health-Facts-for-African-Americans.pdf,https://www.psychiatry.org/File%20Library/Psychiatrists/Cultural-Competency/Mental-Health-Disparities/Mental-Health-Facts-for-African-Americans.pdf,application/pdf,ac3a2af935_Mental-Health-Facts-for-African-Americans.pdf,/Users/jm/Psychiatry-Clerkship-Library/13_Faculty_Resources/APA_Downloads_2026-06-29/files/ac3a2af935_Mental-Health-Facts-for-African-Americans.pdf,936626,ac3a2af935825bf61784012f6657b053eba316cb7e92df8097b5ea7e221ff8b3
"Diversity, culture, and equity",https://www.psychiatry.org/psychiatrists/diversity/education/transgender-and-gender-nonconforming-patients/letter-writing,Psychiatry.org - Writing Letters of Support to Insurers and Surgeons,Sample Letter for Surgery (.docx),https://www.psychiatry.org/getmedia/d930eda8-8e03-4b3d-9ed9-33a45105a64c/Sample-Letter-for-Surgery.docx,https://www.psychiatry.org/getmedia/d930eda8-8e03-4b3d-9ed9-33a45105a64c/Sample-Letter-for-Surgery.docx,application/vnd.openxmlformats-officedocument.wordprocessingml.document,eb47f2aebc_Sample-Letter-for-Surgery.docx,/Users/jm/Psychiatry-Clerkship-Library/13_Faculty_Resources/APA_Downloads_2026-06-29/files/eb47f2aebc_Sample-Letter-for-Surgery.docx,14503,eb47f2aebca19cb09eedabcf2b5a65f7924763649912bc3a1cde24007b36109e
"Diversity, culture, and equity",https://www.psychiatry.org/psychiatrists/diversity/education/stress-and-trauma/indigenous-people,Psychiatry.org - Indigenous People,/File%20Library/Psychiatrists/Cultural-Competency/Mental-Health-Disparities/Mental-Health-Facts-for-American-Indian-Alaska-Natives.pdf,https://www.psychiatry.org/File%20Library/Psychiatrists/Cultural-Competency/Mental-Health-Disparities/Mental-Health-Facts-for-American-Indian-Alaska-Natives.pdf,https://www.psychiatry.org/File%20Library/Psychiatrists/Cultural-Competency/Mental-Health-Disparities/Mental-Health-Facts-for-American-Indian-Alaska-Natives.pdf,application/pdf,a287e065f7_Mental-Health-Facts-for-American-Indian-Alaska-Natives.pdf,/Users/jm/Psychiatry-Clerkship-Library/13_Faculty_Resources/APA_Downloads_2026-06-29/files/a287e065f7_Mental-Health-Facts-for-American-Indian-Alaska-Natives.pdf,791724,a287e065f75383f0e2ad4f6cdbd020941661c08ec5d010b7d0fdfdf1c99e48dc
DSM fact sheets and diagnostic education,https://www.psychiatry.org/psychiatrists/diversity/education/stress-and-trauma/general-treatment-recommendations,Psychiatry.org - General Treatment Recommendations and Resources,APA_DSM5_Cultural-Formulation-Interview.pdf,https://www.psychiatry.org/File%20Library/Psychiatrists/Practice/DSM/APA_DSM5_Cultural-Formulation-Interview.pdf,https://www.psychiatry.org/File%20Library/Psychiatrists/Practice/DSM/APA_DSM5_Cultural-Formulation-Interview.pdf,application/pdf,befb865fd7_APA_DSM5_Cultural-Formulation-Interview.pdf,/Users/jm/Psychiatry-Clerkship-Library/13_Faculty_Resources/APA_Downloads_2026-06-29/files/befb865fd7_APA_DSM5_Cultural-Formulation-Interview.pdf,404139,befb865fd7ee85a1f54091185e803d6485f32f5b9a4f77adb779273d08f1592a
"Diversity, culture, and equity",https://www.psychiatry.org/psychiatrists/diversity/education/mental-health-facts,Psychiatry.org - Mental Health Disparities: Diverse Populations,Mental Health Facts for Hispanics and Latinos/as (.pdf),https://www.psychiatry.org/getmedia/5d5b46c3-9b28-4e50-9b73-7c738e0901d8/Mental-Health-Facts-for-Hispanic-Latino.pdf,https://www.psychiatry.org/getmedia/5d5b46c3-9b28-4e50-9b73-7c738e0901d8/Mental-Health-Facts-for-Hispanic-Latino.pdf,application/pdf,5f3e3e57a5_Mental-Health-Facts-for-Hispanic-Latino.pdf,/Users/jm/Psychiatry-Clerkship-Library/13_Faculty_Resources/APA_Downloads_2026-06-29/files/5f3e3e57a5_Mental-Health-Facts-for-Hispanic-Latino.pdf,820368,5f3e3e57a5db181e534fc3a26208b09acb54ed82bfc8371f693d8d799c03fe81
APA clinical practice guideline materials,https://www.psychiatry.org/psychiatrists/practice/clinical-practice-guidelines/alcohol-use-disorder,Psychiatry.org - Alcohol Use Disorder,Clinician Summary/Training Slides (.pptx),https://www.psychiatry.org/getmedia/2e1a4e31-70f6-44d1-92c2-0ebe3526e52e/APA-AUD-Clinical-Practice-Guidelines-Training-Slides.pptx,https://www.psychiatry.org/getmedia/2e1a4e31-70f6-44d1-92c2-0ebe3526e52e/APA-AUD-Clinical-Practice-Guidelines-Training-Slides.pptx,application/vnd.openxmlformats-officedocument.presentationml.presentation,ed041bb0d7_APA-AUD-Clinical-Practice-Guidelines-Training-Slides.pptx,/Users/jm/Psychiatry-Clerkship-Library/13_Faculty_Resources/APA_Downloads_2026-06-29/files/ed041bb0d7_APA-AUD-Clinical-Practice-Guidelines-Training-Slides.pptx,710731,ed041bb0d779681549a0c780c8bb64edc8aed6cf45f7bc0cb4fb0d9392fad5e8
"Diversity, culture, and equity",https://www.psychiatry.org/psychiatrists/diversity/education/transgender-and-gender-nonconforming-patients/letter-writing,Psychiatry.org - Writing Letters of Support to Insurers and Surgeons,Sample Letter for Gender Marker Change (.docx),https://www.psychiatry.org/getmedia/ae30a482-ebff-4f12-b3a9-29572323f1cb/Sample-Letter-for-Gender-Marker-Change.docx,https://www.psychiatry.org/getmedia/ae30a482-ebff-4f12-b3a9-29572323f1cb/Sample-Letter-for-Gender-Marker-Change.docx,application/vnd.openxmlformats-officedocument.wordprocessingml.document,86283f6d85_Sample-Letter-for-Gender-Marker-Change.docx,/Users/jm/Psychiatry-Clerkship-Library/13_Faculty_Resources/APA_Downloads_2026-06-29/files/86283f6d85_Sample-Letter-for-Gender-Marker-Change.docx,13484,86283f6d85a56e767d7e9e15a34dc07e0cc334ccf58198052cdba8fb4f52df94
APA clinical practice guideline materials,https://www.psychiatry.org/psychiatrists/practice/clinical-practice-guidelines/dementia,Psychiatry.org - Dementia,Clinician Summary/Training Slides (.pptx),https://www.psychiatry.org/getmedia/f6bd7a72-6aee-4080-ad26-02896d0b2b0b/APA-Dementia-Clinical-Practice-Guidelines-Training-Slides.pptx,https://www.psychiatry.org/getmedia/f6bd7a72-6aee-4080-ad26-02896d0b2b0b/APA-Dementia-Clinical-Practice-Guidelines-Training-Slides.pptx,application/vnd.openxmlformats-officedocument.presentationml.presentation,9bd94b74ab_APA-Dementia-Clinical-Practice-Guidelines-Training-Slides.pptx,/Users/jm/Psychiatry-Clerkship-Library/13_Faculty_Resources/APA_Downloads_2026-06-29/files/9bd94b74ab_APA-Dementia-Clinical-Practice-Guidelines-Training-Slides.pptx,928265,9bd94b74abaf540d9b8490b27b388f6be840231a5536aefa5a0ff94f03a1e07f
APA clinical practice guideline materials,https://www.psychiatry.org/psychiatrists/practice/clinical-practice-guidelines/eating-disorders,Psychiatry.org - Eating Disorders,Training Slides: APA Practice Guideline for the Treatment of Patients with Eating Disorders (.pptx),https://www.psychiatry.org/getmedia/3b9db04c-362f-4b0c-8256-7ea41ff42ff0/APA-Eating-Disorder-Clinical-Practice-Guideline-Training-Slides.pptx,https://www.psychiatry.org/getmedia/3b9db04c-362f-4b0c-8256-7ea41ff42ff0/APA-Eating-Disorder-Clinical-Practice-Guideline-Training-Slides.pptx,application/vnd.openxmlformats-officedocument.presentationml.presentation,3bbc9e8046_APA-Eating-Disorder-Clinical-Practice-Guideline-Training-Slides.pptx,/Users/jm/Psychiatry-Clerkship-Library/13_Faculty_Resources/APA_Downloads_2026-06-29/files/3bbc9e8046_APA-Eating-Disorder-Clinical-Practice-Guideline-Training-Slides.pptx,2975629,3bbc9e8046b7c997635555eee4acce327233d623bff2df6b27ebe705414aff10
APA clinical practice guideline materials,https://www.psychiatry.org/psychiatrists/practice/clinical-practice-guidelines/delirium,Psychiatry.org - Delirium,Training Slides (.pptx),https://www.psychiatry.org/getmedia/93a1b816-4246-4f7e-9e04-752b9307f53e/APA-Delirium-Training-Slides.pptx,https://www.psychiatry.org/getmedia/93a1b816-4246-4f7e-9e04-752b9307f53e/APA-Delirium-Training-Slides.pptx,application/vnd.openxmlformats-officedocument.presentationml.presentation,df318943fd_APA-Delirium-Training-Slides.pptx,/Users/jm/Psychiatry-Clerkship-Library/13_Faculty_Resources/APA_Downloads_2026-06-29/files/df318943fd_APA-Delirium-Training-Slides.pptx,10782113,df318943fddd1bb247f201d19fc24c67d6282f79609760ed3ecac3f26e524a00
APA clinical practice guideline materials,https://www.psychiatry.org/psychiatrists/practice/clinical-practice-guidelines/borderline-personality-disorder,Psychiatry.org - Borderline Personality Disorder,Training Slides (.pptx),https://www.psychiatry.org/getmedia/dcd45fbc-3d28-4e82-9ac9-35c8d7c1eff6/APA-Borderline-Personality-Disorder-Training-Slides.pptx,https://www.psychiatry.org/getmedia/dcd45fbc-3d28-4e82-9ac9-35c8d7c1eff6/APA-Borderline-Personality-Disorder-Training-Slides.pptx,application/vnd.openxmlformats-officedocument.presentationml.presentation,807b9a09c8_APA-Borderline-Personality-Disorder-Training-Slides.pptx,/Users/jm/Psychiatry-Clerkship-Library/13_Faculty_Resources/APA_Downloads_2026-06-29/files/807b9a09c8_APA-Borderline-Personality-Disorder-Training-Slides.pptx,8639444,807b9a09c86610c1c780ea652d7498c4393a481b6864163e9a9c5dc670046bc2
APA clinical practice guideline materials,https://www.psychiatry.org/psychiatrists/practice/clinical-practice-guidelines/dementia,Psychiatry.org - Dementia,Patient/Family Information (.pdf),https://www.psychiatry.org/getmedia/077f82a6-8086-4b0a-a5d6-46cbf1270e17/APA-Dementia-Patient-and-Caregiver-Guide.pdf,https://www.psychiatry.org/getmedia/077f82a6-8086-4b0a-a5d6-46cbf1270e17/APA-Dementia-Patient-and-Caregiver-Guide.pdf,application/pdf,66be7c4af8_APA-Dementia-Patient-and-Caregiver-Guide.pdf,/Users/jm/Psychiatry-Clerkship-Library/13_Faculty_Resources/APA_Downloads_2026-06-29/files/66be7c4af8_APA-Dementia-Patient-and-Caregiver-Guide.pdf,402407,66be7c4af80397a3d39abaac65df7d137e722ff354af3f35e733244b0e95941d
DSM assessment measures,https://www.psychiatry.org/psychiatrists/practice/dsm/educational-resources/assessment-measures,Psychiatry.org - DSM-5-TR Online Assessment Measures,DSM-5 Self-Rated Level 1 Cross-Cutting Symptom Measure—Adult,https://www.psychiatry.org/getmedia/e0b4b299-95b3-407b-b8c2-caa871ca218d/APA-DSM5TR-Level1MeasureAdult.pdf,https://www.psychiatry.org/getmedia/e0b4b299-95b3-407b-b8c2-caa871ca218d/APA-DSM5TR-Level1MeasureAdult.pdf,application/pdf,260bb4400e_APA-DSM5TR-Level1MeasureAdult.pdf,/Users/jm/Psychiatry-Clerkship-Library/13_Faculty_Resources/APA_Downloads_2026-06-29/files/260bb4400e_APA-DSM5TR-Level1MeasureAdult.pdf,282005,260bb4400ebe5206c28e496a2cbbbbe8b95902968f6546d8ec45fe8084c2e56b
APA clinical practice guideline materials,https://www.psychiatry.org/psychiatrists/practice/clinical-practice-guidelines/guideline-development-process,Psychiatry.org - Guideline Development Process,Download the full document outlining the APA guideline development process (.pdf).,https://www.psychiatry.org/getmedia/0b96df17-66a7-4f49-8159-d6522615f047/APA-Guideline-Development-Process.pdf,https://www.psychiatry.org/getmedia/0b96df17-66a7-4f49-8159-d6522615f047/APA-Guideline-Development-Process.pdf,application/pdf,872ffcc9a4_APA-Guideline-Development-Process.pdf,/Users/jm/Psychiatry-Clerkship-Library/13_Faculty_Resources/APA_Downloads_2026-06-29/files/872ffcc9a4_APA-Guideline-Development-Process.pdf,361603,872ffcc9a40154240b11c6ab231289210a70756d3c8625d5f742d74790a1c601
DSM assessment measures,https://www.psychiatry.org/psychiatrists/practice/dsm/educational-resources/assessment-measures,Psychiatry.org - DSM-5-TR Online Assessment Measures,DSM-5 Parent/Guardian-Rated Level 1 Cross-Cutting Symptom Measure—Child Age 6–17,https://www.psychiatry.org/getmedia/1e799501-f718-4d06-817e-ce98e35c6bdd/APA-DSM5TR-Level1MeasureParentOrGuardianOfChildAge6To17.pdf,https://www.psychiatry.org/getmedia/1e799501-f718-4d06-817e-ce98e35c6bdd/APA-DSM5TR-Level1MeasureParentOrGuardianOfChildAge6To17.pdf,application/pdf,59252bf0e4_APA-DSM5TR-Level1MeasureParentOrGuardianOfChildAge6To17.pdf,/Users/jm/Psychiatry-Clerkship-Library/13_Faculty_Resources/APA_Downloads_2026-06-29/files/59252bf0e4_APA-DSM5TR-Level1MeasureParentOrGuardianOfChildAge6To17.pdf,295055,59252bf0e4d08abc40b5097608032571045f430c59edd0e4a0250b66f09407c1
APA clinical practice guideline materials,https://www.psychiatry.org/psychiatrists/practice/clinical-practice-guidelines/schizophrenia,Psychiatry.org - Schizophrenia,Training Slides (.pptx),https://www.psychiatry.org/getmedia/a8f30116-3bdc-467a-983f-59978b0fecdd/APA-Schizophrenia-Clinical-Practice-Guidelines-Training-Slides.pptx,https://www.psychiatry.org/getmedia/a8f30116-3bdc-467a-983f-59978b0fecdd/APA-Schizophrenia-Clinical-Practice-Guidelines-Training-Slides.pptx,application/vnd.openxmlformats-officedocument.presentationml.presentation,161a4fad65_APA-Schizophrenia-Clinical-Practice-Guidelines-Training-Slides.pptx,/Users/jm/Psychiatry-Clerkship-Library/13_Faculty_Resources/APA_Downloads_2026-06-29/files/161a4fad65_APA-Schizophrenia-Clinical-Practice-Guidelines-Training-Slides.pptx,961498,161a4fad65f7f96908c1c237fd071b4e66d2cb68d7d83d51ac78ac98e7fa9db8
Other APA public document,https://www.psychiatry.org/psychiatrists/practice/dsm,Psychiatry.org - DSM,Find DSM–5 in other languages (.pdf),https://www.psychiatry.org/getmedia/8abc6a28-f44c-4c79-8b89-97bcfad41674/DSM-5-Translation-Publishers-Contact-Info.pdf,https://www.psychiatry.org/getmedia/8abc6a28-f44c-4c79-8b89-97bcfad41674/DSM-5-Translation-Publishers-Contact-Info.pdf,application/pdf,c3a3c83a69_DSM-5-Translation-Publishers-Contact-Info.pdf,/Users/jm/Psychiatry-Clerkship-Library/13_Faculty_Resources/APA_Downloads_2026-06-29/files/c3a3c83a69_DSM-5-Translation-Publishers-Contact-Info.pdf,263344,c3a3c83a690f275bd0c5aa9c1f97524f8e33b84d80c25363e9fc9ca54d76b03b
DSM assessment measures,https://www.psychiatry.org/psychiatrists/practice/dsm/educational-resources/assessment-measures,Psychiatry.org - DSM-5-TR Online Assessment Measures,Level 2—Mania—Adult (Altman Self-Rating Mania Scale [ASRM]),https://www.psychiatry.org/getmedia/c1783d55-268a-47b2-9932-a549b21c8d64/APA-DSM5TR-Level2ManiaAdult.pdf,https://www.psychiatry.org/getmedia/c1783d55-268a-47b2-9932-a549b21c8d64/APA-DSM5TR-Level2ManiaAdult.pdf,application/pdf,691fd85caa_APA-DSM5TR-Level2ManiaAdult.pdf,/Users/jm/Psychiatry-Clerkship-Library/13_Faculty_Resources/APA_Downloads_2026-06-29/files/691fd85caa_APA-DSM5TR-Level2ManiaAdult.pdf,241346,691fd85caa2ceb8c25db5871fdc5794aba624964084d6d0fde2991fb82384288
DSM assessment measures,https://www.psychiatry.org/psychiatrists/practice/dsm/educational-resources/assessment-measures,Psychiatry.org - DSM-5-TR Online Assessment Measures,DSM-5 Self-Rated Level 1 Cross-Cutting Symptom Measure—Child Age 11–17,https://www.psychiatry.org/getmedia/9352851c-d69f-411a-8933-3212e8c29063/APA-DSM5TR-Level1MeasureChildAge11To17.pdf,https://www.psychiatry.org/getmedia/9352851c-d69f-411a-8933-3212e8c29063/APA-DSM5TR-Level1MeasureChildAge11To17.pdf,application/pdf,3725307d41_APA-DSM5TR-Level1MeasureChildAge11To17.pdf,/Users/jm/Psychiatry-Clerkship-Library/13_Faculty_Resources/APA_Downloads_2026-06-29/files/3725307d41_APA-DSM5TR-Level1MeasureChildAge11To17.pdf,255451,3725307d4191927106f24d06cfa1a19eb3bd40d105aa2ae791c1d5437dd36763
DSM assessment measures,https://www.psychiatry.org/psychiatrists/practice/dsm/educational-resources/assessment-measures,Psychiatry.org - DSM-5-TR Online Assessment Measures,Level 2—Anger—Adult (PROMIS Emotional Distress—Anger—Short Form),https://www.psychiatry.org/getmedia/a56cc2a0-3818-4975-bbcb-4a047e1ffbea/APA-DSM5TR-Level2AngerAdult.pdf,https://www.psychiatry.org/getmedia/a56cc2a0-3818-4975-bbcb-4a047e1ffbea/APA-DSM5TR-Level2AngerAdult.pdf,application/pdf,00102732ba_APA-DSM5TR-Level2AngerAdult.pdf,/Users/jm/Psychiatry-Clerkship-Library/13_Faculty_Resources/APA_Downloads_2026-06-29/files/00102732ba_APA-DSM5TR-Level2AngerAdult.pdf,245705,00102732ba7954add303620545c62682f8693b3e9fca2aad4b3a709d736db7f4
DSM assessment measures,https://www.psychiatry.org/psychiatrists/practice/dsm/educational-resources/assessment-measures,Psychiatry.org - DSM-5-TR Online Assessment Measures,Level 2—Depression—Adult (PROMIS Emotional Distress—Depression—Short Form),https://www.psychiatry.org/getmedia/4326c940-f414-4f2c-acec-bd8299a3cf14/APA-DSM5TR-Level2DepressionAdult.pdf,https://www.psychiatry.org/getmedia/4326c940-f414-4f2c-acec-bd8299a3cf14/APA-DSM5TR-Level2DepressionAdult.pdf,application/pdf,2bc4f2cbcf_APA-DSM5TR-Level2DepressionAdult.pdf,/Users/jm/Psychiatry-Clerkship-Library/13_Faculty_Resources/APA_Downloads_2026-06-29/files/2bc4f2cbcf_APA-DSM5TR-Level2DepressionAdult.pdf,299378,2bc4f2cbcffc86fd7cfaed0e9307fd29f0308dc80f23ce8d73ac745be7f54810
DSM assessment measures,https://www.psychiatry.org/psychiatrists/practice/dsm/educational-resources/assessment-measures,Psychiatry.org - DSM-5-TR Online Assessment Measures,Level 2—Anxiety—Adult (PROMIS Emotional Distress—Anxiety—Short Form),https://www.psychiatry.org/getmedia/f284f967-ed9e-4754-99fc-b32765b1c4a0/APA-DSM5TR-Level2AnxietyAdult.pdf,https://www.psychiatry.org/getmedia/f284f967-ed9e-4754-99fc-b32765b1c4a0/APA-DSM5TR-Level2AnxietyAdult.pdf,application/pdf,f1d2030ed1_APA-DSM5TR-Level2AnxietyAdult.pdf,/Users/jm/Psychiatry-Clerkship-Library/13_Faculty_Resources/APA_Downloads_2026-06-29/files/f1d2030ed1_APA-DSM5TR-Level2AnxietyAdult.pdf,303968,f1d2030ed18b7e26ce6ebfd44024b3970203625d0269ed1d6e5c2975c274e30b
DSM assessment measures,https://www.psychiatry.org/psychiatrists/practice/dsm/educational-resources/assessment-measures,Psychiatry.org - DSM-5-TR Online Assessment Measures,Level 2—Somatic Symptom—Adult (Patient Health Questionnaire 15 Somatic Symptom Severity Scale [PHQ-15]),https://www.psychiatry.org/getmedia/843c7fa5-9a40-4795-a25e-70208903d88c/APA-DSM5TR-Level2SomaticSymptomAdult.pdf,https://www.psychiatry.org/getmedia/843c7fa5-9a40-4795-a25e-70208903d88c/APA-DSM5TR-Level2SomaticSymptomAdult.pdf,application/pdf,708deea559_APA-DSM5TR-Level2SomaticSymptomAdult.pdf,/Users/jm/Psychiatry-Clerkship-Library/13_Faculty_Resources/APA_Downloads_2026-06-29/files/708deea559_APA-DSM5TR-Level2SomaticSymptomAdult.pdf,271913,708deea559bf7db3bdbb4a4ac866fd1d7773f9b7325e7b1de91b3e48ed38430d
DSM assessment measures,https://www.psychiatry.org/psychiatrists/practice/dsm/educational-resources/assessment-measures,Psychiatry.org - DSM-5-TR Online Assessment Measures,Level 2—Sleep Disturbance—Adult (PROMIS—Sleep Disturbance—Short Form),https://www.psychiatry.org/getmedia/c606b335-f087-4358-9c8d-f233313d9d04/APA-DSM5TR-Level2SleepDisturbanceAdult.pdf,https://www.psychiatry.org/getmedia/c606b335-f087-4358-9c8d-f233313d9d04/APA-DSM5TR-Level2SleepDisturbanceAdult.pdf,application/pdf,1f75010556_APA-DSM5TR-Level2SleepDisturbanceAdult.pdf,/Users/jm/Psychiatry-Clerkship-Library/13_Faculty_Resources/APA_Downloads_2026-06-29/files/1f75010556_APA-DSM5TR-Level2SleepDisturbanceAdult.pdf,320417,1f750105569baeb4048d7deeddb39a1517b5d725297e2562478f050d41eb54da
DSM assessment measures,https://www.psychiatry.org/psychiatrists/practice/dsm/educational-resources/assessment-measures,Psychiatry.org - DSM-5-TR Online Assessment Measures,Level 2—Repetitive Thoughts and Behaviors—Adult (Adapted from the Florida Obsessive-Compulsive Inventory [FOCI] Severity Scale [Part B]),https://www.psychiatry.org/getmedia/a451f9f0-40b7-4262-8ef2-e7be2ea004f2/APA-DSM5TR-Level2RepetitiveThoughtsAndBehaviorsAdult.pdf,https://www.psychiatry.org/getmedia/a451f9f0-40b7-4262-8ef2-e7be2ea004f2/APA-DSM5TR-Level2RepetitiveThoughtsAndBehaviorsAdult.pdf,application/pdf,7b58f175b2_APA-DSM5TR-Level2RepetitiveThoughtsAndBehaviorsAdult.pdf,/Users/jm/Psychiatry-Clerkship-Library/13_Faculty_Resources/APA_Downloads_2026-06-29/files/7b58f175b2_APA-DSM5TR-Level2RepetitiveThoughtsAndBehaviorsAdult.pdf,256124,7b58f175b21d4b712e00974809f935a03a30719cc113c9905e1471acdae944f1
DSM assessment measures,https://www.psychiatry.org/psychiatrists/practice/dsm/educational-resources/assessment-measures,Psychiatry.org - DSM-5-TR Online Assessment Measures,Level 2—Substance Use—Adult (Adapted from the NIDA-Modified ASSIST),https://www.psychiatry.org/getmedia/cf5e60dd-6452-4b1b-a42f-40a7d46b410b/APA-DSM5TR-Level2SubstanceUseAdult.pdf,https://www.psychiatry.org/getmedia/cf5e60dd-6452-4b1b-a42f-40a7d46b410b/APA-DSM5TR-Level2SubstanceUseAdult.pdf,application/pdf,e0bf2c2748_APA-DSM5TR-Level2SubstanceUseAdult.pdf,/Users/jm/Psychiatry-Clerkship-Library/13_Faculty_Resources/APA_Downloads_2026-06-29/files/e0bf2c2748_APA-DSM5TR-Level2SubstanceUseAdult.pdf,339788,e0bf2c2748646f8aaeab9b1885b061480c15257a71e0ab6ace32579d6a64fd17
DSM assessment measures,https://www.psychiatry.org/psychiatrists/practice/dsm/educational-resources/assessment-measures,Psychiatry.org - DSM-5-TR Online Assessment Measures,Level 2—Sleep Disturbance—Parent/Guardian of Child Age 6–17 (PROMIS—Sleep Disturbance—Short Form,https://www.psychiatry.org/getmedia/f479fedd-da9e-4669-887c-0eedcefc931b/APA-DSM5TR-Level2SleepDisturbanceParentOfChildAge6To17.pdf,https://www.psychiatry.org/getmedia/f479fedd-da9e-4669-887c-0eedcefc931b/APA-DSM5TR-Level2SleepDisturbanceParentOfChildAge6To17.pdf,application/pdf,ba81e1b8a5_APA-DSM5TR-Level2SleepDisturbanceParentOfChildAge6To17.pdf,/Users/jm/Psychiatry-Clerkship-Library/13_Faculty_Resources/APA_Downloads_2026-06-29/files/ba81e1b8a5_APA-DSM5TR-Level2SleepDisturbanceParentOfChildAge6To17.pdf,250552,ba81e1b8a5a599ebdd8aff890bd6b8815f8097b66671e66ee2cc03d92070552d
DSM assessment measures,https://www.psychiatry.org/psychiatrists/practice/dsm/educational-resources/assessment-measures,Psychiatry.org - DSM-5-TR Online Assessment Measures,"Level 2—Inattention—Parent/Guardian of Child Age 6–17 (Swanson, Nolan, and Pelham, version IV [SNAP-IV])",https://www.psychiatry.org/getmedia/a2cd4dd6-a178-4f9c-840d-69a492b7f753/APA-DSM5TR-Level2InattentionParentOfChildAge6To17.pdf,https://www.psychiatry.org/getmedia/a2cd4dd6-a178-4f9c-840d-69a492b7f753/APA-DSM5TR-Level2InattentionParentOfChildAge6To17.pdf,application/pdf,8760eb0290_APA-DSM5TR-Level2InattentionParentOfChildAge6To17.pdf,/Users/jm/Psychiatry-Clerkship-Library/13_Faculty_Resources/APA_Downloads_2026-06-29/files/8760eb0290_APA-DSM5TR-Level2InattentionParentOfChildAge6To17.pdf,227081,8760eb02905789716fc252e92f7850ebee650f7e4fa996dd369395279299f0de
DSM assessment measures,https://www.psychiatry.org/psychiatrists/practice/dsm/educational-resources/assessment-measures,Psychiatry.org - DSM-5-TR Online Assessment Measures,Level 2—Depression—Parent/Guardian of Child Age 6–17 (PROMIS Emotional Distress—Depression—Parent Item Bank),https://www.psychiatry.org/getmedia/dbc10f10-1048-4385-8e64-b2e6bb4a21b9/APA-DSM5TR-Level2DepressionParentOfChildAge6To17.pdf,https://www.psychiatry.org/getmedia/dbc10f10-1048-4385-8e64-b2e6bb4a21b9/APA-DSM5TR-Level2DepressionParentOfChildAge6To17.pdf,application/pdf,ea11ce305b_APA-DSM5TR-Level2DepressionParentOfChildAge6To17.pdf,/Users/jm/Psychiatry-Clerkship-Library/13_Faculty_Resources/APA_Downloads_2026-06-29/files/ea11ce305b_APA-DSM5TR-Level2DepressionParentOfChildAge6To17.pdf,250150,ea11ce305b71ce10fdf34aa516db5793918e634478667f06857771bba3a2b7e0
DSM assessment measures,https://www.psychiatry.org/psychiatrists/practice/dsm/educational-resources/assessment-measures,Psychiatry.org - DSM-5-TR Online Assessment Measures,Level 2—Irritability—Parent/Guardian of Child Age 6–17 (Affective Reactivity Index [ARI]),https://www.psychiatry.org/getmedia/773055df-7885-4398-bda8-42e3a3b1b21e/APA-DSM5TR-Level2IrritabilityParentOfChildAge6To17.pdf,https://www.psychiatry.org/getmedia/773055df-7885-4398-bda8-42e3a3b1b21e/APA-DSM5TR-Level2IrritabilityParentOfChildAge6To17.pdf,application/pdf,7565e33fa8_APA-DSM5TR-Level2IrritabilityParentOfChildAge6To17.pdf,/Users/jm/Psychiatry-Clerkship-Library/13_Faculty_Resources/APA_Downloads_2026-06-29/files/7565e33fa8_APA-DSM5TR-Level2IrritabilityParentOfChildAge6To17.pdf,253327,7565e33fa86d2f9f3b48d1a360160ba85143980ba9d8ea3c5cfa14f4191e49b5
DSM assessment measures,https://www.psychiatry.org/psychiatrists/practice/dsm/educational-resources/assessment-measures,Psychiatry.org - DSM-5-TR Online Assessment Measures,Level 2—Anger—Parent/Guardian of Child Age 6–17 (PROMIS Emotional Distress—Calibrated Anger Measure—Parent),https://www.psychiatry.org/getmedia/eaaed48f-2820-43f1-ba91-dec194f225b8/APA-DSM5TR-Level2AngerParentOfChildAge6To17.pdf,https://www.psychiatry.org/getmedia/eaaed48f-2820-43f1-ba91-dec194f225b8/APA-DSM5TR-Level2AngerParentOfChildAge6To17.pdf,application/pdf,150263466d_APA-DSM5TR-Level2AngerParentOfChildAge6To17.pdf,/Users/jm/Psychiatry-Clerkship-Library/13_Faculty_Resources/APA_Downloads_2026-06-29/files/150263466d_APA-DSM5TR-Level2AngerParentOfChildAge6To17.pdf,334460,150263466da16bf3439b690f3157e7dfc9ab1502516c750df144b17a7a272440
DSM assessment measures,https://www.psychiatry.org/psychiatrists/practice/dsm/educational-resources/assessment-measures,Psychiatry.org - DSM-5-TR Online Assessment Measures,Level 2—Anxiety—Parent/Guardian of Child Age 6–17 (Adapted from PROMIS Emotional Distress—Anxiety—Parent Item Bank),https://www.psychiatry.org/getmedia/97fe0c71-1fc2-4d1c-afce-fc3b35ae6d76/APA-DSM5TR-Level2AnxietyParentOfChildAge6To17.pdf,https://www.psychiatry.org/getmedia/97fe0c71-1fc2-4d1c-afce-fc3b35ae6d76/APA-DSM5TR-Level2AnxietyParentOfChildAge6To17.pdf,application/pdf,d7d73f0f49_APA-DSM5TR-Level2AnxietyParentOfChildAge6To17.pdf,/Users/jm/Psychiatry-Clerkship-Library/13_Faculty_Resources/APA_Downloads_2026-06-29/files/d7d73f0f49_APA-DSM5TR-Level2AnxietyParentOfChildAge6To17.pdf,251237,d7d73f0f49dfa85ae775ba898dad6121c2c4c6e5d3ecb159fb31d9c056eecd70
DSM assessment measures,https://www.psychiatry.org/psychiatrists/practice/dsm/educational-resources/assessment-measures,Psychiatry.org - DSM-5-TR Online Assessment Measures,Level 2—Substance Use—Parent/Guardian of Child Age 6–17 (Adapted from the NIDA-Modified ASSIST),https://www.psychiatry.org/getmedia/c2fa9b94-bad6-4e75-bf9e-7f44403d5c8b/APA-DSM5TR-Level2SubstanceUseParentOfChildAge6To17.pdf,https://www.psychiatry.org/getmedia/c2fa9b94-bad6-4e75-bf9e-7f44403d5c8b/APA-DSM5TR-Level2SubstanceUseParentOfChildAge6To17.pdf,application/pdf,ecc3d099b4_APA-DSM5TR-Level2SubstanceUseParentOfChildAge6To17.pdf,/Users/jm/Psychiatry-Clerkship-Library/13_Faculty_Resources/APA_Downloads_2026-06-29/files/ecc3d099b4_APA-DSM5TR-Level2SubstanceUseParentOfChildAge6To17.pdf,328993,ecc3d099b40f9af619f641b86f66f7316b44abae23737d8a84bbb93858711b6d
DSM assessment measures,https://www.psychiatry.org/psychiatrists/practice/dsm/educational-resources/assessment-measures,Psychiatry.org - DSM-5-TR Online Assessment Measures,Level 2—Somatic Symptom—Parent/Guardian of Child Age 6–17 (Patient Health Questionnaire 15 Somatic Symptom Severity Scale [PHQ-15]),https://www.psychiatry.org/getmedia/b4e23271-7608-47b5-abc0-ebc3749435eb/APA-DSM5TR-Level2SomaticSymptomParentOfChildAge6To17.pdf,https://www.psychiatry.org/getmedia/b4e23271-7608-47b5-abc0-ebc3749435eb/APA-DSM5TR-Level2SomaticSymptomParentOfChildAge6To17.pdf,application/pdf,3bc3b94c28_APA-DSM5TR-Level2SomaticSymptomParentOfChildAge6To17.pdf,/Users/jm/Psychiatry-Clerkship-Library/13_Faculty_Resources/APA_Downloads_2026-06-29/files/3bc3b94c28_APA-DSM5TR-Level2SomaticSymptomParentOfChildAge6To17.pdf,272839,3bc3b94c2889ae59b355986fb429e83a5e438ddb783af5d67bf374da3f7df804
DSM assessment measures,https://www.psychiatry.org/psychiatrists/practice/dsm/educational-resources/assessment-measures,Psychiatry.org - DSM-5-TR Online Assessment Measures,Level 2—Mania—Parent/Guardian of Child Age 6–17 (Adapted from the Altman Self-Rating Mania Scale [ASRM]),https://www.psychiatry.org/getmedia/ba6fc25e-9b55-486e-8fc0-14bd54b7c142/APA-DSM5TR-Level2ManiaParentOfChildAge6To17.pdf,https://www.psychiatry.org/getmedia/ba6fc25e-9b55-486e-8fc0-14bd54b7c142/APA-DSM5TR-Level2ManiaParentOfChildAge6To17.pdf,application/pdf,64ba852604_APA-DSM5TR-Level2ManiaParentOfChildAge6To17.pdf,/Users/jm/Psychiatry-Clerkship-Library/13_Faculty_Resources/APA_Downloads_2026-06-29/files/64ba852604_APA-DSM5TR-Level2ManiaParentOfChildAge6To17.pdf,318541,64ba852604eeea8dfa4ee444ae0783bc1caab241281fde750b58f0eb0d8a566d
DSM assessment measures,https://www.psychiatry.org/psychiatrists/practice/dsm/educational-resources/assessment-measures,Psychiatry.org - DSM-5-TR Online Assessment Measures,Level 2—Somatic Symptom—Child Age 11–17 (Patient Health Questionnaire 15 Somatic Symptom Severity Scale [PHQ-15]),https://www.psychiatry.org/getmedia/a2004fae-ba2e-4807-8a3c-69430aed2338/APA-DSM5TR-Level2SomaticSymptomChildAge11To17.pdf,https://www.psychiatry.org/getmedia/a2004fae-ba2e-4807-8a3c-69430aed2338/APA-DSM5TR-Level2SomaticSymptomChildAge11To17.pdf,application/pdf,e737224803_APA-DSM5TR-Level2SomaticSymptomChildAge11To17.pdf,/Users/jm/Psychiatry-Clerkship-Library/13_Faculty_Resources/APA_Downloads_2026-06-29/files/e737224803_APA-DSM5TR-Level2SomaticSymptomChildAge11To17.pdf,354318,e7372248038bf1d44a0e9e77ff9500b123b94fb10006c50f4586aa12dd8d0c72
DSM assessment measures,https://www.psychiatry.org/psychiatrists/practice/dsm/educational-resources/assessment-measures,Psychiatry.org - DSM-5-TR Online Assessment Measures,Level 2—Sleep Disturbance—Child Age 11–17 (PROMIS—Sleep Disturbance—Short Form),https://www.psychiatry.org/getmedia/f4b112bd-0b43-451b-b5a9-e88495710c21/APA-DSM5TR-Level2SleepDisturbanceChildAge11To17.pdf,https://www.psychiatry.org/getmedia/f4b112bd-0b43-451b-b5a9-e88495710c21/APA-DSM5TR-Level2SleepDisturbanceChildAge11To17.pdf,application/pdf,78010f5b82_APA-DSM5TR-Level2SleepDisturbanceChildAge11To17.pdf,/Users/jm/Psychiatry-Clerkship-Library/13_Faculty_Resources/APA_Downloads_2026-06-29/files/78010f5b82_APA-DSM5TR-Level2SleepDisturbanceChildAge11To17.pdf,332755,78010f5b82874a438e050a064a69cb731f7cb8bb4abebc20fe5fb735464b377d
DSM assessment measures,https://www.psychiatry.org/psychiatrists/practice/dsm/educational-resources/assessment-measures,Psychiatry.org - DSM-5-TR Online Assessment Measures,Level 2—Depression—Child Age 11–17 (PROMIS Emotional Distress—Depression—Pediatric Item Bank),https://www.psychiatry.org/getmedia/ade87498-9ead-40b5-b896-6b979f51d361/APA-DSM5TR-Level2DepressionChildAge11To17.pdf,https://www.psychiatry.org/getmedia/ade87498-9ead-40b5-b896-6b979f51d361/APA-DSM5TR-Level2DepressionChildAge11To17.pdf,application/pdf,350f222e37_APA-DSM5TR-Level2DepressionChildAge11To17.pdf,/Users/jm/Psychiatry-Clerkship-Library/13_Faculty_Resources/APA_Downloads_2026-06-29/files/350f222e37_APA-DSM5TR-Level2DepressionChildAge11To17.pdf,396255,350f222e37d159ad8c4c4cf1fd198290a3fc4f54c95f164d35cc31e1ebca821c
DSM assessment measures,https://www.psychiatry.org/psychiatrists/practice/dsm/educational-resources/assessment-measures,Psychiatry.org - DSM-5-TR Online Assessment Measures,Level 2—Irritability—Child Age 11–17 (Affective Reactivity Index [ARI]),https://www.psychiatry.org/getmedia/071874b0-4b41-4dc6-81e0-ebbc9ce7137b/APA-DSM5TR-Level2IrritabilityChildAge11To17.pdf,https://www.psychiatry.org/getmedia/071874b0-4b41-4dc6-81e0-ebbc9ce7137b/APA-DSM5TR-Level2IrritabilityChildAge11To17.pdf,application/pdf,8a8341e6d6_APA-DSM5TR-Level2IrritabilityChildAge11To17.pdf,/Users/jm/Psychiatry-Clerkship-Library/13_Faculty_Resources/APA_Downloads_2026-06-29/files/8a8341e6d6_APA-DSM5TR-Level2IrritabilityChildAge11To17.pdf,344450,8a8341e6d6b0297e4a2a2c2dba45e762cf434b7689655d9416b650901789c5fc
DSM assessment measures,https://www.psychiatry.org/psychiatrists/practice/dsm/educational-resources/assessment-measures,Psychiatry.org - DSM-5-TR Online Assessment Measures,Level 2—Mania—Child Age 11–17 (Altman Self-Rating Mania Scale [ASRM]),https://www.psychiatry.org/getmedia/b6e02e83-a91c-49de-8457-861f1858aecd/APA-DSM5TR-Level2ManiaChildAge11To17.pdf,https://www.psychiatry.org/getmedia/b6e02e83-a91c-49de-8457-861f1858aecd/APA-DSM5TR-Level2ManiaChildAge11To17.pdf,application/pdf,c5185d5e54_APA-DSM5TR-Level2ManiaChildAge11To17.pdf,/Users/jm/Psychiatry-Clerkship-Library/13_Faculty_Resources/APA_Downloads_2026-06-29/files/c5185d5e54_APA-DSM5TR-Level2ManiaChildAge11To17.pdf,211734,c5185d5e5463d9d6e8a67f240fc557ddd087a6636d23bef913de1cde925fcb68
DSM assessment measures,https://www.psychiatry.org/psychiatrists/practice/dsm/educational-resources/assessment-measures,Psychiatry.org - DSM-5-TR Online Assessment Measures,Level 2—Anger—Child Age 11–17 (PROMIS Emotional Distress—Calibrated Anger Measure—Pediatric),https://www.psychiatry.org/getmedia/1212c1db-84b1-4d55-8eb3-f24fb7c0cc37/APA-DSM5TR-Level2AngerChildAge11To17.pdf,https://www.psychiatry.org/getmedia/1212c1db-84b1-4d55-8eb3-f24fb7c0cc37/APA-DSM5TR-Level2AngerChildAge11To17.pdf,application/pdf,2e5966ea95_APA-DSM5TR-Level2AngerChildAge11To17.pdf,/Users/jm/Psychiatry-Clerkship-Library/13_Faculty_Resources/APA_Downloads_2026-06-29/files/2e5966ea95_APA-DSM5TR-Level2AngerChildAge11To17.pdf,364861,2e5966ea9515870aabe98d96eef0b98a156f575dc659e73c468ae72c8fd5d6f3
DSM assessment measures,https://www.psychiatry.org/psychiatrists/practice/dsm/educational-resources/assessment-measures,Psychiatry.org - DSM-5-TR Online Assessment Measures,Level 2—Substance Use—Child Age 11–17 (Adapted from the NIDA-Modified ASSIST),https://www.psychiatry.org/getmedia/fc0e0209-b230-4139-b4b1-10962293c80d/APA-DSM5TR-Level2SubstanceUseChildAge11To17.pdf,https://www.psychiatry.org/getmedia/fc0e0209-b230-4139-b4b1-10962293c80d/APA-DSM5TR-Level2SubstanceUseChildAge11To17.pdf,application/pdf,47c69c3127_APA-DSM5TR-Level2SubstanceUseChildAge11To17.pdf,/Users/jm/Psychiatry-Clerkship-Library/13_Faculty_Resources/APA_Downloads_2026-06-29/files/47c69c3127_APA-DSM5TR-Level2SubstanceUseChildAge11To17.pdf,336959,47c69c312700dd519c41319f04fad71088a346ed6ae05cb78859198297824fa4
DSM assessment measures,https://www.psychiatry.org/psychiatrists/practice/dsm/educational-resources/assessment-measures,Psychiatry.org - DSM-5-TR Online Assessment Measures,Level 2—Anxiety—Child Age 11–17 (PROMIS Emotional Distress—Anxiety—Pediatric Item Bank),https://www.psychiatry.org/getmedia/1c618b9a-d320-45a7-8f9c-09c7ac81a238/APA-DSM5TR-Level2AnxietyChildAge11To17.pdf,https://www.psychiatry.org/getmedia/1c618b9a-d320-45a7-8f9c-09c7ac81a238/APA-DSM5TR-Level2AnxietyChildAge11To17.pdf,application/pdf,82c5fe5e00_APA-DSM5TR-Level2AnxietyChildAge11To17.pdf,/Users/jm/Psychiatry-Clerkship-Library/13_Faculty_Resources/APA_Downloads_2026-06-29/files/82c5fe5e00_APA-DSM5TR-Level2AnxietyChildAge11To17.pdf,374509,82c5fe5e007a3d0d7d4d8caf8c1b718c5cda9d00f6c70a700e66940b22fa24b0
DSM assessment measures,https://www.psychiatry.org/psychiatrists/practice/dsm/educational-resources/assessment-measures,Psychiatry.org - DSM-5-TR Online Assessment Measures,Level 2—Repetitive Thoughts and Behaviors—Child Age 11–17 (Adapted from the Children’s Florida Obsessive Compulsive Inventory [C-FOCI] Severity Scale),https://www.psychiatry.org/getmedia/9400a464-0506-445c-9cbe-fcff9695e89a/APA-DSM5TR-Level2RepetitiveThoughtsAndBehaviorsChildAge11To17.pdf,https://www.psychiatry.org/getmedia/9400a464-0506-445c-9cbe-fcff9695e89a/APA-DSM5TR-Level2RepetitiveThoughtsAndBehaviorsChildAge11To17.pdf,application/pdf,f41d1a1391_APA-DSM5TR-Level2RepetitiveThoughtsAndBehaviorsChildAge11To17.pdf,/Users/jm/Psychiatry-Clerkship-Library/13_Faculty_Resources/APA_Downloads_2026-06-29/files/f41d1a1391_APA-DSM5TR-Level2RepetitiveThoughtsAndBehaviorsChildAge11To17.pdf,374931,f41d1a1391ac25d242abeb971b1003ea3335167f1e6b49a69d200c24308ead17
DSM assessment measures,https://www.psychiatry.org/psychiatrists/practice/dsm/educational-resources/assessment-measures,Psychiatry.org - DSM-5-TR Online Assessment Measures,Severity Measure for Depression—Adult (Patient Health Questionnaire [PHQ-9]),https://www.psychiatry.org/getmedia/a3986be5-94af-42e7-afce-19234c2f4998/APA-DSM5TR-SeverityMeasureForDepressionAdult.pdf,https://www.psychiatry.org/getmedia/a3986be5-94af-42e7-afce-19234c2f4998/APA-DSM5TR-SeverityMeasureForDepressionAdult.pdf,application/pdf,c227a9e072_APA-DSM5TR-SeverityMeasureForDepressionAdult.pdf,/Users/jm/Psychiatry-Clerkship-Library/13_Faculty_Resources/APA_Downloads_2026-06-29/files/c227a9e072_APA-DSM5TR-SeverityMeasureForDepressionAdult.pdf,183949,c227a9e072137bd999005827ed0d02426b9e754edac1808b4ec2c425a3ad71c4
DSM assessment measures,https://www.psychiatry.org/psychiatrists/practice/dsm/educational-resources/assessment-measures,Psychiatry.org - DSM-5-TR Online Assessment Measures,Severity Measure for Separation Anxiety Disorder—Adult,https://www.psychiatry.org/getmedia/538a62c3-2e1e-4bc3-bafd-7a02efad4937/APA-DSM5TR-SeverityMeasureForSeparationAnxietyDisorderAdult.pdf,https://www.psychiatry.org/getmedia/538a62c3-2e1e-4bc3-bafd-7a02efad4937/APA-DSM5TR-SeverityMeasureForSeparationAnxietyDisorderAdult.pdf,application/pdf,b1dcb79d36_APA-DSM5TR-SeverityMeasureForSeparationAnxietyDisorderAdult.pdf,/Users/jm/Psychiatry-Clerkship-Library/13_Faculty_Resources/APA_Downloads_2026-06-29/files/b1dcb79d36_APA-DSM5TR-SeverityMeasureForSeparationAnxietyDisorderAdult.pdf,250286,b1dcb79d36787a6157cb9980f585b2eb010ddf789ca0adb9c46a0504aa60b6b6
DSM assessment measures,https://www.psychiatry.org/psychiatrists/practice/dsm/educational-resources/assessment-measures,Psychiatry.org - DSM-5-TR Online Assessment Measures,Severity Measure for Specific Phobia—Adult,https://www.psychiatry.org/getmedia/b281daed-b8a9-4d45-8d6f-6315ce8f784b/APA-DSM5TR-SeverityMeasureForSpecificPhobiaAdult.pdf,https://www.psychiatry.org/getmedia/b281daed-b8a9-4d45-8d6f-6315ce8f784b/APA-DSM5TR-SeverityMeasureForSpecificPhobiaAdult.pdf,application/pdf,10ad07c6f7_APA-DSM5TR-SeverityMeasureForSpecificPhobiaAdult.pdf,/Users/jm/Psychiatry-Clerkship-Library/13_Faculty_Resources/APA_Downloads_2026-06-29/files/10ad07c6f7_APA-DSM5TR-SeverityMeasureForSpecificPhobiaAdult.pdf,234486,10ad07c6f7ca876c5508dc14cc5a6203c6eaa86ba3e8c0d3940a84285eac2111
DSM assessment measures,https://www.psychiatry.org/psychiatrists/practice/dsm/educational-resources/assessment-measures,Psychiatry.org - DSM-5-TR Online Assessment Measures,Severity Measure for Agoraphobia—Adult,https://www.psychiatry.org/getmedia/3345c156-1aac-4e29-ac61-1c6541cb39be/APA-DSM5TR-SeverityMeasureForAgoraphobiaAdult.pdf,https://www.psychiatry.org/getmedia/3345c156-1aac-4e29-ac61-1c6541cb39be/APA-DSM5TR-SeverityMeasureForAgoraphobiaAdult.pdf,application/pdf,fd012c2f91_APA-DSM5TR-SeverityMeasureForAgoraphobiaAdult.pdf,/Users/jm/Psychiatry-Clerkship-Library/13_Faculty_Resources/APA_Downloads_2026-06-29/files/fd012c2f91_APA-DSM5TR-SeverityMeasureForAgoraphobiaAdult.pdf,250061,fd012c2f91a6d99ae33defd1d53addff3e31d8d9e8fcb454f404db681c4a000c
DSM assessment measures,https://www.psychiatry.org/psychiatrists/practice/dsm/educational-resources/assessment-measures,Psychiatry.org - DSM-5-TR Online Assessment Measures,Severity Measure for Social Anxiety Disorder (Social Phobia)—Adult,https://www.psychiatry.org/getmedia/69c11866-906c-4262-bfe3-753ac4ad2780/APA-DSM5TR-SeverityMeasureForSocialAnxietyDisorderAdult.pdf,https://www.psychiatry.org/getmedia/69c11866-906c-4262-bfe3-753ac4ad2780/APA-DSM5TR-SeverityMeasureForSocialAnxietyDisorderAdult.pdf,application/pdf,bbedd96b00_APA-DSM5TR-SeverityMeasureForSocialAnxietyDisorderAdult.pdf,/Users/jm/Psychiatry-Clerkship-Library/13_Faculty_Resources/APA_Downloads_2026-06-29/files/bbedd96b00_APA-DSM5TR-SeverityMeasureForSocialAnxietyDisorderAdult.pdf,275919,bbedd96b003c995b929742a928dfd32d3a2bd87b76efe3f47ec5895ee461bce1
DSM assessment measures,https://www.psychiatry.org/psychiatrists/practice/dsm/educational-resources/assessment-measures,Psychiatry.org - DSM-5-TR Online Assessment Measures,Severity Measure for Panic Disorder—Adult,https://www.psychiatry.org/getmedia/6ab8ea4f-e810-4c0c-b41c-16838293506d/APA-DSM5TR-SeverityMeasureForPanicDisorderAdult.pdf,https://www.psychiatry.org/getmedia/6ab8ea4f-e810-4c0c-b41c-16838293506d/APA-DSM5TR-SeverityMeasureForPanicDisorderAdult.pdf,application/pdf,4f63345d96_APA-DSM5TR-SeverityMeasureForPanicDisorderAdult.pdf,/Users/jm/Psychiatry-Clerkship-Library/13_Faculty_Resources/APA_Downloads_2026-06-29/files/4f63345d96_APA-DSM5TR-SeverityMeasureForPanicDisorderAdult.pdf,232656,4f63345d964a4d65552c2ae1d00c54bd048019008753084844c9e5487cd1c897
DSM assessment measures,https://www.psychiatry.org/psychiatrists/practice/dsm/educational-resources/assessment-measures,Psychiatry.org - DSM-5-TR Online Assessment Measures,Severity Measure for Generalized Anxiety Disorder—Adult,https://www.psychiatry.org/getmedia/b1a256c4-1304-4610-8aca-0cc70b46ff53/APA-DSM5TR-SeverityMeasureForGeneralizedAnxietyDisorderAdult.pdf,https://www.psychiatry.org/getmedia/b1a256c4-1304-4610-8aca-0cc70b46ff53/APA-DSM5TR-SeverityMeasureForGeneralizedAnxietyDisorderAdult.pdf,application/pdf,b92a3427f2_APA-DSM5TR-SeverityMeasureForGeneralizedAnxietyDisorderAdult.pdf,/Users/jm/Psychiatry-Clerkship-Library/13_Faculty_Resources/APA_Downloads_2026-06-29/files/b92a3427f2_APA-DSM5TR-SeverityMeasureForGeneralizedAnxietyDisorderAdult.pdf,251115,b92a3427f2ffc96b2f156de3719b6bf47293f9e3eadb1e73e01f44f23fa06d60
DSM assessment measures,https://www.psychiatry.org/psychiatrists/practice/dsm/educational-resources/assessment-measures,Psychiatry.org - DSM-5-TR Online Assessment Measures,Severity of Posttraumatic Stress Symptoms—Adult (National Stressful Events Survey PTSD Short Scale [NSESS]),https://www.psychiatry.org/getmedia/1af5dc37-6370-4e72-94d8-e0224d8495f8/APA-DSM5TR-SeverityOfPosttraumaticStressSymptomsAdult.pdf,https://www.psychiatry.org/getmedia/1af5dc37-6370-4e72-94d8-e0224d8495f8/APA-DSM5TR-SeverityOfPosttraumaticStressSymptomsAdult.pdf,application/pdf,9cdba14934_APA-DSM5TR-SeverityOfPosttraumaticStressSymptomsAdult.pdf,/Users/jm/Psychiatry-Clerkship-Library/13_Faculty_Resources/APA_Downloads_2026-06-29/files/9cdba14934_APA-DSM5TR-SeverityOfPosttraumaticStressSymptomsAdult.pdf,251771,9cdba14934302cce048e5386cbfbfa2664e65428429214103d6a6288a3c5eac0
DSM assessment measures,https://www.psychiatry.org/psychiatrists/practice/dsm/educational-resources/assessment-measures,Psychiatry.org - DSM-5-TR Online Assessment Measures,Severity of Acute Stress Symptoms—Adult (National Stressful Events Survey Acute Stress Disorder Short Scale [NSESS]),https://www.psychiatry.org/getmedia/364c20fa-25a5-43cb-b6ad-a4b230ef5b70/APA-DSM5TR-SeverityOfAcuteStressSymptomsAdult.pdf,https://www.psychiatry.org/getmedia/364c20fa-25a5-43cb-b6ad-a4b230ef5b70/APA-DSM5TR-SeverityOfAcuteStressSymptomsAdult.pdf,application/pdf,5aa304f66f_APA-DSM5TR-SeverityOfAcuteStressSymptomsAdult.pdf,/Users/jm/Psychiatry-Clerkship-Library/13_Faculty_Resources/APA_Downloads_2026-06-29/files/5aa304f66f_APA-DSM5TR-SeverityOfAcuteStressSymptomsAdult.pdf,245731,5aa304f66ff00db39a99f056320bb7c224f369731a0a4bc7e103b802803da753
DSM assessment measures,https://www.psychiatry.org/psychiatrists/practice/dsm/educational-resources/assessment-measures,Psychiatry.org - DSM-5-TR Online Assessment Measures,Severity of Dissociative Symptoms—Adult (Brief Dissociative Experiences Scale [DES-B]),https://www.psychiatry.org/getmedia/40a74f7f-d18c-4088-8464-653073c74452/APA-DSM5TR-SeverityOfDissociativeSymptomsAdult.pdf,https://www.psychiatry.org/getmedia/40a74f7f-d18c-4088-8464-653073c74452/APA-DSM5TR-SeverityOfDissociativeSymptomsAdult.pdf,application/pdf,1a08fde1ff_APA-DSM5TR-SeverityOfDissociativeSymptomsAdult.pdf,/Users/jm/Psychiatry-Clerkship-Library/13_Faculty_Resources/APA_Downloads_2026-06-29/files/1a08fde1ff_APA-DSM5TR-SeverityOfDissociativeSymptomsAdult.pdf,175992,1a08fde1ffddb4fb2ded2084d8b6ecc9587d1dffbe2f7194350cfe399924046e
DSM assessment measures,https://www.psychiatry.org/psychiatrists/practice/dsm/educational-resources/assessment-measures,Psychiatry.org - DSM-5-TR Online Assessment Measures,Severity Measure for Depression—Child Age 11–17 (PHQ-9 modified for Adolescents [PHQ-A]—Adapted),https://www.psychiatry.org/getmedia/5bffce7c-6ad1-4621-8f90-d3f1b8c28b8b/APA-DSM5TR-SeverityMeasureForDepressionChildAge11To17.pdf,https://www.psychiatry.org/getmedia/5bffce7c-6ad1-4621-8f90-d3f1b8c28b8b/APA-DSM5TR-SeverityMeasureForDepressionChildAge11To17.pdf,application/pdf,1a376abf80_APA-DSM5TR-SeverityMeasureForDepressionChildAge11To17.pdf,/Users/jm/Psychiatry-Clerkship-Library/13_Faculty_Resources/APA_Downloads_2026-06-29/files/1a376abf80_APA-DSM5TR-SeverityMeasureForDepressionChildAge11To17.pdf,158614,1a376abf805591605d18d0adabc214eb0be25a377749f92409fbe5a1bcb4eaa3
DSM assessment measures,https://www.psychiatry.org/psychiatrists/practice/dsm/educational-resources/assessment-measures,Psychiatry.org - DSM-5-TR Online Assessment Measures,Severity Measure for Separation Anxiety Disorder—Child Age 11–17,https://www.psychiatry.org/getmedia/b7a64e97-7bb5-46d7-9e75-69a16de1049d/APA-DSM5TR-SeverityMeasureForSeparationAnxietyDisorderChildAge11To17.pdf,https://www.psychiatry.org/getmedia/b7a64e97-7bb5-46d7-9e75-69a16de1049d/APA-DSM5TR-SeverityMeasureForSeparationAnxietyDisorderChildAge11To17.pdf,application/pdf,42043ad662_APA-DSM5TR-SeverityMeasureForSeparationAnxietyDisorderChildAge11To17.pdf,/Users/jm/Psychiatry-Clerkship-Library/13_Faculty_Resources/APA_Downloads_2026-06-29/files/42043ad662_APA-DSM5TR-SeverityMeasureForSeparationAnxietyDisorderChildAge11To17.pdf,250682,42043ad66261ffebda8cde85fad831e0eb03a5535c7a1221e3f823a14023b220
DSM assessment measures,https://www.psychiatry.org/psychiatrists/practice/dsm/educational-resources/assessment-measures,Psychiatry.org - DSM-5-TR Online Assessment Measures,Severity Measure for Specific Phobia—Child Age 11–17,https://www.psychiatry.org/getmedia/d7db0c92-8f11-445a-936e-cd6bc9f45480/APA-DSM5TR-SeverityMeasureForSpecificPhobiaChildAge11To17.pdf,https://www.psychiatry.org/getmedia/d7db0c92-8f11-445a-936e-cd6bc9f45480/APA-DSM5TR-SeverityMeasureForSpecificPhobiaChildAge11To17.pdf,application/pdf,d3f01a4c4f_APA-DSM5TR-SeverityMeasureForSpecificPhobiaChildAge11To17.pdf,/Users/jm/Psychiatry-Clerkship-Library/13_Faculty_Resources/APA_Downloads_2026-06-29/files/d3f01a4c4f_APA-DSM5TR-SeverityMeasureForSpecificPhobiaChildAge11To17.pdf,253472,d3f01a4c4f1f1fe94e683f28b713c0e7e3316060fdcdb197790b00564b5ddd8e
DSM assessment measures,https://www.psychiatry.org/psychiatrists/practice/dsm/educational-resources/assessment-measures,Psychiatry.org - DSM-5-TR Online Assessment Measures,Severity Measure for Generalized Anxiety Disorder—Child Age 11–17,https://www.psychiatry.org/getmedia/73e293d0-6355-4258-9cd3-2fc8a5c5b830/APA-DSM5TR-SeverityMeasureForGeneralizedAnxietyDisorderChildAge11To17.pdf,https://www.psychiatry.org/getmedia/73e293d0-6355-4258-9cd3-2fc8a5c5b830/APA-DSM5TR-SeverityMeasureForGeneralizedAnxietyDisorderChildAge11To17.pdf,application/pdf,8d7708f338_APA-DSM5TR-SeverityMeasureForGeneralizedAnxietyDisorderChildAge11To17.pdf,/Users/jm/Psychiatry-Clerkship-Library/13_Faculty_Resources/APA_Downloads_2026-06-29/files/8d7708f338_APA-DSM5TR-SeverityMeasureForGeneralizedAnxietyDisorderChildAge11To17.pdf,251642,8d7708f338eccb601de844725a360137f00af3f422380b1cb113d166c37f36b4
DSM assessment measures,https://www.psychiatry.org/psychiatrists/practice/dsm/educational-resources/assessment-measures,Psychiatry.org - DSM-5-TR Online Assessment Measures,Severity Measure for Social Anxiety Disorder (Social Phobia)—Child Age 11–17,https://www.psychiatry.org/getmedia/3b328005-dc9a-4c3a-8b8d-56f8017af73b/APA-DSM5TR-SeverityMeasureForSocialAnxietyDisorderChildAge11To17.pdf,https://www.psychiatry.org/getmedia/3b328005-dc9a-4c3a-8b8d-56f8017af73b/APA-DSM5TR-SeverityMeasureForSocialAnxietyDisorderChildAge11To17.pdf,application/pdf,c934457592_APA-DSM5TR-SeverityMeasureForSocialAnxietyDisorderChildAge11To17.pdf,/Users/jm/Psychiatry-Clerkship-Library/13_Faculty_Resources/APA_Downloads_2026-06-29/files/c934457592_APA-DSM5TR-SeverityMeasureForSocialAnxietyDisorderChildAge11To17.pdf,276370,c9344575929609892c13a571148fde314b8acf7ed506b9efc336edeb5727c551
DSM assessment measures,https://www.psychiatry.org/psychiatrists/practice/dsm/educational-resources/assessment-measures,Psychiatry.org - DSM-5-TR Online Assessment Measures,Severity Measure for Panic Disorder—Child Age 11–17,https://www.psychiatry.org/getmedia/bdf5a1a6-1357-4bb6-9c37-0ca93d7e062e/APA-DSM5TR-SeverityMeasureForPanicDisorderChildAge11To17.pdf,https://www.psychiatry.org/getmedia/bdf5a1a6-1357-4bb6-9c37-0ca93d7e062e/APA-DSM5TR-SeverityMeasureForPanicDisorderChildAge11To17.pdf,application/pdf,92e7a9caf5_APA-DSM5TR-SeverityMeasureForPanicDisorderChildAge11To17.pdf,/Users/jm/Psychiatry-Clerkship-Library/13_Faculty_Resources/APA_Downloads_2026-06-29/files/92e7a9caf5_APA-DSM5TR-SeverityMeasureForPanicDisorderChildAge11To17.pdf,251036,92e7a9caf54aab9d56fc041807f6e843b8f58d47687ec13c4333dc35532944ec
DSM assessment measures,https://www.psychiatry.org/psychiatrists/practice/dsm/educational-resources/assessment-measures,Psychiatry.org - DSM-5-TR Online Assessment Measures,Severity Measure for Agoraphobia—Child Age 11–17,https://www.psychiatry.org/getmedia/3060504d-1660-4176-a12f-fd6bd979b804/APA-DSM5TR-SeverityMeasureForAgoraphobiaChildAge11To17.pdf,https://www.psychiatry.org/getmedia/3060504d-1660-4176-a12f-fd6bd979b804/APA-DSM5TR-SeverityMeasureForAgoraphobiaChildAge11To17.pdf,application/pdf,cd40fcc1d6_APA-DSM5TR-SeverityMeasureForAgoraphobiaChildAge11To17.pdf,/Users/jm/Psychiatry-Clerkship-Library/13_Faculty_Resources/APA_Downloads_2026-06-29/files/cd40fcc1d6_APA-DSM5TR-SeverityMeasureForAgoraphobiaChildAge11To17.pdf,250497,cd40fcc1d62305beca5d942538cca047e95ff2e77b604ef7308fa438cffca1a0
DSM assessment measures,https://www.psychiatry.org/psychiatrists/practice/dsm/educational-resources/assessment-measures,Psychiatry.org - DSM-5-TR Online Assessment Measures,Clinician-Rated Severity of Autism Spectrum and Social Communication Disorders,https://www.psychiatry.org/getmedia/97fbc44e-f928-41f3-8fac-5f5c15a7161d/APA-DSM5TR-ClinicianRatedSeverityOfAutismSpectrumAndSocialCommunicationDisorders.pdf,https://www.psychiatry.org/getmedia/97fbc44e-f928-41f3-8fac-5f5c15a7161d/APA-DSM5TR-ClinicianRatedSeverityOfAutismSpectrumAndSocialCommunicationDisorders.pdf,application/pdf,fea52926da_APA-DSM5TR-ClinicianRatedSeverityOfAutismSpectrumAndSocialCommunicationDisorders.pdf,/Users/jm/Psychiatry-Clerkship-Library/13_Faculty_Resources/APA_Downloads_2026-06-29/files/fea52926da_APA-DSM5TR-ClinicianRatedSeverityOfAutismSpectrumAndSocialCommunicationDisorders.pdf,256877,fea52926da27e6c6a6e2da2a9c223bc1c998c78337984cc2ca1cfae63057e743
DSM assessment measures,https://www.psychiatry.org/psychiatrists/practice/dsm/educational-resources/assessment-measures,Psychiatry.org - DSM-5-TR Online Assessment Measures,Severity of Dissociative Symptoms—Child Age 11–17 (Brief Dissociative Experiences Scale [DES-B]),https://www.psychiatry.org/getmedia/e0cee092-397f-4498-bbd8-61f420ac9973/APA-DSM5TR-SeverityofDissociativeSymptomsChildAge11To17.pdf,https://www.psychiatry.org/getmedia/e0cee092-397f-4498-bbd8-61f420ac9973/APA-DSM5TR-SeverityofDissociativeSymptomsChildAge11To17.pdf,application/pdf,6263cefba7_APA-DSM5TR-SeverityofDissociativeSymptomsChildAge11To17.pdf,/Users/jm/Psychiatry-Clerkship-Library/13_Faculty_Resources/APA_Downloads_2026-06-29/files/6263cefba7_APA-DSM5TR-SeverityofDissociativeSymptomsChildAge11To17.pdf,176552,6263cefba7fae612e7c5d3d0bebad7e08603718fd3ed715e29540be08d81e9a5
DSM assessment measures,https://www.psychiatry.org/psychiatrists/practice/dsm/educational-resources/assessment-measures,Psychiatry.org - DSM-5-TR Online Assessment Measures,Clinician-Rated Severity of Somatic Symptom Disorder,https://www.psychiatry.org/getmedia/f634d540-eb39-4309-b6cd-5270b3d03730/APA-DSM5TR-ClinicianRatedSeverityOfSomaticSymptomDisorder.pdf,https://www.psychiatry.org/getmedia/f634d540-eb39-4309-b6cd-5270b3d03730/APA-DSM5TR-ClinicianRatedSeverityOfSomaticSymptomDisorder.pdf,application/pdf,03e1f6ef1a_APA-DSM5TR-ClinicianRatedSeverityOfSomaticSymptomDisorder.pdf,/Users/jm/Psychiatry-Clerkship-Library/13_Faculty_Resources/APA_Downloads_2026-06-29/files/03e1f6ef1a_APA-DSM5TR-ClinicianRatedSeverityOfSomaticSymptomDisorder.pdf,251656,03e1f6ef1a021f7f2b39099c2fc26a0d78608bc0323caee98eb41606cba0fe0e
DSM assessment measures,https://www.psychiatry.org/psychiatrists/practice/dsm/educational-resources/assessment-measures,Psychiatry.org - DSM-5-TR Online Assessment Measures,Clinician-Rated Severity of Oppositional Defiant Disorder,https://www.psychiatry.org/getmedia/c8c54ca1-92a9-4608-bd05-147cb92db691/APA-DSM5TR-ClinicianRatedSeverityOfOppositionalDefiantDisorder.pdf,https://www.psychiatry.org/getmedia/c8c54ca1-92a9-4608-bd05-147cb92db691/APA-DSM5TR-ClinicianRatedSeverityOfOppositionalDefiantDisorder.pdf,application/pdf,380fcc3a90_APA-DSM5TR-ClinicianRatedSeverityOfOppositionalDefiantDisorder.pdf,/Users/jm/Psychiatry-Clerkship-Library/13_Faculty_Resources/APA_Downloads_2026-06-29/files/380fcc3a90_APA-DSM5TR-ClinicianRatedSeverityOfOppositionalDefiantDisorder.pdf,217740,380fcc3a908e86e6f1a491b0a4ec12e3fcb2f6b002f4186d367dd6b36c8f9d4f
DSM assessment measures,https://www.psychiatry.org/psychiatrists/practice/dsm/educational-resources/assessment-measures,Psychiatry.org - DSM-5-TR Online Assessment Measures,Severity of Posttraumatic Stress Symptoms—Child Age 11–17 (National Stressful Events Survey PTSD Short Scale [NSESS]),https://www.psychiatry.org/getmedia/19964a66-5074-4f00-9138-81d85577f107/APA-DSM5TR-SeverityOfPostTraumaticStressSymptomsChildAge11To17.pdf,https://www.psychiatry.org/getmedia/19964a66-5074-4f00-9138-81d85577f107/APA-DSM5TR-SeverityOfPostTraumaticStressSymptomsChildAge11To17.pdf,application/pdf,d9d1fb1bbf_APA-DSM5TR-SeverityOfPostTraumaticStressSymptomsChildAge11To17.pdf,/Users/jm/Psychiatry-Clerkship-Library/13_Faculty_Resources/APA_Downloads_2026-06-29/files/d9d1fb1bbf_APA-DSM5TR-SeverityOfPostTraumaticStressSymptomsChildAge11To17.pdf,252360,d9d1fb1bbf87087fa133a8feb437cf72fe871f4482c4b912901b55ac1fd339c2
DSM assessment measures,https://www.psychiatry.org/psychiatrists/practice/dsm/educational-resources/assessment-measures,Psychiatry.org - DSM-5-TR Online Assessment Measures,Clinician-Rated Dimensions of Psychosis Symptom Severity,https://www.psychiatry.org/getmedia/639675df-e6d0-4fe5-bb86-a517d9b15cfd/APA-DSM5TR-ClinicianRatedDimensionsofPsychosisSymptomSeverity.pdf,https://www.psychiatry.org/getmedia/639675df-e6d0-4fe5-bb86-a517d9b15cfd/APA-DSM5TR-ClinicianRatedDimensionsofPsychosisSymptomSeverity.pdf,application/pdf,da5ac68849_APA-DSM5TR-ClinicianRatedDimensionsofPsychosisSymptomSeverity.pdf,/Users/jm/Psychiatry-Clerkship-Library/13_Faculty_Resources/APA_Downloads_2026-06-29/files/da5ac68849_APA-DSM5TR-ClinicianRatedDimensionsofPsychosisSymptomSeverity.pdf,283132,da5ac688497a0448921a169addf050047812ee9daf91e0d3e13ef6724c1ad72f
DSM assessment measures,https://www.psychiatry.org/psychiatrists/practice/dsm/educational-resources/assessment-measures,Psychiatry.org - DSM-5-TR Online Assessment Measures,Clinician-Rated Severity of Conduct Disorder,https://www.psychiatry.org/getmedia/7f0c5730-df33-4e67-b1a5-493fed023485/APA-DSM5TR-ClinicianRatedSeverityOfConductDisorder.pdf,https://www.psychiatry.org/getmedia/7f0c5730-df33-4e67-b1a5-493fed023485/APA-DSM5TR-ClinicianRatedSeverityOfConductDisorder.pdf,application/pdf,bbbb8103ca_APA-DSM5TR-ClinicianRatedSeverityOfConductDisorder.pdf,/Users/jm/Psychiatry-Clerkship-Library/13_Faculty_Resources/APA_Downloads_2026-06-29/files/bbbb8103ca_APA-DSM5TR-ClinicianRatedSeverityOfConductDisorder.pdf,219315,bbbb8103ca2d9f2295a4e1334a68e71844a9bc029f067467570763cca0c4efd1
DSM assessment measures,https://www.psychiatry.org/psychiatrists/practice/dsm/educational-resources/assessment-measures,Psychiatry.org - DSM-5-TR Online Assessment Measures,The Personality Inventory for DSM-5—Brief Form (PID-5-BF)—Adult,https://www.psychiatry.org/getmedia/f65c4386-b2bc-44a5-9ace-d6fea2211506/APA-DSM5TR-ThePersonalityInventoryForDSM5BriefFormAdult.pdf,https://www.psychiatry.org/getmedia/f65c4386-b2bc-44a5-9ace-d6fea2211506/APA-DSM5TR-ThePersonalityInventoryForDSM5BriefFormAdult.pdf,application/pdf,ed3203c6f7_APA-DSM5TR-ThePersonalityInventoryForDSM5BriefFormAdult.pdf,/Users/jm/Psychiatry-Clerkship-Library/13_Faculty_Resources/APA_Downloads_2026-06-29/files/ed3203c6f7_APA-DSM5TR-ThePersonalityInventoryForDSM5BriefFormAdult.pdf,267470,ed3203c6f7c04ee02168d474cf1658e870304b86bb29058a8d24c14b6d0f6fa4
DSM assessment measures,https://www.psychiatry.org/psychiatrists/practice/dsm/educational-resources/assessment-measures,Psychiatry.org - DSM-5-TR Online Assessment Measures,Clinician-Rated Severity of Nonsuicidal Self-Injury,https://www.psychiatry.org/getmedia/956cbe48-0d36-4565-b729-3b2ddf40e371/APA-DSM5TR-ClinicianRatedSeverityOfNonSuicidalSelfInjury.pdf,https://www.psychiatry.org/getmedia/956cbe48-0d36-4565-b729-3b2ddf40e371/APA-DSM5TR-ClinicianRatedSeverityOfNonSuicidalSelfInjury.pdf,application/pdf,7425f26bca_APA-DSM5TR-ClinicianRatedSeverityOfNonSuicidalSelfInjury.pdf,/Users/jm/Psychiatry-Clerkship-Library/13_Faculty_Resources/APA_Downloads_2026-06-29/files/7425f26bca_APA-DSM5TR-ClinicianRatedSeverityOfNonSuicidalSelfInjury.pdf,225060,7425f26bcadfd642f618c569195da77b6f0f8ed00336fc6dd91c3b6733e02ce4
DSM assessment measures,https://www.psychiatry.org/psychiatrists/practice/dsm/educational-resources/assessment-measures,Psychiatry.org - DSM-5-TR Online Assessment Measures,"WHODAS 2.0 (World Health Organization Disability Schedule 2.0, 36-item version, proxy-administered)",https://www.psychiatry.org/getmedia/f1e7a9ff-431f-48ff-9284-9be7a2809c4e/APA-DSM5TR-WHODAS2ProxyAdministered.pdf,https://www.psychiatry.org/getmedia/f1e7a9ff-431f-48ff-9284-9be7a2809c4e/APA-DSM5TR-WHODAS2ProxyAdministered.pdf,application/pdf,4d4238c61b_APA-DSM5TR-WHODAS2ProxyAdministered.pdf,/Users/jm/Psychiatry-Clerkship-Library/13_Faculty_Resources/APA_Downloads_2026-06-29/files/4d4238c61b_APA-DSM5TR-WHODAS2ProxyAdministered.pdf,350973,4d4238c61b764f93927d82d1318a5f2b5222f3f6b5d582d18292bde522b22bb4
DSM assessment measures,https://www.psychiatry.org/psychiatrists/practice/dsm/educational-resources/assessment-measures,Psychiatry.org - DSM-5-TR Online Assessment Measures,"WHODAS 2.0 (World Health Organization Disability Schedule 2.0, 36-item version, self-administered)",https://www.psychiatry.org/getmedia/5f4794de-8d66-4434-99f3-784a3fd1e567/APA-DSM5TR-WHODAS2SelfAdministered.pdf,https://www.psychiatry.org/getmedia/5f4794de-8d66-4434-99f3-784a3fd1e567/APA-DSM5TR-WHODAS2SelfAdministered.pdf,application/pdf,9c82f1548b_APA-DSM5TR-WHODAS2SelfAdministered.pdf,/Users/jm/Psychiatry-Clerkship-Library/13_Faculty_Resources/APA_Downloads_2026-06-29/files/9c82f1548b_APA-DSM5TR-WHODAS2SelfAdministered.pdf,351725,9c82f1548b889558327c613e7a20e9043539cc9301e271120cf259627b3bfd96
DSM assessment measures,https://www.psychiatry.org/psychiatrists/practice/dsm/educational-resources/assessment-measures,Psychiatry.org - DSM-5-TR Online Assessment Measures,The Personality Inventory for DSM-5—Informant Form (PID-5-IRF)—Adult,https://www.psychiatry.org/getmedia/c98d1549-7dd6-4916-b758-296331fb4ffc/APA-DSM5TR-ThePersonalityInventoryforDSM5FullVersionInformant.pdf,https://www.psychiatry.org/getmedia/c98d1549-7dd6-4916-b758-296331fb4ffc/APA-DSM5TR-ThePersonalityInventoryforDSM5FullVersionInformant.pdf,application/pdf,be4a260a20_APA-DSM5TR-ThePersonalityInventoryforDSM5FullVersionInformant.pdf,/Users/jm/Psychiatry-Clerkship-Library/13_Faculty_Resources/APA_Downloads_2026-06-29/files/be4a260a20_APA-DSM5TR-ThePersonalityInventoryforDSM5FullVersionInformant.pdf,451361,be4a260a20706002a7ead4fd61261f86d2023cb6f221f7cfb04fb4d940f8af4d
DSM assessment measures,https://www.psychiatry.org/psychiatrists/practice/dsm/educational-resources/assessment-measures,Psychiatry.org - DSM-5-TR Online Assessment Measures,The Personality Inventory for DSM-5—Brief Form (PID-5-BF)—Child Age 11–17,https://www.psychiatry.org/getmedia/e2112f01-d14a-4503-8440-d4a30c519676/APA-DSM5TR-ThePersonalityInventoryForDSM5BriefFormChildAge11To17.pdf,https://www.psychiatry.org/getmedia/e2112f01-d14a-4503-8440-d4a30c519676/APA-DSM5TR-ThePersonalityInventoryForDSM5BriefFormChildAge11To17.pdf,application/pdf,1aa54248a6_APA-DSM5TR-ThePersonalityInventoryForDSM5BriefFormChildAge11To17.pdf,/Users/jm/Psychiatry-Clerkship-Library/13_Faculty_Resources/APA_Downloads_2026-06-29/files/1aa54248a6_APA-DSM5TR-ThePersonalityInventoryForDSM5BriefFormChildAge11To17.pdf,269577,1aa54248a6d60edc2a19609427c35ccb940eed71801ea3e9043de2e8377af2db
DSM assessment measures,https://www.psychiatry.org/psychiatrists/practice/dsm/educational-resources/assessment-measures,Psychiatry.org - DSM-5-TR Online Assessment Measures,Early Development and Home Background (EDHB) Form—Parent/Guardian,https://www.psychiatry.org/getmedia/ef4ce2bb-ae0e-4270-a8de-dfbb20e5d2f6/APA-DSM5TR-EarlyDevelopmentAndHomeBackgroundFormParentOfChildAge6To17-pdf.pdf,https://www.psychiatry.org/getmedia/ef4ce2bb-ae0e-4270-a8de-dfbb20e5d2f6/APA-DSM5TR-EarlyDevelopmentAndHomeBackgroundFormParentOfChildAge6To17-pdf.pdf,application/pdf,6ef59e2848_APA-DSM5TR-EarlyDevelopmentAndHomeBackgroundFormParentOfChildAge6To17-pdf.pdf,/Users/jm/Psychiatry-Clerkship-Library/13_Faculty_Resources/APA_Downloads_2026-06-29/files/6ef59e2848_APA-DSM5TR-EarlyDevelopmentAndHomeBackgroundFormParentOfChildAge6To17-pdf.pdf,255066,6ef59e2848788fa22118ceb074d56d67b44647215bf4d8385e48b8233c4a668d
DSM assessment measures,https://www.psychiatry.org/psychiatrists/practice/dsm/educational-resources/assessment-measures,Psychiatry.org - DSM-5-TR Online Assessment Measures,Severity of Acute Stress Symptoms—Child Age 11–17 (National Stressful Events Survey Acute Stress Disorder Short Scale [NSESS]),https://www.psychiatry.org/getmedia/8cb69e1d-5d73-4797-85af-48024bd1df44/APA-DSM5TR-SeverityOfAcuteStressSymptomsChildAge11To17.pdf,https://www.psychiatry.org/getmedia/8cb69e1d-5d73-4797-85af-48024bd1df44/APA-DSM5TR-SeverityOfAcuteStressSymptomsChildAge11To17.pdf,application/pdf,4c8b9ad027_APA-DSM5TR-SeverityOfAcuteStressSymptomsChildAge11To17.pdf,/Users/jm/Psychiatry-Clerkship-Library/13_Faculty_Resources/APA_Downloads_2026-06-29/files/4c8b9ad027_APA-DSM5TR-SeverityOfAcuteStressSymptomsChildAge11To17.pdf,264288,4c8b9ad0272eeff953bf70de2edf34dfefe305706b8219f385e8643268ef182f
DSM assessment measures,https://www.psychiatry.org/psychiatrists/practice/dsm/educational-resources/assessment-measures,Psychiatry.org - DSM-5-TR Online Assessment Measures,The Personality Inventory for DSM-5 (PID-5)—Adult,https://www.psychiatry.org/getmedia/594673a6-1b9b-4298-8b52-c4c652c4a4e2/APA-DSM5TR-ThePersonalityInventoryForDSM5FullVersionAdult.pdf,https://www.psychiatry.org/getmedia/594673a6-1b9b-4298-8b52-c4c652c4a4e2/APA-DSM5TR-ThePersonalityInventoryForDSM5FullVersionAdult.pdf,application/pdf,ce366db46f_APA-DSM5TR-ThePersonalityInventoryForDSM5FullVersionAdult.pdf,/Users/jm/Psychiatry-Clerkship-Library/13_Faculty_Resources/APA_Downloads_2026-06-29/files/ce366db46f_APA-DSM5TR-ThePersonalityInventoryForDSM5FullVersionAdult.pdf,439682,ce366db46f324ba7d0063ea568900b45f474ee01bd2a1375342ad49e63ed917c
DSM assessment measures,https://www.psychiatry.org/psychiatrists/practice/dsm/educational-resources/assessment-measures,Psychiatry.org - DSM-5-TR Online Assessment Measures,Alternative Versions to the Core Cultural Formulation Interview (CFI),https://www.psychiatry.org/getmedia/e308b799-98cc-4ad4-81c3-1f662335074d/APA-DSM5TR-AlternativeVersionsoftheCoreCFI.pdf,https://www.psychiatry.org/getmedia/e308b799-98cc-4ad4-81c3-1f662335074d/APA-DSM5TR-AlternativeVersionsoftheCoreCFI.pdf,application/pdf,09327cc51a_APA-DSM5TR-AlternativeVersionsoftheCoreCFI.pdf,/Users/jm/Psychiatry-Clerkship-Library/13_Faculty_Resources/APA_Downloads_2026-06-29/files/09327cc51a_APA-DSM5TR-AlternativeVersionsoftheCoreCFI.pdf,326236,09327cc51a82b3e02ee04ac6e83e3c9173c30845d4c0e062c76a7e57d1a432f6
DSM assessment measures,https://www.psychiatry.org/psychiatrists/practice/dsm/educational-resources/assessment-measures,Psychiatry.org - DSM-5-TR Online Assessment Measures,Cultural Formulation Interview—Informant Version,https://www.psychiatry.org/getmedia/4b37a60b-dcbd-402c-9ee2-3af7f5c9dc70/APA-DSM5TR-CulturalFormulationInterviewInformant.pdf,https://www.psychiatry.org/getmedia/4b37a60b-dcbd-402c-9ee2-3af7f5c9dc70/APA-DSM5TR-CulturalFormulationInterviewInformant.pdf,application/pdf,4e03779783_APA-DSM5TR-CulturalFormulationInterviewInformant.pdf,/Users/jm/Psychiatry-Clerkship-Library/13_Faculty_Resources/APA_Downloads_2026-06-29/files/4e03779783_APA-DSM5TR-CulturalFormulationInterviewInformant.pdf,294830,4e03779783bd8777fd6bc6a45764c3c42184b5c092229378a553cd96b13482ef
DSM assessment measures,https://www.psychiatry.org/psychiatrists/practice/dsm/educational-resources/assessment-measures,Psychiatry.org - DSM-5-TR Online Assessment Measures,The Personality Inventory for DSM-5 (PID-5)—Child Age 11–17,https://www.psychiatry.org/getmedia/e02d3a80-9010-4d04-bd36-ec3510dcfc1e/APA-DSM5TR-ThePersonalityInventoryForDSM5FullVersionChildAge11To17.pdf,https://www.psychiatry.org/getmedia/e02d3a80-9010-4d04-bd36-ec3510dcfc1e/APA-DSM5TR-ThePersonalityInventoryForDSM5FullVersionChildAge11To17.pdf,application/pdf,6015387653_APA-DSM5TR-ThePersonalityInventoryForDSM5FullVersionChildAge11To17.pdf,/Users/jm/Psychiatry-Clerkship-Library/13_Faculty_Resources/APA_Downloads_2026-06-29/files/6015387653_APA-DSM5TR-ThePersonalityInventoryForDSM5FullVersionChildAge11To17.pdf,441504,6015387653f59fc357ac95a389577b414da4eb1aed03b83b8967359589d4a773
DSM assessment measures,https://www.psychiatry.org/psychiatrists/practice/dsm/educational-resources/assessment-measures,Psychiatry.org - DSM-5-TR Online Assessment Measures,Early Development and Home Background (EDHB) Form—Clinician,https://www.psychiatry.org/getmedia/b06aa42b-5b39-40f0-8ac1-d24815d44343/APA-DSM5TR-ClinicianRatedEarlyDevelopmentAndHomeBackground.pdf,https://www.psychiatry.org/getmedia/b06aa42b-5b39-40f0-8ac1-d24815d44343/APA-DSM5TR-ClinicianRatedEarlyDevelopmentAndHomeBackground.pdf,application/pdf,6722910f86_APA-DSM5TR-ClinicianRatedEarlyDevelopmentAndHomeBackground.pdf,/Users/jm/Psychiatry-Clerkship-Library/13_Faculty_Resources/APA_Downloads_2026-06-29/files/6722910f86_APA-DSM5TR-ClinicianRatedEarlyDevelopmentAndHomeBackground.pdf,282572,6722910f867c953e1add814165b2a2b321c978aa1c82e1fd076b0f828c2e885e
DSM assessment measures,https://www.psychiatry.org/psychiatrists/practice/dsm/educational-resources/dsm-5-assessment-measures,Psychiatry.org - DSM-5 Online Assessment Measures,"DSM-5 Self-Rated Level 1 Cross-Cutting Symptom Measure, Adult",https://www.psychiatry.org/File%20Library/Psychiatrists/Practice/DSM/APA_DSM5_Level-1-Measure-Adult.pdf,https://www.psychiatry.org/File%20Library/Psychiatrists/Practice/DSM/APA_DSM5_Level-1-Measure-Adult.pdf,application/pdf,500a36532f_APA_DSM5_Level-1-Measure-Adult.pdf,/Users/jm/Psychiatry-Clerkship-Library/13_Faculty_Resources/APA_Downloads_2026-06-29/files/500a36532f_APA_DSM5_Level-1-Measure-Adult.pdf,390047,500a36532f7da3b071ce3dd071393ee1ae0b41654666cb2d4a70dff736cd7c6d
DSM assessment measures,https://www.psychiatry.org/psychiatrists/practice/dsm/educational-resources/dsm-5-assessment-measures,Psychiatry.org - DSM-5 Online Assessment Measures,"DSM-5 Parent/Guardian-Rated Level 1 Cross-Cutting Symptom Measure, Child Age 6, 17",https://www.psychiatry.org/File%20Library/Psychiatrists/Practice/DSM/APA_DSM5_Level-1-Measure-Parent-Or-Guardian-Of-Child-Age-6-to-17.pdf,https://www.psychiatry.org/File%20Library/Psychiatrists/Practice/DSM/APA_DSM5_Level-1-Measure-Parent-Or-Guardian-Of-Child-Age-6-to-17.pdf,application/pdf,951899c1a3_APA_DSM5_Level-1-Measure-Parent-Or-Guardian-Of-Child-Age-6-to-17.pdf,/Users/jm/Psychiatry-Clerkship-Library/13_Faculty_Resources/APA_Downloads_2026-06-29/files/951899c1a3_APA_DSM5_Level-1-Measure-Parent-Or-Guardian-Of-Child-Age-6-to-17.pdf,394460,951899c1a329dda58dea9d705a247e7e216d82b52cc5bbedd8b9c9e8ccdb379d
DSM assessment measures,https://www.psychiatry.org/psychiatrists/practice/dsm/educational-resources/dsm-5-assessment-measures,Psychiatry.org - DSM-5 Online Assessment Measures,"DSM-5 Self-Rated Level 1 Cross-Cutting Symptom Measure, Child Age 11 to 17",https://www.psychiatry.org/File%20Library/Psychiatrists/Practice/DSM/APA_DSM5_Level-1-Measure-Child-Age-11-to-17.pdf,https://www.psychiatry.org/File%20Library/Psychiatrists/Practice/DSM/APA_DSM5_Level-1-Measure-Child-Age-11-to-17.pdf,application/pdf,8b3aeba635_APA_DSM5_Level-1-Measure-Child-Age-11-to-17.pdf,/Users/jm/Psychiatry-Clerkship-Library/13_Faculty_Resources/APA_Downloads_2026-06-29/files/8b3aeba635_APA_DSM5_Level-1-Measure-Child-Age-11-to-17.pdf,273486,8b3aeba635dfecd5f1fdabc24262bc5186b9a7e08d784be3515b53929ed23c93
DSM assessment measures,https://www.psychiatry.org/psychiatrists/practice/dsm/educational-resources/assessment-measures,Psychiatry.org - DSM-5-TR Online Assessment Measures,Supplementary Modules to the Core Cultural Formulation Interview (CFI),https://www.psychiatry.org/getmedia/aca8f5a2-9b1b-456c-a3b7-f7f852edcf7c/APA-DSM5TR-CulturalFormulationInterviewSupplementaryModules.pdf,https://www.psychiatry.org/getmedia/aca8f5a2-9b1b-456c-a3b7-f7f852edcf7c/APA-DSM5TR-CulturalFormulationInterviewSupplementaryModules.pdf,application/pdf,06bbc9e695_APA-DSM5TR-CulturalFormulationInterviewSupplementaryModules.pdf,/Users/jm/Psychiatry-Clerkship-Library/13_Faculty_Resources/APA_Downloads_2026-06-29/files/06bbc9e695_APA-DSM5TR-CulturalFormulationInterviewSupplementaryModules.pdf,470154,06bbc9e6956908c42b270a0f21771912dc56ac70dd53da6a1f314070a7816a99
DSM assessment measures,https://www.psychiatry.org/psychiatrists/practice/dsm/educational-resources/dsm-5-assessment-measures,Psychiatry.org - DSM-5 Online Assessment Measures,"LEVEL 2, Depression, Adult (PROMIS Emotional Distress, Depression, Short Form)",https://www.psychiatry.org/File%20Library/Psychiatrists/Practice/DSM/APA_DSM5_Level-2-Depression-Adult.pdf,https://www.psychiatry.org/File%20Library/Psychiatrists/Practice/DSM/APA_DSM5_Level-2-Depression-Adult.pdf,application/pdf,336ffbbfd3_APA_DSM5_Level-2-Depression-Adult.pdf,/Users/jm/Psychiatry-Clerkship-Library/13_Faculty_Resources/APA_Downloads_2026-06-29/files/336ffbbfd3_APA_DSM5_Level-2-Depression-Adult.pdf,494075,336ffbbfd3f02e4cbcc925e8ad21eaba954aa29ed3d7a0d9193e6cf0e5200783
DSM assessment measures,https://www.psychiatry.org/psychiatrists/practice/dsm/educational-resources/dsm-5-assessment-measures,Psychiatry.org - DSM-5 Online Assessment Measures,"LEVEL 2, Anxiety, Adult(PROMIS Emotional Distress, Anxiety, Short Form)",https://www.psychiatry.org/File%20Library/Psychiatrists/Practice/DSM/APA_DSM5_Level-2-Anxiety-Adult.pdf,https://www.psychiatry.org/File%20Library/Psychiatrists/Practice/DSM/APA_DSM5_Level-2-Anxiety-Adult.pdf,application/pdf,123f0bf667_APA_DSM5_Level-2-Anxiety-Adult.pdf,/Users/jm/Psychiatry-Clerkship-Library/13_Faculty_Resources/APA_Downloads_2026-06-29/files/123f0bf667_APA_DSM5_Level-2-Anxiety-Adult.pdf,540453,123f0bf6675e324e1aedc43c0492ec9b5c9b38bc4a08bf4089cd1495cf5ded13
DSM assessment measures,https://www.psychiatry.org/psychiatrists/practice/dsm/educational-resources/dsm-5-assessment-measures,Psychiatry.org - DSM-5 Online Assessment Measures,"LEVEL 2, Sleep Disturbance, Adult (PROMIS, Sleep Disturbance, Short Form)",https://www.psychiatry.org/File%20Library/Psychiatrists/Practice/DSM/APA_DSM5_Level-2-Sleep-Disturbance-Adult.pdf,https://www.psychiatry.org/File%20Library/Psychiatrists/Practice/DSM/APA_DSM5_Level-2-Sleep-Disturbance-Adult.pdf,application/pdf,64401a32ad_APA_DSM5_Level-2-Sleep-Disturbance-Adult.pdf,/Users/jm/Psychiatry-Clerkship-Library/13_Faculty_Resources/APA_Downloads_2026-06-29/files/64401a32ad_APA_DSM5_Level-2-Sleep-Disturbance-Adult.pdf,523002,64401a32ad27e4a2d96fd500af521e3fe37536df3207069ee4d0a1048363fdc3
DSM assessment measures,https://www.psychiatry.org/psychiatrists/practice/dsm/educational-resources/dsm-5-assessment-measures,Psychiatry.org - DSM-5 Online Assessment Measures,"LEVEL 2, Somatic Symptom, Adult (Patient Health Questionnaire 15 Somatic Symptom Severity Scale [PHQ-15])",https://www.psychiatry.org/File%20Library/Psychiatrists/Practice/DSM/APA_DSM5_Level-2-Somatic-Symptom-Adult.pdf,https://www.psychiatry.org/File%20Library/Psychiatrists/Practice/DSM/APA_DSM5_Level-2-Somatic-Symptom-Adult.pdf,application/pdf,d5df0ac3eb_APA_DSM5_Level-2-Somatic-Symptom-Adult.pdf,/Users/jm/Psychiatry-Clerkship-Library/13_Faculty_Resources/APA_Downloads_2026-06-29/files/d5df0ac3eb_APA_DSM5_Level-2-Somatic-Symptom-Adult.pdf,382737,d5df0ac3ebf9d097390d50b9cafe6cb8347b6631dc10c1492eb15e3838d2cd96
DSM assessment measures,https://www.psychiatry.org/psychiatrists/practice/dsm/educational-resources/dsm-5-assessment-measures,Psychiatry.org - DSM-5 Online Assessment Measures,"LEVEL 2, Repetitive Thoughts and Behaviors, Adult",https://www.psychiatry.org/File%20Library/Psychiatrists/Practice/DSM/APA_DSM5_Level-2-Repetitive-Thoughts-and-Behaviors-Adult.pdf,https://www.psychiatry.org/File%20Library/Psychiatrists/Practice/DSM/APA_DSM5_Level-2-Repetitive-Thoughts-and-Behaviors-Adult.pdf,application/pdf,2e16a1a67b_APA_DSM5_Level-2-Repetitive-Thoughts-and-Behaviors-Adult.pdf,/Users/jm/Psychiatry-Clerkship-Library/13_Faculty_Resources/APA_Downloads_2026-06-29/files/2e16a1a67b_APA_DSM5_Level-2-Repetitive-Thoughts-and-Behaviors-Adult.pdf,377798,2e16a1a67b4fbfb7021d424c3930816af715e7f5c56509b6f2b451b6e06f2733
DSM assessment measures,https://www.psychiatry.org/psychiatrists/practice/dsm/educational-resources/dsm-5-assessment-measures,Psychiatry.org - DSM-5 Online Assessment Measures,"LEVEL 2, Mania, Adult (Altman Self-Rating Mania Scale [ASRM])",https://www.psychiatry.org/File%20Library/Psychiatrists/Practice/DSM/APA_DSM5_Level-2-Mania-Adult.pdf,https://www.psychiatry.org/File%20Library/Psychiatrists/Practice/DSM/APA_DSM5_Level-2-Mania-Adult.pdf,application/pdf,931919e9a8_APA_DSM5_Level-2-Mania-Adult.pdf,/Users/jm/Psychiatry-Clerkship-Library/13_Faculty_Resources/APA_Downloads_2026-06-29/files/931919e9a8_APA_DSM5_Level-2-Mania-Adult.pdf,483176,931919e9a8e77c536c32c5a3e2211aa9ccd765871d4075177ceca40ce4f01005
DSM assessment measures,https://www.psychiatry.org/psychiatrists/practice/dsm/educational-resources/dsm-5-assessment-measures,Psychiatry.org - DSM-5 Online Assessment Measures,"LEVEL 2, Inattention, Parent/Guardian of Child Age 6, 17 (Swanson, Nolan, and Pelham, version IV [SNAP-IV])",https://www.psychiatry.org/File%20Library/Psychiatrists/Practice/DSM/APA_DSM5_Level-2-Inattention-Parent-of-Child-Age-6-to-17.pdf,https://www.psychiatry.org/File%20Library/Psychiatrists/Practice/DSM/APA_DSM5_Level-2-Inattention-Parent-of-Child-Age-6-to-17.pdf,application/pdf,e732e23b97_APA_DSM5_Level-2-Inattention-Parent-of-Child-Age-6-to-17.pdf,/Users/jm/Psychiatry-Clerkship-Library/13_Faculty_Resources/APA_Downloads_2026-06-29/files/e732e23b97_APA_DSM5_Level-2-Inattention-Parent-of-Child-Age-6-to-17.pdf,368210,e732e23b97cbef9b658062a6da5283a6b022eddd878f56ad83a184eb453b9d84
DSM assessment measures,https://www.psychiatry.org/psychiatrists/practice/dsm/educational-resources/dsm-5-assessment-measures,Psychiatry.org - DSM-5 Online Assessment Measures,"LEVEL 2, Sleep Disturbance, Parent/Guardian of Child Age 6, 17 (PROMIS, Sleep Disturbance, Short Form)",https://www.psychiatry.org/File%20Library/Psychiatrists/Practice/DSM/APA_DSM5_Level-2-Sleep-Disturbance-Parent-of-Child-Age-6-to-17.pdf,https://www.psychiatry.org/File%20Library/Psychiatrists/Practice/DSM/APA_DSM5_Level-2-Sleep-Disturbance-Parent-of-Child-Age-6-to-17.pdf,application/pdf,c6d37b83e3_APA_DSM5_Level-2-Sleep-Disturbance-Parent-of-Child-Age-6-to-17.pdf,/Users/jm/Psychiatry-Clerkship-Library/13_Faculty_Resources/APA_Downloads_2026-06-29/files/c6d37b83e3_APA_DSM5_Level-2-Sleep-Disturbance-Parent-of-Child-Age-6-to-17.pdf,381507,c6d37b83e386b46d120aec296743b1609029b0ac15c153489505a3b235098a7b
DSM assessment measures,https://www.psychiatry.org/psychiatrists/practice/dsm/educational-resources/dsm-5-assessment-measures,Psychiatry.org - DSM-5 Online Assessment Measures,"LEVEL 2, Somatic Symptom, Parent/Guardian of Child Age 6, 17 (Patient Health Questionnaire 15 Somatic Symptom Severity Scale [PHQ-15])",https://www.psychiatry.org/File%20Library/Psychiatrists/Practice/DSM/APA_DSM5_Level-2-Somatic-Symptom-Parent-of-Child-Age-6-to-17.pdf,https://www.psychiatry.org/File%20Library/Psychiatrists/Practice/DSM/APA_DSM5_Level-2-Somatic-Symptom-Parent-of-Child-Age-6-to-17.pdf,application/pdf,3d95e2a0fa_APA_DSM5_Level-2-Somatic-Symptom-Parent-of-Child-Age-6-to-17.pdf,/Users/jm/Psychiatry-Clerkship-Library/13_Faculty_Resources/APA_Downloads_2026-06-29/files/3d95e2a0fa_APA_DSM5_Level-2-Somatic-Symptom-Parent-of-Child-Age-6-to-17.pdf,493448,3d95e2a0facb4d37c0a9f77f281d079b31fd23b42e374dd29d9b6ada45f3893e
DSM assessment measures,https://www.psychiatry.org/psychiatrists/practice/dsm/educational-resources/dsm-5-assessment-measures,Psychiatry.org - DSM-5 Online Assessment Measures,"LEVEL 2, Anger, Adult (PROMIS Emotional Distress, Anger, Short Form)",https://www.psychiatry.org/File%20Library/Psychiatrists/Practice/DSM/APA_DSM5_Level-2-Anger-Adult.pdf,https://www.psychiatry.org/File%20Library/Psychiatrists/Practice/DSM/APA_DSM5_Level-2-Anger-Adult.pdf,application/pdf,f324155dda_APA_DSM5_Level-2-Anger-Adult.pdf,/Users/jm/Psychiatry-Clerkship-Library/13_Faculty_Resources/APA_Downloads_2026-06-29/files/f324155dda_APA_DSM5_Level-2-Anger-Adult.pdf,379634,f324155dda2bab785d97ec8527b34c5c67f86d260d9d17c777abcb5809717ad6
DSM assessment measures,https://www.psychiatry.org/psychiatrists/practice/dsm/educational-resources/dsm-5-assessment-measures,Psychiatry.org - DSM-5 Online Assessment Measures,"LEVEL 2, Depression, Parent/Guardian of Child Age 6, 17 (PROMIS Emotional Distress, Depression, Parent Item Bank)",https://www.psychiatry.org/File%20Library/Psychiatrists/Practice/DSM/APA_DSM5_Level-2-Depression-Parent-of-Child-Age-6-to-17.pdf,https://www.psychiatry.org/File%20Library/Psychiatrists/Practice/DSM/APA_DSM5_Level-2-Depression-Parent-of-Child-Age-6-to-17.pdf,application/pdf,a3670f4b9c_APA_DSM5_Level-2-Depression-Parent-of-Child-Age-6-to-17.pdf,/Users/jm/Psychiatry-Clerkship-Library/13_Faculty_Resources/APA_Downloads_2026-06-29/files/a3670f4b9c_APA_DSM5_Level-2-Depression-Parent-of-Child-Age-6-to-17.pdf,403100,a3670f4b9cd29f6eef346c644b2922eae4f4b72a9a754681c197275842ca376a
DSM assessment measures,https://www.psychiatry.org/psychiatrists/practice/dsm/educational-resources/dsm-5-assessment-measures,Psychiatry.org - DSM-5 Online Assessment Measures,"LEVEL 2, Substance Use, Adult",https://www.psychiatry.org/File%20Library/Psychiatrists/Practice/DSM/APA_DSM5_Level-2-Substance-Use-Adult.pdf,https://www.psychiatry.org/File%20Library/Psychiatrists/Practice/DSM/APA_DSM5_Level-2-Substance-Use-Adult.pdf,application/pdf,15285854a9_APA_DSM5_Level-2-Substance-Use-Adult.pdf,/Users/jm/Psychiatry-Clerkship-Library/13_Faculty_Resources/APA_Downloads_2026-06-29/files/15285854a9_APA_DSM5_Level-2-Substance-Use-Adult.pdf,476245,15285854a985b679762db3e5d6216d9ec1dbdcd06f71453e9ffcbe72d180ea14
DSM assessment measures,https://www.psychiatry.org/psychiatrists/practice/dsm/educational-resources/dsm-5-assessment-measures,Psychiatry.org - DSM-5 Online Assessment Measures,"LEVEL 2, Anger, Parent/Guardian of Child Age 6, 17 (PROMIS Emotional Distress, Calibrated Anger Measure, Parent)",https://www.psychiatry.org/File%20Library/Psychiatrists/Practice/DSM/APA_DSM5_Level-2-Anger-Parent-of-Child-Age-6-to-17.pdf,https://www.psychiatry.org/File%20Library/Psychiatrists/Practice/DSM/APA_DSM5_Level-2-Anger-Parent-of-Child-Age-6-to-17.pdf,application/pdf,5e0551246c_APA_DSM5_Level-2-Anger-Parent-of-Child-Age-6-to-17.pdf,/Users/jm/Psychiatry-Clerkship-Library/13_Faculty_Resources/APA_Downloads_2026-06-29/files/5e0551246c_APA_DSM5_Level-2-Anger-Parent-of-Child-Age-6-to-17.pdf,495043,5e0551246c6734f85aa8fed32856fb8d1a2c2ace23154b578b28da88bb4c8c93
DSM assessment measures,https://www.psychiatry.org/psychiatrists/practice/dsm/educational-resources/dsm-5-assessment-measures,Psychiatry.org - DSM-5 Online Assessment Measures,"LEVEL 2, Mania, Parent/Guardian of Child Age 6, 17 (Adapted from the Altman Self-Rating Mania Scale [ASRM])",https://www.psychiatry.org/File%20Library/Psychiatrists/Practice/DSM/APA_DSM5_Level-2-Mania-Parent-of-Child-Age-6-to-17.pdf,https://www.psychiatry.org/File%20Library/Psychiatrists/Practice/DSM/APA_DSM5_Level-2-Mania-Parent-of-Child-Age-6-to-17.pdf,application/pdf,99297b42bd_APA_DSM5_Level-2-Mania-Parent-of-Child-Age-6-to-17.pdf,/Users/jm/Psychiatry-Clerkship-Library/13_Faculty_Resources/APA_Downloads_2026-06-29/files/99297b42bd_APA_DSM5_Level-2-Mania-Parent-of-Child-Age-6-to-17.pdf,374946,99297b42bd61ab82f4b4b7d20fecfbe61ec1c6d0cc040ef11490b9f45fb2f2f3
DSM assessment measures,https://www.psychiatry.org/psychiatrists/practice/dsm/educational-resources/dsm-5-assessment-measures,Psychiatry.org - DSM-5 Online Assessment Measures,"LEVEL 2, Irritability, Parent/Guardian of Child Age 6, 17 (Affective Reactivity Index [ARI])",https://www.psychiatry.org/File%20Library/Psychiatrists/Practice/DSM/APA_DSM5_Level-2-Irritability-Parent-of-Child-Age-6-to-17.pdf,https://www.psychiatry.org/File%20Library/Psychiatrists/Practice/DSM/APA_DSM5_Level-2-Irritability-Parent-of-Child-Age-6-to-17.pdf,application/pdf,8001079b98_APA_DSM5_Level-2-Irritability-Parent-of-Child-Age-6-to-17.pdf,/Users/jm/Psychiatry-Clerkship-Library/13_Faculty_Resources/APA_Downloads_2026-06-29/files/8001079b98_APA_DSM5_Level-2-Irritability-Parent-of-Child-Age-6-to-17.pdf,481799,8001079b983367e8f1b6efda03018a6d5e3a43f8a6fc75617984efc6c799761e
DSM assessment measures,https://www.psychiatry.org/psychiatrists/practice/dsm/educational-resources/dsm-5-assessment-measures,Psychiatry.org - DSM-5 Online Assessment Measures,"LEVEL 2, Anxiety, Parent/Guardian of Child Age 6, 17 (Adapted from PROMIS Emotional Distress, Anxiety, Parent Item Bank)",https://www.psychiatry.org/File%20Library/Psychiatrists/Practice/DSM/APA_DSM5_Level-2-Anxiety-Parent-of-Child-Age-6-to-17.pdf,https://www.psychiatry.org/File%20Library/Psychiatrists/Practice/DSM/APA_DSM5_Level-2-Anxiety-Parent-of-Child-Age-6-to-17.pdf,application/pdf,572ee24cf9_APA_DSM5_Level-2-Anxiety-Parent-of-Child-Age-6-to-17.pdf,/Users/jm/Psychiatry-Clerkship-Library/13_Faculty_Resources/APA_Downloads_2026-06-29/files/572ee24cf9_APA_DSM5_Level-2-Anxiety-Parent-of-Child-Age-6-to-17.pdf,402978,572ee24cf9ded1ed4484e0828df2d470da64da2e59671da7f7c03e731d6902a0
DSM assessment measures,https://www.psychiatry.org/psychiatrists/practice/dsm/educational-resources/dsm-5-assessment-measures,Psychiatry.org - DSM-5 Online Assessment Measures,"LEVEL 2, Depression, Child Age 11 to 17 (PROMIS Emotional Distress, Depression, Pediatric Item Bank)",https://www.psychiatry.org/File%20Library/Psychiatrists/Practice/DSM/APA_DSM5_Level-2-Depression-Child-Age-11-to-17.pdf,https://www.psychiatry.org/File%20Library/Psychiatrists/Practice/DSM/APA_DSM5_Level-2-Depression-Child-Age-11-to-17.pdf,application/pdf,8d305c9fe0_APA_DSM5_Level-2-Depression-Child-Age-11-to-17.pdf,/Users/jm/Psychiatry-Clerkship-Library/13_Faculty_Resources/APA_Downloads_2026-06-29/files/8d305c9fe0_APA_DSM5_Level-2-Depression-Child-Age-11-to-17.pdf,524910,8d305c9fe07e942d7f0e1f76b80b4b27246224ef35437952895906046eb3d128
DSM assessment measures,https://www.psychiatry.org/psychiatrists/practice/dsm/educational-resources/dsm-5-assessment-measures,Psychiatry.org - DSM-5 Online Assessment Measures,"LEVEL 2, Sleep Disturbance, Child Age 11 to 17 (PROMIS, Sleep Disturbance, Short Form)",https://www.psychiatry.org/File%20Library/Psychiatrists/Practice/DSM/APA_DSM5_Level-2-Sleep-Disturbance-Child-Age-11-to-17.pdf,https://www.psychiatry.org/File%20Library/Psychiatrists/Practice/DSM/APA_DSM5_Level-2-Sleep-Disturbance-Child-Age-11-to-17.pdf,application/pdf,7ae1c51524_APA_DSM5_Level-2-Sleep-Disturbance-Child-Age-11-to-17.pdf,/Users/jm/Psychiatry-Clerkship-Library/13_Faculty_Resources/APA_Downloads_2026-06-29/files/7ae1c51524_APA_DSM5_Level-2-Sleep-Disturbance-Child-Age-11-to-17.pdf,378343,7ae1c515244698e61e260af5abaa4e9ff1ea2377d6cb17db60f31964d26e755f
DSM assessment measures,https://www.psychiatry.org/psychiatrists/practice/dsm/educational-resources/dsm-5-assessment-measures,Psychiatry.org - DSM-5 Online Assessment Measures,"LEVEL 2, Substance Use, Parent/Guardian of Child Age 6, 17 (Adapted from the NIDA-Modified ASSIST)",https://www.psychiatry.org/File%20Library/Psychiatrists/Practice/DSM/APA_DSM5_Level-2-Substance-Use-Parent-of-Child-Age-6-to-17.pdf,https://www.psychiatry.org/File%20Library/Psychiatrists/Practice/DSM/APA_DSM5_Level-2-Substance-Use-Parent-of-Child-Age-6-to-17.pdf,application/pdf,7a9400a188_APA_DSM5_Level-2-Substance-Use-Parent-of-Child-Age-6-to-17.pdf,/Users/jm/Psychiatry-Clerkship-Library/13_Faculty_Resources/APA_Downloads_2026-06-29/files/7a9400a188_APA_DSM5_Level-2-Substance-Use-Parent-of-Child-Age-6-to-17.pdf,487387,7a9400a188a89b51cc69d108778ef528e5645a07e2bc421164099803043298b0
DSM assessment measures,https://www.psychiatry.org/psychiatrists/practice/dsm/educational-resources/dsm-5-assessment-measures,Psychiatry.org - DSM-5 Online Assessment Measures,"LEVEL 2, Somatic Symptom, Child Age 11 to 17 (Patient Health Questionnaire 15 Somatic Symptom Severity Scale [PHQ-15])",https://www.psychiatry.org/File%20Library/Psychiatrists/Practice/DSM/APA_DSM5_Level-2-Somatic-Symptom-Child-Age-11-to-17.pdf,https://www.psychiatry.org/File%20Library/Psychiatrists/Practice/DSM/APA_DSM5_Level-2-Somatic-Symptom-Child-Age-11-to-17.pdf,application/pdf,93cbba3534_APA_DSM5_Level-2-Somatic-Symptom-Child-Age-11-to-17.pdf,/Users/jm/Psychiatry-Clerkship-Library/13_Faculty_Resources/APA_Downloads_2026-06-29/files/93cbba3534_APA_DSM5_Level-2-Somatic-Symptom-Child-Age-11-to-17.pdf,491240,93cbba35342bd8f4bc06c4f6f0e4476246dc80076af6a5f58fbc19fb8fbf290e
DSM assessment measures,https://www.psychiatry.org/psychiatrists/practice/dsm/educational-resources/dsm-5-assessment-measures,Psychiatry.org - DSM-5 Online Assessment Measures,"LEVEL 2, Mania, Child Age 11 to 17 (Altman Self-Rating Mania Scale [ASRM])",https://www.psychiatry.org/File%20Library/Psychiatrists/Practice/DSM/APA_DSM5_Level-2-Mania-Child-Age-11-to-17.pdf,https://www.psychiatry.org/File%20Library/Psychiatrists/Practice/DSM/APA_DSM5_Level-2-Mania-Child-Age-11-to-17.pdf,application/pdf,090813e109_APA_DSM5_Level-2-Mania-Child-Age-11-to-17.pdf,/Users/jm/Psychiatry-Clerkship-Library/13_Faculty_Resources/APA_Downloads_2026-06-29/files/090813e109_APA_DSM5_Level-2-Mania-Child-Age-11-to-17.pdf,372641,090813e109605accd8264442805329c92b26a40694783303cad296472948012d
DSM assessment measures,https://www.psychiatry.org/psychiatrists/practice/dsm/educational-resources/dsm-5-assessment-measures,Psychiatry.org - DSM-5 Online Assessment Measures,"LEVEL 2, Irritability, Child Age 11 to 17 (Affective Reactivity Index [ARI])",https://www.psychiatry.org/File%20Library/Psychiatrists/Practice/DSM/APA_DSM5_Level-2-Irritability-Child-Age-11-to-17.pdf,https://www.psychiatry.org/File%20Library/Psychiatrists/Practice/DSM/APA_DSM5_Level-2-Irritability-Child-Age-11-to-17.pdf,application/pdf,a90ec0bf6a_APA_DSM5_Level-2-Irritability-Child-Age-11-to-17.pdf,/Users/jm/Psychiatry-Clerkship-Library/13_Faculty_Resources/APA_Downloads_2026-06-29/files/a90ec0bf6a_APA_DSM5_Level-2-Irritability-Child-Age-11-to-17.pdf,487382,a90ec0bf6a72b2cb1dd750c48dbecd37c81157ce8cfe21ccc5abc8bac1bcf9a1
DSM assessment measures,https://www.psychiatry.org/psychiatrists/practice/dsm/educational-resources/dsm-5-assessment-measures,Psychiatry.org - DSM-5 Online Assessment Measures,"LEVEL 2, Anxiety, Child Age 11 to 17 (PROMIS Emotional Distress, Anxiety, Pediatric Item Bank)",https://www.psychiatry.org/File%20Library/Psychiatrists/Practice/DSM/APA_DSM5_Level-2-Anxiety-Child-Age-11-to-17.pdf,https://www.psychiatry.org/File%20Library/Psychiatrists/Practice/DSM/APA_DSM5_Level-2-Anxiety-Child-Age-11-to-17.pdf,application/pdf,8813a650a6_APA_DSM5_Level-2-Anxiety-Child-Age-11-to-17.pdf,/Users/jm/Psychiatry-Clerkship-Library/13_Faculty_Resources/APA_Downloads_2026-06-29/files/8813a650a6_APA_DSM5_Level-2-Anxiety-Child-Age-11-to-17.pdf,410668,8813a650a6596a0f26975faa527db009efd74620897fb2b21e1e6aed7047b4a1
DSM assessment measures,https://www.psychiatry.org/psychiatrists/practice/dsm/educational-resources/dsm-5-assessment-measures,Psychiatry.org - DSM-5 Online Assessment Measures,"Severity Measure for Panic Disorder, Adult",https://www.psychiatry.org/File%20Library/Psychiatrists/Practice/DSM/APA_DSM5_Severity-Measure-For-Panic-Disorder-Adult.pdf,https://www.psychiatry.org/File%20Library/Psychiatrists/Practice/DSM/APA_DSM5_Severity-Measure-For-Panic-Disorder-Adult.pdf,application/pdf,2d6a211c7f_APA_DSM5_Severity-Measure-For-Panic-Disorder-Adult.pdf,/Users/jm/Psychiatry-Clerkship-Library/13_Faculty_Resources/APA_Downloads_2026-06-29/files/2d6a211c7f_APA_DSM5_Severity-Measure-For-Panic-Disorder-Adult.pdf,251914,2d6a211c7f316ffbad50f40cb095ae2311bd8a712514fe77ea8e7ae903ef9f17
DSM assessment measures,https://www.psychiatry.org/psychiatrists/practice/dsm/educational-resources/dsm-5-assessment-measures,Psychiatry.org - DSM-5 Online Assessment Measures,"Severity Measure for Specific Phobia, Adult",https://www.psychiatry.org/File%20Library/Psychiatrists/Practice/DSM/APA_DSM5_Severity-Measure-For-Specific-Phobia-Adult.pdf,https://www.psychiatry.org/File%20Library/Psychiatrists/Practice/DSM/APA_DSM5_Severity-Measure-For-Specific-Phobia-Adult.pdf,application/pdf,b4737fc217_APA_DSM5_Severity-Measure-For-Specific-Phobia-Adult.pdf,/Users/jm/Psychiatry-Clerkship-Library/13_Faculty_Resources/APA_Downloads_2026-06-29/files/b4737fc217_APA_DSM5_Severity-Measure-For-Specific-Phobia-Adult.pdf,253459,b4737fc217c16275eacce2c9e12c1b499de8b6517c7eaf36f2c3ca8a5be9aea5
DSM assessment measures,https://www.psychiatry.org/psychiatrists/practice/dsm/educational-resources/dsm-5-assessment-measures,Psychiatry.org - DSM-5 Online Assessment Measures,"Severity Measure for Separation Anxiety Disorder, Adult",https://www.psychiatry.org/File%20Library/Psychiatrists/Practice/DSM/APA_DSM5_Severity-Measure-For-Separation-Anxiety-Disorder-Adult.pdf,https://www.psychiatry.org/File%20Library/Psychiatrists/Practice/DSM/APA_DSM5_Severity-Measure-For-Separation-Anxiety-Disorder-Adult.pdf,application/pdf,d4ffbed38f_APA_DSM5_Severity-Measure-For-Separation-Anxiety-Disorder-Adult.pdf,/Users/jm/Psychiatry-Clerkship-Library/13_Faculty_Resources/APA_Downloads_2026-06-29/files/d4ffbed38f_APA_DSM5_Severity-Measure-For-Separation-Anxiety-Disorder-Adult.pdf,361596,d4ffbed38fb481c8a2b5c9b6cd84bfefc211a33a0c8d4cc995fcd0812f103df5
DSM assessment measures,https://www.psychiatry.org/psychiatrists/practice/dsm/educational-resources/dsm-5-assessment-measures,Psychiatry.org - DSM-5 Online Assessment Measures,"Severity Measure for Agoraphobia, Adult",https://www.psychiatry.org/File%20Library/Psychiatrists/Practice/DSM/APA_DSM5_Severity-Measure-For-Agoraphobia-Adult.pdf,https://www.psychiatry.org/File%20Library/Psychiatrists/Practice/DSM/APA_DSM5_Severity-Measure-For-Agoraphobia-Adult.pdf,application/pdf,86c8c6d918_APA_DSM5_Severity-Measure-For-Agoraphobia-Adult.pdf,/Users/jm/Psychiatry-Clerkship-Library/13_Faculty_Resources/APA_Downloads_2026-06-29/files/86c8c6d918_APA_DSM5_Severity-Measure-For-Agoraphobia-Adult.pdf,361757,86c8c6d918e7c5dce2b83e690e8ee0789891c543789df81e4cc289fc7dcb4c37
DSM assessment measures,https://www.psychiatry.org/psychiatrists/practice/dsm/educational-resources/dsm-5-assessment-measures,Psychiatry.org - DSM-5 Online Assessment Measures,"LEVEL 2, Repetitive Thoughts and Behaviors, Child Age 11 to 17 (Adapted from the Children’s Florida Obsessive Compulsive Inventory [C-FOCI] Severity Scale)",https://www.psychiatry.org/File%20Library/Psychiatrists/Practice/DSM/APA_DSM5_Level-2-Repetitive-Thoughts-and-Behaviors-Child-Age-11-to-17.pdf,https://www.psychiatry.org/File%20Library/Psychiatrists/Practice/DSM/APA_DSM5_Level-2-Repetitive-Thoughts-and-Behaviors-Child-Age-11-to-17.pdf,application/pdf,70df145d57_APA_DSM5_Level-2-Repetitive-Thoughts-and-Behaviors-Child-Age-11-to-17.pdf,/Users/jm/Psychiatry-Clerkship-Library/13_Faculty_Resources/APA_Downloads_2026-06-29/files/70df145d57_APA_DSM5_Level-2-Repetitive-Thoughts-and-Behaviors-Child-Age-11-to-17.pdf,491907,70df145d57e9099929a62680c510c6b94fd4355840b9c510b180689ac96be52f
DSM assessment measures,https://www.psychiatry.org/psychiatrists/practice/dsm/educational-resources/dsm-5-assessment-measures,Psychiatry.org - DSM-5 Online Assessment Measures,"Severity Measure for Generalized Anxiety Disorder, Adult",https://www.psychiatry.org/File%20Library/Psychiatrists/Practice/DSM/APA_DSM5_Severity-Measure-For-Generalized-Anxiety-Disorder-Adult.pdf,https://www.psychiatry.org/File%20Library/Psychiatrists/Practice/DSM/APA_DSM5_Severity-Measure-For-Generalized-Anxiety-Disorder-Adult.pdf,application/pdf,f39c46885d_APA_DSM5_Severity-Measure-For-Generalized-Anxiety-Disorder-Adult.pdf,/Users/jm/Psychiatry-Clerkship-Library/13_Faculty_Resources/APA_Downloads_2026-06-29/files/f39c46885d_APA_DSM5_Severity-Measure-For-Generalized-Anxiety-Disorder-Adult.pdf,362153,f39c46885da8b0751ff70bc4ed38dec9c9447d3c3cd5dd4d1e491850838b1633
DSM assessment measures,https://www.psychiatry.org/psychiatrists/practice/dsm/educational-resources/dsm-5-assessment-measures,Psychiatry.org - DSM-5 Online Assessment Measures,"Severity of Posttraumatic Stress Symptoms, Adult (National Stressful Events Survey PTSD Short Scale [NSESS])",https://www.psychiatry.org/File%20Library/Psychiatrists/Practice/DSM/APA_DSM5_Severity-of-Posttraumatic-Stress-Symptoms-Adult.pdf,https://www.psychiatry.org/File%20Library/Psychiatrists/Practice/DSM/APA_DSM5_Severity-of-Posttraumatic-Stress-Symptoms-Adult.pdf,application/pdf,20f2e64088_APA_DSM5_Severity-of-Posttraumatic-Stress-Symptoms-Adult.pdf,/Users/jm/Psychiatry-Clerkship-Library/13_Faculty_Resources/APA_Downloads_2026-06-29/files/20f2e64088_APA_DSM5_Severity-of-Posttraumatic-Stress-Symptoms-Adult.pdf,361695,20f2e64088e9e32f043f0d4bae4aa409bb575493c70676c9de68f851b074a8b8
DSM assessment measures,https://www.psychiatry.org/psychiatrists/practice/dsm/educational-resources/dsm-5-assessment-measures,Psychiatry.org - DSM-5 Online Assessment Measures,"Severity Measure for Depression, Child Age 11 to 17 (PHQ-9 modified for Adolescents [PHQ-A], Adapted)",https://www.psychiatry.org/File%20Library/Psychiatrists/Practice/DSM/APA_DSM5_Severity-Measure-For-Depression-Child-Age-11-to-17.pdf,https://www.psychiatry.org/File%20Library/Psychiatrists/Practice/DSM/APA_DSM5_Severity-Measure-For-Depression-Child-Age-11-to-17.pdf,application/pdf,8b04e98531_APA_DSM5_Severity-Measure-For-Depression-Child-Age-11-to-17.pdf,/Users/jm/Psychiatry-Clerkship-Library/13_Faculty_Resources/APA_Downloads_2026-06-29/files/8b04e98531_APA_DSM5_Severity-Measure-For-Depression-Child-Age-11-to-17.pdf,239136,8b04e98531a85b7272b686fec7f9e2708a6f947aaa640e7f70b09128cba6db5a
DSM assessment measures,https://www.psychiatry.org/psychiatrists/practice/dsm/educational-resources/dsm-5-assessment-measures,Psychiatry.org - DSM-5 Online Assessment Measures,"Severity Measure for Social Anxiety Disorder (Social Phobia), Adult",https://www.psychiatry.org/File%20Library/Psychiatrists/Practice/DSM/APA_DSM5_Severity-Measure-For-Social-Anxiety-Disorder-Adult.pdf,https://www.psychiatry.org/File%20Library/Psychiatrists/Practice/DSM/APA_DSM5_Severity-Measure-For-Social-Anxiety-Disorder-Adult.pdf,application/pdf,28bc85a0f7_APA_DSM5_Severity-Measure-For-Social-Anxiety-Disorder-Adult.pdf,/Users/jm/Psychiatry-Clerkship-Library/13_Faculty_Resources/APA_Downloads_2026-06-29/files/28bc85a0f7_APA_DSM5_Severity-Measure-For-Social-Anxiety-Disorder-Adult.pdf,477183,28bc85a0f7cbcba3ea2fbc8640956c932042d210b1a8613155728a5ce6e1fc65
DSM assessment measures,https://www.psychiatry.org/psychiatrists/practice/dsm/educational-resources/dsm-5-assessment-measures,Psychiatry.org - DSM-5 Online Assessment Measures,"Severity Measure for Separation Anxiety Disorder, Child Age 11 to 17",https://www.psychiatry.org/File%20Library/Psychiatrists/Practice/DSM/APA_DSM5_Severity-Measure-For-Separation-Anxiety-Disorder-Child-Age-11-to-17.pdf,https://www.psychiatry.org/File%20Library/Psychiatrists/Practice/DSM/APA_DSM5_Severity-Measure-For-Separation-Anxiety-Disorder-Child-Age-11-to-17.pdf,application/pdf,613e7882f9_APA_DSM5_Severity-Measure-For-Separation-Anxiety-Disorder-Child-Age-11-to-17.pdf,/Users/jm/Psychiatry-Clerkship-Library/13_Faculty_Resources/APA_Downloads_2026-06-29/files/613e7882f9_APA_DSM5_Severity-Measure-For-Separation-Anxiety-Disorder-Child-Age-11-to-17.pdf,361962,613e7882f971f4b595286325111739501281a122adb4d2adb59b2657cd694140
DSM assessment measures,https://www.psychiatry.org/psychiatrists/practice/dsm/educational-resources/dsm-5-assessment-measures,Psychiatry.org - DSM-5 Online Assessment Measures,"Severity of Acute Stress Symptoms, Adult (National Stressful Events Survey Acute Stress Disorder Short Scale [NSESS])",https://www.psychiatry.org/File%20Library/Psychiatrists/Practice/DSM/APA_DSM5_Severity-of-Acute-Stress-Symptoms-Adult.pdf,https://www.psychiatry.org/File%20Library/Psychiatrists/Practice/DSM/APA_DSM5_Severity-of-Acute-Stress-Symptoms-Adult.pdf,application/pdf,6e54906039_APA_DSM5_Severity-of-Acute-Stress-Symptoms-Adult.pdf,/Users/jm/Psychiatry-Clerkship-Library/13_Faculty_Resources/APA_Downloads_2026-06-29/files/6e54906039_APA_DSM5_Severity-of-Acute-Stress-Symptoms-Adult.pdf,359397,6e54906039860b8afe7d18ce33fcbb44de0b7f5b4d061861352c168b03498dba
DSM assessment measures,https://www.psychiatry.org/psychiatrists/practice/dsm/educational-resources/dsm-5-assessment-measures,Psychiatry.org - DSM-5 Online Assessment Measures,"Severity Measure for Specific Phobia, Child Age 11 to 17",https://www.psychiatry.org/File%20Library/Psychiatrists/Practice/DSM/APA_DSM5_Severity-Measure-For-Specific-Phobia-Child-Age-11-to-17.pdf,https://www.psychiatry.org/File%20Library/Psychiatrists/Practice/DSM/APA_DSM5_Severity-Measure-For-Specific-Phobia-Child-Age-11-to-17.pdf,application/pdf,dccc9a616b_APA_DSM5_Severity-Measure-For-Specific-Phobia-Child-Age-11-to-17.pdf,/Users/jm/Psychiatry-Clerkship-Library/13_Faculty_Resources/APA_Downloads_2026-06-29/files/dccc9a616b_APA_DSM5_Severity-Measure-For-Specific-Phobia-Child-Age-11-to-17.pdf,364497,dccc9a616b45adb81387a4e3716348ff3a640d7d5f6d0064cbfc7075bc5cb18a
DSM assessment measures,https://www.psychiatry.org/psychiatrists/practice/dsm/educational-resources/dsm-5-assessment-measures,Psychiatry.org - DSM-5 Online Assessment Measures,"Severity Measure for Social Anxiety Disorder (Social Phobia), Child Age 11 to 17",https://www.psychiatry.org/File%20Library/Psychiatrists/Practice/DSM/APA_DSM5_Severity-Measure-For-Social-Anxiety-Disorder-Child-Age-11-to-17.pdf,https://www.psychiatry.org/File%20Library/Psychiatrists/Practice/DSM/APA_DSM5_Severity-Measure-For-Social-Anxiety-Disorder-Child-Age-11-to-17.pdf,application/pdf,a339a893af_APA_DSM5_Severity-Measure-For-Social-Anxiety-Disorder-Child-Age-11-to-17.pdf,/Users/jm/Psychiatry-Clerkship-Library/13_Faculty_Resources/APA_Downloads_2026-06-29/files/a339a893af_APA_DSM5_Severity-Measure-For-Social-Anxiety-Disorder-Child-Age-11-to-17.pdf,477623,a339a893afc3bc0e775a08d3c6ae6403aaa19301cda77294b1956092bf553386
DSM assessment measures,https://www.psychiatry.org/psychiatrists/practice/dsm/educational-resources/dsm-5-assessment-measures,Psychiatry.org - DSM-5 Online Assessment Measures,"Severity of Posttraumatic Stress Symptoms, Child Age 11 to 17 (National Stressful Events Survey PTSD Short Scale [NSESS])",https://www.psychiatry.org/File%20Library/Psychiatrists/Practice/DSM/APA_DSM5_Severity-of-Post-Traumatic-Stress-Symptoms-Child-Age-11-to-17.pdf,https://www.psychiatry.org/File%20Library/Psychiatrists/Practice/DSM/APA_DSM5_Severity-of-Post-Traumatic-Stress-Symptoms-Child-Age-11-to-17.pdf,application/pdf,ce204416c5_APA_DSM5_Severity-of-Post-Traumatic-Stress-Symptoms-Child-Age-11-to-17.pdf,/Users/jm/Psychiatry-Clerkship-Library/13_Faculty_Resources/APA_Downloads_2026-06-29/files/ce204416c5_APA_DSM5_Severity-of-Post-Traumatic-Stress-Symptoms-Child-Age-11-to-17.pdf,362262,ce204416c53a81a1833e4df7a21f270dd8b628c3837d4c60148ac79b4e21c5d5
DSM assessment measures,https://www.psychiatry.org/psychiatrists/practice/dsm/educational-resources/dsm-5-assessment-measures,Psychiatry.org - DSM-5 Online Assessment Measures,"Severity of Dissociative Symptoms, Adult (Brief Dissociative Experiences Scale [DES-B])",https://www.psychiatry.org/File%20Library/Psychiatrists/Practice/DSM/APA_DSM5_Severity-of-Dissociative-Symptoms-Adult.pdf,https://www.psychiatry.org/File%20Library/Psychiatrists/Practice/DSM/APA_DSM5_Severity-of-Dissociative-Symptoms-Adult.pdf,application/pdf,a3cab61a41_APA_DSM5_Severity-of-Dissociative-Symptoms-Adult.pdf,/Users/jm/Psychiatry-Clerkship-Library/13_Faculty_Resources/APA_Downloads_2026-06-29/files/a3cab61a41_APA_DSM5_Severity-of-Dissociative-Symptoms-Adult.pdf,345962,a3cab61a4144dd71feb2507670c63beefdd04c82d2ca75d420916ef1af739bd6
DSM assessment measures,https://www.psychiatry.org/psychiatrists/practice/dsm/educational-resources/dsm-5-assessment-measures,Psychiatry.org - DSM-5 Online Assessment Measures,"LEVEL 2, Anger, Child Age 11 to 17 (PROMIS Emotional Distress, Calibrated Anger Measure, Pediatric)",https://www.psychiatry.org/File%20Library/Psychiatrists/Practice/DSM/APA_DSM5_Level-2-Anger-Child-Age-11-to-17.pdf,https://www.psychiatry.org/File%20Library/Psychiatrists/Practice/DSM/APA_DSM5_Level-2-Anger-Child-Age-11-to-17.pdf,application/pdf,dc159b2606_APA_DSM5_Level-2-Anger-Child-Age-11-to-17.pdf,/Users/jm/Psychiatry-Clerkship-Library/13_Faculty_Resources/APA_Downloads_2026-06-29/files/dc159b2606_APA_DSM5_Level-2-Anger-Child-Age-11-to-17.pdf,496506,dc159b2606f86778e58034cc1a44e5b15b1408bf677d14772415b61088359e57
DSM assessment measures,https://www.psychiatry.org/psychiatrists/practice/dsm/educational-resources/dsm-5-assessment-measures,Psychiatry.org - DSM-5 Online Assessment Measures,"Severity of Acute Stress Symptoms, Child Age 11 to 17 (National Stressful Events Survey Acute Stress Disorder Short Scale [NSESS])",https://www.psychiatry.org/File%20Library/Psychiatrists/Practice/DSM/APA_DSM5_Severity-of-Acute-Stress-Symptoms-Child-Age-11-to-17.pdf,https://www.psychiatry.org/File%20Library/Psychiatrists/Practice/DSM/APA_DSM5_Severity-of-Acute-Stress-Symptoms-Child-Age-11-to-17.pdf,application/pdf,416cd45d37_APA_DSM5_Severity-of-Acute-Stress-Symptoms-Child-Age-11-to-17.pdf,/Users/jm/Psychiatry-Clerkship-Library/13_Faculty_Resources/APA_Downloads_2026-06-29/files/416cd45d37_APA_DSM5_Severity-of-Acute-Stress-Symptoms-Child-Age-11-to-17.pdf,470210,416cd45d3738b9566fcee7e6ad2352d8804f81e858f450a6cea67b1018fb48d0
DSM assessment measures,https://www.psychiatry.org/psychiatrists/practice/dsm/educational-resources/dsm-5-assessment-measures,Psychiatry.org - DSM-5 Online Assessment Measures,Clinician-Rated Severity of Autism Spectrum and Social Communication Disorders,https://www.psychiatry.org/File%20Library/Psychiatrists/Practice/DSM/APA_DSM5_Clinician-Rated-Severity-of-Autism-Spectrum-and-Social-Communication-Disorders.pdf,https://www.psychiatry.org/File%20Library/Psychiatrists/Practice/DSM/APA_DSM5_Clinician-Rated-Severity-of-Autism-Spectrum-and-Social-Communication-Disorders.pdf,application/pdf,a90e258899_APA_DSM5_Clinician-Rated-Severity-of-Autism-Spectrum-and-Social-Communication-Disorders.pdf,/Users/jm/Psychiatry-Clerkship-Library/13_Faculty_Resources/APA_Downloads_2026-06-29/files/a90e258899_APA_DSM5_Clinician-Rated-Severity-of-Autism-Spectrum-and-Social-Communication-Disorders.pdf,453777,a90e2588993494d844396109ac4a4ab6aaeefa7034cccd5bdf3d42096f8dc9b3
DSM assessment measures,https://www.psychiatry.org/psychiatrists/practice/dsm/educational-resources/dsm-5-assessment-measures,Psychiatry.org - DSM-5 Online Assessment Measures,"Severity of Dissociative Symptoms, Child Age 11 to 17 (Brief Dissociative Experiences Scale [DES-B])",https://www.psychiatry.org/File%20Library/Psychiatrists/Practice/DSM/APA_DSM5_Severity-of-Dissociative-Symptoms-Child-Age-11-to-17.pdf,https://www.psychiatry.org/File%20Library/Psychiatrists/Practice/DSM/APA_DSM5_Severity-of-Dissociative-Symptoms-Child-Age-11-to-17.pdf,application/pdf,97a99dee47_APA_DSM5_Severity-of-Dissociative-Symptoms-Child-Age-11-to-17.pdf,/Users/jm/Psychiatry-Clerkship-Library/13_Faculty_Resources/APA_Downloads_2026-06-29/files/97a99dee47_APA_DSM5_Severity-of-Dissociative-Symptoms-Child-Age-11-to-17.pdf,346128,97a99dee4711545f70b461d07e7f55394cac710521596c7aa9f765dbe2fd295d
DSM assessment measures,https://www.psychiatry.org/psychiatrists/practice/dsm/educational-resources/dsm-5-assessment-measures,Psychiatry.org - DSM-5 Online Assessment Measures,"Severity Measure for Agoraphobia, Child Age 11 to 17",https://www.psychiatry.org/File%20Library/Psychiatrists/Practice/DSM/APA_DSM5_Severity-Measure-For-Agoraphobia-Child-Age-11-to-17.pdf,https://www.psychiatry.org/File%20Library/Psychiatrists/Practice/DSM/APA_DSM5_Severity-Measure-For-Agoraphobia-Child-Age-11-to-17.pdf,application/pdf,70001f907c_APA_DSM5_Severity-Measure-For-Agoraphobia-Child-Age-11-to-17.pdf,/Users/jm/Psychiatry-Clerkship-Library/13_Faculty_Resources/APA_Downloads_2026-06-29/files/70001f907c_APA_DSM5_Severity-Measure-For-Agoraphobia-Child-Age-11-to-17.pdf,362039,70001f907cfd34d870193f6f5c8f4b4a757d55b41bf4dabb3b07f1bb21a32065
DSM assessment measures,https://www.psychiatry.org/psychiatrists/practice/dsm/educational-resources/dsm-5-assessment-measures,Psychiatry.org - DSM-5 Online Assessment Measures,Clinician-Rated Dimensions of Psychosis Symptom Severity(also available in print book),https://www.psychiatry.org/File%20Library/Psychiatrists/Practice/DSM/APA_DSM5_Clinician-Rated-Dimensions-of-Psychosis-Symptom-Severity.pdf,https://www.psychiatry.org/File%20Library/Psychiatrists/Practice/DSM/APA_DSM5_Clinician-Rated-Dimensions-of-Psychosis-Symptom-Severity.pdf,application/pdf,d1653b700c_APA_DSM5_Clinician-Rated-Dimensions-of-Psychosis-Symptom-Severity.pdf,/Users/jm/Psychiatry-Clerkship-Library/13_Faculty_Resources/APA_Downloads_2026-06-29/files/d1653b700c_APA_DSM5_Clinician-Rated-Dimensions-of-Psychosis-Symptom-Severity.pdf,368919,d1653b700c743f3307893c40d33c15f54956b6518ed0ea42d8e96e24b4a01012
DSM assessment measures,https://www.psychiatry.org/psychiatrists/practice/dsm/educational-resources/dsm-5-assessment-measures,Psychiatry.org - DSM-5 Online Assessment Measures,Clinician-Rated Severity of Nonsuicidal Self-Injury,https://www.psychiatry.org/File%20Library/Psychiatrists/Practice/DSM/APA_DSM5_Clinician-Rated-Severity-of-Non-Suicidal-Self-Injury.pdf,https://www.psychiatry.org/File%20Library/Psychiatrists/Practice/DSM/APA_DSM5_Clinician-Rated-Severity-of-Non-Suicidal-Self-Injury.pdf,application/pdf,55b13ab58d_APA_DSM5_Clinician-Rated-Severity-of-Non-Suicidal-Self-Injury.pdf,/Users/jm/Psychiatry-Clerkship-Library/13_Faculty_Resources/APA_Downloads_2026-06-29/files/55b13ab58d_APA_DSM5_Clinician-Rated-Severity-of-Non-Suicidal-Self-Injury.pdf,329767,55b13ab58d2a3638fa5e5bc79147284174482dc019d584ee83f41f525bb7da0d
DSM assessment measures,https://www.psychiatry.org/psychiatrists/practice/dsm/educational-resources/dsm-5-assessment-measures,Psychiatry.org - DSM-5 Online Assessment Measures,"WHODAS 2.0 (World Health Organization Disability Schedule 2.0, 36-item version, self-administered. Also available in print book)",https://www.psychiatry.org/File%20Library/Psychiatrists/Practice/DSM/APA_DSM5_WHODAS-2-Self-Administered.pdf,https://www.psychiatry.org/File%20Library/Psychiatrists/Practice/DSM/APA_DSM5_WHODAS-2-Self-Administered.pdf,application/pdf,0f93b1f62b_APA_DSM5_WHODAS-2-Self-Administered.pdf,/Users/jm/Psychiatry-Clerkship-Library/13_Faculty_Resources/APA_Downloads_2026-06-29/files/0f93b1f62b_APA_DSM5_WHODAS-2-Self-Administered.pdf,420105,0f93b1f62b45e631de4339ade942479b1a2d0cecd6b89d11a71f2670bf05ffa3
DSM assessment measures,https://www.psychiatry.org/psychiatrists/practice/dsm/educational-resources/dsm-5-assessment-measures,Psychiatry.org - DSM-5 Online Assessment Measures,Clinician-Rated Severity of Somatic Symptom Disorder,https://www.psychiatry.org/File%20Library/Psychiatrists/Practice/DSM/APA_DSM5_Clinician-Rated-Severity-of-Somatic-Symptom-Disorder.pdf,https://www.psychiatry.org/File%20Library/Psychiatrists/Practice/DSM/APA_DSM5_Clinician-Rated-Severity-of-Somatic-Symptom-Disorder.pdf,application/pdf,1af13853e0_APA_DSM5_Clinician-Rated-Severity-of-Somatic-Symptom-Disorder.pdf,/Users/jm/Psychiatry-Clerkship-Library/13_Faculty_Resources/APA_Downloads_2026-06-29/files/1af13853e0_APA_DSM5_Clinician-Rated-Severity-of-Somatic-Symptom-Disorder.pdf,344401,1af13853e013197fd8c84b58ef6e84ce348fc9fdbcd58bd2ea266711b451eba2
DSM assessment measures,https://www.psychiatry.org/psychiatrists/practice/dsm/educational-resources/dsm-5-assessment-measures,Psychiatry.org - DSM-5 Online Assessment Measures,Clinician-Rated Severity of Oppositional Defiant Disorder,https://www.psychiatry.org/File%20Library/Psychiatrists/Practice/DSM/APA_DSM5_Clinician-Rated-Severity-of-Oppositional-Defiant-Disorder.pdf,https://www.psychiatry.org/File%20Library/Psychiatrists/Practice/DSM/APA_DSM5_Clinician-Rated-Severity-of-Oppositional-Defiant-Disorder.pdf,application/pdf,bf995f2e3e_APA_DSM5_Clinician-Rated-Severity-of-Oppositional-Defiant-Disorder.pdf,/Users/jm/Psychiatry-Clerkship-Library/13_Faculty_Resources/APA_Downloads_2026-06-29/files/bf995f2e3e_APA_DSM5_Clinician-Rated-Severity-of-Oppositional-Defiant-Disorder.pdf,327028,bf995f2e3e990ab694999f499db2f72cbed85ec7f3fb2e6716a57b267363a850
DSM assessment measures,https://www.psychiatry.org/psychiatrists/practice/dsm/educational-resources/dsm-5-assessment-measures,Psychiatry.org - DSM-5 Online Assessment Measures,"Severity Measure for Generalized Anxiety Disorder, Child Age 11 to 17",https://www.psychiatry.org/File%20Library/Psychiatrists/Practice/DSM/APA_DSM5_Severity-Measure-For-Generalized-Anxiety-Disorder-Child-Age-11-to-17.pdf,https://www.psychiatry.org/File%20Library/Psychiatrists/Practice/DSM/APA_DSM5_Severity-Measure-For-Generalized-Anxiety-Disorder-Child-Age-11-to-17.pdf,application/pdf,9d670b2350_APA_DSM5_Severity-Measure-For-Generalized-Anxiety-Disorder-Child-Age-11-to-17.pdf,/Users/jm/Psychiatry-Clerkship-Library/13_Faculty_Resources/APA_Downloads_2026-06-29/files/9d670b2350_APA_DSM5_Severity-Measure-For-Generalized-Anxiety-Disorder-Child-Age-11-to-17.pdf,362498,9d670b2350891c82005b8056d9217378562ac26dfde49989c17ae6680dc59721
DSM assessment measures,https://www.psychiatry.org/psychiatrists/practice/dsm/educational-resources/dsm-5-assessment-measures,Psychiatry.org - DSM-5 Online Assessment Measures,"WHODAS 2.0 (World Health Organization Disability Schedule 2.0, 36-item version, proxy-administered)",https://www.psychiatry.org/File%20Library/Psychiatrists/Practice/DSM/APA_DSM5_WHODAS-2-Proxy-Administered.pdf,https://www.psychiatry.org/File%20Library/Psychiatrists/Practice/DSM/APA_DSM5_WHODAS-2-Proxy-Administered.pdf,application/pdf,1289cc7315_APA_DSM5_WHODAS-2-Proxy-Administered.pdf,/Users/jm/Psychiatry-Clerkship-Library/13_Faculty_Resources/APA_Downloads_2026-06-29/files/1289cc7315_APA_DSM5_WHODAS-2-Proxy-Administered.pdf,424021,1289cc73156d44172a95d31d64b620c18395f750f47013a89903533193d8ad6d
DSM assessment measures,https://www.psychiatry.org/psychiatrists/practice/dsm/educational-resources/dsm-5-assessment-measures,Psychiatry.org - DSM-5 Online Assessment Measures,"The Personality Inventory for DSM-5, Brief Form (PID-5-BF), Adult",https://www.psychiatry.org/File%20Library/Psychiatrists/Practice/DSM/APA_DSM5_The-Personality-Inventory-For-DSM-5-Brief-Form-Adult.pdf,https://www.psychiatry.org/File%20Library/Psychiatrists/Practice/DSM/APA_DSM5_The-Personality-Inventory-For-DSM-5-Brief-Form-Adult.pdf,application/pdf,aabfb854ae_APA_DSM5_The-Personality-Inventory-For-DSM-5-Brief-Form-Adult.pdf,/Users/jm/Psychiatry-Clerkship-Library/13_Faculty_Resources/APA_Downloads_2026-06-29/files/aabfb854ae_APA_DSM5_The-Personality-Inventory-For-DSM-5-Brief-Form-Adult.pdf,384967,aabfb854aeb0cfc2a7859eeae27e695bbfc77a65a105a9dabd82d735c5be8ac2
DSM assessment measures,https://www.psychiatry.org/psychiatrists/practice/dsm/educational-resources/dsm-5-assessment-measures,Psychiatry.org - DSM-5 Online Assessment Measures,"The Personality Inventory for DSM-5, Brief Form (PID-5-BF), Child Age 11 to 17",https://www.psychiatry.org/File%20Library/Psychiatrists/Practice/DSM/APA_DSM5_The-Personality-Inventory-For-DSM-5-Brief-Form-Child-Age-11-to-17.pdf,https://www.psychiatry.org/File%20Library/Psychiatrists/Practice/DSM/APA_DSM5_The-Personality-Inventory-For-DSM-5-Brief-Form-Child-Age-11-to-17.pdf,application/pdf,dd3b357e74_APA_DSM5_The-Personality-Inventory-For-DSM-5-Brief-Form-Child-Age-11-to-17.pdf,/Users/jm/Psychiatry-Clerkship-Library/13_Faculty_Resources/APA_Downloads_2026-06-29/files/dd3b357e74_APA_DSM5_The-Personality-Inventory-For-DSM-5-Brief-Form-Child-Age-11-to-17.pdf,385370,dd3b357e74023f7436f76395ed1ec66f2e552930d0e8f0496e7eae29f2b1950d
DSM assessment measures,https://www.psychiatry.org/psychiatrists/practice/dsm/educational-resources/dsm-5-assessment-measures,Psychiatry.org - DSM-5 Online Assessment Measures,"The Personality Inventory for DSM-5 (PID-5), Adult",https://www.psychiatry.org/File%20Library/Psychiatrists/Practice/DSM/APA_DSM5_The-Personality-Inventory-For-DSM-5-Full-Version-Adult.pdf,https://www.psychiatry.org/File%20Library/Psychiatrists/Practice/DSM/APA_DSM5_The-Personality-Inventory-For-DSM-5-Full-Version-Adult.pdf,application/pdf,8aa9125553_APA_DSM5_The-Personality-Inventory-For-DSM-5-Full-Version-Adult.pdf,/Users/jm/Psychiatry-Clerkship-Library/13_Faculty_Resources/APA_Downloads_2026-06-29/files/8aa9125553_APA_DSM5_The-Personality-Inventory-For-DSM-5-Full-Version-Adult.pdf,822338,8aa9125553dad8686955ae5f1768e728ddbef47cdd843f121f769723579fcfc3
DSM assessment measures,https://www.psychiatry.org/psychiatrists/practice/dsm/educational-resources/dsm-5-assessment-measures,Psychiatry.org - DSM-5 Online Assessment Measures,"The Personality Inventory for DSM-5, Informant Form (PID-5-IRF), Adult",https://www.psychiatry.org/File%20Library/Psychiatrists/Practice/DSM/APA_DSM5_The-Personality-Inventory-for-DSM-5-Full-Version-Informant.pdf,https://www.psychiatry.org/File%20Library/Psychiatrists/Practice/DSM/APA_DSM5_The-Personality-Inventory-for-DSM-5-Full-Version-Informant.pdf,application/pdf,b5427fa08d_APA_DSM5_The-Personality-Inventory-for-DSM-5-Full-Version-Informant.pdf,/Users/jm/Psychiatry-Clerkship-Library/13_Faculty_Resources/APA_Downloads_2026-06-29/files/b5427fa08d_APA_DSM5_The-Personality-Inventory-for-DSM-5-Full-Version-Informant.pdf,707942,b5427fa08d4d97f81f24e992416f3ff2d093c57669ea8af482fa1f83e25dc951
DSM assessment measures,https://www.psychiatry.org/psychiatrists/practice/dsm/educational-resources/dsm-5-assessment-measures,Psychiatry.org - DSM-5 Online Assessment Measures,Clinician-Rated Severity of Conduct Disorder,https://www.psychiatry.org/File%20Library/Psychiatrists/Practice/DSM/APA_DSM5_Clinician-Rated-Severity-of-Conduct-Disorder.pdf,https://www.psychiatry.org/File%20Library/Psychiatrists/Practice/DSM/APA_DSM5_Clinician-Rated-Severity-of-Conduct-Disorder.pdf,application/pdf,7f2ae5f884_APA_DSM5_Clinician-Rated-Severity-of-Conduct-Disorder.pdf,/Users/jm/Psychiatry-Clerkship-Library/13_Faculty_Resources/APA_Downloads_2026-06-29/files/7f2ae5f884_APA_DSM5_Clinician-Rated-Severity-of-Conduct-Disorder.pdf,328849,7f2ae5f8849cbbf9f8958cf896fed2b679c9e776ab10a8dc612c69a6c987f888
DSM assessment measures,https://www.psychiatry.org/psychiatrists/practice/dsm/educational-resources/dsm-5-assessment-measures,Psychiatry.org - DSM-5 Online Assessment Measures,"The Personality Inventory for DSM-5 (PID-5), Child Age 11 to 17",https://www.psychiatry.org/File%20Library/Psychiatrists/Practice/DSM/APA_DSM5_The-Personality-Inventory-For-DSM-5-Full-Version-Child-Age-11-to-17.pdf,https://www.psychiatry.org/File%20Library/Psychiatrists/Practice/DSM/APA_DSM5_The-Personality-Inventory-For-DSM-5-Full-Version-Child-Age-11-to-17.pdf,application/pdf,6b6a62c5f6_APA_DSM5_The-Personality-Inventory-For-DSM-5-Full-Version-Child-Age-11-to-17.pdf,/Users/jm/Psychiatry-Clerkship-Library/13_Faculty_Resources/APA_Downloads_2026-06-29/files/6b6a62c5f6_APA_DSM5_The-Personality-Inventory-For-DSM-5-Full-Version-Child-Age-11-to-17.pdf,704545,6b6a62c5f6de5c4173172e8a61acdba3cf1efbac61adb73e90446131b859cee6
DSM assessment measures,https://www.psychiatry.org/psychiatrists/practice/dsm/educational-resources/dsm-5-assessment-measures,Psychiatry.org - DSM-5 Online Assessment Measures,"Early Development and Home Background (EDHB) Form, Clinician",https://www.psychiatry.org/File%20Library/Psychiatrists/Practice/DSM/APA_DSM5_Clinician-Rated-Early-Development-and-Home-Background.pdf,https://www.psychiatry.org/File%20Library/Psychiatrists/Practice/DSM/APA_DSM5_Clinician-Rated-Early-Development-and-Home-Background.pdf,application/pdf,b5301a7f64_APA_DSM5_Clinician-Rated-Early-Development-and-Home-Background.pdf,/Users/jm/Psychiatry-Clerkship-Library/13_Faculty_Resources/APA_Downloads_2026-06-29/files/b5301a7f64_APA_DSM5_Clinician-Rated-Early-Development-and-Home-Background.pdf,468528,b5301a7f64e27f984ce7f8b13807a876bc513a60fc6fbf4ae74ec3c5aa678747
DSM assessment measures,https://www.psychiatry.org/psychiatrists/practice/dsm/educational-resources/dsm-5-assessment-measures,Psychiatry.org - DSM-5 Online Assessment Measures,Supplementary Modules to the Core Cultural Formulation Interview (CFI),https://www.psychiatry.org/File%20Library/Psychiatrists/Practice/DSM/APA_DSM5_Cultural-Formulation-Interview-Supplementary-Modules.pdf,https://www.psychiatry.org/File%20Library/Psychiatrists/Practice/DSM/APA_DSM5_Cultural-Formulation-Interview-Supplementary-Modules.pdf,application/pdf,63e9091058_APA_DSM5_Cultural-Formulation-Interview-Supplementary-Modules.pdf,/Users/jm/Psychiatry-Clerkship-Library/13_Faculty_Resources/APA_Downloads_2026-06-29/files/63e9091058_APA_DSM5_Cultural-Formulation-Interview-Supplementary-Modules.pdf,449942,63e9091058562851c489fbb5b51b33eafa8b6d540c12728f62596ac825e22a81
DSM assessment measures,https://www.psychiatry.org/psychiatrists/practice/dsm/educational-resources/dsm-5-assessment-measures,Psychiatry.org - DSM-5 Online Assessment Measures,"Cultural Formulation Interview, Informant Version",https://www.psychiatry.org/File%20Library/Psychiatrists/Practice/DSM/APA_DSM5_Cultural-Formulation-Interview-Informant.pdf,https://www.psychiatry.org/File%20Library/Psychiatrists/Practice/DSM/APA_DSM5_Cultural-Formulation-Interview-Informant.pdf,application/pdf,e008abbcac_APA_DSM5_Cultural-Formulation-Interview-Informant.pdf,/Users/jm/Psychiatry-Clerkship-Library/13_Faculty_Resources/APA_Downloads_2026-06-29/files/e008abbcac_APA_DSM5_Cultural-Formulation-Interview-Informant.pdf,361122,e008abbcacedca45949396e0757b9beaa5280b749b37f92e2496db7aed68b763
DSM assessment measures,https://www.psychiatry.org/psychiatrists/practice/dsm/educational-resources/dsm-5-assessment-measures,Psychiatry.org - DSM-5 Online Assessment Measures,"Early Development and Home Background (EDHB) Form, Parent/Guardian",https://www.psychiatry.org/File%20Library/Psychiatrists/Practice/DSM/APA_DSM5_Early-Development-and-Home-Background-Form-Parent-of-Child-Age-6-to-17.pdf,https://www.psychiatry.org/File%20Library/Psychiatrists/Practice/DSM/APA_DSM5_Early-Development-and-Home-Background-Form-Parent-of-Child-Age-6-to-17.pdf,application/pdf,45c0863755_APA_DSM5_Early-Development-and-Home-Background-Form-Parent-of-Child-Age-6-to-17.pdf,/Users/jm/Psychiatry-Clerkship-Library/13_Faculty_Resources/APA_Downloads_2026-06-29/files/45c0863755_APA_DSM5_Early-Development-and-Home-Background-Form-Parent-of-Child-Age-6-to-17.pdf,365605,45c0863755358c63c59b3b1e85f992a4d2a7b21b5ed91256336c7773d26c0f2e
DSM fact sheets and diagnostic education,https://www.psychiatry.org/psychiatrists/practice/dsm/educational-resources/dsm-5-tr-fact-sheets,Psychiatry.org - DSM-5-TR Fact Sheets,Coding,https://www.psychiatry.org/getmedia/136283f7-0002-4ea7-ac1f-a6eb57647b4c/APA-DSM5TR-Coding.pdf,https://www.psychiatry.org/getmedia/136283f7-0002-4ea7-ac1f-a6eb57647b4c/APA-DSM5TR-Coding.pdf,application/pdf,af52ad80d4_APA-DSM5TR-Coding.pdf,/Users/jm/Psychiatry-Clerkship-Library/13_Faculty_Resources/APA_Downloads_2026-06-29/files/af52ad80d4_APA-DSM5TR-Coding.pdf,165270,af52ad80d41f2d51122e6895c891537191ed45d5461f28b946c7596930e096c1
DSM fact sheets and diagnostic education,https://www.psychiatry.org/psychiatrists/practice/dsm/educational-resources/dsm-5-tr-fact-sheets,Psychiatry.org - DSM-5-TR Fact Sheets,DSM–5 and Diagnoses for Children,https://www.psychiatry.org/getmedia/178f173b-f4a1-433b-aef3-7b2fb513436b/APA-DSM5TR-DiagnosesforChildren.pdf,https://www.psychiatry.org/getmedia/178f173b-f4a1-433b-aef3-7b2fb513436b/APA-DSM5TR-DiagnosesforChildren.pdf,application/pdf,dbfe17b71c_APA-DSM5TR-DiagnosesforChildren.pdf,/Users/jm/Psychiatry-Clerkship-Library/13_Faculty_Resources/APA_Downloads_2026-06-29/files/dbfe17b71c_APA-DSM5TR-DiagnosesforChildren.pdf,223890,dbfe17b71ca348ce529e5ca5645b15a4954139a866b15c030e2d4dee4bc40b7c
DSM fact sheets and diagnostic education,https://www.psychiatry.org/psychiatrists/practice/dsm/educational-resources/dsm-5-tr-fact-sheets,Psychiatry.org - DSM-5-TR Fact Sheets,The Organization of DSM-5,https://www.psychiatry.org/getmedia/0191c8c8-4151-4bde-9cba-263db78a2734/APA-DSM5TR-TheOrganizationofDSM.pdf,https://www.psychiatry.org/getmedia/0191c8c8-4151-4bde-9cba-263db78a2734/APA-DSM5TR-TheOrganizationofDSM.pdf,application/pdf,c433532baf_APA-DSM5TR-TheOrganizationofDSM.pdf,/Users/jm/Psychiatry-Clerkship-Library/13_Faculty_Resources/APA_Downloads_2026-06-29/files/c433532baf_APA-DSM5TR-TheOrganizationofDSM.pdf,184956,c433532bafb98b7cc3969ae516d3e53f18e5fc8dc470f42516bb17b13d6b4765
DSM fact sheets and diagnostic education,https://www.psychiatry.org/psychiatrists/practice/dsm/educational-resources/dsm-5-tr-fact-sheets,Psychiatry.org - DSM-5-TR Fact Sheets,"Attention to Culture, Racism, and Discrimination",https://www.psychiatry.org/getmedia/f4057bcd-c345-4d81-a4ce-02c5eb29454b/APA-DSM5TR-AttentiontoCultureRacismandDiscrimination.pdf,https://www.psychiatry.org/getmedia/f4057bcd-c345-4d81-a4ce-02c5eb29454b/APA-DSM5TR-AttentiontoCultureRacismandDiscrimination.pdf,application/pdf,796a334483_APA-DSM5TR-AttentiontoCultureRacismandDiscrimination.pdf,/Users/jm/Psychiatry-Clerkship-Library/13_Faculty_Resources/APA_Downloads_2026-06-29/files/796a334483_APA-DSM5TR-AttentiontoCultureRacismandDiscrimination.pdf,187756,796a334483ab9964bfed8180765414513afdeef9ad5da6cf1d1aee5327190b32
DSM fact sheets and diagnostic education,https://www.psychiatry.org/psychiatrists/practice/dsm/educational-resources/dsm-5-tr-fact-sheets,Psychiatry.org - DSM-5-TR Fact Sheets,The People Behind DSM-5,https://www.psychiatry.org/getmedia/5635958b-ee71-4352-b02a-fb24ecab86c6/APA-DSM5TR-ThePeopleBehindDSM.pdf,https://www.psychiatry.org/getmedia/5635958b-ee71-4352-b02a-fb24ecab86c6/APA-DSM5TR-ThePeopleBehindDSM.pdf,application/pdf,9cec15f2c1_APA-DSM5TR-ThePeopleBehindDSM.pdf,/Users/jm/Psychiatry-Clerkship-Library/13_Faculty_Resources/APA_Downloads_2026-06-29/files/9cec15f2c1_APA-DSM5TR-ThePeopleBehindDSM.pdf,213548,9cec15f2c181bacd647c96cd49065be86e5ada9a3942f142c988b8cc7ed38b9b
DSM fact sheets and diagnostic education,https://www.psychiatry.org/psychiatrists/practice/dsm/educational-resources/dsm-5-tr-fact-sheets,Psychiatry.org - DSM-5-TR Fact Sheets,Section III,https://www.psychiatry.org/getmedia/a34f19ee-7874-4b06-b72d-3fceeecfee3d/APA-DSM5TR-SectionIII.pdf,https://www.psychiatry.org/getmedia/a34f19ee-7874-4b06-b72d-3fceeecfee3d/APA-DSM5TR-SectionIII.pdf,application/pdf,38590f2f98_APA-DSM5TR-SectionIII.pdf,/Users/jm/Psychiatry-Clerkship-Library/13_Faculty_Resources/APA_Downloads_2026-06-29/files/38590f2f98_APA-DSM5TR-SectionIII.pdf,197405,38590f2f982684433de2cf0c7828a49c75d34af81f9db52a7285e746b15aad06
DSM fact sheets and diagnostic education,https://www.psychiatry.org/psychiatrists/practice/dsm/educational-resources/dsm-5-tr-fact-sheets,Psychiatry.org - DSM-5-TR Fact Sheets,From Planning to Publication: Developing DSM-5,https://www.psychiatry.org/getmedia/627fc154-dab5-475e-948a-48ce6decbae1/APA-DSM5TR-FromPlanningtoPublication.pdf,https://www.psychiatry.org/getmedia/627fc154-dab5-475e-948a-48ce6decbae1/APA-DSM5TR-FromPlanningtoPublication.pdf,application/pdf,6d65251439_APA-DSM5TR-FromPlanningtoPublication.pdf,/Users/jm/Psychiatry-Clerkship-Library/13_Faculty_Resources/APA_Downloads_2026-06-29/files/6d65251439_APA-DSM5TR-FromPlanningtoPublication.pdf,185464,6d6525143999db9ea7dd338f972e713bfaf07563a7fcba2f4f02d43a667e5d8a
DSM fact sheets and diagnostic education,https://www.psychiatry.org/psychiatrists/practice/dsm/educational-resources/dsm-5-tr-fact-sheets,Psychiatry.org - DSM-5-TR Fact Sheets,Making a Case for New Disorders,https://www.psychiatry.org/getmedia/f329748a-68f4-4034-9316-8ba95327bffc/APA-DSM5TR-MakingaCaseforNewDisorders.pdf,https://www.psychiatry.org/getmedia/f329748a-68f4-4034-9316-8ba95327bffc/APA-DSM5TR-MakingaCaseforNewDisorders.pdf,application/pdf,0e585f4400_APA-DSM5TR-MakingaCaseforNewDisorders.pdf,/Users/jm/Psychiatry-Clerkship-Library/13_Faculty_Resources/APA_Downloads_2026-06-29/files/0e585f4400_APA-DSM5TR-MakingaCaseforNewDisorders.pdf,203856,0e585f440011a9bcc15cf6c6e94dc84cddbd5bd80c3c755b5293fc2ea2f75605
DSM fact sheets and diagnostic education,https://www.psychiatry.org/psychiatrists/practice/dsm/educational-resources/dsm-5-tr-fact-sheets,Psychiatry.org - DSM-5-TR Fact Sheets,Autism Spectrum Disorder,https://www.psychiatry.org/getmedia/d48f7fa6-b6c8-4f6c-888b-b0adfeb9f5b6/APA-DSM5TR-AutismSpectrumDisorder.pdf,https://www.psychiatry.org/getmedia/d48f7fa6-b6c8-4f6c-888b-b0adfeb9f5b6/APA-DSM5TR-AutismSpectrumDisorder.pdf,application/pdf,c166c7c888_APA-DSM5TR-AutismSpectrumDisorder.pdf,/Users/jm/Psychiatry-Clerkship-Library/13_Faculty_Resources/APA_Downloads_2026-06-29/files/c166c7c888_APA-DSM5TR-AutismSpectrumDisorder.pdf,184242,c166c7c8889f5562fdb025655d110f94e17da8cabcadda38c49d10811e563ace
DSM fact sheets and diagnostic education,https://www.psychiatry.org/psychiatrists/practice/dsm/educational-resources/dsm-5-tr-fact-sheets,Psychiatry.org - DSM-5-TR Fact Sheets,Avoidant Restrictive Food Intake Disorder,https://www.psychiatry.org/getmedia/8bcf8b72-f3cc-403c-9cfb-5c89e086d5db/APA-DSM5TR-AvoidantRestrictiveFoodIntakeDisorder.pdf,https://www.psychiatry.org/getmedia/8bcf8b72-f3cc-403c-9cfb-5c89e086d5db/APA-DSM5TR-AvoidantRestrictiveFoodIntakeDisorder.pdf,application/pdf,4d7d07d85d_APA-DSM5TR-AvoidantRestrictiveFoodIntakeDisorder.pdf,/Users/jm/Psychiatry-Clerkship-Library/13_Faculty_Resources/APA_Downloads_2026-06-29/files/4d7d07d85d_APA-DSM5TR-AvoidantRestrictiveFoodIntakeDisorder.pdf,163594,4d7d07d85d52591320f48a5941dbda062f6bee7444a852c43b48992158f917d3
DSM fact sheets and diagnostic education,https://www.psychiatry.org/psychiatrists/practice/dsm/educational-resources/dsm-5-tr-fact-sheets,Psychiatry.org - DSM-5-TR Fact Sheets,Bipolar and Related Disorders Due to Another Medical Condition,https://www.psychiatry.org/getmedia/33061aab-eae0-45ae-8008-204cf087c5c5/APA-DSM5TR-BipolarandRelatedDisordersDuetoAnotherMedicalCondition.pdf,https://www.psychiatry.org/getmedia/33061aab-eae0-45ae-8008-204cf087c5c5/APA-DSM5TR-BipolarandRelatedDisordersDuetoAnotherMedicalCondition.pdf,application/pdf,ddd41558d0_APA-DSM5TR-BipolarandRelatedDisordersDuetoAnotherMedicalCondition.pdf,/Users/jm/Psychiatry-Clerkship-Library/13_Faculty_Resources/APA_Downloads_2026-06-29/files/ddd41558d0_APA-DSM5TR-BipolarandRelatedDisordersDuetoAnotherMedicalCondition.pdf,169264,ddd41558d04438f03384e6690d82f8f177878e42fe69c1f5285b019b36d548ac
DSM fact sheets and diagnostic education,https://www.psychiatry.org/psychiatrists/practice/dsm/educational-resources/dsm-5-tr-fact-sheets,Psychiatry.org - DSM-5-TR Fact Sheets,Delirium,https://www.psychiatry.org/getmedia/2a161331-9ea6-4d7d-8a71-547cd8591ab2/APA-DSM5TR-Delirium.pdf,https://www.psychiatry.org/getmedia/2a161331-9ea6-4d7d-8a71-547cd8591ab2/APA-DSM5TR-Delirium.pdf,application/pdf,270b7fbae5_APA-DSM5TR-Delirium.pdf,/Users/jm/Psychiatry-Clerkship-Library/13_Faculty_Resources/APA_Downloads_2026-06-29/files/270b7fbae5_APA-DSM5TR-Delirium.pdf,163005,270b7fbae53bef8356d0b55202a4123f3a522eaa937fc1d4fa202ef226d4bd34
DSM fact sheets and diagnostic education,https://www.psychiatry.org/psychiatrists/practice/dsm/educational-resources/dsm-5-tr-fact-sheets,Psychiatry.org - DSM-5-TR Fact Sheets,Bipolar I and Bipolar II Disorders,https://www.psychiatry.org/getmedia/98fd2c17-93f0-42cd-9f41-755d77b862a5/APA-DSM5TR-BipolarIandBipolarIIDisorders.pdf,https://www.psychiatry.org/getmedia/98fd2c17-93f0-42cd-9f41-755d77b862a5/APA-DSM5TR-BipolarIandBipolarIIDisorders.pdf,application/pdf,79fa1ad753_APA-DSM5TR-BipolarIandBipolarIIDisorders.pdf,/Users/jm/Psychiatry-Clerkship-Library/13_Faculty_Resources/APA_Downloads_2026-06-29/files/79fa1ad753_APA-DSM5TR-BipolarIandBipolarIIDisorders.pdf,203366,79fa1ad7539f0df9e26869b5bd504b6fc2b99bc16a85f19d391a111aa3d0adfa
DSM fact sheets and diagnostic education,https://www.psychiatry.org/psychiatrists/practice/dsm/educational-resources/dsm-5-tr-fact-sheets,Psychiatry.org - DSM-5-TR Fact Sheets,Depressive Disorder Due to Another Medical Condition,https://www.psychiatry.org/getmedia/e631c985-ee68-4be3-9941-0eb3b5b4d75d/APA-DSM5TR-DepressiveDisorderduetoAnotherMedicalCondition.pdf,https://www.psychiatry.org/getmedia/e631c985-ee68-4be3-9941-0eb3b5b4d75d/APA-DSM5TR-DepressiveDisorderduetoAnotherMedicalCondition.pdf,application/pdf,daa63fc98f_APA-DSM5TR-DepressiveDisorderduetoAnotherMedicalCondition.pdf,/Users/jm/Psychiatry-Clerkship-Library/13_Faculty_Resources/APA_Downloads_2026-06-29/files/daa63fc98f_APA-DSM5TR-DepressiveDisorderduetoAnotherMedicalCondition.pdf,168457,daa63fc98fb785974909ddd1c36b39fa89078eb4321d04fdcd7e2dcd910ae600
DSM fact sheets and diagnostic education,https://www.psychiatry.org/psychiatrists/practice/dsm/educational-resources/dsm-5-tr-fact-sheets,Psychiatry.org - DSM-5-TR Fact Sheets,Functional Neurological Symptom Disorder,https://www.psychiatry.org/getmedia/c57b724e-7fc7-4082-bbbf-28b458709b51/APA-DSM5TR-FunctionalNeurologicalSymptomDisorder.pdf,https://www.psychiatry.org/getmedia/c57b724e-7fc7-4082-bbbf-28b458709b51/APA-DSM5TR-FunctionalNeurologicalSymptomDisorder.pdf,application/pdf,b6bbf177e0_APA-DSM5TR-FunctionalNeurologicalSymptomDisorder.pdf,/Users/jm/Psychiatry-Clerkship-Library/13_Faculty_Resources/APA_Downloads_2026-06-29/files/b6bbf177e0_APA-DSM5TR-FunctionalNeurologicalSymptomDisorder.pdf,173740,b6bbf177e07495e4b26b9751c32039fce096a08ddb82c295fe160787f7fa4f21
DSM fact sheets and diagnostic education,https://www.psychiatry.org/psychiatrists/practice/dsm/educational-resources/dsm-5-tr-fact-sheets,Psychiatry.org - DSM-5-TR Fact Sheets,Attenuated Psychosis Syndrome,https://www.psychiatry.org/getmedia/f1cd8724-470c-4fa2-8850-404700325326/APA-DSM5TR-AttenuatedPsychosisSyndrome.pdf,https://www.psychiatry.org/getmedia/f1cd8724-470c-4fa2-8850-404700325326/APA-DSM5TR-AttenuatedPsychosisSyndrome.pdf,application/pdf,03599e50a5_APA-DSM5TR-AttenuatedPsychosisSyndrome.pdf,/Users/jm/Psychiatry-Clerkship-Library/13_Faculty_Resources/APA_Downloads_2026-06-29/files/03599e50a5_APA-DSM5TR-AttenuatedPsychosisSyndrome.pdf,178414,03599e50a5e4668150e72abb7ceeec6be840b4198139993071df7edc07b44f78
DSM fact sheets and diagnostic education,https://www.psychiatry.org/psychiatrists/practice/dsm/educational-resources/dsm-5-tr-fact-sheets,Psychiatry.org - DSM-5-TR Fact Sheets,Gender Dysphoria,https://www.psychiatry.org/getmedia/a5bef7b8-d401-4fc2-bac5-21a4d788fdb6/APA-DSM5TR-GenderDysphoria.pdf,https://www.psychiatry.org/getmedia/a5bef7b8-d401-4fc2-bac5-21a4d788fdb6/APA-DSM5TR-GenderDysphoria.pdf,application/pdf,8ea1878dee_APA-DSM5TR-GenderDysphoria.pdf,/Users/jm/Psychiatry-Clerkship-Library/13_Faculty_Resources/APA_Downloads_2026-06-29/files/8ea1878dee_APA-DSM5TR-GenderDysphoria.pdf,162557,8ea1878dee22977b56babb0ef2324e36a38bf33aec400f8f1cf7bed106367e85
DSM fact sheets and diagnostic education,https://www.psychiatry.org/psychiatrists/practice/dsm/educational-resources/dsm-5-tr-fact-sheets,Psychiatry.org - DSM-5-TR Fact Sheets,Intellectual Disability,https://www.psychiatry.org/getmedia/497935b7-4543-4343-af1e-797063c22191/APA-DSM5TR-IntellectualDisability.pdf,https://www.psychiatry.org/getmedia/497935b7-4543-4343-af1e-797063c22191/APA-DSM5TR-IntellectualDisability.pdf,application/pdf,67b783c777_APA-DSM5TR-IntellectualDisability.pdf,/Users/jm/Psychiatry-Clerkship-Library/13_Faculty_Resources/APA_Downloads_2026-06-29/files/67b783c777_APA-DSM5TR-IntellectualDisability.pdf,177967,67b783c77708c7f3e31ea19e99e7ede0bfd83f0beef9bad1d9dc97357244d166
DSM fact sheets and diagnostic education,https://www.psychiatry.org/psychiatrists/practice/dsm/educational-resources/dsm-5-tr-fact-sheets,Psychiatry.org - DSM-5-TR Fact Sheets,Major Depressive Disorder,https://www.psychiatry.org/getmedia/33fc7cdb-6fd8-46a7-9ff2-225ba7862f7f/APA-DSM5TR-MajorDepressiveDisorder.pdf,https://www.psychiatry.org/getmedia/33fc7cdb-6fd8-46a7-9ff2-225ba7862f7f/APA-DSM5TR-MajorDepressiveDisorder.pdf,application/pdf,80d460f971_APA-DSM5TR-MajorDepressiveDisorder.pdf,/Users/jm/Psychiatry-Clerkship-Library/13_Faculty_Resources/APA_Downloads_2026-06-29/files/80d460f971_APA-DSM5TR-MajorDepressiveDisorder.pdf,168814,80d460f971129c72492ff2fa0e81c29c63ea542fa63f7a54722d6c2f372f2bfa
DSM fact sheets and diagnostic education,https://www.psychiatry.org/psychiatrists/practice/dsm/educational-resources/dsm-5-tr-fact-sheets,Psychiatry.org - DSM-5-TR Fact Sheets,Other Specified Bipolar and Related Disorder,https://www.psychiatry.org/getmedia/ffc643b7-9382-4a29-a8c8-868dabcced10/APA-DSM5TR-OtherSpecifiedBipolarandRelatedDisorder.pdf,https://www.psychiatry.org/getmedia/ffc643b7-9382-4a29-a8c8-868dabcced10/APA-DSM5TR-OtherSpecifiedBipolarandRelatedDisorder.pdf,application/pdf,4efe148428_APA-DSM5TR-OtherSpecifiedBipolarandRelatedDisorder.pdf,/Users/jm/Psychiatry-Clerkship-Library/13_Faculty_Resources/APA_Downloads_2026-06-29/files/4efe148428_APA-DSM5TR-OtherSpecifiedBipolarandRelatedDisorder.pdf,251707,4efe1484280e30e81b96d4168a4007d44f7537cb9864bf13abe3c1a74c3a5d22
DSM fact sheets and diagnostic education,https://www.psychiatry.org/psychiatrists/practice/dsm/educational-resources/dsm-5-tr-fact-sheets,Psychiatry.org - DSM-5-TR Fact Sheets,Narcolepsy,https://www.psychiatry.org/getmedia/a73b55a0-782b-4017-912e-42af2e32f1f4/APA-DSM5-TR-Narcolepsy.pdf,https://www.psychiatry.org/getmedia/a73b55a0-782b-4017-912e-42af2e32f1f4/APA-DSM5-TR-Narcolepsy.pdf,application/pdf,1a0875fc6b_APA-DSM5-TR-Narcolepsy.pdf,/Users/jm/Psychiatry-Clerkship-Library/13_Faculty_Resources/APA_Downloads_2026-06-29/files/1a0875fc6b_APA-DSM5-TR-Narcolepsy.pdf,163291,1a0875fc6b1d28d48d16dc2d01b8753c5409c60d5992c108afabfcf5bc6dcb64
DSM fact sheets and diagnostic education,https://www.psychiatry.org/psychiatrists/practice/dsm/educational-resources/dsm-5-tr-fact-sheets,Psychiatry.org - DSM-5-TR Fact Sheets,Other Specified Depressive Disorder,https://www.psychiatry.org/getmedia/9c456082-b1ed-4a7c-84f7-7b340fa10b01/APA-DSM5TR-OtherSpecifiedDepressiveDisorder.pdf,https://www.psychiatry.org/getmedia/9c456082-b1ed-4a7c-84f7-7b340fa10b01/APA-DSM5TR-OtherSpecifiedDepressiveDisorder.pdf,application/pdf,1c0e87a5ce_APA-DSM5TR-OtherSpecifiedDepressiveDisorder.pdf,/Users/jm/Psychiatry-Clerkship-Library/13_Faculty_Resources/APA_Downloads_2026-06-29/files/1c0e87a5ce_APA-DSM5TR-OtherSpecifiedDepressiveDisorder.pdf,163527,1c0e87a5ce0335cccaf740be1829c9eae886e0945bf37b902dc23580a629d6c2
DSM fact sheets and diagnostic education,https://www.psychiatry.org/psychiatrists/practice/dsm/educational-resources/dsm-5-tr-fact-sheets,Psychiatry.org - DSM-5-TR Fact Sheets,Olfactory Reference Disorder,https://www.psychiatry.org/getmedia/06c72f8b-e85f-480d-937e-e90fd7d1ed3f/APA-DSM5TR-OlfactoryReferenceDisorder.pdf,https://www.psychiatry.org/getmedia/06c72f8b-e85f-480d-937e-e90fd7d1ed3f/APA-DSM5TR-OlfactoryReferenceDisorder.pdf,application/pdf,9c5f634609_APA-DSM5TR-OlfactoryReferenceDisorder.pdf,/Users/jm/Psychiatry-Clerkship-Library/13_Faculty_Resources/APA_Downloads_2026-06-29/files/9c5f634609_APA-DSM5TR-OlfactoryReferenceDisorder.pdf,170089,9c5f634609b8f2a59897b7fccfe4ccd5ab0c9960d82cbd3a768ffc0f8a9577f4
DSM fact sheets and diagnostic education,https://www.psychiatry.org/psychiatrists/practice/dsm/educational-resources/dsm-5-tr-fact-sheets,Psychiatry.org - DSM-5-TR Fact Sheets,Other Specified Delirium Disorder,https://www.psychiatry.org/getmedia/21f0db4f-8daf-41be-944e-e20527819a31/APA-DSM5TR-OtherSpecifiedDelirium.pdf,https://www.psychiatry.org/getmedia/21f0db4f-8daf-41be-944e-e20527819a31/APA-DSM5TR-OtherSpecifiedDelirium.pdf,application/pdf,d19f6fd260_APA-DSM5TR-OtherSpecifiedDelirium.pdf,/Users/jm/Psychiatry-Clerkship-Library/13_Faculty_Resources/APA_Downloads_2026-06-29/files/d19f6fd260_APA-DSM5TR-OtherSpecifiedDelirium.pdf,216109,d19f6fd260a073d5eca9d3916bca9c0df4c4ec8e2f253dd146cd5ed0fb27b839
DSM fact sheets and diagnostic education,https://www.psychiatry.org/psychiatrists/practice/dsm/educational-resources/dsm-5-tr-fact-sheets,Psychiatry.org - DSM-5-TR Fact Sheets,Other Specified Schizophrenia,https://www.psychiatry.org/getmedia/2f985d86-684c-485f-b03d-b599180e3124/APA-DSM5TR-OtherSpecifiedSchizophrenia.pdf,https://www.psychiatry.org/getmedia/2f985d86-684c-485f-b03d-b599180e3124/APA-DSM5TR-OtherSpecifiedSchizophrenia.pdf,application/pdf,ae143ff9a6_APA-DSM5TR-OtherSpecifiedSchizophrenia.pdf,/Users/jm/Psychiatry-Clerkship-Library/13_Faculty_Resources/APA_Downloads_2026-06-29/files/ae143ff9a6_APA-DSM5TR-OtherSpecifiedSchizophrenia.pdf,169845,ae143ff9a63aab4434f37c4fca6acbf2011d84da2954459af95ea2669d89e9a1
DSM fact sheets and diagnostic education,https://www.psychiatry.org/psychiatrists/practice/dsm/educational-resources/dsm-5-tr-fact-sheets,Psychiatry.org - DSM-5-TR Fact Sheets,Other Specified Feeding Disorder,https://www.psychiatry.org/getmedia/6d88113a-39f6-482b-b490-ad18453a21bd/APA-DSM5TR-OtherSpecifiedFeedingDisorder.pdf,https://www.psychiatry.org/getmedia/6d88113a-39f6-482b-b490-ad18453a21bd/APA-DSM5TR-OtherSpecifiedFeedingDisorder.pdf,application/pdf,c1ef09e840_APA-DSM5TR-OtherSpecifiedFeedingDisorder.pdf,/Users/jm/Psychiatry-Clerkship-Library/13_Faculty_Resources/APA_Downloads_2026-06-29/files/c1ef09e840_APA-DSM5TR-OtherSpecifiedFeedingDisorder.pdf,168715,c1ef09e8405bd4b7564a525a93465fb9f0b8f4307a9a1b9e03101550c82d0ea1
DSM fact sheets and diagnostic education,https://www.psychiatry.org/psychiatrists/practice/dsm/educational-resources/dsm-5-tr-fact-sheets,Psychiatry.org - DSM-5-TR Fact Sheets,Persistent Depressive Disorder,https://www.psychiatry.org/getmedia/fd3dfaad-d409-4e94-8605-0350adec5b91/APA-DSM5TR-PersistentDepressive.pdf,https://www.psychiatry.org/getmedia/fd3dfaad-d409-4e94-8605-0350adec5b91/APA-DSM5TR-PersistentDepressive.pdf,application/pdf,3917f39d7a_APA-DSM5TR-PersistentDepressive.pdf,/Users/jm/Psychiatry-Clerkship-Library/13_Faculty_Resources/APA_Downloads_2026-06-29/files/3917f39d7a_APA-DSM5TR-PersistentDepressive.pdf,211046,3917f39d7a41d0998e3a1095b8e3e98f239409c6d8d2893db70b4922b1a9b420
DSM fact sheets and diagnostic education,https://www.psychiatry.org/psychiatrists/practice/dsm/educational-resources/dsm-5-tr-fact-sheets,Psychiatry.org - DSM-5-TR Fact Sheets,Prolonged Grief Disorder,https://www.psychiatry.org/getmedia/2a667a19-80ac-4aaf-8751-9ed240619757/APA-DSM5TR-ProlongedGriefDisorder.pdf,https://www.psychiatry.org/getmedia/2a667a19-80ac-4aaf-8751-9ed240619757/APA-DSM5TR-ProlongedGriefDisorder.pdf,application/pdf,d1c63953a4_APA-DSM5TR-ProlongedGriefDisorder.pdf,/Users/jm/Psychiatry-Clerkship-Library/13_Faculty_Resources/APA_Downloads_2026-06-29/files/d1c63953a4_APA-DSM5TR-ProlongedGriefDisorder.pdf,167736,d1c63953a44f78da18b1d49a74d4abbe8ab7c46b9ceabb4536ed56321caf3196
DSM fact sheets and diagnostic education,https://www.psychiatry.org/psychiatrists/practice/dsm/educational-resources/dsm-5-tr-fact-sheets,Psychiatry.org - DSM-5-TR Fact Sheets,PTSD,https://www.psychiatry.org/getmedia/eacace92-3964-4350-a0bd-e42fc03e806a/APA-DSM5TR-PTSD.pdf,https://www.psychiatry.org/getmedia/eacace92-3964-4350-a0bd-e42fc03e806a/APA-DSM5TR-PTSD.pdf,application/pdf,fa6d13a9c9_APA-DSM5TR-PTSD.pdf,/Users/jm/Psychiatry-Clerkship-Library/13_Faculty_Resources/APA_Downloads_2026-06-29/files/fa6d13a9c9_APA-DSM5TR-PTSD.pdf,225081,fa6d13a9c9568e528d16209aca63c96e3adbcdfdc9c5d19fe2d11dbd85df2df4
DSM fact sheets and diagnostic education,https://www.psychiatry.org/psychiatrists/practice/dsm/educational-resources/dsm-5-tr-fact-sheets,Psychiatry.org - DSM-5-TR Fact Sheets,Social Anxiety Disorder,https://www.psychiatry.org/getmedia/18acfc35-bf15-4c61-b1c8-9a05b0fafc1f/APA-DSM5TR-SocialAnxietyDisorder.pdf,https://www.psychiatry.org/getmedia/18acfc35-bf15-4c61-b1c8-9a05b0fafc1f/APA-DSM5TR-SocialAnxietyDisorder.pdf,application/pdf,5dbb0d0d8e_APA-DSM5TR-SocialAnxietyDisorder.pdf,/Users/jm/Psychiatry-Clerkship-Library/13_Faculty_Resources/APA_Downloads_2026-06-29/files/5dbb0d0d8e_APA-DSM5TR-SocialAnxietyDisorder.pdf,164520,5dbb0d0d8e18fbd3e024a87c9858d05a169632ec9a63bcadfe9c9904f4066061
DSM fact sheets and diagnostic education,https://www.psychiatry.org/psychiatrists/practice/dsm/educational-resources/dsm-5-tr-fact-sheets,Psychiatry.org - DSM-5-TR Fact Sheets,Unspecified Mood Disorder,https://www.psychiatry.org/getmedia/4d6aab2f-87cf-4b22-afc4-8b9035076051/APA-DSM5TR-UnspecifiedMoodDisorder.pdf,https://www.psychiatry.org/getmedia/4d6aab2f-87cf-4b22-afc4-8b9035076051/APA-DSM5TR-UnspecifiedMoodDisorder.pdf,application/pdf,9408084f36_APA-DSM5TR-UnspecifiedMoodDisorder.pdf,/Users/jm/Psychiatry-Clerkship-Library/13_Faculty_Resources/APA_Downloads_2026-06-29/files/9408084f36_APA-DSM5TR-UnspecifiedMoodDisorder.pdf,223954,9408084f36e754531e837b84f1cd7efba12f4cc1be746d2bb6e929dba0ee6220
DSM fact sheets and diagnostic education,https://www.psychiatry.org/psychiatrists/practice/dsm/educational-resources/dsm-5-tr-fact-sheets,Psychiatry.org - DSM-5-TR Fact Sheets,Substance Medication Induced Bipolar Disorder,https://www.psychiatry.org/getmedia/d2213583-2b81-41fe-90e5-3abbdf0f7d72/APA-DSM5TR-SubstanceMedicationInducedBipolarDisorder.pdf,https://www.psychiatry.org/getmedia/d2213583-2b81-41fe-90e5-3abbdf0f7d72/APA-DSM5TR-SubstanceMedicationInducedBipolarDisorder.pdf,application/pdf,24de6fac9e_APA-DSM5TR-SubstanceMedicationInducedBipolarDisorder.pdf,/Users/jm/Psychiatry-Clerkship-Library/13_Faculty_Resources/APA_Downloads_2026-06-29/files/24de6fac9e_APA-DSM5TR-SubstanceMedicationInducedBipolarDisorder.pdf,171850,24de6fac9e2cb5401ae9ebf31a3b908e9484d961c4c345e8b7d951b7a5ff28c0
DSM fact sheets and diagnostic education,https://www.psychiatry.org/psychiatrists/practice/dsm/educational-resources/dsm-5-tr-fact-sheets,Psychiatry.org - DSM-5-TR Fact Sheets,Suicidal Behavior and Nonsuicidal Self-Injury,https://www.psychiatry.org/getmedia/1f70c2ab-04dd-4267-aae7-b421c17072b8/APA-DSM5TR-SuicidalBehaviorandNonsuicidalSelfInjury.pdf,https://www.psychiatry.org/getmedia/1f70c2ab-04dd-4267-aae7-b421c17072b8/APA-DSM5TR-SuicidalBehaviorandNonsuicidalSelfInjury.pdf,application/pdf,142775890d_APA-DSM5TR-SuicidalBehaviorandNonsuicidalSelfInjury.pdf,/Users/jm/Psychiatry-Clerkship-Library/13_Faculty_Resources/APA_Downloads_2026-06-29/files/142775890d_APA-DSM5TR-SuicidalBehaviorandNonsuicidalSelfInjury.pdf,162158,142775890d526a97dfb1f91469f51de7ded3f4b9d424b1f184692868e29427bb
Other APA public document,https://www.psychiatry.org/psychiatrists/practice/dsm/about-dsm/history-of-the-dsm,Psychiatry.org - DSM History,Insurance Implications of DSM-5,https://www.psychiatry.org/File%20Library/Psychiatrists/Practice/DSM/APA_DSM_Insurance-Implications-of-DSM-5.pdf?_ga=2.2984820.552247158.1647372590-1224924517.1639061180,https://www.psychiatry.org/File%20Library/Psychiatrists/Practice/DSM/APA_DSM_Insurance-Implications-of-DSM-5.pdf?_ga=2.2984820.552247158.1647372590-1224924517.1639061180,application/pdf,e37f915e18_APA_DSM_Insurance-Implications-of-DSM-5.pdf,/Users/jm/Psychiatry-Clerkship-Library/13_Faculty_Resources/APA_Downloads_2026-06-29/files/e37f915e18_APA_DSM_Insurance-Implications-of-DSM-5.pdf,245957,e37f915e18571ded9e615a2cc919340f64af64bf109836244653e471660af1dc
Other APA public document,https://www.psychiatry.org/psychiatrists/practice/dsm/about-dsm/history-of-the-dsm,Psychiatry.org - DSM History,Changes from DSM-IV-TR to DSM-5,https://www.psychiatry.org/File%20Library/Psychiatrists/Practice/DSM/APA_DSM_Changes_from_DSM-IV-TR_-to_DSM-5.pdf,https://www.psychiatry.org/File%20Library/Psychiatrists/Practice/DSM/APA_DSM_Changes_from_DSM-IV-TR_-to_DSM-5.pdf,application/pdf,a48f54ded6_APA_DSM_Changes_from_DSM-IV-TR_-to_DSM-5.pdf,/Users/jm/Psychiatry-Clerkship-Library/13_Faculty_Resources/APA_Downloads_2026-06-29/files/a48f54ded6_APA_DSM_Changes_from_DSM-IV-TR_-to_DSM-5.pdf,351519,a48f54ded6664b7aeea4d71e485b5a83e7c10d017a03e2ade8a187ef12704ec6
Other APA public document,https://www.psychiatry.org/psychiatrists/practice/dsm/about-dsm/history-of-the-dsm,Psychiatry.org - DSM History,DSM-5 Table of Contents,https://www.psychiatry.org/File%20Library/Psychiatrists/Practice/DSM/APA_DSM-5-Contents.pdf,https://www.psychiatry.org/File%20Library/Psychiatrists/Practice/DSM/APA_DSM-5-Contents.pdf,application/pdf,a189b96e20_APA_DSM-5-Contents.pdf,/Users/jm/Psychiatry-Clerkship-Library/13_Faculty_Resources/APA_Downloads_2026-06-29/files/a189b96e20_APA_DSM-5-Contents.pdf,253361,a189b96e20462f1bf42833defa182a36e6ce8c37c3305347644b6861f47f9eca
Other APA public document,https://www.psychiatry.org/psychiatrists/practice/dsm/educational-resources/dsm-5-fact-sheets,Psychiatry.org - DSM-5 Fact Sheets,DSM–5 and Diagnoses for Children,https://www.psychiatry.org/File%20Library/Psychiatrists/Practice/DSM/APA_DSM-5-Diagnoses-for-Children.pdf,https://www.psychiatry.org/File%20Library/Psychiatrists/Practice/DSM/APA_DSM-5-Diagnoses-for-Children.pdf,application/pdf,861d6710ee_APA_DSM-5-Diagnoses-for-Children.pdf,/Users/jm/Psychiatry-Clerkship-Library/13_Faculty_Resources/APA_Downloads_2026-06-29/files/861d6710ee_APA_DSM-5-Diagnoses-for-Children.pdf,185412,861d6710eeb0219832188a297f25d899011d3d1319219b789a5ea2664052f732
"Diversity, culture, and equity",https://www.psychiatry.org/psychiatrists/practice/dsm/educational-resources/dsm-5-fact-sheets,Psychiatry.org - DSM-5 Fact Sheets,Cultural Concepts,https://www.psychiatry.org/File%20Library/Psychiatrists/Practice/DSM/APA_DSM_Cultural-Concepts-in-DSM-5.pdf,https://www.psychiatry.org/File%20Library/Psychiatrists/Practice/DSM/APA_DSM_Cultural-Concepts-in-DSM-5.pdf,application/pdf,087093967d_APA_DSM_Cultural-Concepts-in-DSM-5.pdf,/Users/jm/Psychiatry-Clerkship-Library/13_Faculty_Resources/APA_Downloads_2026-06-29/files/087093967d_APA_DSM_Cultural-Concepts-in-DSM-5.pdf,225394,087093967d0b13cf7229668d9bedc7a53e96df000f9909655e44d64b40588197
Other APA public document,https://www.psychiatry.org/psychiatrists/practice/dsm/educational-resources/dsm-5-fact-sheets,Psychiatry.org - DSM-5 Fact Sheets,Integrated Assessment,https://www.psychiatry.org/File%20Library/Psychiatrists/Practice/DSM/APA_DSM-5-Integrated-Approach.pdf,https://www.psychiatry.org/File%20Library/Psychiatrists/Practice/DSM/APA_DSM-5-Integrated-Approach.pdf,application/pdf,5d37830e31_APA_DSM-5-Integrated-Approach.pdf,/Users/jm/Psychiatry-Clerkship-Library/13_Faculty_Resources/APA_Downloads_2026-06-29/files/5d37830e31_APA_DSM-5-Integrated-Approach.pdf,235315,5d37830e311a3bafc35611a86eb5680aabb2776bd4ada635a02ecfea4eca21b6
Other APA public document,https://www.psychiatry.org/psychiatrists/practice/dsm/educational-resources/dsm-5-fact-sheets,Psychiatry.org - DSM-5 Fact Sheets,Mixed Features Specifier,https://www.psychiatry.org/File%20Library/Psychiatrists/Practice/DSM/APA_DSM-5-Mixed-Features-Specifier.pdf,https://www.psychiatry.org/File%20Library/Psychiatrists/Practice/DSM/APA_DSM-5-Mixed-Features-Specifier.pdf,application/pdf,6c7f8e75ea_APA_DSM-5-Mixed-Features-Specifier.pdf,/Users/jm/Psychiatry-Clerkship-Library/13_Faculty_Resources/APA_Downloads_2026-06-29/files/6c7f8e75ea_APA_DSM-5-Mixed-Features-Specifier.pdf,206968,6c7f8e75eaaacdaf8222604138a3dc3105cdca385b06a1dade1e3a79e89044f8
Other APA public document,https://www.psychiatry.org/psychiatrists/practice/dsm/educational-resources/dsm-5-fact-sheets,Psychiatry.org - DSM-5 Fact Sheets,Making a Case for New Disorders,https://www.psychiatry.org/File%20Library/Psychiatrists/Practice/DSM/APA_DSM-5-Making-Case-for-New-Disorders.pdf,https://www.psychiatry.org/File%20Library/Psychiatrists/Practice/DSM/APA_DSM-5-Making-Case-for-New-Disorders.pdf,application/pdf,2c6a0cfbd5_APA_DSM-5-Making-Case-for-New-Disorders.pdf,/Users/jm/Psychiatry-Clerkship-Library/13_Faculty_Resources/APA_Downloads_2026-06-29/files/2c6a0cfbd5_APA_DSM-5-Making-Case-for-New-Disorders.pdf,271011,2c6a0cfbd546864025b69f08f8bd6c219741cff61bf048459a20456ee48d3a4a
Other APA public document,https://www.psychiatry.org/psychiatrists/practice/dsm/educational-resources/dsm-5-fact-sheets,Psychiatry.org - DSM-5 Fact Sheets,The People Behind& DSM-5,https://www.psychiatry.org/File%20Library/Psychiatrists/Practice/DSM/APA_DSM_People-Behind-DSM-5.pdf,https://www.psychiatry.org/File%20Library/Psychiatrists/Practice/DSM/APA_DSM_People-Behind-DSM-5.pdf,application/pdf,65301cb64c_APA_DSM_People-Behind-DSM-5.pdf,/Users/jm/Psychiatry-Clerkship-Library/13_Faculty_Resources/APA_Downloads_2026-06-29/files/65301cb64c_APA_DSM_People-Behind-DSM-5.pdf,214824,65301cb64c27c4e774c638f0175071bcc4704313fc26ebc387693a671b345aeb
Other APA public document,https://www.psychiatry.org/psychiatrists/practice/dsm/educational-resources/dsm-5-fact-sheets,Psychiatry.org - DSM-5 Fact Sheets,Section III,https://www.psychiatry.org/File%20Library/Psychiatrists/Practice/DSM/APA_DSM-5-Section-III.pdf,https://www.psychiatry.org/File%20Library/Psychiatrists/Practice/DSM/APA_DSM-5-Section-III.pdf,application/pdf,ceb5d1c185_APA_DSM-5-Section-III.pdf,/Users/jm/Psychiatry-Clerkship-Library/13_Faculty_Resources/APA_Downloads_2026-06-29/files/ceb5d1c185_APA_DSM-5-Section-III.pdf,271202,ceb5d1c185781c0e0ef2b7e32defc7aa85b8cb130e39a09e118e9cde803ab522
Other APA public document,https://www.psychiatry.org/psychiatrists/practice/dsm/educational-resources/dsm-5-fact-sheets,Psychiatry.org - DSM-5 Fact Sheets,The Organization of DSM-5,https://www.psychiatry.org/File%20Library/Psychiatrists/Practice/DSM/APA_DSM_Organization-of-DSM-5.pdf,https://www.psychiatry.org/File%20Library/Psychiatrists/Practice/DSM/APA_DSM_Organization-of-DSM-5.pdf,application/pdf,9324e9400d_APA_DSM_Organization-of-DSM-5.pdf,/Users/jm/Psychiatry-Clerkship-Library/13_Faculty_Resources/APA_Downloads_2026-06-29/files/9324e9400d_APA_DSM_Organization-of-DSM-5.pdf,264563,9324e9400d58daade6aa85de7604f42ecd52f39ba9f7fc0c6c8a6bf6f0c15003
Other APA public document,https://www.psychiatry.org/psychiatrists/practice/dsm/educational-resources/dsm-5-fact-sheets,Psychiatry.org - DSM-5 Fact Sheets,Attention-Deficit/Hyperactivity Disorder (ADHD),https://www.psychiatry.org/File%20Library/Psychiatrists/Practice/DSM/APA_DSM-5-ADHD.pdf,https://www.psychiatry.org/File%20Library/Psychiatrists/Practice/DSM/APA_DSM-5-ADHD.pdf,application/pdf,6e1935e4df_APA_DSM-5-ADHD.pdf,/Users/jm/Psychiatry-Clerkship-Library/13_Faculty_Resources/APA_Downloads_2026-06-29/files/6e1935e4df_APA_DSM-5-ADHD.pdf,265278,6e1935e4df34e3792c70185f6784fb5623043dc1125f5d9c3ad29ff6615db34e
Other APA public document,https://www.psychiatry.org/psychiatrists/practice/dsm/educational-resources/dsm-5-fact-sheets,Psychiatry.org - DSM-5 Fact Sheets,Gender Dysphoria,https://www.psychiatry.org/File%20Library/Psychiatrists/Practice/DSM/APA_DSM-5-Gender-Dysphoria.pdf,https://www.psychiatry.org/File%20Library/Psychiatrists/Practice/DSM/APA_DSM-5-Gender-Dysphoria.pdf,application/pdf,2fcf75cdc3_APA_DSM-5-Gender-Dysphoria.pdf,/Users/jm/Psychiatry-Clerkship-Library/13_Faculty_Resources/APA_Downloads_2026-06-29/files/2fcf75cdc3_APA_DSM-5-Gender-Dysphoria.pdf,236572,2fcf75cdc3bfa19ed75c3fabc5bc41e3ece0b6e236aa8abda318d91f84745a89
Other APA public document,https://www.psychiatry.org/psychiatrists/practice/dsm/educational-resources/dsm-5-fact-sheets,Psychiatry.org - DSM-5 Fact Sheets,Eating Disorders,https://www.psychiatry.org/File%20Library/Psychiatrists/Practice/DSM/APA_DSM-5-Eating-Disorders.pdf,https://www.psychiatry.org/File%20Library/Psychiatrists/Practice/DSM/APA_DSM-5-Eating-Disorders.pdf,application/pdf,101682f2e7_APA_DSM-5-Eating-Disorders.pdf,/Users/jm/Psychiatry-Clerkship-Library/13_Faculty_Resources/APA_Downloads_2026-06-29/files/101682f2e7_APA_DSM-5-Eating-Disorders.pdf,268273,101682f2e768d69f141556db7d230cb5bc0b485ae6ac53e534f1944ebca29afa
Other APA public document,https://www.psychiatry.org/psychiatrists/practice/dsm/educational-resources/dsm-5-fact-sheets,Psychiatry.org - DSM-5 Fact Sheets,Conduct Disorder,https://www.psychiatry.org/File%20Library/Psychiatrists/Practice/DSM/APA_DSM-5-Conduct-Disorder.pdf,https://www.psychiatry.org/File%20Library/Psychiatrists/Practice/DSM/APA_DSM-5-Conduct-Disorder.pdf,application/pdf,78652d449f_APA_DSM-5-Conduct-Disorder.pdf,/Users/jm/Psychiatry-Clerkship-Library/13_Faculty_Resources/APA_Downloads_2026-06-29/files/78652d449f_APA_DSM-5-Conduct-Disorder.pdf,229584,78652d449f64ca37a15fa47041f38b40d66a51b2500cdb8cc808cc1b4afc28fc
Other APA public document,https://www.psychiatry.org/psychiatrists/practice/dsm/educational-resources/dsm-5-fact-sheets,Psychiatry.org - DSM-5 Fact Sheets,Intellectual Disability,https://www.psychiatry.org/File%20Library/Psychiatrists/Practice/DSM/APA_DSM-5-Intellectual-Disability.pdf,https://www.psychiatry.org/File%20Library/Psychiatrists/Practice/DSM/APA_DSM-5-Intellectual-Disability.pdf,application/pdf,49abb90486_APA_DSM-5-Intellectual-Disability.pdf,/Users/jm/Psychiatry-Clerkship-Library/13_Faculty_Resources/APA_Downloads_2026-06-29/files/49abb90486_APA_DSM-5-Intellectual-Disability.pdf,338450,49abb904866e7892264b83b8f2f31063f78b48411e88f83e5cf9f6513cacb5ca
Other APA public document,https://www.psychiatry.org/psychiatrists/practice/dsm/educational-resources/dsm-5-fact-sheets,Psychiatry.org - DSM-5 Fact Sheets,Internet Gaming Disorder,https://www.psychiatry.org/File%20Library/Psychiatrists/Practice/DSM/APA_DSM-5-Internet-Gaming-Disorder.pdf,https://www.psychiatry.org/File%20Library/Psychiatrists/Practice/DSM/APA_DSM-5-Internet-Gaming-Disorder.pdf,application/pdf,fdb0014e47_APA_DSM-5-Internet-Gaming-Disorder.pdf,/Users/jm/Psychiatry-Clerkship-Library/13_Faculty_Resources/APA_Downloads_2026-06-29/files/fdb0014e47_APA_DSM-5-Internet-Gaming-Disorder.pdf,242379,fdb0014e47685e4dcb33df69583649cc3def5ebcd33db3e6c5e8deee8163ae04
Other APA public document,https://www.psychiatry.org/psychiatrists/practice/dsm/educational-resources/dsm-5-fact-sheets,Psychiatry.org - DSM-5 Fact Sheets,Autism Spectrum Disorder,https://www.psychiatry.org/File%20Library/Psychiatrists/Practice/DSM/APA_DSM-5-Autism-Spectrum-Disorder.pdf,https://www.psychiatry.org/File%20Library/Psychiatrists/Practice/DSM/APA_DSM-5-Autism-Spectrum-Disorder.pdf,application/pdf,0e5789d65c_APA_DSM-5-Autism-Spectrum-Disorder.pdf,/Users/jm/Psychiatry-Clerkship-Library/13_Faculty_Resources/APA_Downloads_2026-06-29/files/0e5789d65c_APA_DSM-5-Autism-Spectrum-Disorder.pdf,276382,0e5789d65ccfe1bd944f5070c68ea68b718f3f53dc6597ead88ed7f8cb0ce423
Other APA public document,https://www.psychiatry.org/psychiatrists/practice/dsm/educational-resources/dsm-5-fact-sheets,Psychiatry.org - DSM-5 Fact Sheets,Major Depressive Disorder and the Bereavement Exclusion,https://www.psychiatry.org/File%20Library/Psychiatrists/Practice/DSM/APA_DSM-5-Depression-Bereavement-Exclusion.pdf,https://www.psychiatry.org/File%20Library/Psychiatrists/Practice/DSM/APA_DSM-5-Depression-Bereavement-Exclusion.pdf,application/pdf,9e242f407d_APA_DSM-5-Depression-Bereavement-Exclusion.pdf,/Users/jm/Psychiatry-Clerkship-Library/13_Faculty_Resources/APA_Downloads_2026-06-29/files/9e242f407d_APA_DSM-5-Depression-Bereavement-Exclusion.pdf,222382,9e242f407dc183f85cdc0f4d1e94687ea35cddf7ce2ad84fa2a0d3ec6acc065c
Other APA public document,https://www.psychiatry.org/psychiatrists/practice/dsm/educational-resources/dsm-5-fact-sheets,Psychiatry.org - DSM-5 Fact Sheets,Disruptive Mood Dysregulation Disorder,https://www.psychiatry.org/File%20Library/Psychiatrists/Practice/DSM/APA_DSM-5-Disruptive-Mood-Disregulation-Disorder.pdf,https://www.psychiatry.org/File%20Library/Psychiatrists/Practice/DSM/APA_DSM-5-Disruptive-Mood-Disregulation-Disorder.pdf,application/pdf,914fc7bdec_APA_DSM-5-Disruptive-Mood-Disregulation-Disorder.pdf,/Users/jm/Psychiatry-Clerkship-Library/13_Faculty_Resources/APA_Downloads_2026-06-29/files/914fc7bdec_APA_DSM-5-Disruptive-Mood-Disregulation-Disorder.pdf,240458,914fc7bdece26cefc305a9518ed6c1a136532ec0284772473a442d5cccba3267
Other APA public document,https://www.psychiatry.org/psychiatrists/practice/dsm/educational-resources/dsm-5-fact-sheets,Psychiatry.org - DSM-5 Fact Sheets,Posttraumatic Stress Disorder,https://www.psychiatry.org/File%20Library/Psychiatrists/Practice/DSM/APA_DSM-5-PTSD.pdf,https://www.psychiatry.org/File%20Library/Psychiatrists/Practice/DSM/APA_DSM-5-PTSD.pdf,application/pdf,1749afb53d_APA_DSM-5-PTSD.pdf,/Users/jm/Psychiatry-Clerkship-Library/13_Faculty_Resources/APA_Downloads_2026-06-29/files/1749afb53d_APA_DSM-5-PTSD.pdf,199610,1749afb53d22c7c10c39b38d7ef75b1bb7d842659be5f4f3bd52060031702ece
Other APA public document,https://www.psychiatry.org/psychiatrists/practice/dsm/educational-resources/dsm-5-fact-sheets,Psychiatry.org - DSM-5 Fact Sheets,Mild Neurocognitive Disorder,https://www.psychiatry.org/File%20Library/Psychiatrists/Practice/DSM/APA_DSM-5-Mild-Neurocognitive-Disorder.pdf,https://www.psychiatry.org/File%20Library/Psychiatrists/Practice/DSM/APA_DSM-5-Mild-Neurocognitive-Disorder.pdf,application/pdf,4b52fc2fd1_APA_DSM-5-Mild-Neurocognitive-Disorder.pdf,/Users/jm/Psychiatry-Clerkship-Library/13_Faculty_Resources/APA_Downloads_2026-06-29/files/4b52fc2fd1_APA_DSM-5-Mild-Neurocognitive-Disorder.pdf,218116,4b52fc2fd179528f07ee988e44f4239afd87dc7bc25a48735f87b0be5eeac9f9
Other APA public document,https://www.psychiatry.org/psychiatrists/practice/dsm/educational-resources/dsm-5-fact-sheets,Psychiatry.org - DSM-5 Fact Sheets,Obsessive-Compulsive and Related Disorders,https://www.psychiatry.org/File%20Library/Psychiatrists/Practice/DSM/APA_DSM-5-Obsessive-Compulsive-Disorder.pdf,https://www.psychiatry.org/File%20Library/Psychiatrists/Practice/DSM/APA_DSM-5-Obsessive-Compulsive-Disorder.pdf,application/pdf,6999ee5d66_APA_DSM-5-Obsessive-Compulsive-Disorder.pdf,/Users/jm/Psychiatry-Clerkship-Library/13_Faculty_Resources/APA_Downloads_2026-06-29/files/6999ee5d66_APA_DSM-5-Obsessive-Compulsive-Disorder.pdf,239819,6999ee5d66cf873eedb65fe1cfaa3ae00a2f218f2737adb857d11c1f2193c1da
Other APA public document,https://www.psychiatry.org/psychiatrists/practice/dsm/educational-resources/dsm-5-fact-sheets,Psychiatry.org - DSM-5 Fact Sheets,Sleep-Wake Disorders,https://www.psychiatry.org/File%20Library/Psychiatrists/Practice/DSM/APA_DSM-5-Sleep-Wake-Disorders.pdf,https://www.psychiatry.org/File%20Library/Psychiatrists/Practice/DSM/APA_DSM-5-Sleep-Wake-Disorders.pdf,application/pdf,ff43385d6c_APA_DSM-5-Sleep-Wake-Disorders.pdf,/Users/jm/Psychiatry-Clerkship-Library/13_Faculty_Resources/APA_Downloads_2026-06-29/files/ff43385d6c_APA_DSM-5-Sleep-Wake-Disorders.pdf,236679,ff43385d6ca02e68ecdacc9b9bb08fc173d6bed952e4099d83ff1cde63e00124
Other APA public document,https://www.psychiatry.org/psychiatrists/practice/dsm/educational-resources/dsm-5-fact-sheets,Psychiatry.org - DSM-5 Fact Sheets,Paraphilic Disorders,https://www.psychiatry.org/File%20Library/Psychiatrists/Practice/DSM/APA_DSM-5-Paraphilic-Disorders.pdf,https://www.psychiatry.org/File%20Library/Psychiatrists/Practice/DSM/APA_DSM-5-Paraphilic-Disorders.pdf,application/pdf,ddbe824c4f_APA_DSM-5-Paraphilic-Disorders.pdf,/Users/jm/Psychiatry-Clerkship-Library/13_Faculty_Resources/APA_Downloads_2026-06-29/files/ddbe824c4f_APA_DSM-5-Paraphilic-Disorders.pdf,217462,ddbe824c4f7604420404c3807a057423dbb33d4b0e09238eb3012d8f3a1b3477
Other APA public document,https://www.psychiatry.org/psychiatrists/practice/dsm/educational-resources/dsm-5-fact-sheets,Psychiatry.org - DSM-5 Fact Sheets,Personality Disorder,https://www.psychiatry.org/File%20Library/Psychiatrists/Practice/DSM/APA_DSM-5-Personality-Disorder.pdf,https://www.psychiatry.org/File%20Library/Psychiatrists/Practice/DSM/APA_DSM-5-Personality-Disorder.pdf,application/pdf,eac72298f2_APA_DSM-5-Personality-Disorder.pdf,/Users/jm/Psychiatry-Clerkship-Library/13_Faculty_Resources/APA_Downloads_2026-06-29/files/eac72298f2_APA_DSM-5-Personality-Disorder.pdf,206268,eac72298f292921359e2b9cae3b1566da7707a7c216ea6c9aa7e5ea6f036a750
Other APA public document,https://www.psychiatry.org/psychiatrists/practice/dsm/educational-resources/dsm-5-fact-sheets,Psychiatry.org - DSM-5 Fact Sheets,Specific Learning Disorder,https://www.psychiatry.org/File%20Library/Psychiatrists/Practice/DSM/APA_DSM-5-Specific-Learning-Disorder.pdf,https://www.psychiatry.org/File%20Library/Psychiatrists/Practice/DSM/APA_DSM-5-Specific-Learning-Disorder.pdf,application/pdf,52b9b815c7_APA_DSM-5-Specific-Learning-Disorder.pdf,/Users/jm/Psychiatry-Clerkship-Library/13_Faculty_Resources/APA_Downloads_2026-06-29/files/52b9b815c7_APA_DSM-5-Specific-Learning-Disorder.pdf,192169,52b9b815c71f777ff4467091d46ab65ae605585d4243bbb2c8c302132c8ff439
Other APA public document,https://www.psychiatry.org/psychiatrists/practice/dsm/educational-resources/dsm-5-fact-sheets,Psychiatry.org - DSM-5 Fact Sheets,Social Communication Disorder,https://www.psychiatry.org/File%20Library/Psychiatrists/Practice/DSM/APA_DSM-5-Social-Communication-Disorder.pdf,https://www.psychiatry.org/File%20Library/Psychiatrists/Practice/DSM/APA_DSM-5-Social-Communication-Disorder.pdf,application/pdf,d9deb875c9_APA_DSM-5-Social-Communication-Disorder.pdf,/Users/jm/Psychiatry-Clerkship-Library/13_Faculty_Resources/APA_Downloads_2026-06-29/files/d9deb875c9_APA_DSM-5-Social-Communication-Disorder.pdf,123074,d9deb875c90f493c781dfb00ab361d4fe4f7982c5a00768471f0ee188723671e
Other APA public document,https://www.psychiatry.org/psychiatrists/practice/dsm/educational-resources/dsm-5-fact-sheets,Psychiatry.org - DSM-5 Fact Sheets,Somatic Symptom Disorder,https://www.psychiatry.org/File%20Library/Psychiatrists/Practice/DSM/APA_DSM-5-Somatic-Symptom-Disorder.pdf,https://www.psychiatry.org/File%20Library/Psychiatrists/Practice/DSM/APA_DSM-5-Somatic-Symptom-Disorder.pdf,application/pdf,bf67ad250c_APA_DSM-5-Somatic-Symptom-Disorder.pdf,/Users/jm/Psychiatry-Clerkship-Library/13_Faculty_Resources/APA_Downloads_2026-06-29/files/bf67ad250c_APA_DSM-5-Somatic-Symptom-Disorder.pdf,236987,bf67ad250c246e996dccb4904dd3280bb1fda7c8e9cceb2fe0d1c5e003bd68cc
Other APA public document,https://www.psychiatry.org/psychiatrists/practice/dsm/educational-resources/dsm-5-fact-sheets,Psychiatry.org - DSM-5 Fact Sheets,Substance-Related and Addictive Disorders,https://www.psychiatry.org/File%20Library/Psychiatrists/Practice/DSM/APA_DSM-5-Substance-Use-Disorder.pdf,https://www.psychiatry.org/File%20Library/Psychiatrists/Practice/DSM/APA_DSM-5-Substance-Use-Disorder.pdf,application/pdf,c794190c04_APA_DSM-5-Substance-Use-Disorder.pdf,/Users/jm/Psychiatry-Clerkship-Library/13_Faculty_Resources/APA_Downloads_2026-06-29/files/c794190c04_APA_DSM-5-Substance-Use-Disorder.pdf,231986,c794190c040e87ead76ac5019e97aadbf107d6b23ea41fcf0e0db803e06780d0
Other APA public document,https://www.psychiatry.org/psychiatrists/practice/dsm/submit-proposals,Psychiatry.org - Submit Proposals for Making Changes to DSM-5-TR,"Sample of the proposal form – Types 1,2,3,5,6, and 7 (.pdf)",https://www.psychiatry.org/File%20Library/Psychiatrists/Practice/DSM/DSM5-Sample-Proposal-Form-Types-1-2-3-5-6-7.pdf,https://www.psychiatry.org/File%20Library/Psychiatrists/Practice/DSM/DSM5-Sample-Proposal-Form-Types-1-2-3-5-6-7.pdf,application/pdf,b463f1234f_DSM5-Sample-Proposal-Form-Types-1-2-3-5-6-7.pdf,/Users/jm/Psychiatry-Clerkship-Library/13_Faculty_Resources/APA_Downloads_2026-06-29/files/b463f1234f_DSM5-Sample-Proposal-Form-Types-1-2-3-5-6-7.pdf,91229,b463f1234f53cd0c6a6de9d0086fa1d8bd1e7a7db1d13fdc65e5c7d6fb279a93
Other APA public document,https://www.psychiatry.org/psychiatrists/practice/dsm/updates-to-dsm/coding-updates/2016-coding-updates,Psychiatry.org - 2016 DSM-5 Diagnoses and New ICD-10-CM Codes,Download Tables,https://www.psychiatry.org/File%20Library/Psychiatrists/Practice/DSM/ICD10-Coding-Updates-AtaGlance-September2016.pdf,https://www.psychiatry.org/File%20Library/Psychiatrists/Practice/DSM/ICD10-Coding-Updates-AtaGlance-September2016.pdf,application/pdf,871b84b024_ICD10-Coding-Updates-AtaGlance-September2016.pdf,/Users/jm/Psychiatry-Clerkship-Library/13_Faculty_Resources/APA_Downloads_2026-06-29/files/871b84b024_ICD10-Coding-Updates-AtaGlance-September2016.pdf,434847,871b84b024383890369c8e828a407ccb31819fc779e6b9f2a18eb45bf811c2d6
Other APA public document,https://www.psychiatry.org/psychiatrists/practice/dsm/updates-to-dsm/coding-updates/2017-coding-updates,Psychiatry.org - 2017 DSM-5 Diagnoses and New ICD-10-CM Codes,Download Easy-to-Print Guide (.pdf),https://www.psychiatry.org/File%20Library/Psychiatrists/Practice/DSM/ICD10-Changes-Listed-by-DSM5-October-2017.pdf,https://www.psychiatry.org/File%20Library/Psychiatrists/Practice/DSM/ICD10-Changes-Listed-by-DSM5-October-2017.pdf,application/pdf,87151b5bbf_ICD10-Changes-Listed-by-DSM5-October-2017.pdf,/Users/jm/Psychiatry-Clerkship-Library/13_Faculty_Resources/APA_Downloads_2026-06-29/files/87151b5bbf_ICD10-Changes-Listed-by-DSM5-October-2017.pdf,61189,87151b5bbfa863dcf5c233bbd0bda811295b715ef7ad285a6cba28f1e1a965bf
Other APA public document,https://www.psychiatry.org/psychiatrists/practice/dsm/submit-proposals,Psychiatry.org - Submit Proposals for Making Changes to DSM-5-TR,Sample of the proposal form – Type 4 (.pdf),https://www.psychiatry.org/File%20Library/Psychiatrists/Practice/DSM/DSM5-Sample-Proposal-Form-Type-4.pdf,https://www.psychiatry.org/File%20Library/Psychiatrists/Practice/DSM/DSM5-Sample-Proposal-Form-Type-4.pdf,application/pdf,ffd3d7ef41_DSM5-Sample-Proposal-Form-Type-4.pdf,/Users/jm/Psychiatry-Clerkship-Library/13_Faculty_Resources/APA_Downloads_2026-06-29/files/ffd3d7ef41_DSM5-Sample-Proposal-Form-Type-4.pdf,34757,ffd3d7ef41a9f3213635f5196698b991ed81365f8e7e7f885eadf4632bf6c88e
Other APA public document,https://www.psychiatry.org/psychiatrists/practice/dsm/updates-to-dsm/coding-updates/2018-coding-updates,Psychiatry.org - 2018 DSM-5 Diagnoses and New ICD-10-CM Codes,Download Easy-to-Print Guide (.pdf),https://www.psychiatry.org/File%20Library/Psychiatrists/Practice/DSM/ICD10-Changes-October-2018.pdf,https://www.psychiatry.org/File%20Library/Psychiatrists/Practice/DSM/ICD10-Changes-October-2018.pdf,application/pdf,2f571b6040_ICD10-Changes-October-2018.pdf,/Users/jm/Psychiatry-Clerkship-Library/13_Faculty_Resources/APA_Downloads_2026-06-29/files/2f571b6040_ICD10-Changes-October-2018.pdf,106901,2f571b60402f2226e9e8d242af60ed32fcddf39c3a4946ceb1e3e196a3e8b475
Other APA public document,https://www.psychiatry.org/psychiatrists/practice/dsm/educational-resources/dsm-5-fact-sheets,Psychiatry.org - DSM-5 Fact Sheets,Schizophrenia,https://www.psychiatry.org/File%20Library/Psychiatrists/Practice/DSM/APA_DSM-5-Schizophrenia.pdf,https://www.psychiatry.org/File%20Library/Psychiatrists/Practice/DSM/APA_DSM-5-Schizophrenia.pdf,application/pdf,774fdf8e57_APA_DSM-5-Schizophrenia.pdf,/Users/jm/Psychiatry-Clerkship-Library/13_Faculty_Resources/APA_Downloads_2026-06-29/files/774fdf8e57_APA_DSM-5-Schizophrenia.pdf,152751,774fdf8e574c93b4dae0120b3851852f84027d83d3afb406b7b91740a6785e59
DSM fact sheets and diagnostic education,https://www.psychiatry.org/psychiatrists/practice/dsm/updates-to-dsm/dsm5tr-code-updates,Psychiatry.org - Changes to ICD-10-CM Codes for DSM-5-TR Diagnoses,Download the September 2025 Listing of the ICD-10-CM code updates for the DSM-5-TR ™ (.pdf),https://www.psychiatry.org/getmedia/a44e25b9-d139-4901-a579-8f52450bca9a/APA-DSM5TR-ICD10CM-Code-Updates-092025.pdf,https://www.psychiatry.org/getmedia/a44e25b9-d139-4901-a579-8f52450bca9a/APA-DSM5TR-ICD10CM-Code-Updates-092025.pdf,application/pdf,795d8c54e9_APA-DSM5TR-ICD10CM-Code-Updates-092025.pdf,/Users/jm/Psychiatry-Clerkship-Library/13_Faculty_Resources/APA_Downloads_2026-06-29/files/795d8c54e9_APA-DSM5TR-ICD10CM-Code-Updates-092025.pdf,35718,795d8c54e98e7f6f8b8f7add8eb3263ec03c20eb252a61ba9c2aeb49a2073e31
Collaborative and integrated care,https://www.psychiatry.org/psychiatrists/practice/professional-interests/collaborative-care,Psychiatry.org - Collaborative Care Model,APA Summary – Economic Impact of Integrated Medical-Behavioral Healthcare: Implications for Psychiatry (.pdf),https://www.psychiatry.org/getmedia/6149bd32-c46e-4f6b-873f-9f4fbfbb4c20/Milliman-Summary-Report-Economic-Impact-Integrated-Implications-Psychiatry.pdf,https://www.psychiatry.org/getmedia/6149bd32-c46e-4f6b-873f-9f4fbfbb4c20/Milliman-Summary-Report-Economic-Impact-Integrated-Implications-Psychiatry.pdf,application/pdf,e206e472d0_Milliman-Summary-Report-Economic-Impact-Integrated-Implications-Psychiatry.pdf,/Users/jm/Psychiatry-Clerkship-Library/13_Faculty_Resources/APA_Downloads_2026-06-29/files/e206e472d0_Milliman-Summary-Report-Economic-Impact-Integrated-Implications-Psychiatry.pdf,331809,e206e472d0edad10f710ca6f92a14bc05e96440ab31eb24b1b60e99814d52323
DSM fact sheets and diagnostic education,https://www.psychiatry.org/psychiatrists/practice/dsm/updates-to-dsm/dsm5tr-code-updates,Psychiatry.org - Changes to ICD-10-CM Codes for DSM-5-TR Diagnoses,Download the September 2023 Listing of the ICD-10-CM code updates for the DSM-5-TR ™ (.pdf),https://www.psychiatry.org/getmedia/d2895a89-d0e6-46f9-a024-253a64667131/APA-DSM5TR-ICD10CM-Code-Updates-092023.pdf,https://www.psychiatry.org/getmedia/d2895a89-d0e6-46f9-a024-253a64667131/APA-DSM5TR-ICD10CM-Code-Updates-092023.pdf,application/pdf,667fcb0eb9_APA-DSM5TR-ICD10CM-Code-Updates-092023.pdf,/Users/jm/Psychiatry-Clerkship-Library/13_Faculty_Resources/APA_Downloads_2026-06-29/files/667fcb0eb9_APA-DSM5TR-ICD10CM-Code-Updates-092023.pdf,96391,667fcb0eb939176b83bfe6124420e226288c0c0afa140e27472a9045427f0231
DSM fact sheets and diagnostic education,https://www.psychiatry.org/psychiatrists/practice/dsm/updates-to-dsm/dsm5tr-code-updates,Psychiatry.org - Changes to ICD-10-CM Codes for DSM-5-TR Diagnoses,Download the September 2024 Listing of the ICD-10-CM code updates for the DSM-5-TR ™ (.pdf),https://www.psychiatry.org/getmedia/172db6ec-8146-4bb4-be2a-49e9c61bcc94/APA-DSM5TR-ICD10CM-Code-Updates-092024.pdf,https://www.psychiatry.org/getmedia/172db6ec-8146-4bb4-be2a-49e9c61bcc94/APA-DSM5TR-ICD10CM-Code-Updates-092024.pdf,application/pdf,2be1b3e174_APA-DSM5TR-ICD10CM-Code-Updates-092024.pdf,/Users/jm/Psychiatry-Clerkship-Library/13_Faculty_Resources/APA_Downloads_2026-06-29/files/2be1b3e174_APA-DSM5TR-ICD10CM-Code-Updates-092024.pdf,107076,2be1b3e174fff6e3c90d56df25ac60e55ed0d595bbe6bb345de3fd0f0ef78d0f
DSM fact sheets and diagnostic education,https://www.psychiatry.org/psychiatrists/practice/dsm/updates-to-dsm/dsm5tr-code-updates,Psychiatry.org - Changes to ICD-10-CM Codes for DSM-5-TR Diagnoses,Download the Sept. 2022 listing of ICD-10-CM code updates for the DSM-5-T5 ™ (.pdf).,https://www.psychiatry.org/getmedia/de1bf4c9-c75e-4e89-add8-3dd6e9c29de9/APA-DSM5TR-ICD10CM-Code-Updates-092022.pdf,https://www.psychiatry.org/getmedia/de1bf4c9-c75e-4e89-add8-3dd6e9c29de9/APA-DSM5TR-ICD10CM-Code-Updates-092022.pdf,application/pdf,e858dca2bb_APA-DSM5TR-ICD10CM-Code-Updates-092022.pdf,/Users/jm/Psychiatry-Clerkship-Library/13_Faculty_Resources/APA_Downloads_2026-06-29/files/e858dca2bb_APA-DSM5TR-ICD10CM-Code-Updates-092022.pdf,338588,e858dca2bb4aa20f18c7b907f259d8fab02fd6f4fa4f88ba386be7515c5ad404
Other APA public document,https://www.psychiatry.org/psychiatrists/practice/dsm/updates-to-dsm/updates-to-dsm-5-criteria-text,Psychiatry.org - Updates to DSM-5 Criteria & Text,Intellectual Developmental Disorder (Intellectual Disability) (.pdf),https://www.psychiatry.org/File Library/Psychiatrists/Practice/DSM/IDD-Text-Update.pdf,https://www.psychiatry.org/File%20Library/Psychiatrists/Practice/DSM/IDD-Text-Update.pdf,application/pdf,092cd4fc3e_IDD-Text-Update.pdf,/Users/jm/Psychiatry-Clerkship-Library/13_Faculty_Resources/APA_Downloads_2026-06-29/files/092cd4fc3e_IDD-Text-Update.pdf,166744,092cd4fc3ed09b802e4e86701e1f037668b6f3cf3f0bee4589e6894a13cbf1e9
Collaborative and integrated care,https://www.psychiatry.org/psychiatrists/practice/professional-interests/collaborative-care/get-paid/medicaid-payment-and-collaborative-care-model,Psychiatry.org - Making the Case: Medicaid Payment for the Collaborative Care Model,One Pager – Collaborative Care Model for Mental Health (.pdf),https://www.psychiatry.org/File Library/Psychiatrists/Advocacy/Medicaid-Payment-Collaborative-Care-Model/CCM-for-MH-One-Pager.pdf,https://www.psychiatry.org/File%20Library/Psychiatrists/Advocacy/Medicaid-Payment-Collaborative-Care-Model/CCM-for-MH-One-Pager.pdf,application/pdf,b477660852_CCM-for-MH-One-Pager.pdf,/Users/jm/Psychiatry-Clerkship-Library/13_Faculty_Resources/APA_Downloads_2026-06-29/files/b477660852_CCM-for-MH-One-Pager.pdf,221189,b4776608523f1539da8c32f970721c35201cc527800f6a3babeeb391d8b6729b
Collaborative and integrated care,https://www.psychiatry.org/psychiatrists/practice/professional-interests/collaborative-care/get-paid/medicaid-payment-and-collaborative-care-model,Psychiatry.org - Making the Case: Medicaid Payment for the Collaborative Care Model,Integration of Mental Health Into Primary Care: The Collaborative Care Model,https://www.psychiatry.org/File Library/Psychiatrists/Practice/Professional-Topics/Integrated-Care/Private/Integration-of-Mental-Health-Into-Primary-Care-The-Collaborative-Care-Model.pptx,https://www.psychiatry.org/File%20Library/Psychiatrists/Practice/Professional-Topics/Integrated-Care/Private/Integration-of-Mental-Health-Into-Primary-Care-The-Collaborative-Care-Model.pptx,application/vnd.openxmlformats-officedocument.presentationml.presentation,ee09989b71_Integration-of-Mental-Health-Into-Primary-Care-The-Collaborative-Care-Model.pptx,/Users/jm/Psychiatry-Clerkship-Library/13_Faculty_Resources/APA_Downloads_2026-06-29/files/ee09989b71_Integration-of-Mental-Health-Into-Primary-Care-The-Collaborative-Care-Model.pptx,661260,ee09989b710faeef607c815135e9129678211812564dc6b3b62256594b30a563
Other APA public document,https://www.psychiatry.org/psychiatrists/practice/dsm/submit-proposals,Psychiatry.org - Submit Proposals for Making Changes to DSM-5-TR,DSM-5-TR Proposals Submission Guidance Document (.pdf),https://www.psychiatry.org/File%20Library/Psychiatrists/Practice/DSM/DSM5-Proposal-Submissions-General-Guidance.pdf,https://www.psychiatry.org/File%20Library/Psychiatrists/Practice/DSM/DSM5-Proposal-Submissions-General-Guidance.pdf,application/pdf,35c60b1a34_DSM5-Proposal-Submissions-General-Guidance.pdf,/Users/jm/Psychiatry-Clerkship-Library/13_Faculty_Resources/APA_Downloads_2026-06-29/files/35c60b1a34_DSM5-Proposal-Submissions-General-Guidance.pdf,849352,35c60b1a34384345e9dff02c3996fd7b654f8f4001da5f1c1ce8dbf45f68ef62
Collaborative and integrated care,https://www.psychiatry.org/psychiatrists/practice/professional-interests/collaborative-care/get-paid/medicaid-payment-and-collaborative-care-model,Psychiatry.org - Making the Case: Medicaid Payment for the Collaborative Care Model,Rigorous Research Meets Real World Success – Collaborative Care Model for Mental Health (.pdf),https://www.psychiatry.org/File Library/Psychiatrists/Advocacy/Medicaid-Payment-Collaborative-Care-Model/CCM-for-MH-Rigorous-Research-Meets-Real-World-Success.pdf,https://www.psychiatry.org/File%20Library/Psychiatrists/Advocacy/Medicaid-Payment-Collaborative-Care-Model/CCM-for-MH-Rigorous-Research-Meets-Real-World-Success.pdf,application/pdf,a2e29cccef_CCM-for-MH-Rigorous-Research-Meets-Real-World-Success.pdf,/Users/jm/Psychiatry-Clerkship-Library/13_Faculty_Resources/APA_Downloads_2026-06-29/files/a2e29cccef_CCM-for-MH-Rigorous-Research-Meets-Real-World-Success.pdf,743300,a2e29cccefa20476be1c4cfd3f680f5bbefe3db8ac0d287af638e066d4b00674
Collaborative and integrated care,https://www.psychiatry.org/psychiatrists/practice/professional-interests/collaborative-care/get-paid/medicaid-payment-and-collaborative-care-model,Psychiatry.org - Making the Case: Medicaid Payment for the Collaborative Care Model,View federal funding streams available for integrated care (.pdf),https://www.psychiatry.org/File Library/Psychiatrists/Advocacy/Medicaid-Payment-Collaborative-Care-Model/Medicaid-Innovation-State-Payment-Care-Reform-Programs.pdf,https://www.psychiatry.org/File%20Library/Psychiatrists/Advocacy/Medicaid-Payment-Collaborative-Care-Model/Medicaid-Innovation-State-Payment-Care-Reform-Programs.pdf,application/pdf,b28b9de1c5_Medicaid-Innovation-State-Payment-Care-Reform-Programs.pdf,/Users/jm/Psychiatry-Clerkship-Library/13_Faculty_Resources/APA_Downloads_2026-06-29/files/b28b9de1c5_Medicaid-Innovation-State-Payment-Care-Reform-Programs.pdf,192048,b28b9de1c54c9d11933e81b68ea6e96728096a4cfb4b9e43a4b5532e794d02c2
Collaborative and integrated care,https://www.psychiatry.org/psychiatrists/practice/professional-interests/collaborative-care/get-paid/medicaid-payment-and-collaborative-care-model,Psychiatry.org - Making the Case: Medicaid Payment for the Collaborative Care Model,View states approved to use Section 1115 waivers (.pdf),https://www.psychiatry.org/File Library/Psychiatrists/Advocacy/Medicaid-Payment-Collaborative-Care-Model/Approved-Section-1115-Waivers.pdf,https://www.psychiatry.org/File%20Library/Psychiatrists/Advocacy/Medicaid-Payment-Collaborative-Care-Model/Approved-Section-1115-Waivers.pdf,application/pdf,9adbf56ddf_Approved-Section-1115-Waivers.pdf,/Users/jm/Psychiatry-Clerkship-Library/13_Faculty_Resources/APA_Downloads_2026-06-29/files/9adbf56ddf_Approved-Section-1115-Waivers.pdf,378101,9adbf56ddf14c2da31c99feebf242e068c83b123d6b6d2eb6f875f22f1516b1a
Collaborative and integrated care,https://www.psychiatry.org/psychiatrists/practice/professional-interests/collaborative-care/get-paid/medicaid-payment-and-collaborative-care-model,Psychiatry.org - Making the Case: Medicaid Payment for the Collaborative Care Model,Collaborative Care Legislation Draft for the States (.pdf),https://www.psychiatry.org/File Library/Psychiatrists/Practice/Professional-Topics/Integrated-Care/Collaborative-Care-Draft-Legislation-for-States.docx,https://www.psychiatry.org/File%20Library/Psychiatrists/Practice/Professional-Topics/Integrated-Care/Collaborative-Care-Draft-Legislation-for-States.docx,application/vnd.openxmlformats-officedocument.wordprocessingml.document,f0efabfeb6_Collaborative-Care-Draft-Legislation-for-States.docx,/Users/jm/Psychiatry-Clerkship-Library/13_Faculty_Resources/APA_Downloads_2026-06-29/files/f0efabfeb6_Collaborative-Care-Draft-Legislation-for-States.docx,35670,f0efabfeb6708469b5792bfac5100433facb79e0d9855ae5f8fedbad0ec919d9
Collaborative and integrated care,https://www.psychiatry.org/psychiatrists/practice/professional-interests/collaborative-care/get-paid/medicaid-payment-and-collaborative-care-model,Psychiatry.org - Making the Case: Medicaid Payment for the Collaborative Care Model,View the New York case study here (.pdf).,https://www.psychiatry.org/getmedia/b684932c-c994-4125-abee-165d7082ed1a/Case-Study-Collaborative-Care-Model-NewYork.pdf,https://www.psychiatry.org/getmedia/b684932c-c994-4125-abee-165d7082ed1a/Case-Study-Collaborative-Care-Model-NewYork.pdf,application/pdf,7dd965698c_Case-Study-Collaborative-Care-Model-NewYork.pdf,/Users/jm/Psychiatry-Clerkship-Library/13_Faculty_Resources/APA_Downloads_2026-06-29/files/7dd965698c_Case-Study-Collaborative-Care-Model-NewYork.pdf,334370,7dd965698cbb61ac79848653bc9b5311957d0037e3c0d553da8c98a3ad476610
Collaborative and integrated care,https://www.psychiatry.org/psychiatrists/practice/professional-interests/collaborative-care/get-paid,Psychiatry.org - Get Paid,Best Practices for Reimbursing the Collaborative Care Model in Medicaid (.pdf),https://www.psychiatry.org/getmedia/3b44bcf3-cd09-4efc-8b46-12a1d17d4d81/APA-Best-Practice-for-Reimbursing-CoCM-in-Medicaid.pdf,https://www.psychiatry.org/getmedia/3b44bcf3-cd09-4efc-8b46-12a1d17d4d81/APA-Best-Practice-for-Reimbursing-CoCM-in-Medicaid.pdf,application/pdf,3ac72a3bf2_APA-Best-Practice-for-Reimbursing-CoCM-in-Medicaid.pdf,/Users/jm/Psychiatry-Clerkship-Library/13_Faculty_Resources/APA_Downloads_2026-06-29/files/3ac72a3bf2_APA-Best-Practice-for-Reimbursing-CoCM-in-Medicaid.pdf,89867,3ac72a3bf23c331eb5ca2b38d6ba52e23626cbe34de670284befeb71df0d7a37
Collaborative and integrated care,https://www.psychiatry.org/psychiatrists/practice/professional-interests/collaborative-care/get-paid/medicaid-payment-and-collaborative-care-model,Psychiatry.org - Making the Case: Medicaid Payment for the Collaborative Care Model,DRAFT Information – State Plan Amendment for 1115 Waiver (.pdf),https://www.psychiatry.org/File Library/Psychiatrists/Advocacy/Medicaid-Payment-Collaborative-Care-Model/Draft-Language-State-Plan-Amendment-for-1115-Waiver.pdf,https://www.psychiatry.org/File%20Library/Psychiatrists/Advocacy/Medicaid-Payment-Collaborative-Care-Model/Draft-Language-State-Plan-Amendment-for-1115-Waiver.pdf,application/pdf,3c71014574_Draft-Language-State-Plan-Amendment-for-1115-Waiver.pdf,/Users/jm/Psychiatry-Clerkship-Library/13_Faculty_Resources/APA_Downloads_2026-06-29/files/3c71014574_Draft-Language-State-Plan-Amendment-for-1115-Waiver.pdf,304741,3c710145741433eee8c0b0cff54af8d3436ec14b33fd0ad2f6a94466ddc63d99
Collaborative and integrated care,https://www.psychiatry.org/psychiatrists/practice/professional-interests/collaborative-care/get-paid/medicaid-payment-and-collaborative-care-model,Psychiatry.org - Making the Case: Medicaid Payment for the Collaborative Care Model,View the Washington State case study here (.pdf).,https://www.psychiatry.org/getmedia/491b2f33-1443-4fae-a7aa-bab1e43d3ac0/Case-Study-Collaborative-Care-Model-WashingtonState.pdf,https://www.psychiatry.org/getmedia/491b2f33-1443-4fae-a7aa-bab1e43d3ac0/Case-Study-Collaborative-Care-Model-WashingtonState.pdf,application/pdf,1f3139c1ee_Case-Study-Collaborative-Care-Model-WashingtonState.pdf,/Users/jm/Psychiatry-Clerkship-Library/13_Faculty_Resources/APA_Downloads_2026-06-29/files/1f3139c1ee_Case-Study-Collaborative-Care-Model-WashingtonState.pdf,169604,1f3139c1ee65ab01d157b2a3e7c0cdfaac81c3cb008f184a5bf423745ec2914a
Other APA public document,https://www.psychiatry.org/psychiatrists/practice/dsm/updates-to-dsm/coding-updates/2020-coding-updates,Psychiatry.org - 2020 DSM-5 Diagnoses and New ICD-10-CM Codes,Download Easy-to-Print Guide (.pdf),https://www.psychiatry.org/File%20Library/Psychiatrists/Practice/DSM/ICD10-Changes-October-2020.pdf,https://www.psychiatry.org/File%20Library/Psychiatrists/Practice/DSM/ICD10-Changes-October-2020.pdf,application/pdf,624b05321b_ICD10-Changes-October-2020.pdf,/Users/jm/Psychiatry-Clerkship-Library/13_Faculty_Resources/APA_Downloads_2026-06-29/files/624b05321b_ICD10-Changes-October-2020.pdf,176882,624b05321b693684fc3120d7f7b0e17a9c1d77664b8777cb66319f20ace06e73
Collaborative and integrated care,https://www.psychiatry.org/psychiatrists/practice/professional-interests/collaborative-care/get-paid/medicaid-payment-and-collaborative-care-model,Psychiatry.org - Making the Case: Medicaid Payment for the Collaborative Care Model,View the Maryland case study here (.pdf).,https://www.psychiatry.org/getmedia/04738b26-a484-42ff-b517-9f2939d68bb7/Case-Study-Collaborative-Care-Model-Maryland.pdf,https://www.psychiatry.org/getmedia/04738b26-a484-42ff-b517-9f2939d68bb7/Case-Study-Collaborative-Care-Model-Maryland.pdf,application/pdf,e9623f175b_Case-Study-Collaborative-Care-Model-Maryland.pdf,/Users/jm/Psychiatry-Clerkship-Library/13_Faculty_Resources/APA_Downloads_2026-06-29/files/e9623f175b_Case-Study-Collaborative-Care-Model-Maryland.pdf,227001,e9623f175b84965a20845326157cb385641c6847e604a335e864ec3d86171e07
Other APA public document,https://www.psychiatry.org/psychiatrists/practice/dsm/updates-to-dsm/coding-updates/2021-coding-updates,Psychiatry.org - 2021 DSM-5 Diagnoses and New ICD-10-CM Codes,Download Easy-to-Print Guide (.pdf),https://www.psychiatry.org/File Library/Psychiatrists/Practice/DSM/ICD10-Changes-October-2021.pdf,https://www.psychiatry.org/File%20Library/Psychiatrists/Practice/DSM/ICD10-Changes-October-2021.pdf,application/pdf,ccc825ef11_ICD10-Changes-October-2021.pdf,/Users/jm/Psychiatry-Clerkship-Library/13_Faculty_Resources/APA_Downloads_2026-06-29/files/ccc825ef11_ICD10-Changes-October-2021.pdf,175498,ccc825ef11460a9862fec192ad54c5920eb210f1646d214e1d53a8b17aa352f0
DSM fact sheets and diagnostic education,https://www.psychiatry.org/psychiatrists/practice/dsm/updates-to-dsm/updates-to-dsm-5-tr-criteria-text,Psychiatry.org - Updates to DSM-5-TR Criteria and Text,"Download the DSM-5-TR Update: Supplement to the Diagnostic and Statistical Manual of Mental Disorders, Fifth Edition, September 2025 Text Revision here (.pdf).",https://www.psychiatry.org/getmedia/b68a5776-f88c-45c7-9535-fd219d7aa5cb/APA-DSM5TR-Update-September-2025.pdf,https://www.psychiatry.org/getmedia/b68a5776-f88c-45c7-9535-fd219d7aa5cb/APA-DSM5TR-Update-September-2025.pdf,application/pdf,86b5244f88_APA-DSM5TR-Update-September-2025.pdf,/Users/jm/Psychiatry-Clerkship-Library/13_Faculty_Resources/APA_Downloads_2026-06-29/files/86b5244f88_APA-DSM5TR-Update-September-2025.pdf,1344755,86b5244f883090ba968e2bcd80a8c45c075dc72d472d03928c6f52b803632aa8
DSM fact sheets and diagnostic education,https://www.psychiatry.org/psychiatrists/practice/dsm/updates-to-dsm/updates-to-dsm-5-tr-criteria-text,Psychiatry.org - Updates to DSM-5-TR Criteria and Text,"Download the DSM-5-TR Update: Supplement to the Diagnostic and Statistical Manual of Mental Disorders, Fifth Edition, September 2024 Text Revision here (.pdf).",https://www.psychiatry.org/getmedia/2ed086b0-ec88-42ec-aa0e-f442e4af74e6/APA-DSM5TR-Update-September-2024.pdf,https://www.psychiatry.org/getmedia/2ed086b0-ec88-42ec-aa0e-f442e4af74e6/APA-DSM5TR-Update-September-2024.pdf,application/pdf,9fc01a6b8d_APA-DSM5TR-Update-September-2024.pdf,/Users/jm/Psychiatry-Clerkship-Library/13_Faculty_Resources/APA_Downloads_2026-06-29/files/9fc01a6b8d_APA-DSM5TR-Update-September-2024.pdf,1098293,9fc01a6b8d8df8aab8ee9b457386d3efc98f78a4e0b0a199faffc3470eac78f7
Collaborative and integrated care,https://www.psychiatry.org/psychiatrists/practice/professional-interests/collaborative-care/implement/program-highlights,Psychiatry.org - Program Highlights,Download,https://www.psychiatry.org/getmedia/216b2b63-3bcc-4c2c-b390-48a21d3bbec2/APA-APM-Dissemination-Integrated-Care-Report.pdf,https://www.psychiatry.org/getmedia/216b2b63-3bcc-4c2c-b390-48a21d3bbec2/APA-APM-Dissemination-Integrated-Care-Report.pdf,application/pdf,327523e4a4_APA-APM-Dissemination-Integrated-Care-Report.pdf,/Users/jm/Psychiatry-Clerkship-Library/13_Faculty_Resources/APA_Downloads_2026-06-29/files/327523e4a4_APA-APM-Dissemination-Integrated-Care-Report.pdf,1430097,327523e4a4e0176a6b8feea66961701e909979c880310df73275af808c38d8b1
Collaborative and integrated care,https://www.psychiatry.org/psychiatrists/practice/professional-interests/collaborative-care/implement,Psychiatry.org - Implement,The Practice and Billing Toolkit (.pdf),https://www.psychiatry.org/getmedia/bf8ba668-0db4-40af-9dbf-bc85b33409e1/APA-CoCM-Practice-and-Billing-Toolkit.pdf,https://www.psychiatry.org/getmedia/bf8ba668-0db4-40af-9dbf-bc85b33409e1/APA-CoCM-Practice-and-Billing-Toolkit.pdf,application/pdf,30222b0666_APA-CoCM-Practice-and-Billing-Toolkit.pdf,/Users/jm/Psychiatry-Clerkship-Library/13_Faculty_Resources/APA_Downloads_2026-06-29/files/30222b0666_APA-CoCM-Practice-and-Billing-Toolkit.pdf,766193,30222b066604c543a133bfb40211cf1a7171ec283dd7f8a8d21f36be70dacf5f
Collaborative and integrated care,https://www.psychiatry.org/psychiatrists/practice/professional-interests/collaborative-care/implement/special-populations,Psychiatry.org - Special Populations,Treating the Pediatric Population in the Collaborative Care Model (.pdf),https://www.psychiatry.org/getmedia/0a4609b8-2b12-4df2-b8ab-eca0fa103fe2/APA-Treating-Pediatric-in-the-CoCM-Guide.pdf,https://www.psychiatry.org/getmedia/0a4609b8-2b12-4df2-b8ab-eca0fa103fe2/APA-Treating-Pediatric-in-the-CoCM-Guide.pdf,application/pdf,3957bcb1a7_APA-Treating-Pediatric-in-the-CoCM-Guide.pdf,/Users/jm/Psychiatry-Clerkship-Library/13_Faculty_Resources/APA_Downloads_2026-06-29/files/3957bcb1a7_APA-Treating-Pediatric-in-the-CoCM-Guide.pdf,127503,3957bcb1a7bbd668a851f8d36cca2a6148609f17693db5582247d63dad7baf3e
Collaborative and integrated care,https://www.psychiatry.org/psychiatrists/practice/professional-interests/collaborative-care/implement/special-populations,Psychiatry.org - Special Populations,Treating the Geriatric Population in the Collaborative Care Model (.pdf),https://www.psychiatry.org/getmedia/543bc62d-4040-4d98-8380-ba13af30b3fe/APA-Treating-Geriatric-in-the-CoCM-Guide.pdf,https://www.psychiatry.org/getmedia/543bc62d-4040-4d98-8380-ba13af30b3fe/APA-Treating-Geriatric-in-the-CoCM-Guide.pdf,application/pdf,42dad4eefd_APA-Treating-Geriatric-in-the-CoCM-Guide.pdf,/Users/jm/Psychiatry-Clerkship-Library/13_Faculty_Resources/APA_Downloads_2026-06-29/files/42dad4eefd_APA-Treating-Geriatric-in-the-CoCM-Guide.pdf,110100,42dad4eefdad61ad5c384b735ab1f255faec50788f89130401bb43b4335c524f
DSM fact sheets and diagnostic education,https://www.psychiatry.org/psychiatrists/practice/dsm/updates-to-dsm/updates-to-dsm-5-tr-criteria-text,Psychiatry.org - Updates to DSM-5-TR Criteria and Text,"Download the DSM-5-TR Update: Supplement to the Diagnostic and Statistical Manual of Mental Disorders, Fifth Edition, September 2022 Text Revision here (.pdf).",https://www.psychiatry.org/getmedia/304e9a98-ca5c-4e04-97d7-30b4756705eb/APA-DSM5TR-Update-September-2022.pdf,https://www.psychiatry.org/getmedia/304e9a98-ca5c-4e04-97d7-30b4756705eb/APA-DSM5TR-Update-September-2022.pdf,application/pdf,d518588840_APA-DSM5TR-Update-September-2022.pdf,/Users/jm/Psychiatry-Clerkship-Library/13_Faculty_Resources/APA_Downloads_2026-06-29/files/d518588840_APA-DSM5TR-Update-September-2022.pdf,722388,d5185888403e9e342cd03f36adedbf6c420c60ac65eda2aeaa94cd5a64ae6995
DSM fact sheets and diagnostic education,https://www.psychiatry.org/psychiatrists/practice/dsm/updates-to-dsm/updates-to-dsm-5-tr-criteria-text,Psychiatry.org - Updates to DSM-5-TR Criteria and Text,"Download the DSM-5-TR Update: Supplement to the Diagnostic and Statistical Manual of Mental Disorders, Fifth Edition, September 2023 Text Revision here (.pdf).",https://www.psychiatry.org/getmedia/eecccfbe-91de-4171-b7ba-8d6c1aae3d11/APA-DSM5TR-Update-September-2023.pdf,https://www.psychiatry.org/getmedia/eecccfbe-91de-4171-b7ba-8d6c1aae3d11/APA-DSM5TR-Update-September-2023.pdf,application/pdf,a9577940e7_APA-DSM5TR-Update-September-2023.pdf,/Users/jm/Psychiatry-Clerkship-Library/13_Faculty_Resources/APA_Downloads_2026-06-29/files/a9577940e7_APA-DSM5TR-Update-September-2023.pdf,807441,a9577940e7033975b739f78577b7b84e02324f4b74204c54f646241042d53242
Collaborative and integrated care,https://www.psychiatry.org/psychiatrists/practice/professional-interests/integrated-care/implementing-integrated-care,Psychiatry.org - Implementing Integrated Care,Click here to view slides (.pptx),https://www.psychiatry.org/getmedia/a004d45a-cfae-4fc7-9187-13d9290465f4/APA-Presentation-Final-Asynchronous-Screening.pptx,https://www.psychiatry.org/getmedia/a004d45a-cfae-4fc7-9187-13d9290465f4/APA-Presentation-Final-Asynchronous-Screening.pptx,application/vnd.openxmlformats-officedocument.presentationml.presentation,7ffb7f5189_APA-Presentation-Final-Asynchronous-Screening.pptx,/Users/jm/Psychiatry-Clerkship-Library/13_Faculty_Resources/APA_Downloads_2026-06-29/files/7ffb7f5189_APA-Presentation-Final-Asynchronous-Screening.pptx,1720127,7ffb7f51891f3e996939267d683c052424a66bbaff4b0cf0616be33da073a22b
Collaborative and integrated care,https://www.psychiatry.org/psychiatrists/practice/professional-interests/collaborative-care/implement/special-populations,Psychiatry.org - Special Populations,Treating Substance Use Disorders in the Collaborative Care Model,https://www.psychiatry.org/getmedia/af67fee7-a1d2-44c3-bce6-e811631ac57b/APA-Treating-SUD-in-the-CoCM-Guide.pdf,https://www.psychiatry.org/getmedia/af67fee7-a1d2-44c3-bce6-e811631ac57b/APA-Treating-SUD-in-the-CoCM-Guide.pdf,application/pdf,98ffc2b8ab_APA-Treating-SUD-in-the-CoCM-Guide.pdf,/Users/jm/Psychiatry-Clerkship-Library/13_Faculty_Resources/APA_Downloads_2026-06-29/files/98ffc2b8ab_APA-Treating-SUD-in-the-CoCM-Guide.pdf,105061,98ffc2b8ab45d6952bb5b1375ff0830f3934651ff65213521ad590781bfa7e14
Collaborative and integrated care,https://www.psychiatry.org/psychiatrists/practice/professional-interests/collaborative-care/implement/special-populations,Psychiatry.org - Special Populations,Treating the Perinatal Population in the Collaborative Care Model (.pdf),https://www.psychiatry.org/getmedia/e2eafc40-965c-4a72-b206-50b458c35e16/APA-Treating-Perinatal-in-the-CoCM-Guide.pdf,https://www.psychiatry.org/getmedia/e2eafc40-965c-4a72-b206-50b458c35e16/APA-Treating-Perinatal-in-the-CoCM-Guide.pdf,application/pdf,d15631060f_APA-Treating-Perinatal-in-the-CoCM-Guide.pdf,/Users/jm/Psychiatry-Clerkship-Library/13_Faculty_Resources/APA_Downloads_2026-06-29/files/d15631060f_APA-Treating-Perinatal-in-the-CoCM-Guide.pdf,123424,d15631060f64faaebdd133d90067588874036bd5e92e6856a17ff278075afd1a
Collaborative and integrated care,https://www.psychiatry.org/psychiatrists/practice/professional-interests/integrated-care/improving-access-educating-medical-professionals,Psychiatry.org - Improving Access and Educating Medical Professionals,patient pamphlet (.pdf),https://www.psychiatry.org/getmedia/a6e4ee2a-a99b-4c39-b1e6-a758ffed8fc6/APA-Patient-Pamphlet-Interprofessional-Health-Record-Consultations-Codes.pdf,https://www.psychiatry.org/getmedia/a6e4ee2a-a99b-4c39-b1e6-a758ffed8fc6/APA-Patient-Pamphlet-Interprofessional-Health-Record-Consultations-Codes.pdf,application/pdf,541821ee8c_APA-Patient-Pamphlet-Interprofessional-Health-Record-Consultations-Codes.pdf,/Users/jm/Psychiatry-Clerkship-Library/13_Faculty_Resources/APA_Downloads_2026-06-29/files/541821ee8c_APA-Patient-Pamphlet-Interprofessional-Health-Record-Consultations-Codes.pdf,478125,541821ee8c171927dfacd20e628932f74c034bcc991507a509418070c210c16c
Perinatal mental health,https://www.psychiatry.org/psychiatrists/practice/professional-interests/women-s-mental-health/maternal-mental-health-toolkit,Psychiatry.org - Perinatal Mental Health Toolkit,Perinatal Mental and Substance Use Disorders (.pdf),https://www.psychiatry.org/getmedia/344c26e2-cdf5-47df-a5d7-a2d444fc1923/APA-CDC-Perinatal-Mental-and-Substance-Use-Disorders-Whitepaper.pdf,https://www.psychiatry.org/getmedia/344c26e2-cdf5-47df-a5d7-a2d444fc1923/APA-CDC-Perinatal-Mental-and-Substance-Use-Disorders-Whitepaper.pdf,application/pdf,6abc2c3b57_APA-CDC-Perinatal-Mental-and-Substance-Use-Disorders-Whitepaper.pdf,/Users/jm/Psychiatry-Clerkship-Library/13_Faculty_Resources/APA_Downloads_2026-06-29/files/6abc2c3b57_APA-CDC-Perinatal-Mental-and-Substance-Use-Disorders-Whitepaper.pdf,1725955,6abc2c3b57de7592f6c26e4cef901fe3ba0064aac13c1f50970146c06f26a18f
Perinatal mental health,https://www.psychiatry.org/psychiatrists/practice/professional-interests/women-s-mental-health/maternal-mental-health-toolkit,Psychiatry.org - Perinatal Mental Health Toolkit,Persons Who Want to Get Pregnant (.pdf),https://www.psychiatry.org/getmedia/fc35b9d5-153e-4e0d-9778-cc03382970b4/APA-CDC-NonPrescribing-Practitioners-Facts-Persons-Who-Want-To-Get-Pregnant.pdf,https://www.psychiatry.org/getmedia/fc35b9d5-153e-4e0d-9778-cc03382970b4/APA-CDC-NonPrescribing-Practitioners-Facts-Persons-Who-Want-To-Get-Pregnant.pdf,application/pdf,80d51d8756_APA-CDC-NonPrescribing-Practitioners-Facts-Persons-Who-Want-To-Get-Pregnant.pdf,/Users/jm/Psychiatry-Clerkship-Library/13_Faculty_Resources/APA_Downloads_2026-06-29/files/80d51d8756_APA-CDC-NonPrescribing-Practitioners-Facts-Persons-Who-Want-To-Get-Pregnant.pdf,241819,80d51d8756fe5b3e9707ec0af9684a8c4b8db243ff00215db06135cdd538832b
Perinatal mental health,https://www.psychiatry.org/psychiatrists/practice/professional-interests/women-s-mental-health/maternal-mental-health-toolkit,Psychiatry.org - Perinatal Mental Health Toolkit,Pregnant and Postpartum Persons (.pdf),https://www.psychiatry.org/getmedia/6a748f6e-f955-4057-b814-f38fbc0127cd/APA-CDC-NonPrescribing-Practitioners-Facts-Pregnant-Postpartum-Persons.pdf,https://www.psychiatry.org/getmedia/6a748f6e-f955-4057-b814-f38fbc0127cd/APA-CDC-NonPrescribing-Practitioners-Facts-Pregnant-Postpartum-Persons.pdf,application/pdf,7778ff9914_APA-CDC-NonPrescribing-Practitioners-Facts-Pregnant-Postpartum-Persons.pdf,/Users/jm/Psychiatry-Clerkship-Library/13_Faculty_Resources/APA_Downloads_2026-06-29/files/7778ff9914_APA-CDC-NonPrescribing-Practitioners-Facts-Pregnant-Postpartum-Persons.pdf,114336,7778ff99140a036fa4a8d83967e5b015f2203051f3e812b67a5b79ce149175ef
Perinatal mental health,https://www.psychiatry.org/psychiatrists/practice/professional-interests/women-s-mental-health/maternal-mental-health-toolkit,Psychiatry.org - Perinatal Mental Health Toolkit,Pregnant and Postpartum Persons (.pdf),https://www.psychiatry.org/getmedia/c5cf4b96-df9e-4eea-9637-c2d02f581fae/APA-CDC-Prescribing-Practitioners-Facts-Pregnant-Postpartum-Persons.pdf,https://www.psychiatry.org/getmedia/c5cf4b96-df9e-4eea-9637-c2d02f581fae/APA-CDC-Prescribing-Practitioners-Facts-Pregnant-Postpartum-Persons.pdf,application/pdf,dca998f6c5_APA-CDC-Prescribing-Practitioners-Facts-Pregnant-Postpartum-Persons.pdf,/Users/jm/Psychiatry-Clerkship-Library/13_Faculty_Resources/APA_Downloads_2026-06-29/files/dca998f6c5_APA-CDC-Prescribing-Practitioners-Facts-Pregnant-Postpartum-Persons.pdf,238862,dca998f6c5d91e42be59fdf4b19d634dc59f3dcaa0afb12ac88f1d21d7708df6
Collaborative and integrated care,https://www.psychiatry.org/psychiatrists/practice/professional-interests/integrated-care/improving-access-educating-medical-professionals,Psychiatry.org - Improving Access and Educating Medical Professionals,APA's Interprofessional Telephone/Internet/Electronic Health Record Consultation Codes (.pdf),https://www.psychiatry.org/getmedia/c50b024d-14b6-4278-ae9c-bc6b45714837/APA-Billing-Guide-Interprofessional-Health-Record-Consultations-Codes.pdf,https://www.psychiatry.org/getmedia/c50b024d-14b6-4278-ae9c-bc6b45714837/APA-Billing-Guide-Interprofessional-Health-Record-Consultations-Codes.pdf,application/pdf,fd85048a8a_APA-Billing-Guide-Interprofessional-Health-Record-Consultations-Codes.pdf,/Users/jm/Psychiatry-Clerkship-Library/13_Faculty_Resources/APA_Downloads_2026-06-29/files/fd85048a8a_APA-Billing-Guide-Interprofessional-Health-Record-Consultations-Codes.pdf,142423,fd85048a8ab57f9f1385389d4e0cee40b10a68b53884229ab24b252080733b24
Telepsychiatry and digital care,https://www.psychiatry.org/psychiatrists/practice/telepsychiatry,Psychiatry.org - Telepsychiatry,Comparison of Telehealth Provisions During & After the Public Health Emergency (.pdf),https://www.psychiatry.org/getmedia/03557044-ee75-4a8c-99cf-f5bd9ba01518/APA-Telehealth-Provisions-Before-After-PHE-Comparison.pdf,https://www.psychiatry.org/getmedia/03557044-ee75-4a8c-99cf-f5bd9ba01518/APA-Telehealth-Provisions-Before-After-PHE-Comparison.pdf,application/pdf,493366821a_APA-Telehealth-Provisions-Before-After-PHE-Comparison.pdf,/Users/jm/Psychiatry-Clerkship-Library/13_Faculty_Resources/APA_Downloads_2026-06-29/files/493366821a_APA-Telehealth-Provisions-Before-After-PHE-Comparison.pdf,159336,493366821a0da633aa8492de463e5c256d456620d9d8f618ace9d0a5fb0262a9
Perinatal mental health,https://www.psychiatry.org/psychiatrists/practice/professional-interests/women-s-mental-health/maternal-mental-health-toolkit,Psychiatry.org - Perinatal Mental Health Toolkit,Persons Who Want to Get Pregnant (.pdf),https://www.psychiatry.org/getmedia/c12ce5df-7a3e-4e25-a288-579e26c02831/APA-CDC-Prescribing-Practitioners-Facts-Persons-Who-Want-To-Get-Pregnant.pdf,https://www.psychiatry.org/getmedia/c12ce5df-7a3e-4e25-a288-579e26c02831/APA-CDC-Prescribing-Practitioners-Facts-Persons-Who-Want-To-Get-Pregnant.pdf,application/pdf,0683fa6448_APA-CDC-Prescribing-Practitioners-Facts-Persons-Who-Want-To-Get-Pregnant.pdf,/Users/jm/Psychiatry-Clerkship-Library/13_Faculty_Resources/APA_Downloads_2026-06-29/files/0683fa6448_APA-CDC-Prescribing-Practitioners-Facts-Persons-Who-Want-To-Get-Pregnant.pdf,110202,0683fa64486bbea6ccc620966a51dd6512cb5c37dad1ba491ba79ea0c82b6f63
Telepsychiatry and digital care,https://www.psychiatry.org/psychiatrists/practice/telepsychiatry,Psychiatry.org - Telepsychiatry,Digital Mental Health 101: Clinician Quick-Start Brief (.pdf),https://www.psychiatry.org/getmedia/4b9a7fef-e966-4804-8e44-ff697fe73dad/APA-Digital-Mental-Health-101-One-Pager.pdf,https://www.psychiatry.org/getmedia/4b9a7fef-e966-4804-8e44-ff697fe73dad/APA-Digital-Mental-Health-101-One-Pager.pdf,application/pdf,f16868bbb1_APA-Digital-Mental-Health-101-One-Pager.pdf,/Users/jm/Psychiatry-Clerkship-Library/13_Faculty_Resources/APA_Downloads_2026-06-29/files/f16868bbb1_APA-Digital-Mental-Health-101-One-Pager.pdf,170568,f16868bbb1acd0941a83c0b63934cc89ef7374f89c580871def2148588088e44
Telepsychiatry and digital care,https://www.psychiatry.org/psychiatrists/practice/telepsychiatry/toolkit/best-practices,Psychiatry.org - Telepsychiatry Best Practices,"College Mental Health, Telepsychiatry: Best Practices, Policy Considerations & COVID-19",https://www.psychiatry.org/File Library/Psychiatrists/Practice/Telepsychiatry/APA-College-Mental-Health-Telepsychiatry-COVID-19.pdf,https://www.psychiatry.org/File%20Library/Psychiatrists/Practice/Telepsychiatry/APA-College-Mental-Health-Telepsychiatry-COVID-19.pdf,application/pdf,420d10ca0b_APA-College-Mental-Health-Telepsychiatry-COVID-19.pdf,/Users/jm/Psychiatry-Clerkship-Library/13_Faculty_Resources/APA_Downloads_2026-06-29/files/420d10ca0b_APA-College-Mental-Health-Telepsychiatry-COVID-19.pdf,166395,420d10ca0b64cdb800a5ce40d1953bcfbbe268cb096422820a94b7957bb511aa
Telepsychiatry and digital care,https://www.psychiatry.org/psychiatrists/practice/telepsychiatry/toolkit/best-practices,Psychiatry.org - Telepsychiatry Best Practices,A brief presentation based on the Best Practices document.,https://www.psychiatry.org/File Library/Psychiatrists/Practice/Telepsychiatry/MHLGAPA-ATA-Best-Practices-in-Videoconferencing-Based-Telemental-Health.pdf,https://www.psychiatry.org/File%20Library/Psychiatrists/Practice/Telepsychiatry/MHLGAPA-ATA-Best-Practices-in-Videoconferencing-Based-Telemental-Health.pdf,application/pdf,9783809596_MHLGAPA-ATA-Best-Practices-in-Videoconferencing-Based-Telemental-Health.pdf,/Users/jm/Psychiatry-Clerkship-Library/13_Faculty_Resources/APA_Downloads_2026-06-29/files/9783809596_MHLGAPA-ATA-Best-Practices-in-Videoconferencing-Based-Telemental-Health.pdf,290423,9783809596ef0157ed460c4d813b97d07bdd38cbbccdb480c035f57c17aeb2aa
Telepsychiatry and digital care,https://www.psychiatry.org/psychiatrists/practice/telepsychiatry/toolkit/best-practices,Psychiatry.org - Telepsychiatry Best Practices,Best Practices in Videoconferencing-Based Telemental Health,https://www.psychiatry.org/File Library/Psychiatrists/Practice/Telepsychiatry/APA-ATA-Best-Practices-in-Videoconferencing-Based-Telemental-Health.pdf,https://www.psychiatry.org/File%20Library/Psychiatrists/Practice/Telepsychiatry/APA-ATA-Best-Practices-in-Videoconferencing-Based-Telemental-Health.pdf,application/pdf,afa328b7c2_APA-ATA-Best-Practices-in-Videoconferencing-Based-Telemental-Health.pdf,/Users/jm/Psychiatry-Clerkship-Library/13_Faculty_Resources/APA_Downloads_2026-06-29/files/afa328b7c2_APA-ATA-Best-Practices-in-Videoconferencing-Based-Telemental-Health.pdf,233259,afa328b7c2b93920981092ac65c94860b5a91c359c18f274253dfe5bfd840835
Telepsychiatry and digital care,https://www.psychiatry.org/psychiatrists/practice/telepsychiatry/toolkit/telepsychiatry-malpractice-issues,Psychiatry.org - Telepsychiatry Malpractice Issues,APA Resource Document on Telepsychiatry and Related Technologies in Clinical Psychiatry,https://www.psychiatry.org/File%20Library/Psychiatrists/Directories/Library-and-Archive/resource_documents/Resource-2014-Telepsychiatry-Clinical-Psychiatry.pdf,https://www.psychiatry.org/File%20Library/Psychiatrists/Directories/Library-and-Archive/resource_documents/Resource-2014-Telepsychiatry-Clinical-Psychiatry.pdf,application/pdf,3326631fd8_Resource-2014-Telepsychiatry-Clinical-Psychiatry.pdf,/Users/jm/Psychiatry-Clerkship-Library/13_Faculty_Resources/APA_Downloads_2026-06-29/files/3326631fd8_Resource-2014-Telepsychiatry-Clinical-Psychiatry.pdf,287163,3326631fd8dd10840abdc0bb95d75dabf66469d209b6e7aeaf53964c4d1f4dab
Telepsychiatry and digital care,https://www.psychiatry.org/psychiatrists/practice/telepsychiatry/toolkit/clinical-and-therapeutic-treatment-modalities,Psychiatry.org - Clinical and Therapeutic Treatment Modalities,"College Mental Health, Telepsychiatry: Best Practices, Policy Considerations & COVID-19 (.pdf)",https://www.psychiatry.org/File%20Library/Psychiatrists/Practice/Telepsychiatry/APA-College-Mental-Health-Telepsychiatry-COVID-19.pdf,https://www.psychiatry.org/File%20Library/Psychiatrists/Practice/Telepsychiatry/APA-College-Mental-Health-Telepsychiatry-COVID-19.pdf,application/pdf,420d10ca0b_APA-College-Mental-Health-Telepsychiatry-COVID-19.pdf,/Users/jm/Psychiatry-Clerkship-Library/13_Faculty_Resources/APA_Downloads_2026-06-29/files/420d10ca0b_APA-College-Mental-Health-Telepsychiatry-COVID-19.pdf,166395,420d10ca0b64cdb800a5ce40d1953bcfbbe268cb096422820a94b7957bb511aa
Medical student and resident development,https://www.psychiatry.org/residents-medical-students/medical-students/building-a-career-in-psychiatry,Psychiatry.org - Building a Career in Psychiatry,Part 1: Medical School and Residency,https://www.psychiatry.org/File Library/Residents-MedicalStudents/Residents/Private/Building_A_Career_In_Psychiatry_Part1.pdf,https://www.psychiatry.org/File%20Library/Residents-MedicalStudents/Residents/Private/Building_A_Career_In_Psychiatry_Part1.pdf,application/pdf,96203f84bf_Building_A_Career_In_Psychiatry_Part1.pdf,/Users/jm/Psychiatry-Clerkship-Library/13_Faculty_Resources/APA_Downloads_2026-06-29/files/96203f84bf_Building_A_Career_In_Psychiatry_Part1.pdf,3021090,96203f84bfa38c0bcad93e21a18d6e5a08ad2e55b7e110be88f7e67bcda4e1f5
Medical student and resident development,https://www.psychiatry.org/residents-medical-students/medical-students/building-a-career-in-psychiatry,Psychiatry.org - Building a Career in Psychiatry,Table of Contents,https://www.psychiatry.org/File Library/Residents-MedicalStudents/Residents/Building_A_Career_In_Psychiatry_TableContents.pdf,https://www.psychiatry.org/File%20Library/Residents-MedicalStudents/Residents/Building_A_Career_In_Psychiatry_TableContents.pdf,application/pdf,d32f6d717c_Building_A_Career_In_Psychiatry_TableContents.pdf,/Users/jm/Psychiatry-Clerkship-Library/13_Faculty_Resources/APA_Downloads_2026-06-29/files/d32f6d717c_Building_A_Career_In_Psychiatry_TableContents.pdf,273030,d32f6d717cb79c4a98d687fc76bd9ab1fa566ce65e46e20e005e3242a9118cec
Medical student and resident development,https://www.psychiatry.org/residents-medical-students/medical-students/building-a-career-in-psychiatry,Psychiatry.org - Building a Career in Psychiatry,Part 2: Transitioning to Practice,https://www.psychiatry.org/File Library/Residents-MedicalStudents/Residents/Private/Building_A_Career_In_Psychiatry_Part2.pdf,https://www.psychiatry.org/File%20Library/Residents-MedicalStudents/Residents/Private/Building_A_Career_In_Psychiatry_Part2.pdf,application/pdf,4d96415920_Building_A_Career_In_Psychiatry_Part2.pdf,/Users/jm/Psychiatry-Clerkship-Library/13_Faculty_Resources/APA_Downloads_2026-06-29/files/4d96415920_Building_A_Career_In_Psychiatry_Part2.pdf,3392132,4d96415920473fa018f35a294e800b8b3006a43df3aa6ea5f377b12db1f7a4c7
Medical student and resident development,https://www.psychiatry.org/residents-medical-students/medical-students/apply-for-psychiatric-residency,Psychiatry.org - Apply for Psychiatric Residency,Download Now (.pdf),https://www.psychiatry.org/getmedia/b7007db1-b815-45fa-93bd-1f1eaf3dff99/APA-Roadmap-to-Psychiatric-Residency.pdf,https://www.psychiatry.org/getmedia/b7007db1-b815-45fa-93bd-1f1eaf3dff99/APA-Roadmap-to-Psychiatric-Residency.pdf,application/pdf,142b8a2772_APA-Roadmap-to-Psychiatric-Residency.pdf,/Users/jm/Psychiatry-Clerkship-Library/13_Faculty_Resources/APA_Downloads_2026-06-29/files/142b8a2772_APA-Roadmap-to-Psychiatric-Residency.pdf,4147974,142b8a27727d96ee5163a2d0fab090765426ffa5b653f47a9296b195e3b703d9
Telepsychiatry and digital care,https://www.psychiatry.org/psychiatrists/practice/telepsychiatry,Psychiatry.org - Telepsychiatry,Best Practices in Videoconferencing-Based Telemental Health (.pdf),https://www.psychiatry.org/getmedia/49f487ae-7b83-416a-8812-b2b25c717f6a/Resource-Document-Telemental-Health-Best-Practices.pdf,https://www.psychiatry.org/getmedia/49f487ae-7b83-416a-8812-b2b25c717f6a/Resource-Document-Telemental-Health-Best-Practices.pdf,application/pdf,a7fd2a24b1_Resource-Document-Telemental-Health-Best-Practices.pdf,/Users/jm/Psychiatry-Clerkship-Library/13_Faculty_Resources/APA_Downloads_2026-06-29/files/a7fd2a24b1_Resource-Document-Telemental-Health-Best-Practices.pdf,444052,a7fd2a24b1dd379c5d792c882069cb1ca10b85576a89cdb4200661257186fdd1
Medical student and resident development,https://www.psychiatry.org/residents-medical-students/medical-students/medical-student-programs/future-leaders-in-psychiatry-program,Psychiatry.org - Future Leaders in Psychiatry Program (FLIPP),2024-2025 Cohort (.pdf),https://www.psychiatry.org/getmedia/e9afd1dc-e8a7-414b-9b79-448d4c2c894e/APA-SAMHSA-FLIPP-Cohort-2024-2025.pdf,https://www.psychiatry.org/getmedia/e9afd1dc-e8a7-414b-9b79-448d4c2c894e/APA-SAMHSA-FLIPP-Cohort-2024-2025.pdf,application/pdf,5c2b94faeb_APA-SAMHSA-FLIPP-Cohort-2024-2025.pdf,/Users/jm/Psychiatry-Clerkship-Library/13_Faculty_Resources/APA_Downloads_2026-06-29/files/5c2b94faeb_APA-SAMHSA-FLIPP-Cohort-2024-2025.pdf,7629327,5c2b94faebabf3f026ba009a879a8d4192b78fcbd4529782e3030be509a8cff3
Medical student and resident development,https://www.psychiatry.org/residents-medical-students/medical-students/medical-student-programs/future-leaders-in-psychiatry-program,Psychiatry.org - Future Leaders in Psychiatry Program (FLIPP),2025-2026 Cohort (.pdf),https://www.psychiatry.org/getmedia/9a578c22-a19d-4feb-850a-75c3a4f93346/APA-SAMHSA-FLIPP-Cohort-2025-2026.pdf,https://www.psychiatry.org/getmedia/9a578c22-a19d-4feb-850a-75c3a4f93346/APA-SAMHSA-FLIPP-Cohort-2025-2026.pdf,application/pdf,e2afcaa203_APA-SAMHSA-FLIPP-Cohort-2025-2026.pdf,/Users/jm/Psychiatry-Clerkship-Library/13_Faculty_Resources/APA_Downloads_2026-06-29/files/e2afcaa203_APA-SAMHSA-FLIPP-Cohort-2025-2026.pdf,14184169,e2afcaa203d7c8aeb103c890155dffaba7f49aed7054895e3128e6fec8be13d5
Medical student and resident development,https://www.psychiatry.org/residents-medical-students/medical-students/medical-student-programs/rising-psychiatry-scholars-program,Psychiatry.org - Rising Psychiatry Scholars Program (RPSP),2025-2026 Cohort (.pdf),https://www.psychiatry.org/getmedia/f2c30a3f-5e86-4c44-9e78-29936352c436/APA-SAMHSA-RPSP-Cohort-2025-2026.pdf,https://www.psychiatry.org/getmedia/f2c30a3f-5e86-4c44-9e78-29936352c436/APA-SAMHSA-RPSP-Cohort-2025-2026.pdf,application/pdf,806e90c2f0_APA-SAMHSA-RPSP-Cohort-2025-2026.pdf,/Users/jm/Psychiatry-Clerkship-Library/13_Faculty_Resources/APA_Downloads_2026-06-29/files/806e90c2f0_APA-SAMHSA-RPSP-Cohort-2025-2026.pdf,2905004,806e90c2f0874c3953f70dfd94c7b235597ca92587454f213a4436181dfd493b
Medical student and resident development,https://www.psychiatry.org/residents-medical-students/medical-students/medical-student-programs/future-leaders-in-psychiatry-program,Psychiatry.org - Future Leaders in Psychiatry Program (FLIPP),2022-2023 Cohort (.pdf),https://www.psychiatry.org/getmedia/0f24d6bc-a3a6-4666-8fc8-9ebebf749e39/APA-SAMHSA-FLIPP-Cohort-2022-2023.pdf,https://www.psychiatry.org/getmedia/0f24d6bc-a3a6-4666-8fc8-9ebebf749e39/APA-SAMHSA-FLIPP-Cohort-2022-2023.pdf,application/pdf,42c059ffca_APA-SAMHSA-FLIPP-Cohort-2022-2023.pdf,/Users/jm/Psychiatry-Clerkship-Library/13_Faculty_Resources/APA_Downloads_2026-06-29/files/42c059ffca_APA-SAMHSA-FLIPP-Cohort-2022-2023.pdf,9072363,42c059ffca2d95ae839372b4491ff6fd9d320e24ebf4a03c382e1ed8fbbf00a4
Medical student and resident development,https://www.psychiatry.org/residents-medical-students/medical-students/medical-student-programs/samhsa-summer-medical-student-program,Psychiatry.org - Emerging Psychiatrists Program (EPP),2023 Cohort (.pdf),https://www.psychiatry.org/getmedia/f3650f17-6ebb-430e-966a-e74f570d66a1/APA-SAMHSA-SMSP-Cohort-2023.pdf,https://www.psychiatry.org/getmedia/f3650f17-6ebb-430e-966a-e74f570d66a1/APA-SAMHSA-SMSP-Cohort-2023.pdf,application/pdf,b8497291ce_APA-SAMHSA-SMSP-Cohort-2023.pdf,/Users/jm/Psychiatry-Clerkship-Library/13_Faculty_Resources/APA_Downloads_2026-06-29/files/b8497291ce_APA-SAMHSA-SMSP-Cohort-2023.pdf,9024272,b8497291cec0bc4fc8d0e15944fdeed049ac1424e9ed120b19cf692f8c4df782
Medical student and resident development,https://www.psychiatry.org/residents-medical-students/medical-students/medical-student-programs/future-leaders-in-psychiatry-program,Psychiatry.org - Future Leaders in Psychiatry Program (FLIPP),2023-2024 Cohort (.pdf),https://www.psychiatry.org/getmedia/5ead698c-7a6f-4d01-930c-2ea8a6c73a45/APA-SAMHSA-FLIPP-Cohort-2023-2024.pdf,https://www.psychiatry.org/getmedia/5ead698c-7a6f-4d01-930c-2ea8a6c73a45/APA-SAMHSA-FLIPP-Cohort-2023-2024.pdf,application/pdf,4638b713c1_APA-SAMHSA-FLIPP-Cohort-2023-2024.pdf,/Users/jm/Psychiatry-Clerkship-Library/13_Faculty_Resources/APA_Downloads_2026-06-29/files/4638b713c1_APA-SAMHSA-FLIPP-Cohort-2023-2024.pdf,7080926,4638b713c1ae88669ae2d934db9fa2cbecad627c76fc8894af41bc547e55a790
Medical student and resident development,https://www.psychiatry.org/residents-medical-students/medical-students/medical-student-programs/samhsa-summer-medical-student-program,Psychiatry.org - Emerging Psychiatrists Program (EPP),2024 Cohort (.pdf),https://www.psychiatry.org/getmedia/70a9c07b-3411-458b-b1b9-6435a114a6d4/APA-SAMHSA-SMSP-Cohort-2024.pdf,https://www.psychiatry.org/getmedia/70a9c07b-3411-458b-b1b9-6435a114a6d4/APA-SAMHSA-SMSP-Cohort-2024.pdf,application/pdf,ee1507bcf7_APA-SAMHSA-SMSP-Cohort-2024.pdf,/Users/jm/Psychiatry-Clerkship-Library/13_Faculty_Resources/APA_Downloads_2026-06-29/files/ee1507bcf7_APA-SAMHSA-SMSP-Cohort-2024.pdf,18822214,ee1507bcf7eb661686d6bf2c49dd8817a55275201b810a8c48f69068f3d9e373
Medical student and resident development,https://www.psychiatry.org/residents-medical-students/residents,Psychiatry.org - Residents,Recommended Resources for Trainees (.pdf),https://www.psychiatry.org/getmedia/4500ed16-86a4-4da2-87ce-5d58d5b27985/Recommended-Ethics-Resources-for-Trainees.pdf,https://www.psychiatry.org/getmedia/4500ed16-86a4-4da2-87ce-5d58d5b27985/Recommended-Ethics-Resources-for-Trainees.pdf,application/pdf,e117a7c9c8_Recommended-Ethics-Resources-for-Trainees.pdf,/Users/jm/Psychiatry-Clerkship-Library/13_Faculty_Resources/APA_Downloads_2026-06-29/files/e117a7c9c8_Recommended-Ethics-Resources-for-Trainees.pdf,597760,e117a7c9c80888b073861a2789eab14eeda723580916b325509268a7063d9ef0
Medical student and resident development,https://www.psychiatry.org/residents-medical-students/residents,Psychiatry.org - Residents,Opinions Excerpts for Trainees and Early Career Psychiatrists (.pdf),https://www.psychiatry.org/getmedia/9c9bf52f-7952-49e4-a34f-b176014954b1/APA-Ethics-Committee-Opinions-Trainees-Early-Career-Psychiatrists.pdf,https://www.psychiatry.org/getmedia/9c9bf52f-7952-49e4-a34f-b176014954b1/APA-Ethics-Committee-Opinions-Trainees-Early-Career-Psychiatrists.pdf,application/pdf,a59f380b46_APA-Ethics-Committee-Opinions-Trainees-Early-Career-Psychiatrists.pdf,/Users/jm/Psychiatry-Clerkship-Library/13_Faculty_Resources/APA_Downloads_2026-06-29/files/a59f380b46_APA-Ethics-Committee-Opinions-Trainees-Early-Career-Psychiatrists.pdf,470586,a59f380b4672a4dc4a72011c4cd7c5b48027acc382c42102a89d541c508f300e
Medical student and resident development,https://www.psychiatry.org/residents-medical-students/medical-students/medical-student-programs/rising-psychiatry-scholars-program,Psychiatry.org - Rising Psychiatry Scholars Program (RPSP),2024-2025 Cohort (.pdf),https://www.psychiatry.org/getmedia/ee7db238-5aee-4db9-9e2b-8c63ffe0541b/APA-SAMHSA-RPSP-Cohort-2024-2025.pdf,https://www.psychiatry.org/getmedia/ee7db238-5aee-4db9-9e2b-8c63ffe0541b/APA-SAMHSA-RPSP-Cohort-2024-2025.pdf,application/pdf,5e63c1ee32_APA-SAMHSA-RPSP-Cohort-2024-2025.pdf,/Users/jm/Psychiatry-Clerkship-Library/13_Faculty_Resources/APA_Downloads_2026-06-29/files/5e63c1ee32_APA-SAMHSA-RPSP-Cohort-2024-2025.pdf,2828056,5e63c1ee32dbbcc3c4e563a31fd380c71dc66de48ea41dc8b730e0cdda453782
Medical student and resident development,https://www.psychiatry.org/residents-medical-students/medical-students/resident-fellow-census,Psychiatry.org - Resident-Fellow Census,Download the Census (.pdf),https://www.psychiatry.org/getmedia/d80438af-f760-40f3-9d33-f91309b09564/APA-Resident-Census-2022.pdf,https://www.psychiatry.org/getmedia/d80438af-f760-40f3-9d33-f91309b09564/APA-Resident-Census-2022.pdf,application/pdf,22c392088b_APA-Resident-Census-2022.pdf,/Users/jm/Psychiatry-Clerkship-Library/13_Faculty_Resources/APA_Downloads_2026-06-29/files/22c392088b_APA-Resident-Census-2022.pdf,7006433,22c392088b243c6f2e2d87215b8d50899d3ce45ed45507c3d4d464fe865dfa26
Medical student and resident development,https://www.psychiatry.org/residents-medical-students/residents,Psychiatry.org - Residents,A Primer of Online Resources on Structural Racism in Psychiatry for Medical Students & Trainees in Psychiatry (.pdf),https://www.psychiatry.org/File Library/Psychiatrists/APA-Primer-Online-Resources-on-Structural-Racism-for-Students-and-Trainees-in-Psychiatry.pdf,https://www.psychiatry.org/File%20Library/Psychiatrists/APA-Primer-Online-Resources-on-Structural-Racism-for-Students-and-Trainees-in-Psychiatry.pdf,application/pdf,fa197aabaa_APA-Primer-Online-Resources-on-Structural-Racism-for-Students-and-Trainees-in-Psychiatry.pdf,/Users/jm/Psychiatry-Clerkship-Library/13_Faculty_Resources/APA_Downloads_2026-06-29/files/fa197aabaa_APA-Primer-Online-Resources-on-Structural-Racism-for-Students-and-Trainees-in-Psychiatry.pdf,3017537,fa197aabaad5a42a949f98f4e412e2d03f5f25d83cbd761bcd1c66114bd9f32f
Medical student and resident development,https://www.psychiatry.org/residents-medical-students/medical-students/resident-fellow-census,Psychiatry.org - Resident-Fellow Census,2018 APA Resident-Fellow Census (.pdf),https://www.psychiatry.org/getmedia/af934fa7-c8de-45fc-b37c-988420e8b105/APA-Resident-Census-2018.pdf,https://www.psychiatry.org/getmedia/af934fa7-c8de-45fc-b37c-988420e8b105/APA-Resident-Census-2018.pdf,application/pdf,1bd0f26289_APA-Resident-Census-2018.pdf,/Users/jm/Psychiatry-Clerkship-Library/13_Faculty_Resources/APA_Downloads_2026-06-29/files/1bd0f26289_APA-Resident-Census-2018.pdf,1711314,1bd0f262896e89179b0f4b11d36827ddae1ba58ec4f7a94b83f93f0504d7a11c
Medical student and resident development,https://www.psychiatry.org/residents-medical-students/medical-students/resident-fellow-census,Psychiatry.org - Resident-Fellow Census,2020 APA Resident-Fellow Census (.pdf),https://www.psychiatry.org/getmedia/83395957-9a49-47f2-9c19-02c636f2a368/APA-Resident-Census-2020.pdf,https://www.psychiatry.org/getmedia/83395957-9a49-47f2-9c19-02c636f2a368/APA-Resident-Census-2020.pdf,application/pdf,6ed3f0ff52_APA-Resident-Census-2020.pdf,/Users/jm/Psychiatry-Clerkship-Library/13_Faculty_Resources/APA_Downloads_2026-06-29/files/6ed3f0ff52_APA-Resident-Census-2020.pdf,6763138,6ed3f0ff527dd685a3a9c2858e6264af27f20f5d74d8a7a409bf30dfaa101f1f
Medical student and resident development,https://www.psychiatry.org/residents-medical-students/medical-students/medical-student-programs/samhsa-summer-medical-student-program,Psychiatry.org - Emerging Psychiatrists Program (EPP),2026 Cohort (.pdf),https://www.psychiatry.org/getmedia/9955877d-5cc9-44e9-8964-07a57f0169b2/APA-SAMHSA-MFPEPP-Cohort-2026.pdf,https://www.psychiatry.org/getmedia/9955877d-5cc9-44e9-8964-07a57f0169b2/APA-SAMHSA-MFPEPP-Cohort-2026.pdf,application/pdf,e675f5782f_APA-SAMHSA-MFPEPP-Cohort-2026.pdf,/Users/jm/Psychiatry-Clerkship-Library/13_Faculty_Resources/APA_Downloads_2026-06-29/files/e675f5782f_APA-SAMHSA-MFPEPP-Cohort-2026.pdf,10290308,e675f5782f586b7f9ccd9a059cdb9f5622827cfd4bb82cfc12bc588f88b709a7
Medical student and resident development,https://www.psychiatry.org/residents-medical-students/residents/featured-publications,Psychiatry.org - Featured Publications for Residents,Part 1: Medical School and Residency (.pdf),https://www.psychiatry.org/getmedia/f922a4e3-4a65-4db7-9fc0-d9b2208832bb/APA-Building-a-Career-in-Psychiatry-Part1.pdf,https://www.psychiatry.org/getmedia/f922a4e3-4a65-4db7-9fc0-d9b2208832bb/APA-Building-a-Career-in-Psychiatry-Part1.pdf,application/pdf,96203f84bf_APA-Building-a-Career-in-Psychiatry-Part1.pdf,/Users/jm/Psychiatry-Clerkship-Library/13_Faculty_Resources/APA_Downloads_2026-06-29/files/96203f84bf_APA-Building-a-Career-in-Psychiatry-Part1.pdf,3021090,96203f84bfa38c0bcad93e21a18d6e5a08ad2e55b7e110be88f7e67bcda4e1f5
Medical student and resident development,https://www.psychiatry.org/residents-medical-students/medical-students/resident-fellow-census,Psychiatry.org - Resident-Fellow Census,2019 APA Resident-Fellow Census (.pdf),https://www.psychiatry.org/getmedia/4904930a-c552-4134-b01b-d938e3a14c48/APA-Resident-Census-2019.pdf,https://www.psychiatry.org/getmedia/4904930a-c552-4134-b01b-d938e3a14c48/APA-Resident-Census-2019.pdf,application/pdf,795980b5a4_APA-Resident-Census-2019.pdf,/Users/jm/Psychiatry-Clerkship-Library/13_Faculty_Resources/APA_Downloads_2026-06-29/files/795980b5a4_APA-Resident-Census-2019.pdf,4079896,795980b5a4c691a216db44c1fb62c09a7eb713c119c03b276bb513c3f3f294a5
Medical student and resident development,https://www.psychiatry.org/residents-medical-students/residents/featured-publications,Psychiatry.org - Featured Publications for Residents,Download (.pdf),https://www.psychiatry.org/getmedia/f01590ea-ef7a-4ef7-b5e6-a1db75279715/APA-Resident-Guide-Surviving-Psychiatric-Training.pdf,https://www.psychiatry.org/getmedia/f01590ea-ef7a-4ef7-b5e6-a1db75279715/APA-Resident-Guide-Surviving-Psychiatric-Training.pdf,application/pdf,edf3d0c9a0_APA-Resident-Guide-Surviving-Psychiatric-Training.pdf,/Users/jm/Psychiatry-Clerkship-Library/13_Faculty_Resources/APA_Downloads_2026-06-29/files/edf3d0c9a0_APA-Resident-Guide-Surviving-Psychiatric-Training.pdf,2301582,edf3d0c9a038601a518f30f2f9b0214ed159e1dd8d20f56d25be8578851bcad1
Medical student and resident development,https://www.psychiatry.org/residents-medical-students/residents/featured-publications,Psychiatry.org - Featured Publications for Residents,Download (.pdf),https://www.psychiatry.org/getmedia/29b7fd71-3aae-4c9f-8002-cf514fa258fa/APA-Resident-Fellow-Member-Handbook.pdf,https://www.psychiatry.org/getmedia/29b7fd71-3aae-4c9f-8002-cf514fa258fa/APA-Resident-Fellow-Member-Handbook.pdf,application/pdf,7661f7a520_APA-Resident-Fellow-Member-Handbook.pdf,/Users/jm/Psychiatry-Clerkship-Library/13_Faculty_Resources/APA_Downloads_2026-06-29/files/7661f7a520_APA-Resident-Fellow-Member-Handbook.pdf,2457230,7661f7a520dbd5f076b9a00c826493f8798dca0cad69b1e231eb1364adf87da8
Medical student and resident development,https://www.psychiatry.org/residents-medical-students/medical-students/medical-student-programs/samhsa-summer-medical-student-program,Psychiatry.org - Emerging Psychiatrists Program (EPP),2025 Cohort (.pdf),https://www.psychiatry.org/getmedia/418e2e8d-bfb4-4004-a923-cca59e3691db/APA-SAMHSA-SMSP-Cohort-2025.pdf,https://www.psychiatry.org/getmedia/418e2e8d-bfb4-4004-a923-cca59e3691db/APA-SAMHSA-SMSP-Cohort-2025.pdf,application/pdf,f9f3dc66e4_APA-SAMHSA-SMSP-Cohort-2025.pdf,/Users/jm/Psychiatry-Clerkship-Library/13_Faculty_Resources/APA_Downloads_2026-06-29/files/f9f3dc66e4_APA-SAMHSA-SMSP-Cohort-2025.pdf,10105999,f9f3dc66e44e4084e81d97a109cf2987d2cd42068869eecca3db9673355920d9
Medical student and resident development,https://www.psychiatry.org/residents-medical-students/residents/featured-publications,Psychiatry.org - Featured Publications for Residents,Table of Contents (.pdf),https://www.psychiatry.org/getmedia/b0c6afc8-7816-4c71-812a-c2fafa2a94e7/APA-Building-a-Career-in-Psychiatry-Table-of-Contents.pdf,https://www.psychiatry.org/getmedia/b0c6afc8-7816-4c71-812a-c2fafa2a94e7/APA-Building-a-Career-in-Psychiatry-Table-of-Contents.pdf,application/pdf,d32f6d717c_APA-Building-a-Career-in-Psychiatry-Table-of-Contents.pdf,/Users/jm/Psychiatry-Clerkship-Library/13_Faculty_Resources/APA_Downloads_2026-06-29/files/d32f6d717c_APA-Building-a-Career-in-Psychiatry-Table-of-Contents.pdf,273030,d32f6d717cb79c4a98d687fc76bd9ab1fa566ce65e46e20e005e3242a9118cec
Medical student and resident development,https://www.psychiatry.org/residents-medical-students/residents/fellowships/available-apa-apaf-fellowships/samhsa-minority-fellowship,Psychiatry.org - Vanguard Resident Fellowship,1974 - Present (.pdf),https://www.psychiatry.org/getmedia/d68bbfcf-6f9c-48c9-a37a-2c0336731ebe/APA-SAMHSA-RFP-Since-1974.pdf,https://www.psychiatry.org/getmedia/d68bbfcf-6f9c-48c9-a37a-2c0336731ebe/APA-SAMHSA-RFP-Since-1974.pdf,application/pdf,6907649538_APA-SAMHSA-RFP-Since-1974.pdf,/Users/jm/Psychiatry-Clerkship-Library/13_Faculty_Resources/APA_Downloads_2026-06-29/files/6907649538_APA-SAMHSA-RFP-Since-1974.pdf,339878,69076495387f59c1f8362f69d1cf28283687015e5689b309488f198b4e3a399a
Medical student and resident development,https://www.psychiatry.org/residents-medical-students/residents/fellowships/available-apa-apaf-fellowships/samhsa-minority-fellowship,Psychiatry.org - Vanguard Resident Fellowship,2023-2024 Cohort (.pdf),https://www.psychiatry.org/getmedia/c1732179-ac9c-4ccb-b867-8eafc2981ce1/APA-SAMHSA-RFP-Cohort-2023-2024.pdf,https://www.psychiatry.org/getmedia/c1732179-ac9c-4ccb-b867-8eafc2981ce1/APA-SAMHSA-RFP-Cohort-2023-2024.pdf,application/pdf,c003b4f2d6_APA-SAMHSA-RFP-Cohort-2023-2024.pdf,/Users/jm/Psychiatry-Clerkship-Library/13_Faculty_Resources/APA_Downloads_2026-06-29/files/c003b4f2d6_APA-SAMHSA-RFP-Cohort-2023-2024.pdf,6585687,c003b4f2d67602a089f12f2923a16a7b6cbafe40ec3721bfb1963edabac1af67
Medical student and resident development,https://www.psychiatry.org/residents-medical-students/residents/set-for-success,Psychiatry.org - SET for Success,View More,https://www.psychiatry.org/File%20Library/Residents-MedicalStudents/Residents/SET/SET-Syllabus.pdf,https://www.psychiatry.org/File%20Library/Residents-MedicalStudents/Residents/SET/SET-Syllabus.pdf,application/pdf,40887e4ab1_SET-Syllabus.pdf,/Users/jm/Psychiatry-Clerkship-Library/13_Faculty_Resources/APA_Downloads_2026-06-29/files/40887e4ab1_SET-Syllabus.pdf,803078,40887e4ab140d275b27fb06503e4b7037f6ce2880edde2989bef5cb89b14415e
Medical student and resident development,https://www.psychiatry.org/residents-medical-students/residents/fellowships/available-apa-apaf-fellowships/samhsa-minority-fellowship,Psychiatry.org - Vanguard Resident Fellowship,2025-2026 Cohort (.pdf).,https://www.psychiatry.org/getmedia/eb9815e3-18bb-41df-9fc5-b234a8f7b84c/APA-SAMHSA-RFP-Cohort-2025-2026.pdf,https://www.psychiatry.org/getmedia/eb9815e3-18bb-41df-9fc5-b234a8f7b84c/APA-SAMHSA-RFP-Cohort-2025-2026.pdf,application/pdf,132d90bc4f_APA-SAMHSA-RFP-Cohort-2025-2026.pdf,/Users/jm/Psychiatry-Clerkship-Library/13_Faculty_Resources/APA_Downloads_2026-06-29/files/132d90bc4f_APA-SAMHSA-RFP-Cohort-2025-2026.pdf,18431590,132d90bc4f27b8566c0af10e0591f86df0e0b4a6471e927f4d07a59f7f3ef576
Medical student and resident development,https://www.psychiatry.org/residents-medical-students/residents/featured-publications,Psychiatry.org - Featured Publications for Residents,Part 2: Transitioning to Practice (.pdf),https://www.psychiatry.org/getmedia/69ea865e-8b8f-43fc-a023-c829c336342d/APA-Building-a-Career-in-Psychiatry-Part2.pdf,https://www.psychiatry.org/getmedia/69ea865e-8b8f-43fc-a023-c829c336342d/APA-Building-a-Career-in-Psychiatry-Part2.pdf,application/pdf,4d96415920_APA-Building-a-Career-in-Psychiatry-Part2.pdf,/Users/jm/Psychiatry-Clerkship-Library/13_Faculty_Resources/APA_Downloads_2026-06-29/files/4d96415920_APA-Building-a-Career-in-Psychiatry-Part2.pdf,3392132,4d96415920473fa018f35a294e800b8b3006a43df3aa6ea5f377b12db1f7a4c7
Medical student and resident development,https://www.psychiatry.org/residents-medical-students/residents/set-for-success,Psychiatry.org - SET for Success,Download Syllabus,https://www.psychiatry.org/getmedia/f6cb2de3-2fc7-4aea-aa7f-8a4a4f20ca1c/APA-SET-for-Success-Checklist.pdf,https://www.psychiatry.org/getmedia/f6cb2de3-2fc7-4aea-aa7f-8a4a4f20ca1c/APA-SET-for-Success-Checklist.pdf,application/pdf,98152e8ad0_APA-SET-for-Success-Checklist.pdf,/Users/jm/Psychiatry-Clerkship-Library/13_Faculty_Resources/APA_Downloads_2026-06-29/files/98152e8ad0_APA-SET-for-Success-Checklist.pdf,1467603,98152e8ad06401a682bc1c6471f991d640285612dee11cb98e4cb5dfe0b9107b
Medical student and resident development,https://www.psychiatry.org/residents-medical-students/residents/leadership-positions,Psychiatry.org - Resident Leadership Opportunities,RFM Trustee Nomination Release Form (.pdf),https://www.psychiatry.org/getmedia/b0ddbec4-12f5-4edd-8ae5-e8ac740d57eb/APA-RFMTE-Nomination-Release-Form.pdf,https://www.psychiatry.org/getmedia/b0ddbec4-12f5-4edd-8ae5-e8ac740d57eb/APA-RFMTE-Nomination-Release-Form.pdf,application/pdf,92b7a189e9_APA-RFMTE-Nomination-Release-Form.pdf,/Users/jm/Psychiatry-Clerkship-Library/13_Faculty_Resources/APA_Downloads_2026-06-29/files/92b7a189e9_APA-RFMTE-Nomination-Release-Form.pdf,158612,92b7a189e98f11cd02ea63151eb18a01bfcd7da8891cdb6ca66c046da2af68fa
Medical student and resident development,https://www.psychiatry.org/residents-medical-students/residents/fellowships/available-apa-apaf-fellowships/samhsa-minority-fellowship,Psychiatry.org - Vanguard Resident Fellowship,2024-2025 Cohort (.pdf),https://www.psychiatry.org/getmedia/10aec986-062b-4139-aab1-473586637736/APA-SAMHSA-RFP-Cohort-2024-2025.pdf,https://www.psychiatry.org/getmedia/10aec986-062b-4139-aab1-473586637736/APA-SAMHSA-RFP-Cohort-2024-2025.pdf,application/pdf,d6dc6423fa_APA-SAMHSA-RFP-Cohort-2024-2025.pdf,/Users/jm/Psychiatry-Clerkship-Library/13_Faculty_Resources/APA_Downloads_2026-06-29/files/d6dc6423fa_APA-SAMHSA-RFP-Cohort-2024-2025.pdf,7687399,d6dc6423fae43bc919d7a78fcf9f9c6716893523be67b1164244996fa77ebadd
