clean_title,category,section,disposition,local_file,apa_source_url,bytes,superseded_by
Position-Mental-Health-Climate-Change.pdf,Patient and family education,10_Patient_and_Family_Education,CATALOG,files/2b7821aba8_Position-Mental-Health-Climate-Change.pdf,https://www.psychiatry.org/getattachment/0ce71f37-61a6-44d0-8fcd-c752b7e935fd/Position-Mental-Health-Climate-Change.pdf,125090,
APA-Dementia-Patient-and-Caregiver-Guide.pdf,Patient and family education,03_Core_Topics/Geriatric,CATALOG,files/66be7c4af8_APA-Dementia-Patient-and-Caregiver-Guide.pdf,https://www.psychiatry.org/File%20Library/Psychiatrists/Practice/Clinical%20Practice%20Guidelines/APA-Dementia-Patient-and-Caregiver-Guide.pdf,402407,
Eating-Disorders-Statistics.pdf,Patient and family education,03_Core_Topics (topic-specific),CATALOG,files/171884cefa_Eating-Disorders-Statistics.pdf,https://www.psychiatry.org/getmedia/4e28215e-4c52-426c-af97-086e55d0ace2/Eating-Disorders-Statistics.pdf,285715,
Addiction-Top-10-Public-FINAL.pdf,Patient and family education,03_Core_Topics/SUD_Withdrawal,CATALOG,files/97b9474176_Addiction-Top-10-Public-FINAL.pdf,https://www.psychiatry.org/getmedia/e25c07ae-7333-4466-9add-5fe75ffce45e/Addiction-Top-10-Public-FINAL.pdf,177473,
faith-mentalhealth-guide.pdf,Patient and family education,10_Patient_and_Family_Education,CATALOG,files/d7c10b3569_faith-mentalhealth-guide.pdf,https://www.psychiatry.org/File%20Library/Psychiatrists/Cultural-Competency/faith-mentalhealth-guide.pdf,4302241,
7-15-24-What-is-a-Psychiatrist-ES.pdf,Spanish patient and family education,14_Tracks/Patients_Families (Spanish),CATALOG,files/9989639776_7-15-24-What-is-a-Psychiatrist-ES.pdf,https://www.psychiatry.org/getmedia/0f1f369d-0e6b-4838-92d9-1a4fc1940916/7-15-24-What-is-a-Psychiatrist-ES.pdf,157869,
APA-Role-CoCM-Reducing-Mental-Health-Inequities.pdf,Collaborative and integrated care,13_Faculty_Resources (CoCM),CATALOG,files/efbe8e9b2f_APA-Role-CoCM-Reducing-Mental-Health-Inequities.pdf,https://www.psychiatry.org/getmedia/e24b9d4f-df28-43a1-8359-25cc4f9de661/APA-Role-CoCM-Reducing-Mental-Health-Inequities.pdf,310420,
What-are-Eating-Disorders-Infographic.pdf,Patient and family education,03_Core_Topics (topic-specific),CATALOG,files/3e61dc018b_What-are-Eating-Disorders-Infographic.pdf,https://www.psychiatry.org/getmedia/e19a72cf-444d-439e-92a8-25688ddf98b6/What-are-Eating-Disorders-Infographic,216316,
7-18-24-Ansiedad-ES.pdf,Spanish patient and family education,14_Tracks/Patients_Families (Spanish),CATALOG,files/27d3b0880f_7-18-24-Ansiedad-ES.pdf,https://www.psychiatry.org/getmedia/f6a3712f-5e7e-4fdb-bf50-30d365e813f5/7-18-24-Ansiedad-ES.pdf,133711,
depresion-folleto.pdf,Spanish patient and family education,14_Tracks/Patients_Families (Spanish),CATALOG,files/93ca47443a_depresion-folleto.pdf,https://www.psychiatry.org/getmedia/4cc0fb51-d643-4e0d-a52b-6110643cfa1f/depresion-folleto.pdf,154179,
8-1-24-Climate-ES-Handout.pdf,Spanish patient and family education,14_Tracks/Patients_Families (Spanish),CATALOG,files/f11f9f2c05_8-1-24-Climate-ES-Handout.pdf,https://www.psychiatry.org/getmedia/bdf48b72-c5d9-49fd-9dee-36c5c2879d2a/8-1-24-Climate-ES-Handout.pdf,169947,
APA-Disclosure-of-Affiliations-and-Interests-Policy.pdf,Spanish patient and family education,14_Tracks/Patients_Families (Spanish),BACKGROUND,files/3b2ed2c1c1_APA-Disclosure-of-Affiliations-and-Interests-Policy.pdf,https://www.psychiatry.org/getmedia/bc83f63f-48b6-45cb-83db-bb71c4845808/APA-Disclosure-of-Affiliations-and-Interests-Policy.pdf,154607,
6-3-24-Vaping-Handout-Spanish.pdf,Spanish patient and family education,03_Core_Topics/SUD_Withdrawal,CATALOG,files/a341fa6431_6-3-24-Vaping-Handout-Spanish.pdf,https://www.psychiatry.org/getmedia/2381cdc8-2aa2-416b-809d-a4454c20fc7e/6-3-24-Vaping-Handout-Spanish.pdf,357372,
6-3-24-Technology-Handout-Spanish.pdf,Spanish patient and family education,14_Tracks/Patients_Families (Spanish),CATALOG,files/72f559b399_6-3-24-Technology-Handout-Spanish.pdf,https://www.psychiatry.org/getmedia/30383742-7a3a-48d0-aabd-0809ea74f494/6-3-24-Technology-Handout-Spanish.pdf,87207,
perinatal-folleto.pdf,Perinatal mental health,03_Core_Topics/Perinatal,CATALOG,files/9b9605f350_perinatal-folleto.pdf,https://www.psychiatry.org/getmedia/8253e0fc-9814-4a04-8973-cc96001d43a3/perinatal-folleto.pdf,201126,
estigma-folleto.pdf,Spanish patient and family education,14_Tracks/Patients_Families (Spanish),CATALOG,files/8ce6992093_estigma-folleto.pdf,https://www.psychiatry.org/getmedia/0f149189-8131-49ce-a165-d07017acc1b0/estigma-folleto.pdf,170153,
3-20-26-Hispanic-Population-MH-Handout.pdf,Spanish patient and family education,10_Patient_and_Family_Education (+ Diversity),CATALOG,files/4e21439e5d_3-20-26-Hispanic-Population-MH-Handout.pdf,https://www.psychiatry.org/getmedia/816593d9-1d0d-4a7b-ae81-3f64153f290e/3-20-26-Hispanic-Population-MH-Handout.pdf,66067,
6-10-25-LasSaludMental-General-Flyers-English.pdf,Spanish patient and family education,14_Tracks/Patients_Families (Spanish),CATALOG,files/8df60360cf_6-10-25-LasSaludMental-General-Flyers-English.pdf,https://www.psychiatry.org/getmedia/61bd0803-e933-4c23-b5a8-06d303321229/6-10-25-LasSaludMental-General-Flyers-English.pdf,1186492,
tept-folleto.pdf,Spanish patient and family education,14_Tracks/Patients_Families (Spanish),CATALOG,files/cec4dd403d_tept-folleto.pdf,https://www.psychiatry.org/getmedia/7181c7fd-9fa7-4461-a5de-bcdda6326676/tept-folleto.pdf,82747,
suicidio-folleto.pdf,Spanish patient and family education,04_Acute_and_Safety/Suicide_Risk_and_Safety_Planning,CATALOG,files/eff17337c8_suicidio-folleto.pdf,https://www.psychiatry.org/getmedia/213d7658-072a-479c-ba68-fabb724cdf6c/suicidio-folleto.pdf,89571,
Addiction-Top10-Spanish-everyone.pdf,Spanish patient and family education,03_Core_Topics/SUD_Withdrawal,CATALOG,files/1fc808b151_Addiction-Top10-Spanish-everyone.pdf,https://www.psychiatry.org/getmedia/b70b1798-78d9-41e3-ab05-8e21b4fc3a05/Addiction-Top10-Spanish-everyone.pdf,180115,
4-28-25-LasSaludMental-General-Flyers-Update3.pdf,Spanish patient and family education,14_Tracks/Patients_Families (Spanish),CATALOG,files/c23977e2cc_4-28-25-LasSaludMental-General-Flyers-Update3.pdf,https://www.psychiatry.org/getmedia/0de450d3-ab29-4f2c-9a01-818aa7f6de6d/4-28-25-LasSaludMental-General-Flyers-Update3.pdf,1186149,
6-3-24-Opioids-Handout-Spanish.pdf,Spanish patient and family education,03_Core_Topics/SUD_Withdrawal,CATALOG,files/4808dd0791_6-3-24-Opioids-Handout-Spanish.pdf,https://www.psychiatry.org/getmedia/148ea81a-5546-41b7-99d0-d74e259d9d66/6-3-24-Opioids-Handout-Spanish.pdf,146185,
tdah-folleto.pdf,Spanish patient and family education,14_Tracks/Patients_Families (Spanish),CATALOG,files/1fdf4eae1c_tdah-folleto.pdf,https://www.psychiatry.org/getmedia/fc6c1496-c8f4-4f63-a44a-c23e8c6b6066/tdah-folleto.pdf,81361,
11-8-24-LaSaludMental-poster-SUD.pdf,Spanish patient and family education,03_Core_Topics/SUD_Withdrawal,CATALOG,files/7b104d2b3b_11-8-24-LaSaludMental-poster-SUD.pdf,https://www.psychiatry.org/getmedia/4d6d1a9f-cea9-40dd-9148-99fe41afb778/11-8-24-LaSaludMental-poster-SUD,2621456,
6-3-24-Alcohol-Handout-Spanish.pdf,Spanish patient and family education,03_Core_Topics/SUD_Withdrawal,CATALOG,files/45efb327c7_6-3-24-Alcohol-Handout-Spanish.pdf,https://www.psychiatry.org/getmedia/e21eba04-5fea-4d43-b78f-ebb25a9be1ee/6-3-24-Alcohol-Handout-Spanish.pdf,96260,
11-13-24-LaSaludMental-poster-Depression.pdf,Spanish patient and family education,03_Core_Topics/Mood,CATALOG,files/0e1862d10b_11-13-24-LaSaludMental-poster-Depression.pdf,https://www.psychiatry.org/getmedia/2777c174-1993-466f-8763-4602c758aa4e/11-13-24-LaSaludMental-poster-Depression.pdf,4261265,
APA-CDC-Facts-Pregnant-Persons-Mental-Health-Substance-Use-Conditions.pdf,Perinatal mental health,03_Core_Topics/SUD_Withdrawal,CATALOG,files/a81abdc783_APA-CDC-Facts-Pregnant-Persons-Mental-Health-Substance-Use-Conditions.pdf,https://www.psychiatry.org/getmedia/6d13c289-403d-4d6d-bff4-c5e946768bbc/APA-CDC-Facts-Pregnant-Persons-Mental-Health-Substance-Use-Conditions.pdf,92453,
APA-CDC-Facts-Persons-with-Mental-Health-Substance-Use-Conditions-Planning-to-Become-Pregant.pdf,Perinatal mental health,03_Core_Topics/SUD_Withdrawal,CATALOG,files/dae6850cc8_APA-CDC-Facts-Persons-with-Mental-Health-Substance-Use-Conditions-Planning-to-Become-Pregant.pdf,https://www.psychiatry.org/getmedia/8778dac2-5837-45ec-895b-2321e1116638/APA-CDC-Facts-Persons-with-Mental-Health-Substance-Use-Conditions-Planning-to-Become-Pregant.pdf,90570,
APA-CDC-Facts-Persons-Who-Develop-Mental-Health-Substance-Use-Conditions-Within-Year-of-Giving-Birth.pdf,Perinatal mental health,03_Core_Topics/SUD_Withdrawal,CATALOG,files/71859baf26_APA-CDC-Facts-Persons-Who-Develop-Mental-Health-Substance-Use-Conditions-Within-Year-of-Giving-Birth.pdf,https://www.psychiatry.org/getmedia/cda60968-80f2-4c15-9190-cc0f858e4679/APA-CDC-Facts-Persons-Who-Develop-Mental-Health-Substance-Use-Conditions-Within-Year-of-Giving-Birth.pdf,92338,
adhd-parents-medication-guide-spanish.pdf,Spanish patient and family education,14_Tracks/Patients_Families (Spanish),CATALOG,files/797c5a45ab_adhd-parents-medication-guide-spanish.pdf,https://www.psychiatry.org/File%20Library/Psychiatrists/Practice/Professional-Topics/Child-Adolescent-Psychiatry/adhd-parents-medication-guide-spanish.pdf,1356837,
APA-CDC-Preparing-for-Mental-Health-Appointments.pdf,Patient and family education,10_Patient_and_Family_Education,CATALOG,files/504f2cb178_APA-CDC-Preparing-for-Mental-Health-Appointments.pdf,https://www.psychiatry.org/getmedia/0d8265b8-4489-41d0-820d-314214357433/APA-CDC-Preparing-for-Mental-Health-Appointments.pdf,89312,
Position-Telemedicine-in-Psychiatry.pdf,Telepsychiatry and digital care,13_Faculty_Resources (Telepsych/Digital),CATALOG,files/0b153cf125_Position-Telemedicine-in-Psychiatry.pdf,https://www.psychiatry.org/getattachment/a9405e26-3a69-4e9d-95b6-5df9568fb443/Position-Telemedicine-in-Psychiatry.pdf,168177,
trastorno-por-consumo-sustancias-folleto.pdf,Spanish patient and family education,03_Core_Topics/SUD_Withdrawal,CATALOG,files/2b059af6a8_trastorno-por-consumo-sustancias-folleto.pdf,https://www.psychiatry.org/getmedia/443c49ec-bd80-4fef-8656-26909157883e/trastorno-por-consumo-sustancias-folleto.pdf,144420,
Mental-Health-Facts-for-Diverse-Populations.pdf,"Diversity, culture, and equity",10_Patient_and_Family_Education (+ Diversity),CATALOG,files/c7cd151e97_Mental-Health-Facts-for-Diverse-Populations.pdf,https://www.psychiatry.org/getmedia/bac9c998-5b2d-4ffa-ace9-d35844b8475a/Mental-Health-Facts-for-Diverse-Populations.pdf,550802,
tea-folleto.pdf,Spanish patient and family education,14_Tracks/Patients_Families (Spanish),CATALOG,files/1789a58b2b_tea-folleto.pdf,https://www.psychiatry.org/getmedia/8b9f119a-ebf2-422b-8326-31e05f965005/tea-folleto.pdf,150526,
Mental-Health-Facts-for-Appalachian-People.pdf,"Diversity, culture, and equity",10_Patient_and_Family_Education (+ Diversity),CATALOG,files/e9b3faf099_Mental-Health-Facts-for-Appalachian-People.pdf,https://www.psychiatry.org/getmedia/395d3f07-0f37-4802-94a2-0bd584ffbc63/Mental-Health-Facts-for-Appalachian-People.pdf,845242,
Best-Practices-Latinos-Patients.pdf,"Diversity, culture, and equity",10_Patient_and_Family_Education (+ Diversity),CATALOG,files/00bc7d1995_Best-Practices-Latinos-Patients.pdf,https://www.psychiatry.org/getmedia/fbf73050-d1d5-4854-8893-6007301537f4/Best-Practices-Latinos-Patients.pdf,290986,
Best-Practices-LGBTQ-Patients.pdf,"Diversity, culture, and equity",10_Patient_and_Family_Education (+ Diversity),CATALOG,files/a80c95f86c_Best-Practices-LGBTQ-Patients.pdf,https://www.psychiatry.org/getmedia/1dd0b752-8791-49d0-b8a1-c73d853bd610/Best-Practices-LGBTQ-Patients.pdf,600736,
Mental-Health-Facts-for-Asian-Americans-Pacific-Islanders.pdf,"Diversity, culture, and equity",10_Patient_and_Family_Education (+ Diversity),CATALOG,files/30df5e7f6b_Mental-Health-Facts-for-Asian-Americans-Pacific-Islanders.pdf,https://www.psychiatry.org/getmedia/1b7f4da3-d5ca-43be-b5ee-8cead4c12668/Mental-Health-Facts-for-Asian-Americans-Pacific-Islanders.pdf,242391,
Best-Practices-Appalachian-Patients.pdf,"Diversity, culture, and equity",10_Patient_and_Family_Education (+ Diversity),CATALOG,files/8fcade4daf_Best-Practices-Appalachian-Patients.pdf,https://www.psychiatry.org/getmedia/fb13e285-4955-4c43-9b19-d98411b9467a/Best-Practices-Appalachian-Patients.pdf,2788751,
Mental-Health-Facts-for-Refugees.pdf,"Diversity, culture, and equity",10_Patient_and_Family_Education (+ Diversity),CATALOG,files/42b161aad0_Mental-Health-Facts-for-Refugees.pdf,https://www.psychiatry.org/getmedia/9d2de01e-babc-4e04-8f01-16f3f75ff1cd/Mental-Health-Facts-for-Refugees.pdf,213475,
Mental-Health-Facts-for-African-Americans.pdf,"Diversity, culture, and equity",10_Patient_and_Family_Education (+ Diversity),CATALOG,files/ac3a2af935_Mental-Health-Facts-for-African-Americans.pdf,https://www.psychiatry.org/getmedia/bc6ae47f-b0aa-4418-b045-952ede06757f/Mental-Health-Facts-for-African-Americans.pdf,936626,
Best-Practices-Women-Patients.pdf,"Diversity, culture, and equity",10_Patient_and_Family_Education (+ Diversity),CATALOG,files/4136802635_Best-Practices-Women-Patients.pdf,https://www.psychiatry.org/getmedia/5a609251-8ad3-4f04-8f98-a0d5cbd004c0/Best-Practices-Women-Patients.pdf,555495,
Best-Practices-Native-Americans-Patients.pdf,"Diversity, culture, and equity",10_Patient_and_Family_Education (+ Diversity),CATALOG,files/5481e03a4d_Best-Practices-Native-Americans-Patients.pdf,https://www.psychiatry.org/getmedia/d5d644a8-af5d-42d7-bb23-c2965cd0af92/Best-Practices-Native-Americans-Patients.pdf,334547,
APA-Guide-to-IPV-Among-Women.pdf,"Diversity, culture, and equity",10_Patient_and_Family_Education (+ Diversity),CATALOG,files/a8191351a0_APA-Guide-to-IPV-Among-Women.pdf,https://www.psychiatry.org/getmedia/d8bb1a4a-0830-4f5b-90fd-5049f33e134e/APA-Guide-to-IPV-Among-Women.pdf,398453,
APA-Immigration-Toolkit.pdf,"Diversity, culture, and equity",10_Patient_and_Family_Education (+ Diversity),CATALOG,files/34098ece08_APA-Immigration-Toolkit.pdf,https://www.psychiatry.org/getmedia/d29a12ca-1ef3-4832-adbd-f05ff89b9e82/APA-Immigration-Toolkit.pdf,704023,
Mental-Health-Facts-for-Bisexual-Populations.pdf,"Diversity, culture, and equity",10_Patient_and_Family_Education (+ Diversity),CATALOG,files/2be4b62a1a_Mental-Health-Facts-for-Bisexual-Populations.pdf,https://www.psychiatry.org/getmedia/78267295-37e1-4894-8cc7-bff2ac39bb72/Mental-Health-Facts-for-Bisexual-Populations.pdf,703652,
APA-Guide-to-IPV-Among-Immigrant-and-Refugee-Communities.pdf,"Diversity, culture, and equity",10_Patient_and_Family_Education (+ Diversity),CATALOG,files/7514d2d281_APA-Guide-to-IPV-Among-Immigrant-and-Refugee-Communities.pdf,https://www.psychiatry.org/getmedia/8bc87eaf-424e-4302-8877-957c8af181d7/APA-Guide-to-IPV-Among-Immigrant-and-Refugee-Communities.pdf,319558,
Mental-Health-Facts-for-Muslim-Americans.pdf,"Diversity, culture, and equity",10_Patient_and_Family_Education (+ Diversity),CATALOG,files/d3cdfc765e_Mental-Health-Facts-for-Muslim-Americans.pdf,https://www.psychiatry.org/getmedia/3b170f1d-565f-4fec-b9bc-23ea1da1c0ab/Mental-Health-Facts-for-Muslim-Americans.pdf,310762,
Mental-Health-Facts-for-Gay-Populations.pdf,"Diversity, culture, and equity",10_Patient_and_Family_Education (+ Diversity),CATALOG,files/c8ed7cb085_Mental-Health-Facts-for-Gay-Populations.pdf,https://www.psychiatry.org/getmedia/a38e2def-6e1c-4b37-8c1a-d4f8ecb89c05/Mental-Health-Facts-for-Gay-Populations.pdf,295132,
Mental-Health-Facts-for-American-Indian-Alaska-Natives.pdf,"Diversity, culture, and equity",10_Patient_and_Family_Education (+ Diversity),CATALOG,files/a287e065f7_Mental-Health-Facts-for-American-Indian-Alaska-Natives.pdf,https://www.psychiatry.org/getmedia/d008fb53-3566-4a0a-adac-ba1f3b88528c/Mental-Health-Facts-for-American-Indian-Alaska-Natives.pdf,791724,
Mental-Health-Facts-for-Queer-Questioning-Populations.pdf,"Diversity, culture, and equity",10_Patient_and_Family_Education (+ Diversity),CATALOG,files/3152c2ae60_Mental-Health-Facts-for-Queer-Questioning-Populations.pdf,https://www.psychiatry.org/getmedia/1da0f311-d0d1-4bd3-8397-acb76a4a8d6a/Mental-Health-Facts-for-Queer-Questioning-Populations.pdf,229029,
APA-DSM5TR-CulturalFormulationInterview.pdf,DSM assessment measures,02_Clinical_Skills/Interviewing,SURFACE,files/fc42b3bcdc_APA-DSM5TR-CulturalFormulationInterview.pdf,https://www.psychiatry.org/getmedia/5cc5329d-3bd4-4c6a-bae1-dfd0d6496f44/APA-DSM5TR-CulturalFormulationInterview.pdf,375591,
Mental-Health-Facts-for-LGBTQ.pdf,"Diversity, culture, and equity",10_Patient_and_Family_Education (+ Diversity),CATALOG,files/7fd3165fbf_Mental-Health-Facts-for-LGBTQ.pdf,https://www.psychiatry.org/getmedia/552df1c0-57f2-4489-88fa-432182ce815a/Mental-Health-Facts-for-LGBTQ.pdf,608407,
APA-Guide-to-IPV-Among-LGTBQ-Communities.pdf,"Diversity, culture, and equity",10_Patient_and_Family_Education (+ Diversity),CATALOG,files/3358dc4817_APA-Guide-to-IPV-Among-LGTBQ-Communities.pdf,https://www.psychiatry.org/getmedia/cb181248-81df-4907-a3ca-a42e177e5bab/APA-Guide-to-IPV-Among-LGTBQ-Communities.pdf,280462,
2022-APA-TFSDMH-Board-of-Trustees-December-Report.pdf,"Diversity, culture, and equity",10_Patient_and_Family_Education (+ Diversity),BACKGROUND,files/d4e44c6c4d_2022-APA-TFSDMH-Board-of-Trustees-December-Report.pdf,https://www.psychiatry.org/getmedia/b73d3f7b-94dd-4a52-9267-e83328247325/2022-APA-TFSDMH-Board-of-Trustees-December-Report.pdf,1201445,
Resource-Document-Social-Determinants-of-Mental-Health-Youth.pdf,"Diversity, culture, and equity",10_Patient_and_Family_Education (+ Diversity),CATALOG,files/8e7cf2c651_Resource-Document-Social-Determinants-of-Mental-Health-Youth.pdf,https://www.psychiatry.org/getattachment/a03e07c5-bba9-4ac7-b434-9183b1e0b730/Resource-Document-Social-Determinants-of-Mental-Health-Youth.pdf,621316,
Mental-Health-Facts-for-Women.pdf,"Diversity, culture, and equity",10_Patient_and_Family_Education (+ Diversity),CATALOG,files/60712aecd5_Mental-Health-Facts-for-Women.pdf,https://www.psychiatry.org/getmedia/aa325a61-5b60-4c71-80f1-dc80cf83c383/Mental-Health-Facts-for-Women.pdf,495368,
Mental-Health-Facts-for-Hispanic-Latino.pdf,"Diversity, culture, and equity",03_Core_Topics/Anxiety,CATALOG,files/5f3e3e57a5_Mental-Health-Facts-for-Hispanic-Latino.pdf,https://www.psychiatry.org/File%20Library/Psychiatrists/Cultural-Competency/Mental-Health-Disparities/Mental-Health-Facts-for-Hispanic-Latino.pdf,820368,
Mental-Health-Facts-for-African-Americans.pdf,"Diversity, culture, and equity",10_Patient_and_Family_Education (+ Diversity),CATALOG,files/ac3a2af935_Mental-Health-Facts-for-African-Americans.pdf,https://www.psychiatry.org/File%20Library/Psychiatrists/Cultural-Competency/Mental-Health-Disparities/Mental-Health-Facts-for-African-Americans.pdf,936626,
Sample-Letter-for-Surgery.docx,"Diversity, culture, and equity",10_Patient_and_Family_Education (+ Diversity),CATALOG,files/eb47f2aebc_Sample-Letter-for-Surgery.docx,https://www.psychiatry.org/getmedia/d930eda8-8e03-4b3d-9ed9-33a45105a64c/Sample-Letter-for-Surgery.docx,14503,
Mental-Health-Facts-for-American-Indian-Alaska-Natives.pdf,"Diversity, culture, and equity",10_Patient_and_Family_Education (+ Diversity),CATALOG,files/a287e065f7_Mental-Health-Facts-for-American-Indian-Alaska-Natives.pdf,https://www.psychiatry.org/File%20Library/Psychiatrists/Cultural-Competency/Mental-Health-Disparities/Mental-Health-Facts-for-American-Indian-Alaska-Natives.pdf,791724,
APA_DSM5_Cultural-Formulation-Interview.pdf,DSM fact sheets and diagnostic education,02_Clinical_Skills/Interviewing,SUPERSEDED,files/befb865fd7_APA_DSM5_Cultural-Formulation-Interview.pdf,https://www.psychiatry.org/File%20Library/Psychiatrists/Practice/DSM/APA_DSM5_Cultural-Formulation-Interview.pdf,404139,APA-DSM5TR-CulturalFormulationInterview.pdf
Mental-Health-Facts-for-Hispanic-Latino.pdf,"Diversity, culture, and equity",03_Core_Topics/Anxiety,CATALOG,files/5f3e3e57a5_Mental-Health-Facts-for-Hispanic-Latino.pdf,https://www.psychiatry.org/getmedia/5d5b46c3-9b28-4e50-9b73-7c738e0901d8/Mental-Health-Facts-for-Hispanic-Latino.pdf,820368,
APA-AUD-Clinical-Practice-Guidelines-Training-Slides.pptx,APA clinical practice guideline materials,03_Core_Topics/SUD_Withdrawal,SURFACE,files/ed041bb0d7_APA-AUD-Clinical-Practice-Guidelines-Training-Slides.pptx,https://www.psychiatry.org/getmedia/2e1a4e31-70f6-44d1-92c2-0ebe3526e52e/APA-AUD-Clinical-Practice-Guidelines-Training-Slides.pptx,710731,
Sample-Letter-for-Gender-Marker-Change.docx,"Diversity, culture, and equity",10_Patient_and_Family_Education (+ Diversity),CATALOG,files/86283f6d85_Sample-Letter-for-Gender-Marker-Change.docx,https://www.psychiatry.org/getmedia/ae30a482-ebff-4f12-b3a9-29572323f1cb/Sample-Letter-for-Gender-Marker-Change.docx,13484,
APA-Dementia-Clinical-Practice-Guidelines-Training-Slides.pptx,APA clinical practice guideline materials,03_Core_Topics/Geriatric,SURFACE,files/9bd94b74ab_APA-Dementia-Clinical-Practice-Guidelines-Training-Slides.pptx,https://www.psychiatry.org/getmedia/f6bd7a72-6aee-4080-ad26-02896d0b2b0b/APA-Dementia-Clinical-Practice-Guidelines-Training-Slides.pptx,928265,
APA-Eating-Disorder-Clinical-Practice-Guideline-Training-Slides.pptx,APA clinical practice guideline materials,03_Core_Topics (topic-specific),SURFACE,files/3bbc9e8046_APA-Eating-Disorder-Clinical-Practice-Guideline-Training-Slides.pptx,https://www.psychiatry.org/getmedia/3b9db04c-362f-4b0c-8256-7ea41ff42ff0/APA-Eating-Disorder-Clinical-Practice-Guideline-Training-Slides.pptx,2975629,
APA-Delirium-Training-Slides.pptx,APA clinical practice guideline materials,04_Acute_and_Safety/Delirium,SURFACE,files/df318943fd_APA-Delirium-Training-Slides.pptx,https://www.psychiatry.org/getmedia/93a1b816-4246-4f7e-9e04-752b9307f53e/APA-Delirium-Training-Slides.pptx,10782113,
APA-Borderline-Personality-Disorder-Training-Slides.pptx,APA clinical practice guideline materials,03_Core_Topics/Personality,SURFACE,files/807b9a09c8_APA-Borderline-Personality-Disorder-Training-Slides.pptx,https://www.psychiatry.org/getmedia/dcd45fbc-3d28-4e82-9ac9-35c8d7c1eff6/APA-Borderline-Personality-Disorder-Training-Slides.pptx,8639444,
APA-Dementia-Patient-and-Caregiver-Guide.pdf,APA clinical practice guideline materials,03_Core_Topics/Geriatric,CATALOG,files/66be7c4af8_APA-Dementia-Patient-and-Caregiver-Guide.pdf,https://www.psychiatry.org/getmedia/077f82a6-8086-4b0a-a5d6-46cbf1270e17/APA-Dementia-Patient-and-Caregiver-Guide.pdf,402407,
APA-DSM5TR-Level1MeasureAdult.pdf,DSM assessment measures,02_Clinical_Skills/Screeners,SURFACE,files/260bb4400e_APA-DSM5TR-Level1MeasureAdult.pdf,https://www.psychiatry.org/getmedia/e0b4b299-95b3-407b-b8c2-caa871ca218d/APA-DSM5TR-Level1MeasureAdult.pdf,282005,
APA-Guideline-Development-Process.pdf,APA clinical practice guideline materials,13_Faculty_Resources (background),CATALOG,files/872ffcc9a4_APA-Guideline-Development-Process.pdf,https://www.psychiatry.org/getmedia/0b96df17-66a7-4f49-8159-d6522615f047/APA-Guideline-Development-Process.pdf,361603,
APA-DSM5TR-Level1MeasureParentOrGuardianOfChildAge6To17.pdf,DSM assessment measures,14_Tracks/CAP_Fellow (+ 03_Core_Topics),CATALOG,files/59252bf0e4_APA-DSM5TR-Level1MeasureParentOrGuardianOfChildAge6To17.pdf,https://www.psychiatry.org/getmedia/1e799501-f718-4d06-817e-ce98e35c6bdd/APA-DSM5TR-Level1MeasureParentOrGuardianOfChildAge6To17.pdf,295055,
APA-Schizophrenia-Clinical-Practice-Guidelines-Training-Slides.pptx,APA clinical practice guideline materials,03_Core_Topics/Psychosis,SURFACE,files/161a4fad65_APA-Schizophrenia-Clinical-Practice-Guidelines-Training-Slides.pptx,https://www.psychiatry.org/getmedia/a8f30116-3bdc-467a-983f-59978b0fecdd/APA-Schizophrenia-Clinical-Practice-Guidelines-Training-Slides.pptx,961498,
DSM-5-Translation-Publishers-Contact-Info.pdf,Other APA public document,13_Faculty_Resources (background),CATALOG,files/c3a3c83a69_DSM-5-Translation-Publishers-Contact-Info.pdf,https://www.psychiatry.org/getmedia/8abc6a28-f44c-4c79-8b89-97bcfad41674/DSM-5-Translation-Publishers-Contact-Info.pdf,263344,
APA-DSM5TR-Level2ManiaAdult.pdf,DSM assessment measures,02_Clinical_Skills/Screeners,CATALOG,files/691fd85caa_APA-DSM5TR-Level2ManiaAdult.pdf,https://www.psychiatry.org/getmedia/c1783d55-268a-47b2-9932-a549b21c8d64/APA-DSM5TR-Level2ManiaAdult.pdf,241346,
APA-DSM5TR-Level1MeasureChildAge11To17.pdf,DSM assessment measures,14_Tracks/CAP_Fellow (+ 03_Core_Topics),CATALOG,files/3725307d41_APA-DSM5TR-Level1MeasureChildAge11To17.pdf,https://www.psychiatry.org/getmedia/9352851c-d69f-411a-8933-3212e8c29063/APA-DSM5TR-Level1MeasureChildAge11To17.pdf,255451,
APA-DSM5TR-Level2AngerAdult.pdf,DSM assessment measures,02_Clinical_Skills/Screeners,CATALOG,files/00102732ba_APA-DSM5TR-Level2AngerAdult.pdf,https://www.psychiatry.org/getmedia/a56cc2a0-3818-4975-bbcb-4a047e1ffbea/APA-DSM5TR-Level2AngerAdult.pdf,245705,
APA-DSM5TR-Level2DepressionAdult.pdf,DSM assessment measures,02_Clinical_Skills/Screeners,CATALOG,files/2bc4f2cbcf_APA-DSM5TR-Level2DepressionAdult.pdf,https://www.psychiatry.org/getmedia/4326c940-f414-4f2c-acec-bd8299a3cf14/APA-DSM5TR-Level2DepressionAdult.pdf,299378,
APA-DSM5TR-Level2AnxietyAdult.pdf,DSM assessment measures,02_Clinical_Skills/Screeners,CATALOG,files/f1d2030ed1_APA-DSM5TR-Level2AnxietyAdult.pdf,https://www.psychiatry.org/getmedia/f284f967-ed9e-4754-99fc-b32765b1c4a0/APA-DSM5TR-Level2AnxietyAdult.pdf,303968,
APA-DSM5TR-Level2SomaticSymptomAdult.pdf,DSM assessment measures,02_Clinical_Skills/Screeners,CATALOG,files/708deea559_APA-DSM5TR-Level2SomaticSymptomAdult.pdf,https://www.psychiatry.org/getmedia/843c7fa5-9a40-4795-a25e-70208903d88c/APA-DSM5TR-Level2SomaticSymptomAdult.pdf,271913,
APA-DSM5TR-Level2SleepDisturbanceAdult.pdf,DSM assessment measures,02_Clinical_Skills/Screeners,CATALOG,files/1f75010556_APA-DSM5TR-Level2SleepDisturbanceAdult.pdf,https://www.psychiatry.org/getmedia/c606b335-f087-4358-9c8d-f233313d9d04/APA-DSM5TR-Level2SleepDisturbanceAdult.pdf,320417,
APA-DSM5TR-Level2RepetitiveThoughtsAndBehaviorsAdult.pdf,DSM assessment measures,02_Clinical_Skills/Screeners,CATALOG,files/7b58f175b2_APA-DSM5TR-Level2RepetitiveThoughtsAndBehaviorsAdult.pdf,https://www.psychiatry.org/getmedia/a451f9f0-40b7-4262-8ef2-e7be2ea004f2/APA-DSM5TR-Level2RepetitiveThoughtsAndBehaviorsAdult.pdf,256124,
APA-DSM5TR-Level2SubstanceUseAdult.pdf,DSM assessment measures,02_Clinical_Skills/Screeners,CATALOG,files/e0bf2c2748_APA-DSM5TR-Level2SubstanceUseAdult.pdf,https://www.psychiatry.org/getmedia/cf5e60dd-6452-4b1b-a42f-40a7d46b410b/APA-DSM5TR-Level2SubstanceUseAdult.pdf,339788,
APA-DSM5TR-Level2SleepDisturbanceParentOfChildAge6To17.pdf,DSM assessment measures,14_Tracks/CAP_Fellow (+ 03_Core_Topics),CATALOG,files/ba81e1b8a5_APA-DSM5TR-Level2SleepDisturbanceParentOfChildAge6To17.pdf,https://www.psychiatry.org/getmedia/f479fedd-da9e-4669-887c-0eedcefc931b/APA-DSM5TR-Level2SleepDisturbanceParentOfChildAge6To17.pdf,250552,
APA-DSM5TR-Level2InattentionParentOfChildAge6To17.pdf,DSM assessment measures,14_Tracks/CAP_Fellow (+ 03_Core_Topics),CATALOG,files/8760eb0290_APA-DSM5TR-Level2InattentionParentOfChildAge6To17.pdf,https://www.psychiatry.org/getmedia/a2cd4dd6-a178-4f9c-840d-69a492b7f753/APA-DSM5TR-Level2InattentionParentOfChildAge6To17.pdf,227081,
APA-DSM5TR-Level2DepressionParentOfChildAge6To17.pdf,DSM assessment measures,14_Tracks/CAP_Fellow (+ 03_Core_Topics),CATALOG,files/ea11ce305b_APA-DSM5TR-Level2DepressionParentOfChildAge6To17.pdf,https://www.psychiatry.org/getmedia/dbc10f10-1048-4385-8e64-b2e6bb4a21b9/APA-DSM5TR-Level2DepressionParentOfChildAge6To17.pdf,250150,
APA-DSM5TR-Level2IrritabilityParentOfChildAge6To17.pdf,DSM assessment measures,14_Tracks/CAP_Fellow (+ 03_Core_Topics),CATALOG,files/7565e33fa8_APA-DSM5TR-Level2IrritabilityParentOfChildAge6To17.pdf,https://www.psychiatry.org/getmedia/773055df-7885-4398-bda8-42e3a3b1b21e/APA-DSM5TR-Level2IrritabilityParentOfChildAge6To17.pdf,253327,
APA-DSM5TR-Level2AngerParentOfChildAge6To17.pdf,DSM assessment measures,14_Tracks/CAP_Fellow (+ 03_Core_Topics),CATALOG,files/150263466d_APA-DSM5TR-Level2AngerParentOfChildAge6To17.pdf,https://www.psychiatry.org/getmedia/eaaed48f-2820-43f1-ba91-dec194f225b8/APA-DSM5TR-Level2AngerParentOfChildAge6To17.pdf,334460,
APA-DSM5TR-Level2AnxietyParentOfChildAge6To17.pdf,DSM assessment measures,14_Tracks/CAP_Fellow (+ 03_Core_Topics),CATALOG,files/d7d73f0f49_APA-DSM5TR-Level2AnxietyParentOfChildAge6To17.pdf,https://www.psychiatry.org/getmedia/97fe0c71-1fc2-4d1c-afce-fc3b35ae6d76/APA-DSM5TR-Level2AnxietyParentOfChildAge6To17.pdf,251237,
APA-DSM5TR-Level2SubstanceUseParentOfChildAge6To17.pdf,DSM assessment measures,14_Tracks/CAP_Fellow (+ 03_Core_Topics),CATALOG,files/ecc3d099b4_APA-DSM5TR-Level2SubstanceUseParentOfChildAge6To17.pdf,https://www.psychiatry.org/getmedia/c2fa9b94-bad6-4e75-bf9e-7f44403d5c8b/APA-DSM5TR-Level2SubstanceUseParentOfChildAge6To17.pdf,328993,
APA-DSM5TR-Level2SomaticSymptomParentOfChildAge6To17.pdf,DSM assessment measures,14_Tracks/CAP_Fellow (+ 03_Core_Topics),CATALOG,files/3bc3b94c28_APA-DSM5TR-Level2SomaticSymptomParentOfChildAge6To17.pdf,https://www.psychiatry.org/getmedia/b4e23271-7608-47b5-abc0-ebc3749435eb/APA-DSM5TR-Level2SomaticSymptomParentOfChildAge6To17.pdf,272839,
APA-DSM5TR-Level2ManiaParentOfChildAge6To17.pdf,DSM assessment measures,14_Tracks/CAP_Fellow (+ 03_Core_Topics),CATALOG,files/64ba852604_APA-DSM5TR-Level2ManiaParentOfChildAge6To17.pdf,https://www.psychiatry.org/getmedia/ba6fc25e-9b55-486e-8fc0-14bd54b7c142/APA-DSM5TR-Level2ManiaParentOfChildAge6To17.pdf,318541,
APA-DSM5TR-Level2SomaticSymptomChildAge11To17.pdf,DSM assessment measures,14_Tracks/CAP_Fellow (+ 03_Core_Topics),CATALOG,files/e737224803_APA-DSM5TR-Level2SomaticSymptomChildAge11To17.pdf,https://www.psychiatry.org/getmedia/a2004fae-ba2e-4807-8a3c-69430aed2338/APA-DSM5TR-Level2SomaticSymptomChildAge11To17.pdf,354318,
APA-DSM5TR-Level2SleepDisturbanceChildAge11To17.pdf,DSM assessment measures,14_Tracks/CAP_Fellow (+ 03_Core_Topics),CATALOG,files/78010f5b82_APA-DSM5TR-Level2SleepDisturbanceChildAge11To17.pdf,https://www.psychiatry.org/getmedia/f4b112bd-0b43-451b-b5a9-e88495710c21/APA-DSM5TR-Level2SleepDisturbanceChildAge11To17.pdf,332755,
APA-DSM5TR-Level2DepressionChildAge11To17.pdf,DSM assessment measures,14_Tracks/CAP_Fellow (+ 03_Core_Topics),CATALOG,files/350f222e37_APA-DSM5TR-Level2DepressionChildAge11To17.pdf,https://www.psychiatry.org/getmedia/ade87498-9ead-40b5-b896-6b979f51d361/APA-DSM5TR-Level2DepressionChildAge11To17.pdf,396255,
APA-DSM5TR-Level2IrritabilityChildAge11To17.pdf,DSM assessment measures,14_Tracks/CAP_Fellow (+ 03_Core_Topics),CATALOG,files/8a8341e6d6_APA-DSM5TR-Level2IrritabilityChildAge11To17.pdf,https://www.psychiatry.org/getmedia/071874b0-4b41-4dc6-81e0-ebbc9ce7137b/APA-DSM5TR-Level2IrritabilityChildAge11To17.pdf,344450,
APA-DSM5TR-Level2ManiaChildAge11To17.pdf,DSM assessment measures,14_Tracks/CAP_Fellow (+ 03_Core_Topics),CATALOG,files/c5185d5e54_APA-DSM5TR-Level2ManiaChildAge11To17.pdf,https://www.psychiatry.org/getmedia/b6e02e83-a91c-49de-8457-861f1858aecd/APA-DSM5TR-Level2ManiaChildAge11To17.pdf,211734,
APA-DSM5TR-Level2AngerChildAge11To17.pdf,DSM assessment measures,14_Tracks/CAP_Fellow (+ 03_Core_Topics),CATALOG,files/2e5966ea95_APA-DSM5TR-Level2AngerChildAge11To17.pdf,https://www.psychiatry.org/getmedia/1212c1db-84b1-4d55-8eb3-f24fb7c0cc37/APA-DSM5TR-Level2AngerChildAge11To17.pdf,364861,
APA-DSM5TR-Level2SubstanceUseChildAge11To17.pdf,DSM assessment measures,14_Tracks/CAP_Fellow (+ 03_Core_Topics),CATALOG,files/47c69c3127_APA-DSM5TR-Level2SubstanceUseChildAge11To17.pdf,https://www.psychiatry.org/getmedia/fc0e0209-b230-4139-b4b1-10962293c80d/APA-DSM5TR-Level2SubstanceUseChildAge11To17.pdf,336959,
APA-DSM5TR-Level2AnxietyChildAge11To17.pdf,DSM assessment measures,14_Tracks/CAP_Fellow (+ 03_Core_Topics),CATALOG,files/82c5fe5e00_APA-DSM5TR-Level2AnxietyChildAge11To17.pdf,https://www.psychiatry.org/getmedia/1c618b9a-d320-45a7-8f9c-09c7ac81a238/APA-DSM5TR-Level2AnxietyChildAge11To17.pdf,374509,
APA-DSM5TR-Level2RepetitiveThoughtsAndBehaviorsChildAge11To17.pdf,DSM assessment measures,14_Tracks/CAP_Fellow (+ 03_Core_Topics),CATALOG,files/f41d1a1391_APA-DSM5TR-Level2RepetitiveThoughtsAndBehaviorsChildAge11To17.pdf,https://www.psychiatry.org/getmedia/9400a464-0506-445c-9cbe-fcff9695e89a/APA-DSM5TR-Level2RepetitiveThoughtsAndBehaviorsChildAge11To17.pdf,374931,
APA-DSM5TR-SeverityMeasureForDepressionAdult.pdf,DSM assessment measures,03_Core_Topics/Mood,CATALOG,files/c227a9e072_APA-DSM5TR-SeverityMeasureForDepressionAdult.pdf,https://www.psychiatry.org/getmedia/a3986be5-94af-42e7-afce-19234c2f4998/APA-DSM5TR-SeverityMeasureForDepressionAdult.pdf,183949,
APA-DSM5TR-SeverityMeasureForSeparationAnxietyDisorderAdult.pdf,DSM assessment measures,03_Core_Topics/Anxiety,CATALOG,files/b1dcb79d36_APA-DSM5TR-SeverityMeasureForSeparationAnxietyDisorderAdult.pdf,https://www.psychiatry.org/getmedia/538a62c3-2e1e-4bc3-bafd-7a02efad4937/APA-DSM5TR-SeverityMeasureForSeparationAnxietyDisorderAdult.pdf,250286,
APA-DSM5TR-SeverityMeasureForSpecificPhobiaAdult.pdf,DSM assessment measures,03_Core_Topics/Anxiety,CATALOG,files/10ad07c6f7_APA-DSM5TR-SeverityMeasureForSpecificPhobiaAdult.pdf,https://www.psychiatry.org/getmedia/b281daed-b8a9-4d45-8d6f-6315ce8f784b/APA-DSM5TR-SeverityMeasureForSpecificPhobiaAdult.pdf,234486,
APA-DSM5TR-SeverityMeasureForAgoraphobiaAdult.pdf,DSM assessment measures,03_Core_Topics/Anxiety,CATALOG,files/fd012c2f91_APA-DSM5TR-SeverityMeasureForAgoraphobiaAdult.pdf,https://www.psychiatry.org/getmedia/3345c156-1aac-4e29-ac61-1c6541cb39be/APA-DSM5TR-SeverityMeasureForAgoraphobiaAdult.pdf,250061,
APA-DSM5TR-SeverityMeasureForSocialAnxietyDisorderAdult.pdf,DSM assessment measures,03_Core_Topics/Anxiety,CATALOG,files/bbedd96b00_APA-DSM5TR-SeverityMeasureForSocialAnxietyDisorderAdult.pdf,https://www.psychiatry.org/getmedia/69c11866-906c-4262-bfe3-753ac4ad2780/APA-DSM5TR-SeverityMeasureForSocialAnxietyDisorderAdult.pdf,275919,
APA-DSM5TR-SeverityMeasureForPanicDisorderAdult.pdf,DSM assessment measures,03_Core_Topics/Anxiety,CATALOG,files/4f63345d96_APA-DSM5TR-SeverityMeasureForPanicDisorderAdult.pdf,https://www.psychiatry.org/getmedia/6ab8ea4f-e810-4c0c-b41c-16838293506d/APA-DSM5TR-SeverityMeasureForPanicDisorderAdult.pdf,232656,
APA-DSM5TR-SeverityMeasureForGeneralizedAnxietyDisorderAdult.pdf,DSM assessment measures,03_Core_Topics/Anxiety,CATALOG,files/b92a3427f2_APA-DSM5TR-SeverityMeasureForGeneralizedAnxietyDisorderAdult.pdf,https://www.psychiatry.org/getmedia/b1a256c4-1304-4610-8aca-0cc70b46ff53/APA-DSM5TR-SeverityMeasureForGeneralizedAnxietyDisorderAdult.pdf,251115,
APA-DSM5TR-SeverityOfPosttraumaticStressSymptomsAdult.pdf,DSM assessment measures,03_Core_Topics/Anxiety,CATALOG,files/9cdba14934_APA-DSM5TR-SeverityOfPosttraumaticStressSymptomsAdult.pdf,https://www.psychiatry.org/getmedia/1af5dc37-6370-4e72-94d8-e0224d8495f8/APA-DSM5TR-SeverityOfPosttraumaticStressSymptomsAdult.pdf,251771,
APA-DSM5TR-SeverityOfAcuteStressSymptomsAdult.pdf,DSM assessment measures,03_Core_Topics/Anxiety,CATALOG,files/5aa304f66f_APA-DSM5TR-SeverityOfAcuteStressSymptomsAdult.pdf,https://www.psychiatry.org/getmedia/364c20fa-25a5-43cb-b6ad-a4b230ef5b70/APA-DSM5TR-SeverityOfAcuteStressSymptomsAdult.pdf,245731,
APA-DSM5TR-SeverityOfDissociativeSymptomsAdult.pdf,DSM assessment measures,13_Faculty_Resources (background),CATALOG,files/1a08fde1ff_APA-DSM5TR-SeverityOfDissociativeSymptomsAdult.pdf,https://www.psychiatry.org/getmedia/40a74f7f-d18c-4088-8464-653073c74452/APA-DSM5TR-SeverityOfDissociativeSymptomsAdult.pdf,175992,
APA-DSM5TR-SeverityMeasureForDepressionChildAge11To17.pdf,DSM assessment measures,14_Tracks/CAP_Fellow (+ 03_Core_Topics),CATALOG,files/1a376abf80_APA-DSM5TR-SeverityMeasureForDepressionChildAge11To17.pdf,https://www.psychiatry.org/getmedia/5bffce7c-6ad1-4621-8f90-d3f1b8c28b8b/APA-DSM5TR-SeverityMeasureForDepressionChildAge11To17.pdf,158614,
APA-DSM5TR-SeverityMeasureForSeparationAnxietyDisorderChildAge11To17.pdf,DSM assessment measures,14_Tracks/CAP_Fellow (+ 03_Core_Topics),CATALOG,files/42043ad662_APA-DSM5TR-SeverityMeasureForSeparationAnxietyDisorderChildAge11To17.pdf,https://www.psychiatry.org/getmedia/b7a64e97-7bb5-46d7-9e75-69a16de1049d/APA-DSM5TR-SeverityMeasureForSeparationAnxietyDisorderChildAge11To17.pdf,250682,
APA-DSM5TR-SeverityMeasureForSpecificPhobiaChildAge11To17.pdf,DSM assessment measures,14_Tracks/CAP_Fellow (+ 03_Core_Topics),CATALOG,files/d3f01a4c4f_APA-DSM5TR-SeverityMeasureForSpecificPhobiaChildAge11To17.pdf,https://www.psychiatry.org/getmedia/d7db0c92-8f11-445a-936e-cd6bc9f45480/APA-DSM5TR-SeverityMeasureForSpecificPhobiaChildAge11To17.pdf,253472,
APA-DSM5TR-SeverityMeasureForGeneralizedAnxietyDisorderChildAge11To17.pdf,DSM assessment measures,14_Tracks/CAP_Fellow (+ 03_Core_Topics),CATALOG,files/8d7708f338_APA-DSM5TR-SeverityMeasureForGeneralizedAnxietyDisorderChildAge11To17.pdf,https://www.psychiatry.org/getmedia/73e293d0-6355-4258-9cd3-2fc8a5c5b830/APA-DSM5TR-SeverityMeasureForGeneralizedAnxietyDisorderChildAge11To17.pdf,251642,
APA-DSM5TR-SeverityMeasureForSocialAnxietyDisorderChildAge11To17.pdf,DSM assessment measures,14_Tracks/CAP_Fellow (+ 03_Core_Topics),CATALOG,files/c934457592_APA-DSM5TR-SeverityMeasureForSocialAnxietyDisorderChildAge11To17.pdf,https://www.psychiatry.org/getmedia/3b328005-dc9a-4c3a-8b8d-56f8017af73b/APA-DSM5TR-SeverityMeasureForSocialAnxietyDisorderChildAge11To17.pdf,276370,
APA-DSM5TR-SeverityMeasureForPanicDisorderChildAge11To17.pdf,DSM assessment measures,14_Tracks/CAP_Fellow (+ 03_Core_Topics),CATALOG,files/92e7a9caf5_APA-DSM5TR-SeverityMeasureForPanicDisorderChildAge11To17.pdf,https://www.psychiatry.org/getmedia/bdf5a1a6-1357-4bb6-9c37-0ca93d7e062e/APA-DSM5TR-SeverityMeasureForPanicDisorderChildAge11To17.pdf,251036,
APA-DSM5TR-SeverityMeasureForAgoraphobiaChildAge11To17.pdf,DSM assessment measures,14_Tracks/CAP_Fellow (+ 03_Core_Topics),CATALOG,files/cd40fcc1d6_APA-DSM5TR-SeverityMeasureForAgoraphobiaChildAge11To17.pdf,https://www.psychiatry.org/getmedia/3060504d-1660-4176-a12f-fd6bd979b804/APA-DSM5TR-SeverityMeasureForAgoraphobiaChildAge11To17.pdf,250497,
APA-DSM5TR-ClinicianRatedSeverityOfAutismSpectrumAndSocialCommunicationDisorders.pdf,DSM assessment measures,14_Tracks/CAP_Fellow (+ 03_Core_Topics),CATALOG,files/fea52926da_APA-DSM5TR-ClinicianRatedSeverityOfAutismSpectrumAndSocialCommunicationDisorders.pdf,https://www.psychiatry.org/getmedia/97fbc44e-f928-41f3-8fac-5f5c15a7161d/APA-DSM5TR-ClinicianRatedSeverityOfAutismSpectrumAndSocialCommunicationDisorders.pdf,256877,
APA-DSM5TR-SeverityofDissociativeSymptomsChildAge11To17.pdf,DSM assessment measures,14_Tracks/CAP_Fellow (+ 03_Core_Topics),CATALOG,files/6263cefba7_APA-DSM5TR-SeverityofDissociativeSymptomsChildAge11To17.pdf,https://www.psychiatry.org/getmedia/e0cee092-397f-4498-bbd8-61f420ac9973/APA-DSM5TR-SeverityofDissociativeSymptomsChildAge11To17.pdf,176552,
APA-DSM5TR-ClinicianRatedSeverityOfSomaticSymptomDisorder.pdf,DSM assessment measures,03_Core_Topics (topic-specific),CATALOG,files/03e1f6ef1a_APA-DSM5TR-ClinicianRatedSeverityOfSomaticSymptomDisorder.pdf,https://www.psychiatry.org/getmedia/f634d540-eb39-4309-b6cd-5270b3d03730/APA-DSM5TR-ClinicianRatedSeverityOfSomaticSymptomDisorder.pdf,251656,
APA-DSM5TR-ClinicianRatedSeverityOfOppositionalDefiantDisorder.pdf,DSM assessment measures,14_Tracks/CAP_Fellow (+ 03_Core_Topics),CATALOG,files/380fcc3a90_APA-DSM5TR-ClinicianRatedSeverityOfOppositionalDefiantDisorder.pdf,https://www.psychiatry.org/getmedia/c8c54ca1-92a9-4608-bd05-147cb92db691/APA-DSM5TR-ClinicianRatedSeverityOfOppositionalDefiantDisorder.pdf,217740,
APA-DSM5TR-SeverityOfPostTraumaticStressSymptomsChildAge11To17.pdf,DSM assessment measures,14_Tracks/CAP_Fellow (+ 03_Core_Topics),CATALOG,files/d9d1fb1bbf_APA-DSM5TR-SeverityOfPostTraumaticStressSymptomsChildAge11To17.pdf,https://www.psychiatry.org/getmedia/19964a66-5074-4f00-9138-81d85577f107/APA-DSM5TR-SeverityOfPostTraumaticStressSymptomsChildAge11To17.pdf,252360,
APA-DSM5TR-ClinicianRatedDimensionsofPsychosisSymptomSeverity.pdf,DSM assessment measures,03_Core_Topics/Psychosis,CATALOG,files/da5ac68849_APA-DSM5TR-ClinicianRatedDimensionsofPsychosisSymptomSeverity.pdf,https://www.psychiatry.org/getmedia/639675df-e6d0-4fe5-bb86-a517d9b15cfd/APA-DSM5TR-ClinicianRatedDimensionsofPsychosisSymptomSeverity.pdf,283132,
APA-DSM5TR-ClinicianRatedSeverityOfConductDisorder.pdf,DSM assessment measures,14_Tracks/CAP_Fellow (+ 03_Core_Topics),CATALOG,files/bbbb8103ca_APA-DSM5TR-ClinicianRatedSeverityOfConductDisorder.pdf,https://www.psychiatry.org/getmedia/7f0c5730-df33-4e67-b1a5-493fed023485/APA-DSM5TR-ClinicianRatedSeverityOfConductDisorder.pdf,219315,
APA-DSM5TR-ThePersonalityInventoryForDSM5BriefFormAdult.pdf,DSM assessment measures,02_Clinical_Skills/Screeners,CATALOG,files/ed3203c6f7_APA-DSM5TR-ThePersonalityInventoryForDSM5BriefFormAdult.pdf,https://www.psychiatry.org/getmedia/f65c4386-b2bc-44a5-9ace-d6fea2211506/APA-DSM5TR-ThePersonalityInventoryForDSM5BriefFormAdult.pdf,267470,
APA-DSM5TR-ClinicianRatedSeverityOfNonSuicidalSelfInjury.pdf,DSM assessment measures,04_Acute_and_Safety/Suicide_Risk_and_Safety_Planning,CATALOG,files/7425f26bca_APA-DSM5TR-ClinicianRatedSeverityOfNonSuicidalSelfInjury.pdf,https://www.psychiatry.org/getmedia/956cbe48-0d36-4565-b729-3b2ddf40e371/APA-DSM5TR-ClinicianRatedSeverityOfNonSuicidalSelfInjury.pdf,225060,
APA-DSM5TR-WHODAS2ProxyAdministered.pdf,DSM assessment measures,02_Clinical_Skills/Screeners,CATALOG,files/4d4238c61b_APA-DSM5TR-WHODAS2ProxyAdministered.pdf,https://www.psychiatry.org/getmedia/f1e7a9ff-431f-48ff-9284-9be7a2809c4e/APA-DSM5TR-WHODAS2ProxyAdministered.pdf,350973,
APA-DSM5TR-WHODAS2SelfAdministered.pdf,DSM assessment measures,02_Clinical_Skills/Screeners,CATALOG,files/9c82f1548b_APA-DSM5TR-WHODAS2SelfAdministered.pdf,https://www.psychiatry.org/getmedia/5f4794de-8d66-4434-99f3-784a3fd1e567/APA-DSM5TR-WHODAS2SelfAdministered.pdf,351725,
APA-DSM5TR-ThePersonalityInventoryforDSM5FullVersionInformant.pdf,DSM assessment measures,02_Clinical_Skills/Screeners,CATALOG,files/be4a260a20_APA-DSM5TR-ThePersonalityInventoryforDSM5FullVersionInformant.pdf,https://www.psychiatry.org/getmedia/c98d1549-7dd6-4916-b758-296331fb4ffc/APA-DSM5TR-ThePersonalityInventoryforDSM5FullVersionInformant.pdf,451361,
APA-DSM5TR-ThePersonalityInventoryForDSM5BriefFormChildAge11To17.pdf,DSM assessment measures,14_Tracks/CAP_Fellow (+ 03_Core_Topics),CATALOG,files/1aa54248a6_APA-DSM5TR-ThePersonalityInventoryForDSM5BriefFormChildAge11To17.pdf,https://www.psychiatry.org/getmedia/e2112f01-d14a-4503-8440-d4a30c519676/APA-DSM5TR-ThePersonalityInventoryForDSM5BriefFormChildAge11To17.pdf,269577,
APA-DSM5TR-EarlyDevelopmentAndHomeBackgroundFormParentOfChildAge6To17-pdf.pdf,DSM assessment measures,14_Tracks/CAP_Fellow (+ 03_Core_Topics),CATALOG,files/6ef59e2848_APA-DSM5TR-EarlyDevelopmentAndHomeBackgroundFormParentOfChildAge6To17-pdf.pdf,https://www.psychiatry.org/getmedia/ef4ce2bb-ae0e-4270-a8de-dfbb20e5d2f6/APA-DSM5TR-EarlyDevelopmentAndHomeBackgroundFormParentOfChildAge6To17-pdf.pdf,255066,
APA-DSM5TR-SeverityOfAcuteStressSymptomsChildAge11To17.pdf,DSM assessment measures,14_Tracks/CAP_Fellow (+ 03_Core_Topics),CATALOG,files/4c8b9ad027_APA-DSM5TR-SeverityOfAcuteStressSymptomsChildAge11To17.pdf,https://www.psychiatry.org/getmedia/8cb69e1d-5d73-4797-85af-48024bd1df44/APA-DSM5TR-SeverityOfAcuteStressSymptomsChildAge11To17.pdf,264288,
APA-DSM5TR-ThePersonalityInventoryForDSM5FullVersionAdult.pdf,DSM assessment measures,02_Clinical_Skills/Screeners,CATALOG,files/ce366db46f_APA-DSM5TR-ThePersonalityInventoryForDSM5FullVersionAdult.pdf,https://www.psychiatry.org/getmedia/594673a6-1b9b-4298-8b52-c4c652c4a4e2/APA-DSM5TR-ThePersonalityInventoryForDSM5FullVersionAdult.pdf,439682,
APA-DSM5TR-AlternativeVersionsoftheCoreCFI.pdf,DSM assessment measures,13_Faculty_Resources (background),CATALOG,files/09327cc51a_APA-DSM5TR-AlternativeVersionsoftheCoreCFI.pdf,https://www.psychiatry.org/getmedia/e308b799-98cc-4ad4-81c3-1f662335074d/APA-DSM5TR-AlternativeVersionsoftheCoreCFI.pdf,326236,
APA-DSM5TR-CulturalFormulationInterviewInformant.pdf,DSM assessment measures,02_Clinical_Skills/Interviewing,CATALOG,files/4e03779783_APA-DSM5TR-CulturalFormulationInterviewInformant.pdf,https://www.psychiatry.org/getmedia/4b37a60b-dcbd-402c-9ee2-3af7f5c9dc70/APA-DSM5TR-CulturalFormulationInterviewInformant.pdf,294830,
APA-DSM5TR-ThePersonalityInventoryForDSM5FullVersionChildAge11To17.pdf,DSM assessment measures,14_Tracks/CAP_Fellow (+ 03_Core_Topics),CATALOG,files/6015387653_APA-DSM5TR-ThePersonalityInventoryForDSM5FullVersionChildAge11To17.pdf,https://www.psychiatry.org/getmedia/e02d3a80-9010-4d04-bd36-ec3510dcfc1e/APA-DSM5TR-ThePersonalityInventoryForDSM5FullVersionChildAge11To17.pdf,441504,
APA-DSM5TR-ClinicianRatedEarlyDevelopmentAndHomeBackground.pdf,DSM assessment measures,13_Faculty_Resources (background),CATALOG,files/6722910f86_APA-DSM5TR-ClinicianRatedEarlyDevelopmentAndHomeBackground.pdf,https://www.psychiatry.org/getmedia/b06aa42b-5b39-40f0-8ac1-d24815d44343/APA-DSM5TR-ClinicianRatedEarlyDevelopmentAndHomeBackground.pdf,282572,
APA_DSM5_Level-1-Measure-Adult.pdf,DSM assessment measures,02_Clinical_Skills/Screeners,SUPERSEDED,files/500a36532f_APA_DSM5_Level-1-Measure-Adult.pdf,https://www.psychiatry.org/File%20Library/Psychiatrists/Practice/DSM/APA_DSM5_Level-1-Measure-Adult.pdf,390047,APA-DSM5TR-Level1MeasureAdult.pdf
APA_DSM5_Level-1-Measure-Parent-Or-Guardian-Of-Child-Age-6-to-17.pdf,DSM assessment measures,14_Tracks/CAP_Fellow (+ 03_Core_Topics),SUPERSEDED,files/951899c1a3_APA_DSM5_Level-1-Measure-Parent-Or-Guardian-Of-Child-Age-6-to-17.pdf,https://www.psychiatry.org/File%20Library/Psychiatrists/Practice/DSM/APA_DSM5_Level-1-Measure-Parent-Or-Guardian-Of-Child-Age-6-to-17.pdf,394460,APA-DSM5TR-Level1MeasureParentOrGuardianOfChildAge6To17.pdf
APA_DSM5_Level-1-Measure-Child-Age-11-to-17.pdf,DSM assessment measures,14_Tracks/CAP_Fellow (+ 03_Core_Topics),SUPERSEDED,files/8b3aeba635_APA_DSM5_Level-1-Measure-Child-Age-11-to-17.pdf,https://www.psychiatry.org/File%20Library/Psychiatrists/Practice/DSM/APA_DSM5_Level-1-Measure-Child-Age-11-to-17.pdf,273486,APA-DSM5TR-Level1MeasureChildAge11To17.pdf
APA-DSM5TR-CulturalFormulationInterviewSupplementaryModules.pdf,DSM assessment measures,02_Clinical_Skills/Interviewing,CATALOG,files/06bbc9e695_APA-DSM5TR-CulturalFormulationInterviewSupplementaryModules.pdf,https://www.psychiatry.org/getmedia/aca8f5a2-9b1b-456c-a3b7-f7f852edcf7c/APA-DSM5TR-CulturalFormulationInterviewSupplementaryModules.pdf,470154,
APA_DSM5_Level-2-Depression-Adult.pdf,DSM assessment measures,02_Clinical_Skills/Screeners,SUPERSEDED,files/336ffbbfd3_APA_DSM5_Level-2-Depression-Adult.pdf,https://www.psychiatry.org/File%20Library/Psychiatrists/Practice/DSM/APA_DSM5_Level-2-Depression-Adult.pdf,494075,APA-DSM5TR-Level2DepressionAdult.pdf
APA_DSM5_Level-2-Anxiety-Adult.pdf,DSM assessment measures,02_Clinical_Skills/Screeners,SUPERSEDED,files/123f0bf667_APA_DSM5_Level-2-Anxiety-Adult.pdf,https://www.psychiatry.org/File%20Library/Psychiatrists/Practice/DSM/APA_DSM5_Level-2-Anxiety-Adult.pdf,540453,APA-DSM5TR-Level2AnxietyAdult.pdf
APA_DSM5_Level-2-Sleep-Disturbance-Adult.pdf,DSM assessment measures,02_Clinical_Skills/Screeners,SUPERSEDED,files/64401a32ad_APA_DSM5_Level-2-Sleep-Disturbance-Adult.pdf,https://www.psychiatry.org/File%20Library/Psychiatrists/Practice/DSM/APA_DSM5_Level-2-Sleep-Disturbance-Adult.pdf,523002,APA-DSM5TR-Level2SleepDisturbanceAdult.pdf
APA_DSM5_Level-2-Somatic-Symptom-Adult.pdf,DSM assessment measures,02_Clinical_Skills/Screeners,SUPERSEDED,files/d5df0ac3eb_APA_DSM5_Level-2-Somatic-Symptom-Adult.pdf,https://www.psychiatry.org/File%20Library/Psychiatrists/Practice/DSM/APA_DSM5_Level-2-Somatic-Symptom-Adult.pdf,382737,APA-DSM5TR-Level2SomaticSymptomAdult.pdf
APA_DSM5_Level-2-Repetitive-Thoughts-and-Behaviors-Adult.pdf,DSM assessment measures,02_Clinical_Skills/Screeners,SUPERSEDED,files/2e16a1a67b_APA_DSM5_Level-2-Repetitive-Thoughts-and-Behaviors-Adult.pdf,https://www.psychiatry.org/File%20Library/Psychiatrists/Practice/DSM/APA_DSM5_Level-2-Repetitive-Thoughts-and-Behaviors-Adult.pdf,377798,APA-DSM5TR-Level2RepetitiveThoughtsAndBehaviorsAdult.pdf
APA_DSM5_Level-2-Mania-Adult.pdf,DSM assessment measures,02_Clinical_Skills/Screeners,SUPERSEDED,files/931919e9a8_APA_DSM5_Level-2-Mania-Adult.pdf,https://www.psychiatry.org/File%20Library/Psychiatrists/Practice/DSM/APA_DSM5_Level-2-Mania-Adult.pdf,483176,APA-DSM5TR-Level2ManiaAdult.pdf
APA_DSM5_Level-2-Inattention-Parent-of-Child-Age-6-to-17.pdf,DSM assessment measures,14_Tracks/CAP_Fellow (+ 03_Core_Topics),SUPERSEDED,files/e732e23b97_APA_DSM5_Level-2-Inattention-Parent-of-Child-Age-6-to-17.pdf,https://www.psychiatry.org/File%20Library/Psychiatrists/Practice/DSM/APA_DSM5_Level-2-Inattention-Parent-of-Child-Age-6-to-17.pdf,368210,APA-DSM5TR-Level2InattentionParentOfChildAge6To17.pdf
APA_DSM5_Level-2-Sleep-Disturbance-Parent-of-Child-Age-6-to-17.pdf,DSM assessment measures,14_Tracks/CAP_Fellow (+ 03_Core_Topics),SUPERSEDED,files/c6d37b83e3_APA_DSM5_Level-2-Sleep-Disturbance-Parent-of-Child-Age-6-to-17.pdf,https://www.psychiatry.org/File%20Library/Psychiatrists/Practice/DSM/APA_DSM5_Level-2-Sleep-Disturbance-Parent-of-Child-Age-6-to-17.pdf,381507,APA-DSM5TR-Level2SleepDisturbanceParentOfChildAge6To17.pdf
APA_DSM5_Level-2-Somatic-Symptom-Parent-of-Child-Age-6-to-17.pdf,DSM assessment measures,14_Tracks/CAP_Fellow (+ 03_Core_Topics),SUPERSEDED,files/3d95e2a0fa_APA_DSM5_Level-2-Somatic-Symptom-Parent-of-Child-Age-6-to-17.pdf,https://www.psychiatry.org/File%20Library/Psychiatrists/Practice/DSM/APA_DSM5_Level-2-Somatic-Symptom-Parent-of-Child-Age-6-to-17.pdf,493448,APA-DSM5TR-Level2SomaticSymptomParentOfChildAge6To17.pdf
APA_DSM5_Level-2-Anger-Adult.pdf,DSM assessment measures,02_Clinical_Skills/Screeners,SUPERSEDED,files/f324155dda_APA_DSM5_Level-2-Anger-Adult.pdf,https://www.psychiatry.org/File%20Library/Psychiatrists/Practice/DSM/APA_DSM5_Level-2-Anger-Adult.pdf,379634,APA-DSM5TR-Level2AngerAdult.pdf
APA_DSM5_Level-2-Depression-Parent-of-Child-Age-6-to-17.pdf,DSM assessment measures,14_Tracks/CAP_Fellow (+ 03_Core_Topics),SUPERSEDED,files/a3670f4b9c_APA_DSM5_Level-2-Depression-Parent-of-Child-Age-6-to-17.pdf,https://www.psychiatry.org/File%20Library/Psychiatrists/Practice/DSM/APA_DSM5_Level-2-Depression-Parent-of-Child-Age-6-to-17.pdf,403100,APA-DSM5TR-Level2DepressionParentOfChildAge6To17.pdf
APA_DSM5_Level-2-Substance-Use-Adult.pdf,DSM assessment measures,02_Clinical_Skills/Screeners,SUPERSEDED,files/15285854a9_APA_DSM5_Level-2-Substance-Use-Adult.pdf,https://www.psychiatry.org/File%20Library/Psychiatrists/Practice/DSM/APA_DSM5_Level-2-Substance-Use-Adult.pdf,476245,APA-DSM5TR-Level2SubstanceUseAdult.pdf
APA_DSM5_Level-2-Anger-Parent-of-Child-Age-6-to-17.pdf,DSM assessment measures,14_Tracks/CAP_Fellow (+ 03_Core_Topics),SUPERSEDED,files/5e0551246c_APA_DSM5_Level-2-Anger-Parent-of-Child-Age-6-to-17.pdf,https://www.psychiatry.org/File%20Library/Psychiatrists/Practice/DSM/APA_DSM5_Level-2-Anger-Parent-of-Child-Age-6-to-17.pdf,495043,APA-DSM5TR-Level2AngerParentOfChildAge6To17.pdf
APA_DSM5_Level-2-Mania-Parent-of-Child-Age-6-to-17.pdf,DSM assessment measures,14_Tracks/CAP_Fellow (+ 03_Core_Topics),CATALOG,files/99297b42bd_APA_DSM5_Level-2-Mania-Parent-of-Child-Age-6-to-17.pdf,https://www.psychiatry.org/File%20Library/Psychiatrists/Practice/DSM/APA_DSM5_Level-2-Mania-Parent-of-Child-Age-6-to-17.pdf,374946,
APA_DSM5_Level-2-Irritability-Parent-of-Child-Age-6-to-17.pdf,DSM assessment measures,14_Tracks/CAP_Fellow (+ 03_Core_Topics),SUPERSEDED,files/8001079b98_APA_DSM5_Level-2-Irritability-Parent-of-Child-Age-6-to-17.pdf,https://www.psychiatry.org/File%20Library/Psychiatrists/Practice/DSM/APA_DSM5_Level-2-Irritability-Parent-of-Child-Age-6-to-17.pdf,481799,APA-DSM5TR-Level2IrritabilityParentOfChildAge6To17.pdf
APA_DSM5_Level-2-Anxiety-Parent-of-Child-Age-6-to-17.pdf,DSM assessment measures,14_Tracks/CAP_Fellow (+ 03_Core_Topics),SUPERSEDED,files/572ee24cf9_APA_DSM5_Level-2-Anxiety-Parent-of-Child-Age-6-to-17.pdf,https://www.psychiatry.org/File%20Library/Psychiatrists/Practice/DSM/APA_DSM5_Level-2-Anxiety-Parent-of-Child-Age-6-to-17.pdf,402978,APA-DSM5TR-Level2AnxietyParentOfChildAge6To17.pdf
APA_DSM5_Level-2-Depression-Child-Age-11-to-17.pdf,DSM assessment measures,14_Tracks/CAP_Fellow (+ 03_Core_Topics),SUPERSEDED,files/8d305c9fe0_APA_DSM5_Level-2-Depression-Child-Age-11-to-17.pdf,https://www.psychiatry.org/File%20Library/Psychiatrists/Practice/DSM/APA_DSM5_Level-2-Depression-Child-Age-11-to-17.pdf,524910,APA-DSM5TR-Level2DepressionChildAge11To17.pdf
APA_DSM5_Level-2-Sleep-Disturbance-Child-Age-11-to-17.pdf,DSM assessment measures,14_Tracks/CAP_Fellow (+ 03_Core_Topics),SUPERSEDED,files/7ae1c51524_APA_DSM5_Level-2-Sleep-Disturbance-Child-Age-11-to-17.pdf,https://www.psychiatry.org/File%20Library/Psychiatrists/Practice/DSM/APA_DSM5_Level-2-Sleep-Disturbance-Child-Age-11-to-17.pdf,378343,APA-DSM5TR-Level2SleepDisturbanceChildAge11To17.pdf
APA_DSM5_Level-2-Substance-Use-Parent-of-Child-Age-6-to-17.pdf,DSM assessment measures,14_Tracks/CAP_Fellow (+ 03_Core_Topics),SUPERSEDED,files/7a9400a188_APA_DSM5_Level-2-Substance-Use-Parent-of-Child-Age-6-to-17.pdf,https://www.psychiatry.org/File%20Library/Psychiatrists/Practice/DSM/APA_DSM5_Level-2-Substance-Use-Parent-of-Child-Age-6-to-17.pdf,487387,APA-DSM5TR-Level2SubstanceUseParentOfChildAge6To17.pdf
APA_DSM5_Level-2-Somatic-Symptom-Child-Age-11-to-17.pdf,DSM assessment measures,14_Tracks/CAP_Fellow (+ 03_Core_Topics),SUPERSEDED,files/93cbba3534_APA_DSM5_Level-2-Somatic-Symptom-Child-Age-11-to-17.pdf,https://www.psychiatry.org/File%20Library/Psychiatrists/Practice/DSM/APA_DSM5_Level-2-Somatic-Symptom-Child-Age-11-to-17.pdf,491240,APA-DSM5TR-Level2SomaticSymptomChildAge11To17.pdf
APA_DSM5_Level-2-Mania-Child-Age-11-to-17.pdf,DSM assessment measures,14_Tracks/CAP_Fellow (+ 03_Core_Topics),SUPERSEDED,files/090813e109_APA_DSM5_Level-2-Mania-Child-Age-11-to-17.pdf,https://www.psychiatry.org/File%20Library/Psychiatrists/Practice/DSM/APA_DSM5_Level-2-Mania-Child-Age-11-to-17.pdf,372641,APA-DSM5TR-Level2ManiaChildAge11To17.pdf
APA_DSM5_Level-2-Irritability-Child-Age-11-to-17.pdf,DSM assessment measures,14_Tracks/CAP_Fellow (+ 03_Core_Topics),SUPERSEDED,files/a90ec0bf6a_APA_DSM5_Level-2-Irritability-Child-Age-11-to-17.pdf,https://www.psychiatry.org/File%20Library/Psychiatrists/Practice/DSM/APA_DSM5_Level-2-Irritability-Child-Age-11-to-17.pdf,487382,APA-DSM5TR-Level2IrritabilityChildAge11To17.pdf
APA_DSM5_Level-2-Anxiety-Child-Age-11-to-17.pdf,DSM assessment measures,14_Tracks/CAP_Fellow (+ 03_Core_Topics),SUPERSEDED,files/8813a650a6_APA_DSM5_Level-2-Anxiety-Child-Age-11-to-17.pdf,https://www.psychiatry.org/File%20Library/Psychiatrists/Practice/DSM/APA_DSM5_Level-2-Anxiety-Child-Age-11-to-17.pdf,410668,APA-DSM5TR-Level2AnxietyChildAge11To17.pdf
APA_DSM5_Severity-Measure-For-Panic-Disorder-Adult.pdf,DSM assessment measures,03_Core_Topics/Anxiety,SUPERSEDED,files/2d6a211c7f_APA_DSM5_Severity-Measure-For-Panic-Disorder-Adult.pdf,https://www.psychiatry.org/File%20Library/Psychiatrists/Practice/DSM/APA_DSM5_Severity-Measure-For-Panic-Disorder-Adult.pdf,251914,APA-DSM5TR-SeverityMeasureForPanicDisorderAdult.pdf
APA_DSM5_Severity-Measure-For-Specific-Phobia-Adult.pdf,DSM assessment measures,03_Core_Topics/Anxiety,SUPERSEDED,files/b4737fc217_APA_DSM5_Severity-Measure-For-Specific-Phobia-Adult.pdf,https://www.psychiatry.org/File%20Library/Psychiatrists/Practice/DSM/APA_DSM5_Severity-Measure-For-Specific-Phobia-Adult.pdf,253459,APA-DSM5TR-SeverityMeasureForSpecificPhobiaAdult.pdf
APA_DSM5_Severity-Measure-For-Separation-Anxiety-Disorder-Adult.pdf,DSM assessment measures,03_Core_Topics/Anxiety,SUPERSEDED,files/d4ffbed38f_APA_DSM5_Severity-Measure-For-Separation-Anxiety-Disorder-Adult.pdf,https://www.psychiatry.org/File%20Library/Psychiatrists/Practice/DSM/APA_DSM5_Severity-Measure-For-Separation-Anxiety-Disorder-Adult.pdf,361596,APA-DSM5TR-SeverityMeasureForSeparationAnxietyDisorderAdult.pdf
APA_DSM5_Severity-Measure-For-Agoraphobia-Adult.pdf,DSM assessment measures,03_Core_Topics/Anxiety,SUPERSEDED,files/86c8c6d918_APA_DSM5_Severity-Measure-For-Agoraphobia-Adult.pdf,https://www.psychiatry.org/File%20Library/Psychiatrists/Practice/DSM/APA_DSM5_Severity-Measure-For-Agoraphobia-Adult.pdf,361757,APA-DSM5TR-SeverityMeasureForAgoraphobiaAdult.pdf
APA_DSM5_Level-2-Repetitive-Thoughts-and-Behaviors-Child-Age-11-to-17.pdf,DSM assessment measures,14_Tracks/CAP_Fellow (+ 03_Core_Topics),SUPERSEDED,files/70df145d57_APA_DSM5_Level-2-Repetitive-Thoughts-and-Behaviors-Child-Age-11-to-17.pdf,https://www.psychiatry.org/File%20Library/Psychiatrists/Practice/DSM/APA_DSM5_Level-2-Repetitive-Thoughts-and-Behaviors-Child-Age-11-to-17.pdf,491907,APA-DSM5TR-Level2RepetitiveThoughtsAndBehaviorsChildAge11To17.pdf
APA_DSM5_Severity-Measure-For-Generalized-Anxiety-Disorder-Adult.pdf,DSM assessment measures,03_Core_Topics/Anxiety,SUPERSEDED,files/f39c46885d_APA_DSM5_Severity-Measure-For-Generalized-Anxiety-Disorder-Adult.pdf,https://www.psychiatry.org/File%20Library/Psychiatrists/Practice/DSM/APA_DSM5_Severity-Measure-For-Generalized-Anxiety-Disorder-Adult.pdf,362153,APA-DSM5TR-SeverityMeasureForGeneralizedAnxietyDisorderAdult.pdf
APA_DSM5_Severity-of-Posttraumatic-Stress-Symptoms-Adult.pdf,DSM assessment measures,03_Core_Topics/Anxiety,SUPERSEDED,files/20f2e64088_APA_DSM5_Severity-of-Posttraumatic-Stress-Symptoms-Adult.pdf,https://www.psychiatry.org/File%20Library/Psychiatrists/Practice/DSM/APA_DSM5_Severity-of-Posttraumatic-Stress-Symptoms-Adult.pdf,361695,APA-DSM5TR-SeverityOfPosttraumaticStressSymptomsAdult.pdf
APA_DSM5_Severity-Measure-For-Depression-Child-Age-11-to-17.pdf,DSM assessment measures,14_Tracks/CAP_Fellow (+ 03_Core_Topics),SUPERSEDED,files/8b04e98531_APA_DSM5_Severity-Measure-For-Depression-Child-Age-11-to-17.pdf,https://www.psychiatry.org/File%20Library/Psychiatrists/Practice/DSM/APA_DSM5_Severity-Measure-For-Depression-Child-Age-11-to-17.pdf,239136,APA-DSM5TR-SeverityMeasureForDepressionChildAge11To17.pdf
APA_DSM5_Severity-Measure-For-Social-Anxiety-Disorder-Adult.pdf,DSM assessment measures,03_Core_Topics/Anxiety,SUPERSEDED,files/28bc85a0f7_APA_DSM5_Severity-Measure-For-Social-Anxiety-Disorder-Adult.pdf,https://www.psychiatry.org/File%20Library/Psychiatrists/Practice/DSM/APA_DSM5_Severity-Measure-For-Social-Anxiety-Disorder-Adult.pdf,477183,APA-DSM5TR-SeverityMeasureForSocialAnxietyDisorderAdult.pdf
APA_DSM5_Severity-Measure-For-Separation-Anxiety-Disorder-Child-Age-11-to-17.pdf,DSM assessment measures,14_Tracks/CAP_Fellow (+ 03_Core_Topics),SUPERSEDED,files/613e7882f9_APA_DSM5_Severity-Measure-For-Separation-Anxiety-Disorder-Child-Age-11-to-17.pdf,https://www.psychiatry.org/File%20Library/Psychiatrists/Practice/DSM/APA_DSM5_Severity-Measure-For-Separation-Anxiety-Disorder-Child-Age-11-to-17.pdf,361962,APA-DSM5TR-SeverityMeasureForSeparationAnxietyDisorderChildAge11To17.pdf
APA_DSM5_Severity-of-Acute-Stress-Symptoms-Adult.pdf,DSM assessment measures,03_Core_Topics/Anxiety,SUPERSEDED,files/6e54906039_APA_DSM5_Severity-of-Acute-Stress-Symptoms-Adult.pdf,https://www.psychiatry.org/File%20Library/Psychiatrists/Practice/DSM/APA_DSM5_Severity-of-Acute-Stress-Symptoms-Adult.pdf,359397,APA-DSM5TR-SeverityOfAcuteStressSymptomsAdult.pdf
APA_DSM5_Severity-Measure-For-Specific-Phobia-Child-Age-11-to-17.pdf,DSM assessment measures,14_Tracks/CAP_Fellow (+ 03_Core_Topics),SUPERSEDED,files/dccc9a616b_APA_DSM5_Severity-Measure-For-Specific-Phobia-Child-Age-11-to-17.pdf,https://www.psychiatry.org/File%20Library/Psychiatrists/Practice/DSM/APA_DSM5_Severity-Measure-For-Specific-Phobia-Child-Age-11-to-17.pdf,364497,APA-DSM5TR-SeverityMeasureForSpecificPhobiaChildAge11To17.pdf
APA_DSM5_Severity-Measure-For-Social-Anxiety-Disorder-Child-Age-11-to-17.pdf,DSM assessment measures,14_Tracks/CAP_Fellow (+ 03_Core_Topics),SUPERSEDED,files/a339a893af_APA_DSM5_Severity-Measure-For-Social-Anxiety-Disorder-Child-Age-11-to-17.pdf,https://www.psychiatry.org/File%20Library/Psychiatrists/Practice/DSM/APA_DSM5_Severity-Measure-For-Social-Anxiety-Disorder-Child-Age-11-to-17.pdf,477623,APA-DSM5TR-SeverityMeasureForSocialAnxietyDisorderChildAge11To17.pdf
APA_DSM5_Severity-of-Post-Traumatic-Stress-Symptoms-Child-Age-11-to-17.pdf,DSM assessment measures,14_Tracks/CAP_Fellow (+ 03_Core_Topics),SUPERSEDED,files/ce204416c5_APA_DSM5_Severity-of-Post-Traumatic-Stress-Symptoms-Child-Age-11-to-17.pdf,https://www.psychiatry.org/File%20Library/Psychiatrists/Practice/DSM/APA_DSM5_Severity-of-Post-Traumatic-Stress-Symptoms-Child-Age-11-to-17.pdf,362262,APA-DSM5TR-SeverityOfPostTraumaticStressSymptomsChildAge11To17.pdf
APA_DSM5_Severity-of-Dissociative-Symptoms-Adult.pdf,DSM assessment measures,13_Faculty_Resources (background),SUPERSEDED,files/a3cab61a41_APA_DSM5_Severity-of-Dissociative-Symptoms-Adult.pdf,https://www.psychiatry.org/File%20Library/Psychiatrists/Practice/DSM/APA_DSM5_Severity-of-Dissociative-Symptoms-Adult.pdf,345962,APA-DSM5TR-SeverityOfDissociativeSymptomsAdult.pdf
APA_DSM5_Level-2-Anger-Child-Age-11-to-17.pdf,DSM assessment measures,14_Tracks/CAP_Fellow (+ 03_Core_Topics),SUPERSEDED,files/dc159b2606_APA_DSM5_Level-2-Anger-Child-Age-11-to-17.pdf,https://www.psychiatry.org/File%20Library/Psychiatrists/Practice/DSM/APA_DSM5_Level-2-Anger-Child-Age-11-to-17.pdf,496506,APA-DSM5TR-Level2AngerChildAge11To17.pdf
APA_DSM5_Severity-of-Acute-Stress-Symptoms-Child-Age-11-to-17.pdf,DSM assessment measures,14_Tracks/CAP_Fellow (+ 03_Core_Topics),SUPERSEDED,files/416cd45d37_APA_DSM5_Severity-of-Acute-Stress-Symptoms-Child-Age-11-to-17.pdf,https://www.psychiatry.org/File%20Library/Psychiatrists/Practice/DSM/APA_DSM5_Severity-of-Acute-Stress-Symptoms-Child-Age-11-to-17.pdf,470210,APA-DSM5TR-SeverityOfAcuteStressSymptomsChildAge11To17.pdf
APA_DSM5_Clinician-Rated-Severity-of-Autism-Spectrum-and-Social-Communication-Disorders.pdf,DSM assessment measures,14_Tracks/CAP_Fellow (+ 03_Core_Topics),SUPERSEDED,files/a90e258899_APA_DSM5_Clinician-Rated-Severity-of-Autism-Spectrum-and-Social-Communication-Disorders.pdf,https://www.psychiatry.org/File%20Library/Psychiatrists/Practice/DSM/APA_DSM5_Clinician-Rated-Severity-of-Autism-Spectrum-and-Social-Communication-Disorders.pdf,453777,APA-DSM5TR-ClinicianRatedSeverityOfAutismSpectrumAndSocialCommunicationDisorders.pdf
APA_DSM5_Severity-of-Dissociative-Symptoms-Child-Age-11-to-17.pdf,DSM assessment measures,14_Tracks/CAP_Fellow (+ 03_Core_Topics),SUPERSEDED,files/97a99dee47_APA_DSM5_Severity-of-Dissociative-Symptoms-Child-Age-11-to-17.pdf,https://www.psychiatry.org/File%20Library/Psychiatrists/Practice/DSM/APA_DSM5_Severity-of-Dissociative-Symptoms-Child-Age-11-to-17.pdf,346128,APA-DSM5TR-SeverityofDissociativeSymptomsChildAge11To17.pdf
APA_DSM5_Severity-Measure-For-Agoraphobia-Child-Age-11-to-17.pdf,DSM assessment measures,14_Tracks/CAP_Fellow (+ 03_Core_Topics),SUPERSEDED,files/70001f907c_APA_DSM5_Severity-Measure-For-Agoraphobia-Child-Age-11-to-17.pdf,https://www.psychiatry.org/File%20Library/Psychiatrists/Practice/DSM/APA_DSM5_Severity-Measure-For-Agoraphobia-Child-Age-11-to-17.pdf,362039,APA-DSM5TR-SeverityMeasureForAgoraphobiaChildAge11To17.pdf
APA_DSM5_Clinician-Rated-Dimensions-of-Psychosis-Symptom-Severity.pdf,DSM assessment measures,03_Core_Topics/Psychosis,SUPERSEDED,files/d1653b700c_APA_DSM5_Clinician-Rated-Dimensions-of-Psychosis-Symptom-Severity.pdf,https://www.psychiatry.org/File%20Library/Psychiatrists/Practice/DSM/APA_DSM5_Clinician-Rated-Dimensions-of-Psychosis-Symptom-Severity.pdf,368919,APA-DSM5TR-ClinicianRatedDimensionsofPsychosisSymptomSeverity.pdf
APA_DSM5_Clinician-Rated-Severity-of-Non-Suicidal-Self-Injury.pdf,DSM assessment measures,04_Acute_and_Safety/Suicide_Risk_and_Safety_Planning,SUPERSEDED,files/55b13ab58d_APA_DSM5_Clinician-Rated-Severity-of-Non-Suicidal-Self-Injury.pdf,https://www.psychiatry.org/File%20Library/Psychiatrists/Practice/DSM/APA_DSM5_Clinician-Rated-Severity-of-Non-Suicidal-Self-Injury.pdf,329767,APA-DSM5TR-ClinicianRatedSeverityOfNonSuicidalSelfInjury.pdf
APA_DSM5_WHODAS-2-Self-Administered.pdf,DSM assessment measures,02_Clinical_Skills/Screeners,SUPERSEDED,files/0f93b1f62b_APA_DSM5_WHODAS-2-Self-Administered.pdf,https://www.psychiatry.org/File%20Library/Psychiatrists/Practice/DSM/APA_DSM5_WHODAS-2-Self-Administered.pdf,420105,APA-DSM5TR-WHODAS2SelfAdministered.pdf
APA_DSM5_Clinician-Rated-Severity-of-Somatic-Symptom-Disorder.pdf,DSM assessment measures,03_Core_Topics (topic-specific),SUPERSEDED,files/1af13853e0_APA_DSM5_Clinician-Rated-Severity-of-Somatic-Symptom-Disorder.pdf,https://www.psychiatry.org/File%20Library/Psychiatrists/Practice/DSM/APA_DSM5_Clinician-Rated-Severity-of-Somatic-Symptom-Disorder.pdf,344401,APA-DSM5TR-ClinicianRatedSeverityOfSomaticSymptomDisorder.pdf
APA_DSM5_Clinician-Rated-Severity-of-Oppositional-Defiant-Disorder.pdf,DSM assessment measures,14_Tracks/CAP_Fellow (+ 03_Core_Topics),SUPERSEDED,files/bf995f2e3e_APA_DSM5_Clinician-Rated-Severity-of-Oppositional-Defiant-Disorder.pdf,https://www.psychiatry.org/File%20Library/Psychiatrists/Practice/DSM/APA_DSM5_Clinician-Rated-Severity-of-Oppositional-Defiant-Disorder.pdf,327028,APA-DSM5TR-ClinicianRatedSeverityOfOppositionalDefiantDisorder.pdf
APA_DSM5_Severity-Measure-For-Generalized-Anxiety-Disorder-Child-Age-11-to-17.pdf,DSM assessment measures,14_Tracks/CAP_Fellow (+ 03_Core_Topics),SUPERSEDED,files/9d670b2350_APA_DSM5_Severity-Measure-For-Generalized-Anxiety-Disorder-Child-Age-11-to-17.pdf,https://www.psychiatry.org/File%20Library/Psychiatrists/Practice/DSM/APA_DSM5_Severity-Measure-For-Generalized-Anxiety-Disorder-Child-Age-11-to-17.pdf,362498,APA-DSM5TR-SeverityMeasureForGeneralizedAnxietyDisorderChildAge11To17.pdf
APA_DSM5_WHODAS-2-Proxy-Administered.pdf,DSM assessment measures,02_Clinical_Skills/Screeners,SUPERSEDED,files/1289cc7315_APA_DSM5_WHODAS-2-Proxy-Administered.pdf,https://www.psychiatry.org/File%20Library/Psychiatrists/Practice/DSM/APA_DSM5_WHODAS-2-Proxy-Administered.pdf,424021,APA-DSM5TR-WHODAS2ProxyAdministered.pdf
APA_DSM5_The-Personality-Inventory-For-DSM-5-Brief-Form-Adult.pdf,DSM assessment measures,02_Clinical_Skills/Screeners,SUPERSEDED,files/aabfb854ae_APA_DSM5_The-Personality-Inventory-For-DSM-5-Brief-Form-Adult.pdf,https://www.psychiatry.org/File%20Library/Psychiatrists/Practice/DSM/APA_DSM5_The-Personality-Inventory-For-DSM-5-Brief-Form-Adult.pdf,384967,APA-DSM5TR-ThePersonalityInventoryForDSM5BriefFormAdult.pdf
APA_DSM5_The-Personality-Inventory-For-DSM-5-Brief-Form-Child-Age-11-to-17.pdf,DSM assessment measures,14_Tracks/CAP_Fellow (+ 03_Core_Topics),SUPERSEDED,files/dd3b357e74_APA_DSM5_The-Personality-Inventory-For-DSM-5-Brief-Form-Child-Age-11-to-17.pdf,https://www.psychiatry.org/File%20Library/Psychiatrists/Practice/DSM/APA_DSM5_The-Personality-Inventory-For-DSM-5-Brief-Form-Child-Age-11-to-17.pdf,385370,APA-DSM5TR-ThePersonalityInventoryForDSM5BriefFormChildAge11To17.pdf
APA_DSM5_The-Personality-Inventory-For-DSM-5-Full-Version-Adult.pdf,DSM assessment measures,02_Clinical_Skills/Screeners,SUPERSEDED,files/8aa9125553_APA_DSM5_The-Personality-Inventory-For-DSM-5-Full-Version-Adult.pdf,https://www.psychiatry.org/File%20Library/Psychiatrists/Practice/DSM/APA_DSM5_The-Personality-Inventory-For-DSM-5-Full-Version-Adult.pdf,822338,APA-DSM5TR-ThePersonalityInventoryForDSM5FullVersionAdult.pdf
APA_DSM5_The-Personality-Inventory-for-DSM-5-Full-Version-Informant.pdf,DSM assessment measures,02_Clinical_Skills/Screeners,SUPERSEDED,files/b5427fa08d_APA_DSM5_The-Personality-Inventory-for-DSM-5-Full-Version-Informant.pdf,https://www.psychiatry.org/File%20Library/Psychiatrists/Practice/DSM/APA_DSM5_The-Personality-Inventory-for-DSM-5-Full-Version-Informant.pdf,707942,APA-DSM5TR-ThePersonalityInventoryforDSM5FullVersionInformant.pdf
APA_DSM5_Clinician-Rated-Severity-of-Conduct-Disorder.pdf,DSM assessment measures,14_Tracks/CAP_Fellow (+ 03_Core_Topics),SUPERSEDED,files/7f2ae5f884_APA_DSM5_Clinician-Rated-Severity-of-Conduct-Disorder.pdf,https://www.psychiatry.org/File%20Library/Psychiatrists/Practice/DSM/APA_DSM5_Clinician-Rated-Severity-of-Conduct-Disorder.pdf,328849,APA-DSM5TR-ClinicianRatedSeverityOfConductDisorder.pdf
APA_DSM5_The-Personality-Inventory-For-DSM-5-Full-Version-Child-Age-11-to-17.pdf,DSM assessment measures,14_Tracks/CAP_Fellow (+ 03_Core_Topics),SUPERSEDED,files/6b6a62c5f6_APA_DSM5_The-Personality-Inventory-For-DSM-5-Full-Version-Child-Age-11-to-17.pdf,https://www.psychiatry.org/File%20Library/Psychiatrists/Practice/DSM/APA_DSM5_The-Personality-Inventory-For-DSM-5-Full-Version-Child-Age-11-to-17.pdf,704545,APA-DSM5TR-ThePersonalityInventoryForDSM5FullVersionChildAge11To17.pdf
APA_DSM5_Clinician-Rated-Early-Development-and-Home-Background.pdf,DSM assessment measures,14_Tracks/CAP_Fellow (+ 03_Core_Topics),SUPERSEDED,files/b5301a7f64_APA_DSM5_Clinician-Rated-Early-Development-and-Home-Background.pdf,https://www.psychiatry.org/File%20Library/Psychiatrists/Practice/DSM/APA_DSM5_Clinician-Rated-Early-Development-and-Home-Background.pdf,468528,APA-DSM5TR-ClinicianRatedEarlyDevelopmentAndHomeBackground.pdf
APA_DSM5_Cultural-Formulation-Interview-Supplementary-Modules.pdf,DSM assessment measures,02_Clinical_Skills/Interviewing,SUPERSEDED,files/63e9091058_APA_DSM5_Cultural-Formulation-Interview-Supplementary-Modules.pdf,https://www.psychiatry.org/File%20Library/Psychiatrists/Practice/DSM/APA_DSM5_Cultural-Formulation-Interview-Supplementary-Modules.pdf,449942,APA-DSM5TR-CulturalFormulationInterviewSupplementaryModules.pdf
APA_DSM5_Cultural-Formulation-Interview-Informant.pdf,DSM assessment measures,02_Clinical_Skills/Interviewing,SUPERSEDED,files/e008abbcac_APA_DSM5_Cultural-Formulation-Interview-Informant.pdf,https://www.psychiatry.org/File%20Library/Psychiatrists/Practice/DSM/APA_DSM5_Cultural-Formulation-Interview-Informant.pdf,361122,APA-DSM5TR-CulturalFormulationInterviewInformant.pdf
APA_DSM5_Early-Development-and-Home-Background-Form-Parent-of-Child-Age-6-to-17.pdf,DSM assessment measures,14_Tracks/CAP_Fellow (+ 03_Core_Topics),CATALOG,files/45c0863755_APA_DSM5_Early-Development-and-Home-Background-Form-Parent-of-Child-Age-6-to-17.pdf,https://www.psychiatry.org/File%20Library/Psychiatrists/Practice/DSM/APA_DSM5_Early-Development-and-Home-Background-Form-Parent-of-Child-Age-6-to-17.pdf,365605,
APA-DSM5TR-Coding.pdf,DSM fact sheets and diagnostic education,13_Faculty_Resources (background),CATALOG,files/af52ad80d4_APA-DSM5TR-Coding.pdf,https://www.psychiatry.org/getmedia/136283f7-0002-4ea7-ac1f-a6eb57647b4c/APA-DSM5TR-Coding.pdf,165270,
APA-DSM5TR-DiagnosesforChildren.pdf,DSM fact sheets and diagnostic education,14_Tracks/CAP_Fellow (+ 03_Core_Topics),CATALOG,files/dbfe17b71c_APA-DSM5TR-DiagnosesforChildren.pdf,https://www.psychiatry.org/getmedia/178f173b-f4a1-433b-aef3-7b2fb513436b/APA-DSM5TR-DiagnosesforChildren.pdf,223890,
APA-DSM5TR-TheOrganizationofDSM.pdf,DSM fact sheets and diagnostic education,13_Faculty_Resources (background),CATALOG,files/c433532baf_APA-DSM5TR-TheOrganizationofDSM.pdf,https://www.psychiatry.org/getmedia/0191c8c8-4151-4bde-9cba-263db78a2734/APA-DSM5TR-TheOrganizationofDSM.pdf,184956,
APA-DSM5TR-AttentiontoCultureRacismandDiscrimination.pdf,DSM fact sheets and diagnostic education,13_Faculty_Resources (background),CATALOG,files/796a334483_APA-DSM5TR-AttentiontoCultureRacismandDiscrimination.pdf,https://www.psychiatry.org/getmedia/f4057bcd-c345-4d81-a4ce-02c5eb29454b/APA-DSM5TR-AttentiontoCultureRacismandDiscrimination.pdf,187756,
APA-DSM5TR-ThePeopleBehindDSM.pdf,DSM fact sheets and diagnostic education,13_Faculty_Resources (background),CATALOG,files/9cec15f2c1_APA-DSM5TR-ThePeopleBehindDSM.pdf,https://www.psychiatry.org/getmedia/5635958b-ee71-4352-b02a-fb24ecab86c6/APA-DSM5TR-ThePeopleBehindDSM.pdf,213548,
APA-DSM5TR-SectionIII.pdf,DSM fact sheets and diagnostic education,13_Faculty_Resources (background),CATALOG,files/38590f2f98_APA-DSM5TR-SectionIII.pdf,https://www.psychiatry.org/getmedia/a34f19ee-7874-4b06-b72d-3fceeecfee3d/APA-DSM5TR-SectionIII.pdf,197405,
APA-DSM5TR-FromPlanningtoPublication.pdf,DSM fact sheets and diagnostic education,13_Faculty_Resources (background),BACKGROUND,files/6d65251439_APA-DSM5TR-FromPlanningtoPublication.pdf,https://www.psychiatry.org/getmedia/627fc154-dab5-475e-948a-48ce6decbae1/APA-DSM5TR-FromPlanningtoPublication.pdf,185464,
APA-DSM5TR-MakingaCaseforNewDisorders.pdf,DSM fact sheets and diagnostic education,13_Faculty_Resources (background),BACKGROUND,files/0e585f4400_APA-DSM5TR-MakingaCaseforNewDisorders.pdf,https://www.psychiatry.org/getmedia/f329748a-68f4-4034-9316-8ba95327bffc/APA-DSM5TR-MakingaCaseforNewDisorders.pdf,203856,
APA-DSM5TR-AutismSpectrumDisorder.pdf,DSM fact sheets and diagnostic education,14_Tracks/CAP_Fellow (+ 03_Core_Topics),CATALOG,files/c166c7c888_APA-DSM5TR-AutismSpectrumDisorder.pdf,https://www.psychiatry.org/getmedia/d48f7fa6-b6c8-4f6c-888b-b0adfeb9f5b6/APA-DSM5TR-AutismSpectrumDisorder.pdf,184242,
APA-DSM5TR-AvoidantRestrictiveFoodIntakeDisorder.pdf,DSM fact sheets and diagnostic education,13_Faculty_Resources (background),CATALOG,files/4d7d07d85d_APA-DSM5TR-AvoidantRestrictiveFoodIntakeDisorder.pdf,https://www.psychiatry.org/getmedia/8bcf8b72-f3cc-403c-9cfb-5c89e086d5db/APA-DSM5TR-AvoidantRestrictiveFoodIntakeDisorder.pdf,163594,
APA-DSM5TR-BipolarandRelatedDisordersDuetoAnotherMedicalCondition.pdf,DSM fact sheets and diagnostic education,03_Core_Topics/Mood,CATALOG,files/ddd41558d0_APA-DSM5TR-BipolarandRelatedDisordersDuetoAnotherMedicalCondition.pdf,https://www.psychiatry.org/getmedia/33061aab-eae0-45ae-8008-204cf087c5c5/APA-DSM5TR-BipolarandRelatedDisordersDuetoAnotherMedicalCondition.pdf,169264,
APA-DSM5TR-Delirium.pdf,DSM fact sheets and diagnostic education,04_Acute_and_Safety/Delirium,CATALOG,files/270b7fbae5_APA-DSM5TR-Delirium.pdf,https://www.psychiatry.org/getmedia/2a161331-9ea6-4d7d-8a71-547cd8591ab2/APA-DSM5TR-Delirium.pdf,163005,
APA-DSM5TR-BipolarIandBipolarIIDisorders.pdf,DSM fact sheets and diagnostic education,03_Core_Topics/Mood,CATALOG,files/79fa1ad753_APA-DSM5TR-BipolarIandBipolarIIDisorders.pdf,https://www.psychiatry.org/getmedia/98fd2c17-93f0-42cd-9f41-755d77b862a5/APA-DSM5TR-BipolarIandBipolarIIDisorders.pdf,203366,
APA-DSM5TR-DepressiveDisorderduetoAnotherMedicalCondition.pdf,DSM fact sheets and diagnostic education,03_Core_Topics/Mood,CATALOG,files/daa63fc98f_APA-DSM5TR-DepressiveDisorderduetoAnotherMedicalCondition.pdf,https://www.psychiatry.org/getmedia/e631c985-ee68-4be3-9941-0eb3b5b4d75d/APA-DSM5TR-DepressiveDisorderduetoAnotherMedicalCondition.pdf,168457,
APA-DSM5TR-FunctionalNeurologicalSymptomDisorder.pdf,DSM fact sheets and diagnostic education,13_Faculty_Resources (background),CATALOG,files/b6bbf177e0_APA-DSM5TR-FunctionalNeurologicalSymptomDisorder.pdf,https://www.psychiatry.org/getmedia/c57b724e-7fc7-4082-bbbf-28b458709b51/APA-DSM5TR-FunctionalNeurologicalSymptomDisorder.pdf,173740,
APA-DSM5TR-AttenuatedPsychosisSyndrome.pdf,DSM fact sheets and diagnostic education,03_Core_Topics/Psychosis,CATALOG,files/03599e50a5_APA-DSM5TR-AttenuatedPsychosisSyndrome.pdf,https://www.psychiatry.org/getmedia/f1cd8724-470c-4fa2-8850-404700325326/APA-DSM5TR-AttenuatedPsychosisSyndrome.pdf,178414,
APA-DSM5TR-GenderDysphoria.pdf,DSM fact sheets and diagnostic education,13_Faculty_Resources (background),CATALOG,files/8ea1878dee_APA-DSM5TR-GenderDysphoria.pdf,https://www.psychiatry.org/getmedia/a5bef7b8-d401-4fc2-bac5-21a4d788fdb6/APA-DSM5TR-GenderDysphoria.pdf,162557,
APA-DSM5TR-IntellectualDisability.pdf,DSM fact sheets and diagnostic education,14_Tracks/CAP_Fellow (+ 03_Core_Topics),CATALOG,files/67b783c777_APA-DSM5TR-IntellectualDisability.pdf,https://www.psychiatry.org/getmedia/497935b7-4543-4343-af1e-797063c22191/APA-DSM5TR-IntellectualDisability.pdf,177967,
APA-DSM5TR-MajorDepressiveDisorder.pdf,DSM fact sheets and diagnostic education,03_Core_Topics/Mood,CATALOG,files/80d460f971_APA-DSM5TR-MajorDepressiveDisorder.pdf,https://www.psychiatry.org/getmedia/33fc7cdb-6fd8-46a7-9ff2-225ba7862f7f/APA-DSM5TR-MajorDepressiveDisorder.pdf,168814,
APA-DSM5TR-OtherSpecifiedBipolarandRelatedDisorder.pdf,DSM fact sheets and diagnostic education,03_Core_Topics/Mood,CATALOG,files/4efe148428_APA-DSM5TR-OtherSpecifiedBipolarandRelatedDisorder.pdf,https://www.psychiatry.org/getmedia/ffc643b7-9382-4a29-a8c8-868dabcced10/APA-DSM5TR-OtherSpecifiedBipolarandRelatedDisorder.pdf,251707,
APA-DSM5-TR-Narcolepsy.pdf,DSM fact sheets and diagnostic education,03_Core_Topics (topic-specific),CATALOG,files/1a0875fc6b_APA-DSM5-TR-Narcolepsy.pdf,https://www.psychiatry.org/getmedia/a73b55a0-782b-4017-912e-42af2e32f1f4/APA-DSM5-TR-Narcolepsy.pdf,163291,
APA-DSM5TR-OtherSpecifiedDepressiveDisorder.pdf,DSM fact sheets and diagnostic education,03_Core_Topics/Mood,CATALOG,files/1c0e87a5ce_APA-DSM5TR-OtherSpecifiedDepressiveDisorder.pdf,https://www.psychiatry.org/getmedia/9c456082-b1ed-4a7c-84f7-7b340fa10b01/APA-DSM5TR-OtherSpecifiedDepressiveDisorder.pdf,163527,
APA-DSM5TR-OlfactoryReferenceDisorder.pdf,DSM fact sheets and diagnostic education,03_Core_Topics (topic-specific),CATALOG,files/9c5f634609_APA-DSM5TR-OlfactoryReferenceDisorder.pdf,https://www.psychiatry.org/getmedia/06c72f8b-e85f-480d-937e-e90fd7d1ed3f/APA-DSM5TR-OlfactoryReferenceDisorder.pdf,170089,
APA-DSM5TR-OtherSpecifiedDelirium.pdf,DSM fact sheets and diagnostic education,04_Acute_and_Safety/Delirium,CATALOG,files/d19f6fd260_APA-DSM5TR-OtherSpecifiedDelirium.pdf,https://www.psychiatry.org/getmedia/21f0db4f-8daf-41be-944e-e20527819a31/APA-DSM5TR-OtherSpecifiedDelirium.pdf,216109,
APA-DSM5TR-OtherSpecifiedSchizophrenia.pdf,DSM fact sheets and diagnostic education,03_Core_Topics/Psychosis,CATALOG,files/ae143ff9a6_APA-DSM5TR-OtherSpecifiedSchizophrenia.pdf,https://www.psychiatry.org/getmedia/2f985d86-684c-485f-b03d-b599180e3124/APA-DSM5TR-OtherSpecifiedSchizophrenia.pdf,169845,
APA-DSM5TR-OtherSpecifiedFeedingDisorder.pdf,DSM fact sheets and diagnostic education,13_Faculty_Resources (background),CATALOG,files/c1ef09e840_APA-DSM5TR-OtherSpecifiedFeedingDisorder.pdf,https://www.psychiatry.org/getmedia/6d88113a-39f6-482b-b490-ad18453a21bd/APA-DSM5TR-OtherSpecifiedFeedingDisorder.pdf,168715,
APA-DSM5TR-PersistentDepressive.pdf,DSM fact sheets and diagnostic education,03_Core_Topics/Mood,CATALOG,files/3917f39d7a_APA-DSM5TR-PersistentDepressive.pdf,https://www.psychiatry.org/getmedia/fd3dfaad-d409-4e94-8605-0350adec5b91/APA-DSM5TR-PersistentDepressive.pdf,211046,
APA-DSM5TR-ProlongedGriefDisorder.pdf,DSM fact sheets and diagnostic education,13_Faculty_Resources (background),CATALOG,files/d1c63953a4_APA-DSM5TR-ProlongedGriefDisorder.pdf,https://www.psychiatry.org/getmedia/2a667a19-80ac-4aaf-8751-9ed240619757/APA-DSM5TR-ProlongedGriefDisorder.pdf,167736,
APA-DSM5TR-PTSD.pdf,DSM fact sheets and diagnostic education,03_Core_Topics/Anxiety,CATALOG,files/fa6d13a9c9_APA-DSM5TR-PTSD.pdf,https://www.psychiatry.org/getmedia/eacace92-3964-4350-a0bd-e42fc03e806a/APA-DSM5TR-PTSD.pdf,225081,
APA-DSM5TR-SocialAnxietyDisorder.pdf,DSM fact sheets and diagnostic education,03_Core_Topics/Anxiety,CATALOG,files/5dbb0d0d8e_APA-DSM5TR-SocialAnxietyDisorder.pdf,https://www.psychiatry.org/getmedia/18acfc35-bf15-4c61-b1c8-9a05b0fafc1f/APA-DSM5TR-SocialAnxietyDisorder.pdf,164520,
APA-DSM5TR-UnspecifiedMoodDisorder.pdf,DSM fact sheets and diagnostic education,03_Core_Topics/Mood,CATALOG,files/9408084f36_APA-DSM5TR-UnspecifiedMoodDisorder.pdf,https://www.psychiatry.org/getmedia/4d6aab2f-87cf-4b22-afc4-8b9035076051/APA-DSM5TR-UnspecifiedMoodDisorder.pdf,223954,
APA-DSM5TR-SubstanceMedicationInducedBipolarDisorder.pdf,DSM fact sheets and diagnostic education,03_Core_Topics/Mood,CATALOG,files/24de6fac9e_APA-DSM5TR-SubstanceMedicationInducedBipolarDisorder.pdf,https://www.psychiatry.org/getmedia/d2213583-2b81-41fe-90e5-3abbdf0f7d72/APA-DSM5TR-SubstanceMedicationInducedBipolarDisorder.pdf,171850,
APA-DSM5TR-SuicidalBehaviorandNonsuicidalSelfInjury.pdf,DSM fact sheets and diagnostic education,04_Acute_and_Safety/Suicide_Risk_and_Safety_Planning,CATALOG,files/142775890d_APA-DSM5TR-SuicidalBehaviorandNonsuicidalSelfInjury.pdf,https://www.psychiatry.org/getmedia/1f70c2ab-04dd-4267-aae7-b421c17072b8/APA-DSM5TR-SuicidalBehaviorandNonsuicidalSelfInjury.pdf,162158,
APA_DSM_Insurance-Implications-of-DSM-5.pdf,Other APA public document,13_Faculty_Resources (background),BACKGROUND,files/e37f915e18_APA_DSM_Insurance-Implications-of-DSM-5.pdf,https://www.psychiatry.org/File%20Library/Psychiatrists/Practice/DSM/APA_DSM_Insurance-Implications-of-DSM-5.pdf?_ga=2.2984820.552247158.1647372590-1224924517.1639061180,245957,
APA_DSM_Changes_from_DSM-IV-TR_-to_DSM-5.pdf,Other APA public document,13_Faculty_Resources (background),CATALOG,files/a48f54ded6_APA_DSM_Changes_from_DSM-IV-TR_-to_DSM-5.pdf,https://www.psychiatry.org/File%20Library/Psychiatrists/Practice/DSM/APA_DSM_Changes_from_DSM-IV-TR_-to_DSM-5.pdf,351519,
APA_DSM-5-Contents.pdf,Other APA public document,13_Faculty_Resources (background),CATALOG,files/a189b96e20_APA_DSM-5-Contents.pdf,https://www.psychiatry.org/File%20Library/Psychiatrists/Practice/DSM/APA_DSM-5-Contents.pdf,253361,
APA_DSM-5-Diagnoses-for-Children.pdf,Other APA public document,14_Tracks/CAP_Fellow (+ 03_Core_Topics),SUPERSEDED,files/861d6710ee_APA_DSM-5-Diagnoses-for-Children.pdf,https://www.psychiatry.org/File%20Library/Psychiatrists/Practice/DSM/APA_DSM-5-Diagnoses-for-Children.pdf,185412,APA-DSM5TR-DiagnosesforChildren.pdf
APA_DSM_Cultural-Concepts-in-DSM-5.pdf,"Diversity, culture, and equity",10_Patient_and_Family_Education (+ Diversity),CATALOG,files/087093967d_APA_DSM_Cultural-Concepts-in-DSM-5.pdf,https://www.psychiatry.org/File%20Library/Psychiatrists/Practice/DSM/APA_DSM_Cultural-Concepts-in-DSM-5.pdf,225394,
APA_DSM-5-Integrated-Approach.pdf,Other APA public document,13_Faculty_Resources (background),CATALOG,files/5d37830e31_APA_DSM-5-Integrated-Approach.pdf,https://www.psychiatry.org/File%20Library/Psychiatrists/Practice/DSM/APA_DSM-5-Integrated-Approach.pdf,235315,
APA_DSM-5-Mixed-Features-Specifier.pdf,Other APA public document,13_Faculty_Resources (background),CATALOG,files/6c7f8e75ea_APA_DSM-5-Mixed-Features-Specifier.pdf,https://www.psychiatry.org/File%20Library/Psychiatrists/Practice/DSM/APA_DSM-5-Mixed-Features-Specifier.pdf,206968,
APA_DSM-5-Making-Case-for-New-Disorders.pdf,Other APA public document,13_Faculty_Resources (background),CATALOG,files/2c6a0cfbd5_APA_DSM-5-Making-Case-for-New-Disorders.pdf,https://www.psychiatry.org/File%20Library/Psychiatrists/Practice/DSM/APA_DSM-5-Making-Case-for-New-Disorders.pdf,271011,
APA_DSM_People-Behind-DSM-5.pdf,Other APA public document,13_Faculty_Resources (background),CATALOG,files/65301cb64c_APA_DSM_People-Behind-DSM-5.pdf,https://www.psychiatry.org/File%20Library/Psychiatrists/Practice/DSM/APA_DSM_People-Behind-DSM-5.pdf,214824,
APA_DSM-5-Section-III.pdf,Other APA public document,13_Faculty_Resources (background),SUPERSEDED,files/ceb5d1c185_APA_DSM-5-Section-III.pdf,https://www.psychiatry.org/File%20Library/Psychiatrists/Practice/DSM/APA_DSM-5-Section-III.pdf,271202,APA-DSM5TR-SectionIII.pdf
APA_DSM_Organization-of-DSM-5.pdf,Other APA public document,13_Faculty_Resources (background),CATALOG,files/9324e9400d_APA_DSM_Organization-of-DSM-5.pdf,https://www.psychiatry.org/File%20Library/Psychiatrists/Practice/DSM/APA_DSM_Organization-of-DSM-5.pdf,264563,
APA_DSM-5-ADHD.pdf,Other APA public document,13_Faculty_Resources (background),CATALOG,files/6e1935e4df_APA_DSM-5-ADHD.pdf,https://www.psychiatry.org/File%20Library/Psychiatrists/Practice/DSM/APA_DSM-5-ADHD.pdf,265278,
APA_DSM-5-Gender-Dysphoria.pdf,Other APA public document,03_Core_Topics (topic-specific),SUPERSEDED,files/2fcf75cdc3_APA_DSM-5-Gender-Dysphoria.pdf,https://www.psychiatry.org/File%20Library/Psychiatrists/Practice/DSM/APA_DSM-5-Gender-Dysphoria.pdf,236572,APA-DSM5TR-GenderDysphoria.pdf
APA_DSM-5-Eating-Disorders.pdf,Other APA public document,03_Core_Topics (topic-specific),CATALOG,files/101682f2e7_APA_DSM-5-Eating-Disorders.pdf,https://www.psychiatry.org/File%20Library/Psychiatrists/Practice/DSM/APA_DSM-5-Eating-Disorders.pdf,268273,
APA_DSM-5-Conduct-Disorder.pdf,Other APA public document,14_Tracks/CAP_Fellow (+ 03_Core_Topics),CATALOG,files/78652d449f_APA_DSM-5-Conduct-Disorder.pdf,https://www.psychiatry.org/File%20Library/Psychiatrists/Practice/DSM/APA_DSM-5-Conduct-Disorder.pdf,229584,
APA_DSM-5-Intellectual-Disability.pdf,Other APA public document,14_Tracks/CAP_Fellow (+ 03_Core_Topics),SUPERSEDED,files/49abb90486_APA_DSM-5-Intellectual-Disability.pdf,https://www.psychiatry.org/File%20Library/Psychiatrists/Practice/DSM/APA_DSM-5-Intellectual-Disability.pdf,338450,APA-DSM5TR-IntellectualDisability.pdf
APA_DSM-5-Internet-Gaming-Disorder.pdf,Other APA public document,03_Core_Topics (topic-specific),CATALOG,files/fdb0014e47_APA_DSM-5-Internet-Gaming-Disorder.pdf,https://www.psychiatry.org/File%20Library/Psychiatrists/Practice/DSM/APA_DSM-5-Internet-Gaming-Disorder.pdf,242379,
APA_DSM-5-Autism-Spectrum-Disorder.pdf,Other APA public document,14_Tracks/CAP_Fellow (+ 03_Core_Topics),SUPERSEDED,files/0e5789d65c_APA_DSM-5-Autism-Spectrum-Disorder.pdf,https://www.psychiatry.org/File%20Library/Psychiatrists/Practice/DSM/APA_DSM-5-Autism-Spectrum-Disorder.pdf,276382,APA-DSM5TR-AutismSpectrumDisorder.pdf
APA_DSM-5-Depression-Bereavement-Exclusion.pdf,Other APA public document,03_Core_Topics/Mood,CATALOG,files/9e242f407d_APA_DSM-5-Depression-Bereavement-Exclusion.pdf,https://www.psychiatry.org/File%20Library/Psychiatrists/Practice/DSM/APA_DSM-5-Depression-Bereavement-Exclusion.pdf,222382,
APA_DSM-5-Disruptive-Mood-Disregulation-Disorder.pdf,Other APA public document,03_Core_Topics/Mood,CATALOG,files/914fc7bdec_APA_DSM-5-Disruptive-Mood-Disregulation-Disorder.pdf,https://www.psychiatry.org/File%20Library/Psychiatrists/Practice/DSM/APA_DSM-5-Disruptive-Mood-Disregulation-Disorder.pdf,240458,
APA_DSM-5-PTSD.pdf,Other APA public document,03_Core_Topics/Anxiety,SUPERSEDED,files/1749afb53d_APA_DSM-5-PTSD.pdf,https://www.psychiatry.org/File%20Library/Psychiatrists/Practice/DSM/APA_DSM-5-PTSD.pdf,199610,APA-DSM5TR-PTSD.pdf
APA_DSM-5-Mild-Neurocognitive-Disorder.pdf,Other APA public document,03_Core_Topics/Geriatric,CATALOG,files/4b52fc2fd1_APA_DSM-5-Mild-Neurocognitive-Disorder.pdf,https://www.psychiatry.org/File%20Library/Psychiatrists/Practice/DSM/APA_DSM-5-Mild-Neurocognitive-Disorder.pdf,218116,
APA_DSM-5-Obsessive-Compulsive-Disorder.pdf,Other APA public document,13_Faculty_Resources (background),CATALOG,files/6999ee5d66_APA_DSM-5-Obsessive-Compulsive-Disorder.pdf,https://www.psychiatry.org/File%20Library/Psychiatrists/Practice/DSM/APA_DSM-5-Obsessive-Compulsive-Disorder.pdf,239819,
APA_DSM-5-Sleep-Wake-Disorders.pdf,Other APA public document,03_Core_Topics (topic-specific),CATALOG,files/ff43385d6c_APA_DSM-5-Sleep-Wake-Disorders.pdf,https://www.psychiatry.org/File%20Library/Psychiatrists/Practice/DSM/APA_DSM-5-Sleep-Wake-Disorders.pdf,236679,
APA_DSM-5-Paraphilic-Disorders.pdf,Other APA public document,13_Faculty_Resources (background),CATALOG,files/ddbe824c4f_APA_DSM-5-Paraphilic-Disorders.pdf,https://www.psychiatry.org/File%20Library/Psychiatrists/Practice/DSM/APA_DSM-5-Paraphilic-Disorders.pdf,217462,
APA_DSM-5-Personality-Disorder.pdf,Other APA public document,03_Core_Topics/Personality,CATALOG,files/eac72298f2_APA_DSM-5-Personality-Disorder.pdf,https://www.psychiatry.org/File%20Library/Psychiatrists/Practice/DSM/APA_DSM-5-Personality-Disorder.pdf,206268,
APA_DSM-5-Specific-Learning-Disorder.pdf,Other APA public document,14_Tracks/CAP_Fellow (+ 03_Core_Topics),CATALOG,files/52b9b815c7_APA_DSM-5-Specific-Learning-Disorder.pdf,https://www.psychiatry.org/File%20Library/Psychiatrists/Practice/DSM/APA_DSM-5-Specific-Learning-Disorder.pdf,192169,
APA_DSM-5-Social-Communication-Disorder.pdf,Other APA public document,14_Tracks/CAP_Fellow (+ 03_Core_Topics),CATALOG,files/d9deb875c9_APA_DSM-5-Social-Communication-Disorder.pdf,https://www.psychiatry.org/File%20Library/Psychiatrists/Practice/DSM/APA_DSM-5-Social-Communication-Disorder.pdf,123074,
APA_DSM-5-Somatic-Symptom-Disorder.pdf,Other APA public document,03_Core_Topics (topic-specific),CATALOG,files/bf67ad250c_APA_DSM-5-Somatic-Symptom-Disorder.pdf,https://www.psychiatry.org/File%20Library/Psychiatrists/Practice/DSM/APA_DSM-5-Somatic-Symptom-Disorder.pdf,236987,
APA_DSM-5-Substance-Use-Disorder.pdf,Other APA public document,03_Core_Topics/SUD_Withdrawal,CATALOG,files/c794190c04_APA_DSM-5-Substance-Use-Disorder.pdf,https://www.psychiatry.org/File%20Library/Psychiatrists/Practice/DSM/APA_DSM-5-Substance-Use-Disorder.pdf,231986,
DSM5-Sample-Proposal-Form-Types-1-2-3-5-6-7.pdf,Other APA public document,13_Faculty_Resources (background),BACKGROUND,files/b463f1234f_DSM5-Sample-Proposal-Form-Types-1-2-3-5-6-7.pdf,https://www.psychiatry.org/File%20Library/Psychiatrists/Practice/DSM/DSM5-Sample-Proposal-Form-Types-1-2-3-5-6-7.pdf,91229,
ICD10-Coding-Updates-AtaGlance-September2016.pdf,Other APA public document,13_Faculty_Resources (background),CATALOG,files/871b84b024_ICD10-Coding-Updates-AtaGlance-September2016.pdf,https://www.psychiatry.org/File%20Library/Psychiatrists/Practice/DSM/ICD10-Coding-Updates-AtaGlance-September2016.pdf,434847,
ICD10-Changes-Listed-by-DSM5-October-2017.pdf,Other APA public document,13_Faculty_Resources (background),STALE,files/87151b5bbf_ICD10-Changes-Listed-by-DSM5-October-2017.pdf,https://www.psychiatry.org/File%20Library/Psychiatrists/Practice/DSM/ICD10-Changes-Listed-by-DSM5-October-2017.pdf,61189,
DSM5-Sample-Proposal-Form-Type-4.pdf,Other APA public document,13_Faculty_Resources (background),BACKGROUND,files/ffd3d7ef41_DSM5-Sample-Proposal-Form-Type-4.pdf,https://www.psychiatry.org/File%20Library/Psychiatrists/Practice/DSM/DSM5-Sample-Proposal-Form-Type-4.pdf,34757,
ICD10-Changes-October-2018.pdf,Other APA public document,13_Faculty_Resources (background),STALE,files/2f571b6040_ICD10-Changes-October-2018.pdf,https://www.psychiatry.org/File%20Library/Psychiatrists/Practice/DSM/ICD10-Changes-October-2018.pdf,106901,
APA_DSM-5-Schizophrenia.pdf,Other APA public document,03_Core_Topics/Psychosis,CATALOG,files/774fdf8e57_APA_DSM-5-Schizophrenia.pdf,https://www.psychiatry.org/File%20Library/Psychiatrists/Practice/DSM/APA_DSM-5-Schizophrenia.pdf,152751,
APA-DSM5TR-ICD10CM-Code-Updates-092025.pdf,DSM fact sheets and diagnostic education,13_Faculty_Resources (background),CATALOG,files/795d8c54e9_APA-DSM5TR-ICD10CM-Code-Updates-092025.pdf,https://www.psychiatry.org/getmedia/a44e25b9-d139-4901-a579-8f52450bca9a/APA-DSM5TR-ICD10CM-Code-Updates-092025.pdf,35718,
Milliman-Summary-Report-Economic-Impact-Integrated-Implications-Psychiatry.pdf,Collaborative and integrated care,13_Faculty_Resources (CoCM),CATALOG,files/e206e472d0_Milliman-Summary-Report-Economic-Impact-Integrated-Implications-Psychiatry.pdf,https://www.psychiatry.org/getmedia/6149bd32-c46e-4f6b-873f-9f4fbfbb4c20/Milliman-Summary-Report-Economic-Impact-Integrated-Implications-Psychiatry.pdf,331809,
APA-DSM5TR-ICD10CM-Code-Updates-092023.pdf,DSM fact sheets and diagnostic education,13_Faculty_Resources (background),CATALOG,files/667fcb0eb9_APA-DSM5TR-ICD10CM-Code-Updates-092023.pdf,https://www.psychiatry.org/getmedia/d2895a89-d0e6-46f9-a024-253a64667131/APA-DSM5TR-ICD10CM-Code-Updates-092023.pdf,96391,
APA-DSM5TR-ICD10CM-Code-Updates-092024.pdf,DSM fact sheets and diagnostic education,13_Faculty_Resources (background),CATALOG,files/2be1b3e174_APA-DSM5TR-ICD10CM-Code-Updates-092024.pdf,https://www.psychiatry.org/getmedia/172db6ec-8146-4bb4-be2a-49e9c61bcc94/APA-DSM5TR-ICD10CM-Code-Updates-092024.pdf,107076,
APA-DSM5TR-ICD10CM-Code-Updates-092022.pdf,DSM fact sheets and diagnostic education,13_Faculty_Resources (background),STALE,files/e858dca2bb_APA-DSM5TR-ICD10CM-Code-Updates-092022.pdf,https://www.psychiatry.org/getmedia/de1bf4c9-c75e-4e89-add8-3dd6e9c29de9/APA-DSM5TR-ICD10CM-Code-Updates-092022.pdf,338588,
IDD-Text-Update.pdf,Other APA public document,14_Tracks/CAP_Fellow (+ 03_Core_Topics),CATALOG,files/092cd4fc3e_IDD-Text-Update.pdf,https://www.psychiatry.org/File%20Library/Psychiatrists/Practice/DSM/IDD-Text-Update.pdf,166744,
CCM-for-MH-One-Pager.pdf,Collaborative and integrated care,13_Faculty_Resources (CoCM),SURFACE,files/b477660852_CCM-for-MH-One-Pager.pdf,https://www.psychiatry.org/File%20Library/Psychiatrists/Advocacy/Medicaid-Payment-Collaborative-Care-Model/CCM-for-MH-One-Pager.pdf,221189,
Integration-of-Mental-Health-Into-Primary-Care-The-Collaborative-Care-Model.pptx,Collaborative and integrated care,13_Faculty_Resources (CoCM),SURFACE,files/ee09989b71_Integration-of-Mental-Health-Into-Primary-Care-The-Collaborative-Care-Model.pptx,https://www.psychiatry.org/File%20Library/Psychiatrists/Practice/Professional-Topics/Integrated-Care/Private/Integration-of-Mental-Health-Into-Primary-Care-The-Collaborative-Care-Model.pptx,661260,
DSM5-Proposal-Submissions-General-Guidance.pdf,Other APA public document,13_Faculty_Resources (background),CATALOG,files/35c60b1a34_DSM5-Proposal-Submissions-General-Guidance.pdf,https://www.psychiatry.org/File%20Library/Psychiatrists/Practice/DSM/DSM5-Proposal-Submissions-General-Guidance.pdf,849352,
CCM-for-MH-Rigorous-Research-Meets-Real-World-Success.pdf,Collaborative and integrated care,13_Faculty_Resources (CoCM),CATALOG,files/a2e29cccef_CCM-for-MH-Rigorous-Research-Meets-Real-World-Success.pdf,https://www.psychiatry.org/File%20Library/Psychiatrists/Advocacy/Medicaid-Payment-Collaborative-Care-Model/CCM-for-MH-Rigorous-Research-Meets-Real-World-Success.pdf,743300,
Medicaid-Innovation-State-Payment-Care-Reform-Programs.pdf,Collaborative and integrated care,13_Faculty_Resources (CoCM),CATALOG,files/b28b9de1c5_Medicaid-Innovation-State-Payment-Care-Reform-Programs.pdf,https://www.psychiatry.org/File%20Library/Psychiatrists/Advocacy/Medicaid-Payment-Collaborative-Care-Model/Medicaid-Innovation-State-Payment-Care-Reform-Programs.pdf,192048,
Approved-Section-1115-Waivers.pdf,Collaborative and integrated care,13_Faculty_Resources (CoCM),CATALOG,files/9adbf56ddf_Approved-Section-1115-Waivers.pdf,https://www.psychiatry.org/File%20Library/Psychiatrists/Advocacy/Medicaid-Payment-Collaborative-Care-Model/Approved-Section-1115-Waivers.pdf,378101,
Collaborative-Care-Draft-Legislation-for-States.docx,Collaborative and integrated care,13_Faculty_Resources (CoCM),CATALOG,files/f0efabfeb6_Collaborative-Care-Draft-Legislation-for-States.docx,https://www.psychiatry.org/File%20Library/Psychiatrists/Practice/Professional-Topics/Integrated-Care/Collaborative-Care-Draft-Legislation-for-States.docx,35670,
Case-Study-Collaborative-Care-Model-NewYork.pdf,Collaborative and integrated care,13_Faculty_Resources (CoCM),CATALOG,files/7dd965698c_Case-Study-Collaborative-Care-Model-NewYork.pdf,https://www.psychiatry.org/getmedia/b684932c-c994-4125-abee-165d7082ed1a/Case-Study-Collaborative-Care-Model-NewYork.pdf,334370,
APA-Best-Practice-for-Reimbursing-CoCM-in-Medicaid.pdf,Collaborative and integrated care,13_Faculty_Resources (CoCM),CATALOG,files/3ac72a3bf2_APA-Best-Practice-for-Reimbursing-CoCM-in-Medicaid.pdf,https://www.psychiatry.org/getmedia/3b44bcf3-cd09-4efc-8b46-12a1d17d4d81/APA-Best-Practice-for-Reimbursing-CoCM-in-Medicaid.pdf,89867,
Draft-Language-State-Plan-Amendment-for-1115-Waiver.pdf,Collaborative and integrated care,13_Faculty_Resources (CoCM),CATALOG,files/3c71014574_Draft-Language-State-Plan-Amendment-for-1115-Waiver.pdf,https://www.psychiatry.org/File%20Library/Psychiatrists/Advocacy/Medicaid-Payment-Collaborative-Care-Model/Draft-Language-State-Plan-Amendment-for-1115-Waiver.pdf,304741,
Case-Study-Collaborative-Care-Model-WashingtonState.pdf,Collaborative and integrated care,13_Faculty_Resources (CoCM),CATALOG,files/1f3139c1ee_Case-Study-Collaborative-Care-Model-WashingtonState.pdf,https://www.psychiatry.org/getmedia/491b2f33-1443-4fae-a7aa-bab1e43d3ac0/Case-Study-Collaborative-Care-Model-WashingtonState.pdf,169604,
ICD10-Changes-October-2020.pdf,Other APA public document,13_Faculty_Resources (background),CATALOG,files/624b05321b_ICD10-Changes-October-2020.pdf,https://www.psychiatry.org/File%20Library/Psychiatrists/Practice/DSM/ICD10-Changes-October-2020.pdf,176882,
Case-Study-Collaborative-Care-Model-Maryland.pdf,Collaborative and integrated care,13_Faculty_Resources (CoCM),CATALOG,files/e9623f175b_Case-Study-Collaborative-Care-Model-Maryland.pdf,https://www.psychiatry.org/getmedia/04738b26-a484-42ff-b517-9f2939d68bb7/Case-Study-Collaborative-Care-Model-Maryland.pdf,227001,
ICD10-Changes-October-2021.pdf,Other APA public document,13_Faculty_Resources (background),STALE,files/ccc825ef11_ICD10-Changes-October-2021.pdf,https://www.psychiatry.org/File%20Library/Psychiatrists/Practice/DSM/ICD10-Changes-October-2021.pdf,175498,
APA-DSM5TR-Update-September-2025.pdf,DSM fact sheets and diagnostic education,13_Faculty_Resources (background),CATALOG,files/86b5244f88_APA-DSM5TR-Update-September-2025.pdf,https://www.psychiatry.org/getmedia/b68a5776-f88c-45c7-9535-fd219d7aa5cb/APA-DSM5TR-Update-September-2025.pdf,1344755,
APA-DSM5TR-Update-September-2024.pdf,DSM fact sheets and diagnostic education,13_Faculty_Resources (background),CATALOG,files/9fc01a6b8d_APA-DSM5TR-Update-September-2024.pdf,https://www.psychiatry.org/getmedia/2ed086b0-ec88-42ec-aa0e-f442e4af74e6/APA-DSM5TR-Update-September-2024.pdf,1098293,
APA-APM-Dissemination-Integrated-Care-Report.pdf,Collaborative and integrated care,13_Faculty_Resources (CoCM),CATALOG,files/327523e4a4_APA-APM-Dissemination-Integrated-Care-Report.pdf,https://www.psychiatry.org/getmedia/216b2b63-3bcc-4c2c-b390-48a21d3bbec2/APA-APM-Dissemination-Integrated-Care-Report.pdf,1430097,
APA-CoCM-Practice-and-Billing-Toolkit.pdf,Collaborative and integrated care,13_Faculty_Resources (CoCM),CATALOG,files/30222b0666_APA-CoCM-Practice-and-Billing-Toolkit.pdf,https://www.psychiatry.org/getmedia/bf8ba668-0db4-40af-9dbf-bc85b33409e1/APA-CoCM-Practice-and-Billing-Toolkit.pdf,766193,
APA-Treating-Pediatric-in-the-CoCM-Guide.pdf,Collaborative and integrated care,03_Core_Topics (topic-specific),CATALOG,files/3957bcb1a7_APA-Treating-Pediatric-in-the-CoCM-Guide.pdf,https://www.psychiatry.org/getmedia/0a4609b8-2b12-4df2-b8ab-eca0fa103fe2/APA-Treating-Pediatric-in-the-CoCM-Guide.pdf,127503,
APA-Treating-Geriatric-in-the-CoCM-Guide.pdf,Collaborative and integrated care,03_Core_Topics/Geriatric,CATALOG,files/42dad4eefd_APA-Treating-Geriatric-in-the-CoCM-Guide.pdf,https://www.psychiatry.org/getmedia/543bc62d-4040-4d98-8380-ba13af30b3fe/APA-Treating-Geriatric-in-the-CoCM-Guide.pdf,110100,
APA-DSM5TR-Update-September-2022.pdf,DSM fact sheets and diagnostic education,13_Faculty_Resources (background),STALE,files/d518588840_APA-DSM5TR-Update-September-2022.pdf,https://www.psychiatry.org/getmedia/304e9a98-ca5c-4e04-97d7-30b4756705eb/APA-DSM5TR-Update-September-2022.pdf,722388,
APA-DSM5TR-Update-September-2023.pdf,DSM fact sheets and diagnostic education,13_Faculty_Resources (background),CATALOG,files/a9577940e7_APA-DSM5TR-Update-September-2023.pdf,https://www.psychiatry.org/getmedia/eecccfbe-91de-4171-b7ba-8d6c1aae3d11/APA-DSM5TR-Update-September-2023.pdf,807441,
APA-Presentation-Final-Asynchronous-Screening.pptx,Collaborative and integrated care,13_Faculty_Resources (CoCM),SURFACE,files/7ffb7f5189_APA-Presentation-Final-Asynchronous-Screening.pptx,https://www.psychiatry.org/getmedia/a004d45a-cfae-4fc7-9187-13d9290465f4/APA-Presentation-Final-Asynchronous-Screening.pptx,1720127,
APA-Treating-SUD-in-the-CoCM-Guide.pdf,Collaborative and integrated care,03_Core_Topics/SUD_Withdrawal,CATALOG,files/98ffc2b8ab_APA-Treating-SUD-in-the-CoCM-Guide.pdf,https://www.psychiatry.org/getmedia/af67fee7-a1d2-44c3-bce6-e811631ac57b/APA-Treating-SUD-in-the-CoCM-Guide.pdf,105061,
APA-Treating-Perinatal-in-the-CoCM-Guide.pdf,Collaborative and integrated care,03_Core_Topics/Perinatal,CATALOG,files/d15631060f_APA-Treating-Perinatal-in-the-CoCM-Guide.pdf,https://www.psychiatry.org/getmedia/e2eafc40-965c-4a72-b206-50b458c35e16/APA-Treating-Perinatal-in-the-CoCM-Guide.pdf,123424,
APA-Patient-Pamphlet-Interprofessional-Health-Record-Consultations-Codes.pdf,Collaborative and integrated care,13_Faculty_Resources (CoCM),CATALOG,files/541821ee8c_APA-Patient-Pamphlet-Interprofessional-Health-Record-Consultations-Codes.pdf,https://www.psychiatry.org/getmedia/a6e4ee2a-a99b-4c39-b1e6-a758ffed8fc6/APA-Patient-Pamphlet-Interprofessional-Health-Record-Consultations-Codes.pdf,478125,
APA-CDC-Perinatal-Mental-and-Substance-Use-Disorders-Whitepaper.pdf,Perinatal mental health,03_Core_Topics/Perinatal,CATALOG,files/6abc2c3b57_APA-CDC-Perinatal-Mental-and-Substance-Use-Disorders-Whitepaper.pdf,https://www.psychiatry.org/getmedia/344c26e2-cdf5-47df-a5d7-a2d444fc1923/APA-CDC-Perinatal-Mental-and-Substance-Use-Disorders-Whitepaper.pdf,1725955,
APA-CDC-NonPrescribing-Practitioners-Facts-Persons-Who-Want-To-Get-Pregnant.pdf,Perinatal mental health,03_Core_Topics/Perinatal,CATALOG,files/80d51d8756_APA-CDC-NonPrescribing-Practitioners-Facts-Persons-Who-Want-To-Get-Pregnant.pdf,https://www.psychiatry.org/getmedia/fc35b9d5-153e-4e0d-9778-cc03382970b4/APA-CDC-NonPrescribing-Practitioners-Facts-Persons-Who-Want-To-Get-Pregnant.pdf,241819,
APA-CDC-NonPrescribing-Practitioners-Facts-Pregnant-Postpartum-Persons.pdf,Perinatal mental health,03_Core_Topics/Perinatal,CATALOG,files/7778ff9914_APA-CDC-NonPrescribing-Practitioners-Facts-Pregnant-Postpartum-Persons.pdf,https://www.psychiatry.org/getmedia/6a748f6e-f955-4057-b814-f38fbc0127cd/APA-CDC-NonPrescribing-Practitioners-Facts-Pregnant-Postpartum-Persons.pdf,114336,
APA-CDC-Prescribing-Practitioners-Facts-Pregnant-Postpartum-Persons.pdf,Perinatal mental health,03_Core_Topics/Perinatal,CATALOG,files/dca998f6c5_APA-CDC-Prescribing-Practitioners-Facts-Pregnant-Postpartum-Persons.pdf,https://www.psychiatry.org/getmedia/c5cf4b96-df9e-4eea-9637-c2d02f581fae/APA-CDC-Prescribing-Practitioners-Facts-Pregnant-Postpartum-Persons.pdf,238862,
APA-Billing-Guide-Interprofessional-Health-Record-Consultations-Codes.pdf,Collaborative and integrated care,13_Faculty_Resources (CoCM),CATALOG,files/fd85048a8a_APA-Billing-Guide-Interprofessional-Health-Record-Consultations-Codes.pdf,https://www.psychiatry.org/getmedia/c50b024d-14b6-4278-ae9c-bc6b45714837/APA-Billing-Guide-Interprofessional-Health-Record-Consultations-Codes.pdf,142423,
APA-Telehealth-Provisions-Before-After-PHE-Comparison.pdf,Telepsychiatry and digital care,13_Faculty_Resources (Telepsych/Digital),CATALOG,files/493366821a_APA-Telehealth-Provisions-Before-After-PHE-Comparison.pdf,https://www.psychiatry.org/getmedia/03557044-ee75-4a8c-99cf-f5bd9ba01518/APA-Telehealth-Provisions-Before-After-PHE-Comparison.pdf,159336,
APA-CDC-Prescribing-Practitioners-Facts-Persons-Who-Want-To-Get-Pregnant.pdf,Perinatal mental health,03_Core_Topics/Perinatal,CATALOG,files/0683fa6448_APA-CDC-Prescribing-Practitioners-Facts-Persons-Who-Want-To-Get-Pregnant.pdf,https://www.psychiatry.org/getmedia/c12ce5df-7a3e-4e25-a288-579e26c02831/APA-CDC-Prescribing-Practitioners-Facts-Persons-Who-Want-To-Get-Pregnant.pdf,110202,
APA-Digital-Mental-Health-101-One-Pager.pdf,Telepsychiatry and digital care,13_Faculty_Resources (Telepsych/Digital),SURFACE,files/f16868bbb1_APA-Digital-Mental-Health-101-One-Pager.pdf,https://www.psychiatry.org/getmedia/4b9a7fef-e966-4804-8e44-ff697fe73dad/APA-Digital-Mental-Health-101-One-Pager.pdf,170568,
APA-College-Mental-Health-Telepsychiatry-COVID-19.pdf,Telepsychiatry and digital care,13_Faculty_Resources (Telepsych/Digital),CATALOG,files/420d10ca0b_APA-College-Mental-Health-Telepsychiatry-COVID-19.pdf,https://www.psychiatry.org/File%20Library/Psychiatrists/Practice/Telepsychiatry/APA-College-Mental-Health-Telepsychiatry-COVID-19.pdf,166395,
MHLGAPA-ATA-Best-Practices-in-Videoconferencing-Based-Telemental-Health.pdf,Telepsychiatry and digital care,13_Faculty_Resources (Telepsych/Digital),CATALOG,files/9783809596_MHLGAPA-ATA-Best-Practices-in-Videoconferencing-Based-Telemental-Health.pdf,https://www.psychiatry.org/File%20Library/Psychiatrists/Practice/Telepsychiatry/MHLGAPA-ATA-Best-Practices-in-Videoconferencing-Based-Telemental-Health.pdf,290423,
APA-ATA-Best-Practices-in-Videoconferencing-Based-Telemental-Health.pdf,Telepsychiatry and digital care,13_Faculty_Resources (Telepsych/Digital),CATALOG,files/afa328b7c2_APA-ATA-Best-Practices-in-Videoconferencing-Based-Telemental-Health.pdf,https://www.psychiatry.org/File%20Library/Psychiatrists/Practice/Telepsychiatry/APA-ATA-Best-Practices-in-Videoconferencing-Based-Telemental-Health.pdf,233259,
Resource-2014-Telepsychiatry-Clinical-Psychiatry.pdf,Telepsychiatry and digital care,13_Faculty_Resources (Telepsych/Digital),CATALOG,files/3326631fd8_Resource-2014-Telepsychiatry-Clinical-Psychiatry.pdf,https://www.psychiatry.org/File%20Library/Psychiatrists/Directories/Library-and-Archive/resource_documents/Resource-2014-Telepsychiatry-Clinical-Psychiatry.pdf,287163,
APA-College-Mental-Health-Telepsychiatry-COVID-19.pdf,Telepsychiatry and digital care,13_Faculty_Resources (Telepsych/Digital),CATALOG,files/420d10ca0b_APA-College-Mental-Health-Telepsychiatry-COVID-19.pdf,https://www.psychiatry.org/File%20Library/Psychiatrists/Practice/Telepsychiatry/APA-College-Mental-Health-Telepsychiatry-COVID-19.pdf,166395,
Building_A_Career_In_Psychiatry_Part1.pdf,Medical student and resident development,14_Tracks/MS3 + Sub-I/Resident,CATALOG,files/96203f84bf_Building_A_Career_In_Psychiatry_Part1.pdf,https://www.psychiatry.org/File%20Library/Residents-MedicalStudents/Residents/Private/Building_A_Career_In_Psychiatry_Part1.pdf,3021090,
Building_A_Career_In_Psychiatry_TableContents.pdf,Medical student and resident development,14_Tracks/MS3 + Sub-I/Resident,CATALOG,files/d32f6d717c_Building_A_Career_In_Psychiatry_TableContents.pdf,https://www.psychiatry.org/File%20Library/Residents-MedicalStudents/Residents/Building_A_Career_In_Psychiatry_TableContents.pdf,273030,
Building_A_Career_In_Psychiatry_Part2.pdf,Medical student and resident development,14_Tracks/MS3 + Sub-I/Resident,CATALOG,files/4d96415920_Building_A_Career_In_Psychiatry_Part2.pdf,https://www.psychiatry.org/File%20Library/Residents-MedicalStudents/Residents/Private/Building_A_Career_In_Psychiatry_Part2.pdf,3392132,
APA-Roadmap-to-Psychiatric-Residency.pdf,Medical student and resident development,14_Tracks/MS3 + Sub-I/Resident,SURFACE,files/142b8a2772_APA-Roadmap-to-Psychiatric-Residency.pdf,https://www.psychiatry.org/getmedia/b7007db1-b815-45fa-93bd-1f1eaf3dff99/APA-Roadmap-to-Psychiatric-Residency.pdf,4147974,
Resource-Document-Telemental-Health-Best-Practices.pdf,Telepsychiatry and digital care,13_Faculty_Resources (Telepsych/Digital),CATALOG,files/a7fd2a24b1_Resource-Document-Telemental-Health-Best-Practices.pdf,https://www.psychiatry.org/getmedia/49f487ae-7b83-416a-8812-b2b25c717f6a/Resource-Document-Telemental-Health-Best-Practices.pdf,444052,
APA-SAMHSA-FLIPP-Cohort-2024-2025.pdf,Medical student and resident development,14_Tracks/MS3 + Sub-I/Resident,CATALOG,files/5c2b94faeb_APA-SAMHSA-FLIPP-Cohort-2024-2025.pdf,https://www.psychiatry.org/getmedia/e9afd1dc-e8a7-414b-9b79-448d4c2c894e/APA-SAMHSA-FLIPP-Cohort-2024-2025.pdf,7629327,
APA-SAMHSA-FLIPP-Cohort-2025-2026.pdf,Medical student and resident development,14_Tracks/MS3 + Sub-I/Resident,CATALOG,files/e2afcaa203_APA-SAMHSA-FLIPP-Cohort-2025-2026.pdf,https://www.psychiatry.org/getmedia/9a578c22-a19d-4feb-850a-75c3a4f93346/APA-SAMHSA-FLIPP-Cohort-2025-2026.pdf,14184169,
APA-SAMHSA-RPSP-Cohort-2025-2026.pdf,Medical student and resident development,14_Tracks/MS3 + Sub-I/Resident,CATALOG,files/806e90c2f0_APA-SAMHSA-RPSP-Cohort-2025-2026.pdf,https://www.psychiatry.org/getmedia/f2c30a3f-5e86-4c44-9e78-29936352c436/APA-SAMHSA-RPSP-Cohort-2025-2026.pdf,2905004,
APA-SAMHSA-FLIPP-Cohort-2022-2023.pdf,Medical student and resident development,14_Tracks/MS3 + Sub-I/Resident,CATALOG,files/42c059ffca_APA-SAMHSA-FLIPP-Cohort-2022-2023.pdf,https://www.psychiatry.org/getmedia/0f24d6bc-a3a6-4666-8fc8-9ebebf749e39/APA-SAMHSA-FLIPP-Cohort-2022-2023.pdf,9072363,
APA-SAMHSA-SMSP-Cohort-2023.pdf,Medical student and resident development,14_Tracks/MS3 + Sub-I/Resident,CATALOG,files/b8497291ce_APA-SAMHSA-SMSP-Cohort-2023.pdf,https://www.psychiatry.org/getmedia/f3650f17-6ebb-430e-966a-e74f570d66a1/APA-SAMHSA-SMSP-Cohort-2023.pdf,9024272,
APA-SAMHSA-FLIPP-Cohort-2023-2024.pdf,Medical student and resident development,14_Tracks/MS3 + Sub-I/Resident,CATALOG,files/4638b713c1_APA-SAMHSA-FLIPP-Cohort-2023-2024.pdf,https://www.psychiatry.org/getmedia/5ead698c-7a6f-4d01-930c-2ea8a6c73a45/APA-SAMHSA-FLIPP-Cohort-2023-2024.pdf,7080926,
APA-SAMHSA-SMSP-Cohort-2024.pdf,Medical student and resident development,14_Tracks/MS3 + Sub-I/Resident,CATALOG,files/ee1507bcf7_APA-SAMHSA-SMSP-Cohort-2024.pdf,https://www.psychiatry.org/getmedia/70a9c07b-3411-458b-b1b9-6435a114a6d4/APA-SAMHSA-SMSP-Cohort-2024.pdf,18822214,
Recommended-Ethics-Resources-for-Trainees.pdf,Medical student and resident development,14_Tracks/MS3 + Sub-I/Resident,CATALOG,files/e117a7c9c8_Recommended-Ethics-Resources-for-Trainees.pdf,https://www.psychiatry.org/getmedia/4500ed16-86a4-4da2-87ce-5d58d5b27985/Recommended-Ethics-Resources-for-Trainees.pdf,597760,
APA-Ethics-Committee-Opinions-Trainees-Early-Career-Psychiatrists.pdf,Medical student and resident development,14_Tracks/MS3 + Sub-I/Resident,CATALOG,files/a59f380b46_APA-Ethics-Committee-Opinions-Trainees-Early-Career-Psychiatrists.pdf,https://www.psychiatry.org/getmedia/9c9bf52f-7952-49e4-a34f-b176014954b1/APA-Ethics-Committee-Opinions-Trainees-Early-Career-Psychiatrists.pdf,470586,
APA-SAMHSA-RPSP-Cohort-2024-2025.pdf,Medical student and resident development,14_Tracks/MS3 + Sub-I/Resident,CATALOG,files/5e63c1ee32_APA-SAMHSA-RPSP-Cohort-2024-2025.pdf,https://www.psychiatry.org/getmedia/ee7db238-5aee-4db9-9e2b-8c63ffe0541b/APA-SAMHSA-RPSP-Cohort-2024-2025.pdf,2828056,
APA-Resident-Census-2022.pdf,Medical student and resident development,14_Tracks/MS3 + Sub-I/Resident,CATALOG,files/22c392088b_APA-Resident-Census-2022.pdf,https://www.psychiatry.org/getmedia/d80438af-f760-40f3-9d33-f91309b09564/APA-Resident-Census-2022.pdf,7006433,
APA-Primer-Online-Resources-on-Structural-Racism-for-Students-and-Trainees-in-Psychiatry.pdf,Medical student and resident development,14_Tracks/MS3 + Sub-I/Resident,CATALOG,files/fa197aabaa_APA-Primer-Online-Resources-on-Structural-Racism-for-Students-and-Trainees-in-Psychiatry.pdf,https://www.psychiatry.org/File%20Library/Psychiatrists/APA-Primer-Online-Resources-on-Structural-Racism-for-Students-and-Trainees-in-Psychiatry.pdf,3017537,
APA-Resident-Census-2018.pdf,Medical student and resident development,14_Tracks/MS3 + Sub-I/Resident,CATALOG,files/1bd0f26289_APA-Resident-Census-2018.pdf,https://www.psychiatry.org/getmedia/af934fa7-c8de-45fc-b37c-988420e8b105/APA-Resident-Census-2018.pdf,1711314,
APA-Resident-Census-2020.pdf,Medical student and resident development,14_Tracks/MS3 + Sub-I/Resident,CATALOG,files/6ed3f0ff52_APA-Resident-Census-2020.pdf,https://www.psychiatry.org/getmedia/83395957-9a49-47f2-9c19-02c636f2a368/APA-Resident-Census-2020.pdf,6763138,
APA-SAMHSA-MFPEPP-Cohort-2026.pdf,Medical student and resident development,14_Tracks/MS3 + Sub-I/Resident,CATALOG,files/e675f5782f_APA-SAMHSA-MFPEPP-Cohort-2026.pdf,https://www.psychiatry.org/getmedia/9955877d-5cc9-44e9-8964-07a57f0169b2/APA-SAMHSA-MFPEPP-Cohort-2026.pdf,10290308,
APA-Building-a-Career-in-Psychiatry-Part1.pdf,Medical student and resident development,14_Tracks/MS3 + Sub-I/Resident,CATALOG,files/96203f84bf_APA-Building-a-Career-in-Psychiatry-Part1.pdf,https://www.psychiatry.org/getmedia/f922a4e3-4a65-4db7-9fc0-d9b2208832bb/APA-Building-a-Career-in-Psychiatry-Part1.pdf,3021090,
APA-Resident-Census-2019.pdf,Medical student and resident development,14_Tracks/MS3 + Sub-I/Resident,CATALOG,files/795980b5a4_APA-Resident-Census-2019.pdf,https://www.psychiatry.org/getmedia/4904930a-c552-4134-b01b-d938e3a14c48/APA-Resident-Census-2019.pdf,4079896,
APA-Resident-Guide-Surviving-Psychiatric-Training.pdf,Medical student and resident development,14_Tracks/MS3 + Sub-I/Resident,CATALOG,files/edf3d0c9a0_APA-Resident-Guide-Surviving-Psychiatric-Training.pdf,https://www.psychiatry.org/getmedia/f01590ea-ef7a-4ef7-b5e6-a1db75279715/APA-Resident-Guide-Surviving-Psychiatric-Training.pdf,2301582,
APA-Resident-Fellow-Member-Handbook.pdf,Medical student and resident development,14_Tracks/MS3 + Sub-I/Resident,CATALOG,files/7661f7a520_APA-Resident-Fellow-Member-Handbook.pdf,https://www.psychiatry.org/getmedia/29b7fd71-3aae-4c9f-8002-cf514fa258fa/APA-Resident-Fellow-Member-Handbook.pdf,2457230,
APA-SAMHSA-SMSP-Cohort-2025.pdf,Medical student and resident development,14_Tracks/MS3 + Sub-I/Resident,CATALOG,files/f9f3dc66e4_APA-SAMHSA-SMSP-Cohort-2025.pdf,https://www.psychiatry.org/getmedia/418e2e8d-bfb4-4004-a923-cca59e3691db/APA-SAMHSA-SMSP-Cohort-2025.pdf,10105999,
APA-Building-a-Career-in-Psychiatry-Table-of-Contents.pdf,Medical student and resident development,14_Tracks/MS3 + Sub-I/Resident,CATALOG,files/d32f6d717c_APA-Building-a-Career-in-Psychiatry-Table-of-Contents.pdf,https://www.psychiatry.org/getmedia/b0c6afc8-7816-4c71-812a-c2fafa2a94e7/APA-Building-a-Career-in-Psychiatry-Table-of-Contents.pdf,273030,
APA-SAMHSA-RFP-Since-1974.pdf,Medical student and resident development,14_Tracks/MS3 + Sub-I/Resident,CATALOG,files/6907649538_APA-SAMHSA-RFP-Since-1974.pdf,https://www.psychiatry.org/getmedia/d68bbfcf-6f9c-48c9-a37a-2c0336731ebe/APA-SAMHSA-RFP-Since-1974.pdf,339878,
APA-SAMHSA-RFP-Cohort-2023-2024.pdf,Medical student and resident development,14_Tracks/MS3 + Sub-I/Resident,CATALOG,files/c003b4f2d6_APA-SAMHSA-RFP-Cohort-2023-2024.pdf,https://www.psychiatry.org/getmedia/c1732179-ac9c-4ccb-b867-8eafc2981ce1/APA-SAMHSA-RFP-Cohort-2023-2024.pdf,6585687,
SET-Syllabus.pdf,Medical student and resident development,14_Tracks/MS3 + Sub-I/Resident,CATALOG,files/40887e4ab1_SET-Syllabus.pdf,https://www.psychiatry.org/File%20Library/Residents-MedicalStudents/Residents/SET/SET-Syllabus.pdf,803078,
APA-SAMHSA-RFP-Cohort-2025-2026.pdf,Medical student and resident development,14_Tracks/MS3 + Sub-I/Resident,CATALOG,files/132d90bc4f_APA-SAMHSA-RFP-Cohort-2025-2026.pdf,https://www.psychiatry.org/getmedia/eb9815e3-18bb-41df-9fc5-b234a8f7b84c/APA-SAMHSA-RFP-Cohort-2025-2026.pdf,18431590,
APA-Building-a-Career-in-Psychiatry-Part2.pdf,Medical student and resident development,14_Tracks/MS3 + Sub-I/Resident,CATALOG,files/4d96415920_APA-Building-a-Career-in-Psychiatry-Part2.pdf,https://www.psychiatry.org/getmedia/69ea865e-8b8f-43fc-a023-c829c336342d/APA-Building-a-Career-in-Psychiatry-Part2.pdf,3392132,
APA-SET-for-Success-Checklist.pdf,Medical student and resident development,14_Tracks/MS3 + Sub-I/Resident,CATALOG,files/98152e8ad0_APA-SET-for-Success-Checklist.pdf,https://www.psychiatry.org/getmedia/f6cb2de3-2fc7-4aea-aa7f-8a4a4f20ca1c/APA-SET-for-Success-Checklist.pdf,1467603,
APA-RFMTE-Nomination-Release-Form.pdf,Medical student and resident development,14_Tracks/MS3 + Sub-I/Resident,CATALOG,files/92b7a189e9_APA-RFMTE-Nomination-Release-Form.pdf,https://www.psychiatry.org/getmedia/b0ddbec4-12f5-4edd-8ae5-e8ac740d57eb/APA-RFMTE-Nomination-Release-Form.pdf,158612,
APA-SAMHSA-RFP-Cohort-2024-2025.pdf,Medical student and resident development,14_Tracks/MS3 + Sub-I/Resident,CATALOG,files/d6dc6423fa_APA-SAMHSA-RFP-Cohort-2024-2025.pdf,https://www.psychiatry.org/getmedia/10aec986-062b-4139-aab1-473586637736/APA-SAMHSA-RFP-Cohort-2024-2025.pdf,7687399,
