detected_at,severity,source_id,change_type,summary,source_url,affects,status
2026-07-06T08:34:22+00:00,P0,fda-drug-safety,broken-link,FDA Drug Safety Communications citation issue (broken-link) — https://www.fda.gov/drugs/drug-safety-and-availability/drug-safety-communications,https://www.fda.gov/drugs/drug-safety-and-availability/drug-safety-communications,03_Core_Topics/Geriatric/geriatric_psychiatry_inpatient_teaching.md; 03_Core_Topics/Impulse_Control/impulse_control_conduct_inpatient_teaching.md; 03_Core_Topics/Mood/mood_disorders_inpatient_teaching.md; 03_Core_Topics/Neurocognitive/neurocognitive_disorders_inpatient_teaching.md; 03_Core_Topics/Neurodevelopmental/neurodevelopmental_disorders_inpatient_teaching.md; 03_Core_Topics/Perinatal/perinatal_psychiatry_inpatient_teaching.md; 03_Core_Topics/Psychosis/psychotic_disorders_inpatient_teaching.md; 03_Core_Topics/SUD_Withdrawal/substance_use_inpatient_teaching.md; 04_Acute_and_Safety/Delirium/delirium_inpatient_teaching.md; 05_Psychopharmacology/ECT_Neuromodulation/ect_neuromodulation_inpatient_teaching.md; 05_Psychopharmacology/Protocol_Library/protocol_library_inpatient.md; 05_Psychopharmacology/Student_Primer_Top10/psychopharmacology_primer_inpatient.md; 07_Evidence_and_Reading/Inpatient_Evidence/evidence_inpatient.md; 07_Evidence_and_Reading/Landmark_Trials/INCORPORATION_PLAN.md; 07_Evidence_and_Reading/Landmark_Trials/reading_order_by_week.md; 07_Evidence_and_Reading/Rounds_Questions/rounds_questions.md; 13_Faculty_Resources/Handoffs/MASTER_attestation_ledger_2026-07-01.md; 13_Faculty_Resources/Handoffs/STATUS_LATEST.md; 13_Faculty_Resources/Handoffs/Tier3_attestation_sheet_2026-07-01.md; 13_Faculty_Resources/Handoffs/codex_qbank_spec_2026-06-29.md; 13_Faculty_Resources/Handoffs/library_review_2026-07-01.md; 13_Faculty_Resources/Handoffs/openevidence_library_accuracy_review_2026-06-30.md; 13_Faculty_Resources/Handoffs/openevidence_library_accuracy_review_2026-07-01.md; 14_Tracks/Resident/adv_psychopharmacology.md; 14_Tracks/Resident/canon_200.md,issue-open
2026-07-06T08:34:29+00:00,P1,clozapine-rems,broken-link,Clozapine REMS Program citation issue (broken-link) — https://www.newclozapinerems.com/,https://www.newclozapinerems.com/,01_Six_Week_Curriculum/Week_5_Acute_Emergency/README.md; 03_Core_Topics/Nutrition/nutrition_metabolic_inpatient_teaching.md; 03_Core_Topics/Psychosis/psychotic_disorders_inpatient_teaching.md; 03_Core_Topics/SUD_Withdrawal/substance_use_inpatient_teaching.md; 05_Psychopharmacology/ECT_Neuromodulation/ect_neuromodulation_inpatient_teaching.md; 05_Psychopharmacology/Protocol_Library/README.md; 05_Psychopharmacology/Protocol_Library/protocol_library_inpatient.md; 05_Psychopharmacology/README.md; 05_Psychopharmacology/Student_Primer_Top10/psychopharmacology_primer_inpatient.md; 07_Evidence_and_Reading/Inpatient_Evidence/evidence_inpatient.md; 07_Evidence_and_Reading/Landmark_Trials/INCORPORATION_PLAN.md; 07_Evidence_and_Reading/Landmark_Trials/LM_crosswalk.md; 07_Evidence_and_Reading/Landmark_Trials/landmark_trials_page.md; 07_Evidence_and_Reading/Landmark_Trials/reading_order_by_week.md; 07_Evidence_and_Reading/Rounds_Questions/rounds_questions.md; 12_Media/psychiatry_psychotherapy_podcast_library.md; 13_Faculty_Resources/Handoffs/HANDOFF_for_fable5_2026-07-01.md; 13_Faculty_Resources/Handoffs/MASTER_attestation_ledger_2026-07-01.md; 13_Faculty_Resources/Handoffs/STATUS_LATEST.md; 13_Faculty_Resources/Handoffs/codex_qbank_spec_2026-06-29.md; 13_Faculty_Resources/Handoffs/library_review_2026-07-01.md; 13_Faculty_Resources/Handoffs/openevidence_library_accuracy_review_2026-06-30.md; 13_Faculty_Resources/Handoffs/openevidence_library_accuracy_review_2026-07-01.md; 14_Tracks/MS3/Student_Ready_Pack/03_weekly_map/week_by_week_reading_map.md; 14_Tracks/MS3/Student_Ready_Pack/09_revision_maps/revision_plan.md; 14_Tracks/Resident/adv_psychopharmacology.md; 14_Tracks/Resident/canon_200.md; 14_Tracks/Resident/resident_welcome.md; 14_Tracks/Sub-I_MS4/README.md,issue-open
2026-07-06T08:34:37+00:00,P2,samhsa-guidelines,broken-link,SAMHSA Guidelines & Advisories citation issue (broken-link) — https://www.samhsa.gov/resource-search/all,https://www.samhsa.gov/resource-search/all,03_Core_Topics/Perinatal/perinatal_psychiatry_inpatient_teaching.md; 03_Core_Topics/SUD_Withdrawal/substance_use_inpatient_teaching.md; 13_Faculty_Resources/APA_Downloads_2026-06-29/catalog.html; 14_Tracks/MS3/Student_Ready_Pack/00_index/README.md,new
2026-07-06T08:34:39+00:00,P2,aacap-parameters,broken-link,AACAP Practice Parameters / Clinical Resources citation issue (broken-link) — https://www.aacap.org/AACAP/Resources_for_Primary_Care/Practice_Parameters_and_Resource_Centers/Practice_Parameters.aspx,https://www.aacap.org/AACAP/Resources_for_Primary_Care/Practice_Parameters_and_Resource_Centers/Practice_Parameters.aspx,,new
2026-07-06T08:34:40+00:00,P1,doi:10.1001/archgenpsychiatry.2009.144,broken-link,DOI 10.1001/archgenpsychiatry.2009.144 citation issue (broken-link) — https://doi.org/10.1001/archgenpsychiatry.2009.144,https://doi.org/10.1001/archgenpsychiatry.2009.144,00_START_HERE/notebooklm_upload_2026-07-01/08_CASES_OSCE_SHELF_EXAM.md; 08_Cases_and_Simulation/_source/DOI_RESOLUTION_REPORT.md,issue-open
2026-07-06T08:34:42+00:00,P1,doi:10.1001/archgenpsychiatry.2009.179,broken-link,DOI 10.1001/archgenpsychiatry.2009.179 citation issue (broken-link) — https://doi.org/10.1001/archgenpsychiatry.2009.179,https://doi.org/10.1001/archgenpsychiatry.2009.179,00_START_HERE/notebooklm_upload_2026-07-01/14_OFFICE_EXTRACTS_EVIDENCE_AND_FACULTY.md; 00_START_HERE/notebooklm_upload_2026-07-01/14_OFFICE_EXTRACTS_EVIDENCE_AND_FACULTY.md,issue-open
2026-07-06T08:34:43+00:00,P1,doi:10.1001/archgenpsychiatry.2011.1514,broken-link,DOI 10.1001/archgenpsychiatry.2011.1514 citation issue (broken-link) — https://doi.org/10.1001/archgenpsychiatry.2011.1514,https://doi.org/10.1001/archgenpsychiatry.2011.1514,00_START_HERE/notebooklm_upload_2026-07-01/07_EVIDENCE_LANDMARKS_ROUNDS.md; 00_START_HERE/notebooklm_upload_2026-07-01/14_OFFICE_EXTRACTS_EVIDENCE_AND_FACULTY.md; 07_Evidence_and_Reading/Inpatient_Evidence/evidence_inpatient.md,issue-open
2026-07-06T08:34:44+00:00,P1,doi:10.1001/archgenpsychiatry.2011.2044,broken-link,DOI 10.1001/archgenpsychiatry.2011.2044 citation issue (broken-link) — https://doi.org/10.1001/archgenpsychiatry.2011.2044,https://doi.org/10.1001/archgenpsychiatry.2011.2044,00_START_HERE/notebooklm_upload_2026-07-01/10_TRACKS_AND_AUDIENCE_OVERLAYS.md; 00_START_HERE/notebooklm_upload_2026-07-01/14_OFFICE_EXTRACTS_EVIDENCE_AND_FACULTY.md; 14_Tracks/Resident/canon_200.md,issue-open
2026-07-06T08:34:45+00:00,P1,doi:10.1001/archpsyc.1980.01780170034003,broken-link,DOI 10.1001/archpsyc.1980.01780170034003 citation issue (broken-link) — https://doi.org/10.1001/archpsyc.1980.01780170034003,https://doi.org/10.1001/archpsyc.1980.01780170034003,00_START_HERE/notebooklm_upload_2026-07-01/07_EVIDENCE_LANDMARKS_ROUNDS.md; 00_START_HERE/notebooklm_upload_2026-07-01/08_CASES_OSCE_SHELF_EXAM.md; 00_START_HERE/notebooklm_upload_2026-07-01/09_FACULTY_QA_ATTESTATION_AND_ROADMAP.md; 07_Evidence_and_Reading/Landmark_Trials/landmark_trials_page.md; 08_Cases_and_Simulation/_source/DOI_RESOLUTION_REPORT.md,issue-open
2026-07-06T08:34:46+00:00,P1,doi:10.1001/archpsyc.1982.04290090025005,broken-link,DOI 10.1001/archpsyc.1982.04290090025005 citation issue (broken-link) — https://doi.org/10.1001/archpsyc.1982.04290090025005,https://doi.org/10.1001/archpsyc.1982.04290090025005,00_START_HERE/notebooklm_upload_2026-07-01/08_CASES_OSCE_SHELF_EXAM.md; 08_Cases_and_Simulation/_source/DOI_RESOLUTION_REPORT.md,issue-open
2026-07-06T08:34:47+00:00,P1,doi:10.1001/archpsyc.1988.01800330013001,broken-link,DOI 10.1001/archpsyc.1988.01800330013001 citation issue (broken-link) — https://doi.org/10.1001/archpsyc.1988.01800330013001,https://doi.org/10.1001/archpsyc.1988.01800330013001,00_START_HERE/notebooklm_upload_2026-07-01/07_EVIDENCE_LANDMARKS_ROUNDS.md; 00_START_HERE/notebooklm_upload_2026-07-01/07_EVIDENCE_LANDMARKS_ROUNDS.md; 00_START_HERE/notebooklm_upload_2026-07-01/14_OFFICE_EXTRACTS_EVIDENCE_AND_FACULTY.md; 07_Evidence_and_Reading/Landmark_Trials/LM_crosswalk.md; 07_Evidence_and_Reading/Landmark_Trials/landmark_trials_page.md,issue-open
2026-07-06T08:34:48+00:00,P1,doi:10.1001/archpsyc.1988.01800350076012,broken-link,DOI 10.1001/archpsyc.1988.01800350076012 citation issue (broken-link) — https://doi.org/10.1001/archpsyc.1988.01800350076012,https://doi.org/10.1001/archpsyc.1988.01800350076012,00_START_HERE/notebooklm_upload_2026-07-01/08_CASES_OSCE_SHELF_EXAM.md; 08_Cases_and_Simulation/_source/DOI_RESOLUTION_REPORT.md,issue-open
2026-07-06T08:34:49+00:00,P1,doi:10.1001/archpsyc.1989.01810110013002,broken-link,DOI 10.1001/archpsyc.1989.01810110013002 citation issue (broken-link) — https://doi.org/10.1001/archpsyc.1989.01810110013002,https://doi.org/10.1001/archpsyc.1989.01810110013002,00_START_HERE/notebooklm_upload_2026-07-01/07_EVIDENCE_LANDMARKS_ROUNDS.md; 07_Evidence_and_Reading/Landmark_Trials/LM_crosswalk.md,issue-open
2026-07-06T08:34:50+00:00,P1,doi:10.1001/archpsyc.1991.01810360024003,broken-link,DOI 10.1001/archpsyc.1991.01810360024003 citation issue (broken-link) — https://doi.org/10.1001/archpsyc.1991.01810360024003,https://doi.org/10.1001/archpsyc.1991.01810360024003,00_START_HERE/notebooklm_upload_2026-07-01/07_EVIDENCE_LANDMARKS_ROUNDS.md; 00_START_HERE/notebooklm_upload_2026-07-01/07_EVIDENCE_LANDMARKS_ROUNDS.md; 07_Evidence_and_Reading/Landmark_Trials/LM_crosswalk.md; 07_Evidence_and_Reading/Landmark_Trials/landmark_trials_page.md,issue-open
2026-07-06T08:34:51+00:00,P1,doi:10.1001/archpsyc.1995.03950200069014,broken-link,DOI 10.1001/archpsyc.1995.03950200069014 citation issue (broken-link) — https://doi.org/10.1001/archpsyc.1995.03950200069014,https://doi.org/10.1001/archpsyc.1995.03950200069014,00_START_HERE/notebooklm_upload_2026-07-01/08_CASES_OSCE_SHELF_EXAM.md; 08_Cases_and_Simulation/_source/DOI_RESOLUTION_REPORT.md,issue-open
2026-07-06T08:34:53+00:00,P1,doi:10.1001/archpsyc.1995.03950200069016,broken-link,DOI 10.1001/archpsyc.1995.03950200069016 citation issue (broken-link) — https://doi.org/10.1001/archpsyc.1995.03950200069016,https://doi.org/10.1001/archpsyc.1995.03950200069016,00_START_HERE/notebooklm_upload_2026-07-01/07_EVIDENCE_LANDMARKS_ROUNDS.md; 00_START_HERE/notebooklm_upload_2026-07-01/09_FACULTY_QA_ATTESTATION_AND_ROADMAP.md; 07_Evidence_and_Reading/Landmark_Trials/landmark_trials_page.md,issue-open
2026-07-06T08:34:54+00:00,P1,doi:10.1001/archpsyc.55.6.547,broken-link,DOI 10.1001/archpsyc.55.6.547 citation issue (broken-link) — https://doi.org/10.1001/archpsyc.55.6.547,https://doi.org/10.1001/archpsyc.55.6.547,00_START_HERE/notebooklm_upload_2026-07-01/08_CASES_OSCE_SHELF_EXAM.md; 00_START_HERE/notebooklm_upload_2026-07-01/14_OFFICE_EXTRACTS_EVIDENCE_AND_FACULTY.md; 08_Cases_and_Simulation/_source/DOI_RESOLUTION_REPORT.md,issue-open
2026-07-06T08:34:55+00:00,P1,doi:10.1001/archpsyc.56.12.1073,broken-link,DOI 10.1001/archpsyc.56.12.1073 citation issue (broken-link) — https://doi.org/10.1001/archpsyc.56.12.1073,https://doi.org/10.1001/archpsyc.56.12.1073,00_START_HERE/notebooklm_upload_2026-07-01/07_EVIDENCE_LANDMARKS_ROUNDS.md; 00_START_HERE/notebooklm_upload_2026-07-01/09_FACULTY_QA_ATTESTATION_AND_ROADMAP.md; 00_START_HERE/notebooklm_upload_2026-07-01/14_OFFICE_EXTRACTS_EVIDENCE_AND_FACULTY.md; 00_START_HERE/notebooklm_upload_2026-07-01/14_OFFICE_EXTRACTS_EVIDENCE_AND_FACULTY.md; 07_Evidence_and_Reading/Landmark_Trials/landmark_trials_page.md,issue-open
2026-07-06T08:34:56+00:00,P1,doi:10.1001/archpsyc.56.3.241,broken-link,DOI 10.1001/archpsyc.56.3.241 citation issue (broken-link) — https://doi.org/10.1001/archpsyc.56.3.241,https://doi.org/10.1001/archpsyc.56.3.241,00_START_HERE/notebooklm_upload_2026-07-01/08_CASES_OSCE_SHELF_EXAM.md; 08_Cases_and_Simulation/_source/DOI_RESOLUTION_REPORT.md,issue-open
2026-07-06T08:34:57+00:00,P1,doi:10.1001/archpsyc.57.5.459,broken-link,DOI 10.1001/archpsyc.57.5.459 citation issue (broken-link) — https://doi.org/10.1001/archpsyc.57.5.459,https://doi.org/10.1001/archpsyc.57.5.459,00_START_HERE/notebooklm_upload_2026-07-01/10_TRACKS_AND_AUDIENCE_OVERLAYS.md; 00_START_HERE/notebooklm_upload_2026-07-01/14_OFFICE_EXTRACTS_EVIDENCE_AND_FACULTY.md; 14_Tracks/Resident/canon_200.md,issue-open
2026-07-06T08:34:58+00:00,P1,doi:10.1001/archpsyc.60.1.82,broken-link,DOI 10.1001/archpsyc.60.1.82 citation issue (broken-link) — https://doi.org/10.1001/archpsyc.60.1.82,https://doi.org/10.1001/archpsyc.60.1.82,00_START_HERE/notebooklm_upload_2026-07-01/10_TRACKS_AND_AUDIENCE_OVERLAYS.md; 00_START_HERE/notebooklm_upload_2026-07-01/14_OFFICE_EXTRACTS_EVIDENCE_AND_FACULTY.md; 00_START_HERE/notebooklm_upload_2026-07-01/14_OFFICE_EXTRACTS_EVIDENCE_AND_FACULTY.md; 00_START_HERE/notebooklm_upload_2026-07-01/14_OFFICE_EXTRACTS_EVIDENCE_AND_FACULTY.md; 14_Tracks/Resident/canon_200.md,issue-open
2026-07-06T08:35:00+00:00,P1,doi:10.1001/archpsyc.60.11.1079,broken-link,DOI 10.1001/archpsyc.60.11.1079 citation issue (broken-link) — https://doi.org/10.1001/archpsyc.60.11.1079,https://doi.org/10.1001/archpsyc.60.11.1079,00_START_HERE/notebooklm_upload_2026-07-01/10_TRACKS_AND_AUDIENCE_OVERLAYS.md; 00_START_HERE/notebooklm_upload_2026-07-01/14_OFFICE_EXTRACTS_EVIDENCE_AND_FACULTY.md; 14_Tracks/Resident/canon_200.md,issue-open
2026-07-06T08:35:01+00:00,P1,doi:10.1001/archpsyc.60.12.1187,broken-link,DOI 10.1001/archpsyc.60.12.1187 citation issue (broken-link) — https://doi.org/10.1001/archpsyc.60.12.1187,https://doi.org/10.1001/archpsyc.60.12.1187,00_START_HERE/notebooklm_upload_2026-07-01/10_TRACKS_AND_AUDIENCE_OVERLAYS.md; 00_START_HERE/notebooklm_upload_2026-07-01/14_OFFICE_EXTRACTS_EVIDENCE_AND_FACULTY.md; 14_Tracks/Resident/canon_200.md,issue-open
2026-07-06T08:35:02+00:00,P1,doi:10.1001/archpsyc.60.7.709,broken-link,DOI 10.1001/archpsyc.60.7.709 citation issue (broken-link) — https://doi.org/10.1001/archpsyc.60.7.709,https://doi.org/10.1001/archpsyc.60.7.709,00_START_HERE/notebooklm_upload_2026-07-01/10_TRACKS_AND_AUDIENCE_OVERLAYS.md; 00_START_HERE/notebooklm_upload_2026-07-01/14_OFFICE_EXTRACTS_EVIDENCE_AND_FACULTY.md; 14_Tracks/Resident/canon_200.md,issue-open
2026-07-06T08:35:03+00:00,P1,doi:10.1001/archpsyc.60.9.904,broken-link,DOI 10.1001/archpsyc.60.9.904 citation issue (broken-link) — https://doi.org/10.1001/archpsyc.60.9.904,https://doi.org/10.1001/archpsyc.60.9.904,00_START_HERE/notebooklm_upload_2026-07-01/07_EVIDENCE_LANDMARKS_ROUNDS.md; 00_START_HERE/notebooklm_upload_2026-07-01/07_EVIDENCE_LANDMARKS_ROUNDS.md; 00_START_HERE/notebooklm_upload_2026-07-01/14_OFFICE_EXTRACTS_EVIDENCE_AND_FACULTY.md; 07_Evidence_and_Reading/Landmark_Trials/LM_crosswalk.md; 07_Evidence_and_Reading/Landmark_Trials/landmark_trials_page.md,issue-open
2026-07-06T08:35:04+00:00,P1,doi:10.1001/archpsyc.60.9.929,broken-link,DOI 10.1001/archpsyc.60.9.929 citation issue (broken-link) — https://doi.org/10.1001/archpsyc.60.9.929,https://doi.org/10.1001/archpsyc.60.9.929,00_START_HERE/notebooklm_upload_2026-07-01/10_TRACKS_AND_AUDIENCE_OVERLAYS.md; 00_START_HERE/notebooklm_upload_2026-07-01/14_OFFICE_EXTRACTS_EVIDENCE_AND_FACULTY.md; 14_Tracks/Resident/canon_200.md,issue-open
2026-07-06T08:35:05+00:00,P1,doi:10.1001/archpsyc.62.4.409,broken-link,DOI 10.1001/archpsyc.62.4.409 citation issue (broken-link) — https://doi.org/10.1001/archpsyc.62.4.409,https://doi.org/10.1001/archpsyc.62.4.409,00_START_HERE/notebooklm_upload_2026-07-01/10_TRACKS_AND_AUDIENCE_OVERLAYS.md; 00_START_HERE/notebooklm_upload_2026-07-01/14_OFFICE_EXTRACTS_EVIDENCE_AND_FACULTY.md; 14_Tracks/Resident/canon_200.md,issue-open
2026-07-06T08:35:07+00:00,P1,doi:10.1001/archpsyc.62.4.417,broken-link,DOI 10.1001/archpsyc.62.4.417 citation issue (broken-link) — https://doi.org/10.1001/archpsyc.62.4.417,https://doi.org/10.1001/archpsyc.62.4.417,00_START_HERE/notebooklm_upload_2026-07-01/10_TRACKS_AND_AUDIENCE_OVERLAYS.md; 00_START_HERE/notebooklm_upload_2026-07-01/14_OFFICE_EXTRACTS_EVIDENCE_AND_FACULTY.md; 14_Tracks/Resident/canon_200.md,new
2026-07-06T08:35:08+00:00,P1,doi:10.1001/archpsyc.62.6.593,broken-link,DOI 10.1001/archpsyc.62.6.593 citation issue (broken-link) — https://doi.org/10.1001/archpsyc.62.6.593,https://doi.org/10.1001/archpsyc.62.6.593,00_START_HERE/notebooklm_upload_2026-07-01/10_TRACKS_AND_AUDIENCE_OVERLAYS.md; 00_START_HERE/notebooklm_upload_2026-07-01/14_OFFICE_EXTRACTS_EVIDENCE_AND_FACULTY.md; 14_Tracks/Resident/canon_200.md,new
2026-07-06T08:35:09+00:00,P1,doi:10.1001/archpsyc.62.9.996,broken-link,DOI 10.1001/archpsyc.62.9.996 citation issue (broken-link) — https://doi.org/10.1001/archpsyc.62.9.996,https://doi.org/10.1001/archpsyc.62.9.996,00_START_HERE/notebooklm_upload_2026-07-01/08_CASES_OSCE_SHELF_EXAM.md; 08_Cases_and_Simulation/_source/DOI_RESOLUTION_REPORT.md,new
2026-07-06T08:35:12+00:00,P1,doi:10.1001/archpsyc.63.12.1337,broken-link,DOI 10.1001/archpsyc.63.12.1337 citation issue (broken-link) — https://doi.org/10.1001/archpsyc.63.12.1337,https://doi.org/10.1001/archpsyc.63.12.1337,00_START_HERE/notebooklm_upload_2026-07-01/07_EVIDENCE_LANDMARKS_ROUNDS.md; 00_START_HERE/notebooklm_upload_2026-07-01/09_FACULTY_QA_ATTESTATION_AND_ROADMAP.md; 00_START_HERE/notebooklm_upload_2026-07-01/14_OFFICE_EXTRACTS_EVIDENCE_AND_FACULTY.md; 07_Evidence_and_Reading/Landmark_Trials/landmark_trials_page.md,new
2026-07-06T08:35:13+00:00,P1,doi:10.1001/archpsyc.63.3.332,broken-link,DOI 10.1001/archpsyc.63.3.332 citation issue (broken-link) — https://doi.org/10.1001/archpsyc.63.3.332,https://doi.org/10.1001/archpsyc.63.3.332,00_START_HERE/notebooklm_upload_2026-07-01/07_EVIDENCE_LANDMARKS_ROUNDS.md; 00_START_HERE/notebooklm_upload_2026-07-01/07_EVIDENCE_LANDMARKS_ROUNDS.md; 00_START_HERE/notebooklm_upload_2026-07-01/10_TRACKS_AND_AUDIENCE_OVERLAYS.md; 00_START_HERE/notebooklm_upload_2026-07-01/14_OFFICE_EXTRACTS_EVIDENCE_AND_FACULTY.md; 00_START_HERE/notebooklm_upload_2026-07-01/14_OFFICE_EXTRACTS_EVIDENCE_AND_FACULTY.md; 00_START_HERE/notebooklm_upload_2026-07-01/14_OFFICE_EXTRACTS_EVIDENCE_AND_FACULTY.md; 07_Evidence_and_Reading/Landmark_Trials/LM_crosswalk.md; 07_Evidence_and_Reading/Landmark_Trials/landmark_trials_page.md; 14_Tracks/Resident/canon_200.md,new
2026-07-06T08:35:14+00:00,P1,doi:10.1001/archpsyc.63.7.757,broken-link,DOI 10.1001/archpsyc.63.7.757 citation issue (broken-link) — https://doi.org/10.1001/archpsyc.63.7.757,https://doi.org/10.1001/archpsyc.63.7.757,00_START_HERE/notebooklm_upload_2026-07-01/10_TRACKS_AND_AUDIENCE_OVERLAYS.md; 00_START_HERE/notebooklm_upload_2026-07-01/14_OFFICE_EXTRACTS_EVIDENCE_AND_FACULTY.md; 14_Tracks/Resident/canon_200.md,new
2026-07-06T08:35:17+00:00,P1,doi:10.1001/archpsyc.63.8.856,broken-link,DOI 10.1001/archpsyc.63.8.856 citation issue (broken-link) — https://doi.org/10.1001/archpsyc.63.8.856,https://doi.org/10.1001/archpsyc.63.8.856,00_START_HERE/notebooklm_upload_2026-07-01/07_EVIDENCE_LANDMARKS_ROUNDS.md; 00_START_HERE/notebooklm_upload_2026-07-01/10_TRACKS_AND_AUDIENCE_OVERLAYS.md; 00_START_HERE/notebooklm_upload_2026-07-01/14_OFFICE_EXTRACTS_EVIDENCE_AND_FACULTY.md; 00_START_HERE/notebooklm_upload_2026-07-01/14_OFFICE_EXTRACTS_EVIDENCE_AND_FACULTY.md; 07_Evidence_and_Reading/Landmark_Trials/LM_crosswalk.md; 14_Tracks/Resident/canon_200.md,new
2026-07-06T08:35:18+00:00,P1,doi:10.1001/archpsyc.64.4.419,broken-link,DOI 10.1001/archpsyc.64.4.419 citation issue (broken-link) — https://doi.org/10.1001/archpsyc.64.4.419,https://doi.org/10.1001/archpsyc.64.4.419,00_START_HERE/notebooklm_upload_2026-07-01/08_CASES_OSCE_SHELF_EXAM.md; 00_START_HERE/notebooklm_upload_2026-07-01/10_TRACKS_AND_AUDIENCE_OVERLAYS.md; 00_START_HERE/notebooklm_upload_2026-07-01/14_OFFICE_EXTRACTS_EVIDENCE_AND_FACULTY.md; 08_Cases_and_Simulation/_source/DOI_RESOLUTION_REPORT.md; 14_Tracks/Resident/canon_200.md,new
2026-07-06T08:35:19+00:00,P1,doi:10.1001/jama.1965.03090080008002,broken-link,DOI 10.1001/jama.1965.03090080008002 citation issue (broken-link) — https://doi.org/10.1001/jama.1965.03090080008002,https://doi.org/10.1001/jama.1965.03090080008002,00_START_HERE/notebooklm_upload_2026-07-01/07_EVIDENCE_LANDMARKS_ROUNDS.md; 07_Evidence_and_Reading/Landmark_Trials/LM_crosswalk.md,new
2026-07-06T08:35:21+00:00,P1,doi:10.1001/jama.1994.03510360044034,broken-link,DOI 10.1001/jama.1994.03510360044034 citation issue (broken-link) — https://doi.org/10.1001/jama.1994.03510360044034,https://doi.org/10.1001/jama.1994.03510360044034,00_START_HERE/notebooklm_upload_2026-07-01/07_EVIDENCE_LANDMARKS_ROUNDS.md; 07_Evidence_and_Reading/Landmark_Trials/LM_crosswalk.md,new
2026-07-06T08:35:22+00:00,P1,doi:10.1001/jama.1994.03520070039035,broken-link,DOI 10.1001/jama.1994.03520070039035 citation issue (broken-link) — https://doi.org/10.1001/jama.1994.03520070039035,https://doi.org/10.1001/jama.1994.03520070039035,00_START_HERE/notebooklm_upload_2026-07-01/14_OFFICE_EXTRACTS_EVIDENCE_AND_FACULTY.md,new
2026-07-06T08:35:23+00:00,P1,doi:10.1001/jama.2009.1943,broken-link,DOI 10.1001/jama.2009.1943 citation issue (broken-link) — https://doi.org/10.1001/jama.2009.1943,https://doi.org/10.1001/jama.2009.1943,00_START_HERE/notebooklm_upload_2026-07-01/10_TRACKS_AND_AUDIENCE_OVERLAYS.md; 00_START_HERE/notebooklm_upload_2026-07-01/14_OFFICE_EXTRACTS_EVIDENCE_AND_FACULTY.md; 14_Tracks/Resident/canon_200.md,new
2026-07-06T08:35:24+00:00,P1,doi:10.1001/jama.2010.1182,broken-link,DOI 10.1001/jama.2010.1182 citation issue (broken-link) — https://doi.org/10.1001/jama.2010.1182,https://doi.org/10.1001/jama.2010.1182,00_START_HERE/notebooklm_upload_2026-07-01/14_OFFICE_EXTRACTS_EVIDENCE_AND_FACULTY.md,new
2026-07-06T08:35:25+00:00,P1,doi:10.1001/jama.2011.1023,broken-link,DOI 10.1001/jama.2011.1023 citation issue (broken-link) — https://doi.org/10.1001/jama.2011.1023,https://doi.org/10.1001/jama.2011.1023,00_START_HERE/notebooklm_upload_2026-07-01/14_OFFICE_EXTRACTS_EVIDENCE_AND_FACULTY.md,new
2026-07-06T08:35:26+00:00,P1,doi:10.1001/jama.2014.93,broken-link,DOI 10.1001/jama.2014.93 citation issue (broken-link) — https://doi.org/10.1001/jama.2014.93,https://doi.org/10.1001/jama.2014.93,00_START_HERE/notebooklm_upload_2026-07-01/13_OFFICE_EXTRACTS_CORE_TEACHING.md,new
2026-07-06T08:35:28+00:00,P1,doi:10.1001/jama.2015.5605,broken-link,DOI 10.1001/jama.2015.5605 citation issue (broken-link) — https://doi.org/10.1001/jama.2015.5605,https://doi.org/10.1001/jama.2015.5605,00_START_HERE/notebooklm_upload_2026-07-01/14_OFFICE_EXTRACTS_EVIDENCE_AND_FACULTY.md,new
2026-07-06T08:35:31+00:00,P1,doi:10.1001/jama.2017.11112,broken-link,DOI 10.1001/jama.2017.11112 citation issue (broken-link) — https://doi.org/10.1001/jama.2017.11112,https://doi.org/10.1001/jama.2017.11112,00_START_HERE/notebooklm_upload_2026-07-01/13_OFFICE_EXTRACTS_CORE_TEACHING.md,new
2026-07-06T08:35:32+00:00,P1,doi:10.1001/jama.2017.12067,broken-link,DOI 10.1001/jama.2017.12067 citation issue (broken-link) — https://doi.org/10.1001/jama.2017.12067,https://doi.org/10.1001/jama.2017.12067,00_START_HERE/notebooklm_upload_2026-07-01/07_EVIDENCE_LANDMARKS_ROUNDS.md; 00_START_HERE/notebooklm_upload_2026-07-01/14_OFFICE_EXTRACTS_EVIDENCE_AND_FACULTY.md; 00_START_HERE/notebooklm_upload_2026-07-01/14_OFFICE_EXTRACTS_EVIDENCE_AND_FACULTY.md; 00_START_HERE/notebooklm_upload_2026-07-01/14_OFFICE_EXTRACTS_EVIDENCE_AND_FACULTY.md; 07_Evidence_and_Reading/Inpatient_Evidence/evidence_inpatient.md,new
2026-07-06T08:35:33+00:00,P1,doi:10.1001/jama.2017.21242,broken-link,DOI 10.1001/jama.2017.21242 citation issue (broken-link) — https://doi.org/10.1001/jama.2017.21242,https://doi.org/10.1001/jama.2017.21242,00_START_HERE/notebooklm_upload_2026-07-01/10_TRACKS_AND_AUDIENCE_OVERLAYS.md; 00_START_HERE/notebooklm_upload_2026-07-01/14_OFFICE_EXTRACTS_EVIDENCE_AND_FACULTY.md; 14_Tracks/Resident/canon_200.md,new
2026-07-06T08:35:34+00:00,P1,doi:10.1001/jama.2017.2200,broken-link,DOI 10.1001/jama.2017.2200 citation issue (broken-link) — https://doi.org/10.1001/jama.2017.2200,https://doi.org/10.1001/jama.2017.2200,00_START_HERE/notebooklm_upload_2026-07-01/10_TRACKS_AND_AUDIENCE_OVERLAYS.md; 00_START_HERE/notebooklm_upload_2026-07-01/14_OFFICE_EXTRACTS_EVIDENCE_AND_FACULTY.md; 00_START_HERE/notebooklm_upload_2026-07-01/14_OFFICE_EXTRACTS_EVIDENCE_AND_FACULTY.md; 14_Tracks/Resident/canon_200.md,new
2026-07-06T08:35:35+00:00,P1,doi:10.1001/jama.2017.3415,broken-link,DOI 10.1001/jama.2017.3415 citation issue (broken-link) — https://doi.org/10.1001/jama.2017.3415,https://doi.org/10.1001/jama.2017.3415,00_START_HERE/notebooklm_upload_2026-07-01/14_OFFICE_EXTRACTS_EVIDENCE_AND_FACULTY.md,new
2026-07-06T08:35:36+00:00,P1,doi:10.1001/jama.2017.3927,broken-link,DOI 10.1001/jama.2017.3927 citation issue (broken-link) — https://doi.org/10.1001/jama.2017.3927,https://doi.org/10.1001/jama.2017.3927,00_START_HERE/notebooklm_upload_2026-07-01/08_CASES_OSCE_SHELF_EXAM.md; 08_Cases_and_Simulation/_source/DOI_RESOLUTION_REPORT.md,new
2026-07-06T08:35:37+00:00,P1,doi:10.1001/jama.2017.8036,broken-link,DOI 10.1001/jama.2017.8036 citation issue (broken-link) — https://doi.org/10.1001/jama.2017.8036,https://doi.org/10.1001/jama.2017.8036,00_START_HERE/notebooklm_upload_2026-07-01/10_TRACKS_AND_AUDIENCE_OVERLAYS.md; 00_START_HERE/notebooklm_upload_2026-07-01/14_OFFICE_EXTRACTS_EVIDENCE_AND_FACULTY.md; 14_Tracks/Resident/canon_200.md,new
2026-07-06T08:35:38+00:00,P1,doi:10.1001/jama.2018.10574,broken-link,DOI 10.1001/jama.2018.10574 citation issue (broken-link) — https://doi.org/10.1001/jama.2018.10574,https://doi.org/10.1001/jama.2018.10574,00_START_HERE/notebooklm_upload_2026-07-01/14_OFFICE_EXTRACTS_EVIDENCE_AND_FACULTY.md; 00_START_HERE/notebooklm_upload_2026-07-01/14_OFFICE_EXTRACTS_EVIDENCE_AND_FACULTY.md,new
2026-07-06T08:35:39+00:00,P1,doi:10.1001/jama.2018.11406,broken-link,DOI 10.1001/jama.2018.11406 citation issue (broken-link) — https://doi.org/10.1001/jama.2018.11406,https://doi.org/10.1001/jama.2018.11406,00_START_HERE/notebooklm_upload_2026-07-01/14_OFFICE_EXTRACTS_EVIDENCE_AND_FACULTY.md,new
2026-07-06T08:35:40+00:00,P1,doi:10.1001/jama.2019.22360,broken-link,DOI 10.1001/jama.2019.22360 citation issue (broken-link) — https://doi.org/10.1001/jama.2019.22360,https://doi.org/10.1001/jama.2019.22360,00_START_HERE/notebooklm_upload_2026-07-01/14_OFFICE_EXTRACTS_EVIDENCE_AND_FACULTY.md; 00_START_HERE/notebooklm_upload_2026-07-01/14_OFFICE_EXTRACTS_EVIDENCE_AND_FACULTY.md,new
2026-07-06T08:35:41+00:00,P1,doi:10.1001/jama.2022.16946,broken-link,DOI 10.1001/jama.2022.16946 citation issue (broken-link) — https://doi.org/10.1001/jama.2022.16946,https://doi.org/10.1001/jama.2022.16946,00_START_HERE/notebooklm_upload_2026-07-01/14_OFFICE_EXTRACTS_EVIDENCE_AND_FACULTY.md; 00_START_HERE/notebooklm_upload_2026-07-01/14_OFFICE_EXTRACTS_EVIDENCE_AND_FACULTY.md,new
2026-07-06T08:35:42+00:00,P1,doi:10.1001/jama.2022.1806,broken-link,DOI 10.1001/jama.2022.1806 citation issue (broken-link) — https://doi.org/10.1001/jama.2022.1806,https://doi.org/10.1001/jama.2022.1806,00_START_HERE/notebooklm_upload_2026-07-01/14_OFFICE_EXTRACTS_EVIDENCE_AND_FACULTY.md,new
2026-07-06T08:35:42+00:00,P1,doi:10.1001/jama.2022.22744,broken-link,DOI 10.1001/jama.2022.22744 citation issue (broken-link) — https://doi.org/10.1001/jama.2022.22744,https://doi.org/10.1001/jama.2022.22744,00_START_HERE/notebooklm_upload_2026-07-01/10_TRACKS_AND_AUDIENCE_OVERLAYS.md; 00_START_HERE/notebooklm_upload_2026-07-01/14_OFFICE_EXTRACTS_EVIDENCE_AND_FACULTY.md; 00_START_HERE/notebooklm_upload_2026-07-01/14_OFFICE_EXTRACTS_EVIDENCE_AND_FACULTY.md; 14_Tracks/Resident/canon_200.md,new
2026-07-06T08:35:43+00:00,P1,doi:10.1001/jama.2022.23661,broken-link,DOI 10.1001/jama.2022.23661 citation issue (broken-link) — https://doi.org/10.1001/jama.2022.23661,https://doi.org/10.1001/jama.2022.23661,00_START_HERE/notebooklm_upload_2026-07-01/14_OFFICE_EXTRACTS_EVIDENCE_AND_FACULTY.md; 00_START_HERE/notebooklm_upload_2026-07-01/14_OFFICE_EXTRACTS_EVIDENCE_AND_FACULTY.md; 00_START_HERE/notebooklm_upload_2026-07-01/14_OFFICE_EXTRACTS_EVIDENCE_AND_FACULTY.md,new
2026-07-06T08:35:44+00:00,P1,doi:10.1001/jama.2023.0589,broken-link,DOI 10.1001/jama.2023.0589 citation issue (broken-link) — https://doi.org/10.1001/jama.2023.0589,https://doi.org/10.1001/jama.2023.0589,00_START_HERE/notebooklm_upload_2026-07-01/14_OFFICE_EXTRACTS_EVIDENCE_AND_FACULTY.md; 00_START_HERE/notebooklm_upload_2026-07-01/14_OFFICE_EXTRACTS_EVIDENCE_AND_FACULTY.md; 00_START_HERE/notebooklm_upload_2026-07-01/14_OFFICE_EXTRACTS_EVIDENCE_AND_FACULTY.md; 00_START_HERE/notebooklm_upload_2026-07-01/14_OFFICE_EXTRACTS_EVIDENCE_AND_FACULTY.md; 00_START_HERE/notebooklm_upload_2026-07-01/14_OFFICE_EXTRACTS_EVIDENCE_AND_FACULTY.md,new
2026-07-06T08:35:45+00:00,P1,doi:10.1001/jama.2023.18588,broken-link,DOI 10.1001/jama.2023.18588 citation issue (broken-link) — https://doi.org/10.1001/jama.2023.18588,https://doi.org/10.1001/jama.2023.18588,00_START_HERE/notebooklm_upload_2026-07-01/14_OFFICE_EXTRACTS_EVIDENCE_AND_FACULTY.md,new
2026-07-06T08:35:46+00:00,P1,doi:10.1001/jama.2023.19761,broken-link,DOI 10.1001/jama.2023.19761 citation issue (broken-link) — https://doi.org/10.1001/jama.2023.19761,https://doi.org/10.1001/jama.2023.19761,00_START_HERE/notebooklm_upload_2026-07-01/14_OFFICE_EXTRACTS_EVIDENCE_AND_FACULTY.md; 00_START_HERE/notebooklm_upload_2026-07-01/14_OFFICE_EXTRACTS_EVIDENCE_AND_FACULTY.md; 00_START_HERE/notebooklm_upload_2026-07-01/14_OFFICE_EXTRACTS_EVIDENCE_AND_FACULTY.md,new
2026-07-06T08:35:46+00:00,P1,doi:10.1001/jama.2023.4809,broken-link,DOI 10.1001/jama.2023.4809 citation issue (broken-link) — https://doi.org/10.1001/jama.2023.4809,https://doi.org/10.1001/jama.2023.4809,00_START_HERE/notebooklm_upload_2026-07-01/14_OFFICE_EXTRACTS_EVIDENCE_AND_FACULTY.md,new
2026-07-06T08:35:47+00:00,P1,doi:10.1001/jama.2024.16954,broken-link,DOI 10.1001/jama.2024.16954 citation issue (broken-link) — https://doi.org/10.1001/jama.2024.16954,https://doi.org/10.1001/jama.2024.16954,00_START_HERE/notebooklm_upload_2026-07-01/14_OFFICE_EXTRACTS_EVIDENCE_AND_FACULTY.md,new
2026-07-06T08:35:48+00:00,P1,doi:10.1001/jama.2024.5756,broken-link,DOI 10.1001/jama.2024.5756 citation issue (broken-link) — https://doi.org/10.1001/jama.2024.5756,https://doi.org/10.1001/jama.2024.5756,00_START_HERE/notebooklm_upload_2026-07-01/14_OFFICE_EXTRACTS_EVIDENCE_AND_FACULTY.md; 00_START_HERE/notebooklm_upload_2026-07-01/14_OFFICE_EXTRACTS_EVIDENCE_AND_FACULTY.md,new
2026-07-06T08:35:49+00:00,P1,doi:10.1001/jama.2025.0132,broken-link,DOI 10.1001/jama.2025.0132 citation issue (broken-link) — https://doi.org/10.1001/jama.2025.0132,https://doi.org/10.1001/jama.2025.0132,00_START_HERE/notebooklm_upload_2026-07-01/10_TRACKS_AND_AUDIENCE_OVERLAYS.md; 00_START_HERE/notebooklm_upload_2026-07-01/14_OFFICE_EXTRACTS_EVIDENCE_AND_FACULTY.md; 00_START_HERE/notebooklm_upload_2026-07-01/14_OFFICE_EXTRACTS_EVIDENCE_AND_FACULTY.md; 14_Tracks/Resident/canon_200.md,new
2026-07-06T08:35:50+00:00,P1,doi:10.1001/jama.2025.14105,broken-link,DOI 10.1001/jama.2025.14105 citation issue (broken-link) — https://doi.org/10.1001/jama.2025.14105,https://doi.org/10.1001/jama.2025.14105,00_START_HERE/notebooklm_upload_2026-07-01/14_OFFICE_EXTRACTS_EVIDENCE_AND_FACULTY.md,new
2026-07-06T08:35:51+00:00,P1,doi:10.1001/jama.2025.19400,broken-link,DOI 10.1001/jama.2025.19400 citation issue (broken-link) — https://doi.org/10.1001/jama.2025.19400,https://doi.org/10.1001/jama.2025.19400,00_START_HERE/notebooklm_upload_2026-07-01/14_OFFICE_EXTRACTS_EVIDENCE_AND_FACULTY.md; 00_START_HERE/notebooklm_upload_2026-07-01/14_OFFICE_EXTRACTS_EVIDENCE_AND_FACULTY.md,new
2026-07-06T08:35:51+00:00,P1,doi:10.1001/jama.2025.25464,broken-link,DOI 10.1001/jama.2025.25464 citation issue (broken-link) — https://doi.org/10.1001/jama.2025.25464,https://doi.org/10.1001/jama.2025.25464,00_START_HERE/notebooklm_upload_2026-07-01/14_OFFICE_EXTRACTS_EVIDENCE_AND_FACULTY.md,new
2026-07-06T08:35:52+00:00,P1,doi:10.1001/jama.2025.26348,broken-link,DOI 10.1001/jama.2025.26348 citation issue (broken-link) — https://doi.org/10.1001/jama.2025.26348,https://doi.org/10.1001/jama.2025.26348,00_START_HERE/notebooklm_upload_2026-07-01/14_OFFICE_EXTRACTS_EVIDENCE_AND_FACULTY.md,new
2026-07-06T08:35:53+00:00,P1,doi:10.1001/jama.283.14.1837,broken-link,DOI 10.1001/jama.283.14.1837 citation issue (broken-link) — https://doi.org/10.1001/jama.283.14.1837,https://doi.org/10.1001/jama.283.14.1837,00_START_HERE/notebooklm_upload_2026-07-01/07_EVIDENCE_LANDMARKS_ROUNDS.md; 07_Evidence_and_Reading/Landmark_Trials/LM_crosswalk.md,new
2026-07-06T08:35:54+00:00,P1,doi:10.1001/jama.283.19.2529,broken-link,DOI 10.1001/jama.283.19.2529 citation issue (broken-link) — https://doi.org/10.1001/jama.283.19.2529,https://doi.org/10.1001/jama.283.19.2529,00_START_HERE/notebooklm_upload_2026-07-01/07_EVIDENCE_LANDMARKS_ROUNDS.md; 07_Evidence_and_Reading/Landmark_Trials/LM_crosswalk.md,new
2026-07-06T08:35:56+00:00,P1,doi:10.1001/jama.285.10.1299,broken-link,DOI 10.1001/jama.285.10.1299 citation issue (broken-link) — https://doi.org/10.1001/jama.285.10.1299,https://doi.org/10.1001/jama.285.10.1299,00_START_HERE/notebooklm_upload_2026-07-01/07_EVIDENCE_LANDMARKS_ROUNDS.md; 00_START_HERE/notebooklm_upload_2026-07-01/14_OFFICE_EXTRACTS_EVIDENCE_AND_FACULTY.md; 00_START_HERE/notebooklm_upload_2026-07-01/14_OFFICE_EXTRACTS_EVIDENCE_AND_FACULTY.md; 07_Evidence_and_Reading/Landmark_Trials/LM_crosswalk.md,new
2026-07-06T08:35:57+00:00,P1,doi:10.1001/jama.285.23.3015,broken-link,DOI 10.1001/jama.285.23.3015 citation issue (broken-link) — https://doi.org/10.1001/jama.285.23.3015,https://doi.org/10.1001/jama.285.23.3015,00_START_HERE/notebooklm_upload_2026-07-01/14_OFFICE_EXTRACTS_EVIDENCE_AND_FACULTY.md,new
2026-07-06T08:35:58+00:00,P1,doi:10.1001/jama.286.21.2703,broken-link,DOI 10.1001/jama.286.21.2703 citation issue (broken-link) — https://doi.org/10.1001/jama.286.21.2703,https://doi.org/10.1001/jama.286.21.2703,00_START_HERE/notebooklm_upload_2026-07-01/07_EVIDENCE_LANDMARKS_ROUNDS.md; 07_Evidence_and_Reading/Landmark_Trials/LM_crosswalk.md,new
2026-07-06T08:35:59+00:00,P1,doi:10.1001/jama.288.22.2836,broken-link,DOI 10.1001/jama.288.22.2836 citation issue (broken-link) — https://doi.org/10.1001/jama.288.22.2836,https://doi.org/10.1001/jama.288.22.2836,00_START_HERE/notebooklm_upload_2026-07-01/07_EVIDENCE_LANDMARKS_ROUNDS.md; 00_START_HERE/notebooklm_upload_2026-07-01/07_EVIDENCE_LANDMARKS_ROUNDS.md; 00_START_HERE/notebooklm_upload_2026-07-01/14_OFFICE_EXTRACTS_EVIDENCE_AND_FACULTY.md; 07_Evidence_and_Reading/Inpatient_Evidence/evidence_inpatient.md; 07_Evidence_and_Reading/Landmark_Trials/LM_crosswalk.md,new
2026-07-06T08:36:00+00:00,P1,doi:10.1001/jama.292.16.1969,broken-link,DOI 10.1001/jama.292.16.1969 citation issue (broken-link) — https://doi.org/10.1001/jama.292.16.1969,https://doi.org/10.1001/jama.292.16.1969,00_START_HERE/notebooklm_upload_2026-07-01/07_EVIDENCE_LANDMARKS_ROUNDS.md; 00_START_HERE/notebooklm_upload_2026-07-01/14_OFFICE_EXTRACTS_EVIDENCE_AND_FACULTY.md; 07_Evidence_and_Reading/Landmark_Trials/LM_crosswalk.md,new
2026-07-06T08:36:01+00:00,P1,doi:10.1001/jama.292.7.807,broken-link,DOI 10.1001/jama.292.7.807 citation issue (broken-link) — https://doi.org/10.1001/jama.292.7.807,https://doi.org/10.1001/jama.292.7.807,00_START_HERE/notebooklm_upload_2026-07-01/07_EVIDENCE_LANDMARKS_ROUNDS.md; 00_START_HERE/notebooklm_upload_2026-07-01/07_EVIDENCE_LANDMARKS_ROUNDS.md; 00_START_HERE/notebooklm_upload_2026-07-01/10_TRACKS_AND_AUDIENCE_OVERLAYS.md; 00_START_HERE/notebooklm_upload_2026-07-01/14_OFFICE_EXTRACTS_EVIDENCE_AND_FACULTY.md; 07_Evidence_and_Reading/Landmark_Trials/LM_crosswalk.md; 07_Evidence_and_Reading/Landmark_Trials/landmark_trials_page.md; 14_Tracks/Resident/canon_200.md,new
2026-07-06T08:36:03+00:00,P1,doi:10.1001/jama.293.19.2372,broken-link,DOI 10.1001/jama.293.19.2372 citation issue (broken-link) — https://doi.org/10.1001/jama.293.19.2372,https://doi.org/10.1001/jama.293.19.2372,00_START_HERE/notebooklm_upload_2026-07-01/14_OFFICE_EXTRACTS_EVIDENCE_AND_FACULTY.md,new
2026-07-06T08:36:04+00:00,P1,doi:10.1001/jama.294.16.2064,broken-link,DOI 10.1001/jama.294.16.2064 citation issue (broken-link) — https://doi.org/10.1001/jama.294.16.2064,https://doi.org/10.1001/jama.294.16.2064,00_START_HERE/notebooklm_upload_2026-07-01/07_EVIDENCE_LANDMARKS_ROUNDS.md; 00_START_HERE/notebooklm_upload_2026-07-01/07_EVIDENCE_LANDMARKS_ROUNDS.md; 00_START_HERE/notebooklm_upload_2026-07-01/10_TRACKS_AND_AUDIENCE_OVERLAYS.md; 00_START_HERE/notebooklm_upload_2026-07-01/14_OFFICE_EXTRACTS_EVIDENCE_AND_FACULTY.md; 07_Evidence_and_Reading/Landmark_Trials/LM_crosswalk.md; 07_Evidence_and_Reading/Landmark_Trials/landmark_trials_page.md; 14_Tracks/Resident/canon_200.md,new
2026-07-06T08:36:05+00:00,P1,doi:10.1001/jama.295.17.2003,broken-link,DOI 10.1001/jama.295.17.2003 citation issue (broken-link) — https://doi.org/10.1001/jama.295.17.2003,https://doi.org/10.1001/jama.295.17.2003,00_START_HERE/notebooklm_upload_2026-07-01/07_EVIDENCE_LANDMARKS_ROUNDS.md; 07_Evidence_and_Reading/Landmark_Trials/LM_crosswalk.md,new
2026-07-06T08:36:06+00:00,P1,doi:10.1001/jama.297.15.1683,broken-link,DOI 10.1001/jama.297.15.1683 citation issue (broken-link) — https://doi.org/10.1001/jama.297.15.1683,https://doi.org/10.1001/jama.297.15.1683,00_START_HERE/notebooklm_upload_2026-07-01/10_TRACKS_AND_AUDIENCE_OVERLAYS.md; 00_START_HERE/notebooklm_upload_2026-07-01/14_OFFICE_EXTRACTS_EVIDENCE_AND_FACULTY.md; 00_START_HERE/notebooklm_upload_2026-07-01/14_OFFICE_EXTRACTS_EVIDENCE_AND_FACULTY.md; 14_Tracks/Resident/canon_200.md,new
2026-07-06T08:36:07+00:00,P1,doi:10.1001/jama.297.8.820,broken-link,DOI 10.1001/jama.297.8.820 citation issue (broken-link) — https://doi.org/10.1001/jama.297.8.820,https://doi.org/10.1001/jama.297.8.820,00_START_HERE/notebooklm_upload_2026-07-01/10_TRACKS_AND_AUDIENCE_OVERLAYS.md; 00_START_HERE/notebooklm_upload_2026-07-01/14_OFFICE_EXTRACTS_EVIDENCE_AND_FACULTY.md; 14_Tracks/Resident/canon_200.md,new
2026-07-06T08:36:08+00:00,P1,doi:10.1001/jamahealthforum.2025.3177,broken-link,DOI 10.1001/jamahealthforum.2025.3177 citation issue (broken-link) — https://doi.org/10.1001/jamahealthforum.2025.3177,https://doi.org/10.1001/jamahealthforum.2025.3177,00_START_HERE/notebooklm_upload_2026-07-01/14_OFFICE_EXTRACTS_EVIDENCE_AND_FACULTY.md,new
2026-07-06T08:36:09+00:00,P1,doi:10.1001/jamainternmed.2020.0148,broken-link,DOI 10.1001/jamainternmed.2020.0148 citation issue (broken-link) — https://doi.org/10.1001/jamainternmed.2020.0148,https://doi.org/10.1001/jamainternmed.2020.0148,00_START_HERE/notebooklm_upload_2026-07-01/14_OFFICE_EXTRACTS_EVIDENCE_AND_FACULTY.md,new
2026-07-06T08:36:09+00:00,P1,doi:10.1001/jamainternmed.2022.4268,broken-link,DOI 10.1001/jamainternmed.2022.4268 citation issue (broken-link) — https://doi.org/10.1001/jamainternmed.2022.4268,https://doi.org/10.1001/jamainternmed.2022.4268,00_START_HERE/notebooklm_upload_2026-07-01/14_OFFICE_EXTRACTS_EVIDENCE_AND_FACULTY.md,new
2026-07-06T08:36:10+00:00,P1,doi:10.1001/jamainternmed.2023.7282,broken-link,DOI 10.1001/jamainternmed.2023.7282 citation issue (broken-link) — https://doi.org/10.1001/jamainternmed.2023.7282,https://doi.org/10.1001/jamainternmed.2023.7282,00_START_HERE/notebooklm_upload_2026-07-01/14_OFFICE_EXTRACTS_EVIDENCE_AND_FACULTY.md,new
2026-07-06T08:36:11+00:00,P1,doi:10.1001/jamainternmed.2025.5055,broken-link,DOI 10.1001/jamainternmed.2025.5055 citation issue (broken-link) — https://doi.org/10.1001/jamainternmed.2025.5055,https://doi.org/10.1001/jamainternmed.2025.5055,00_START_HERE/notebooklm_upload_2026-07-01/14_OFFICE_EXTRACTS_EVIDENCE_AND_FACULTY.md; 00_START_HERE/notebooklm_upload_2026-07-01/14_OFFICE_EXTRACTS_EVIDENCE_AND_FACULTY.md,new
2026-07-06T08:36:12+00:00,P1,doi:10.1001/jamanetworkopen.2020.12887,broken-link,DOI 10.1001/jamanetworkopen.2020.12887 citation issue (broken-link) — https://doi.org/10.1001/jamanetworkopen.2020.12887,https://doi.org/10.1001/jamanetworkopen.2020.12887,00_START_HERE/notebooklm_upload_2026-07-01/07_EVIDENCE_LANDMARKS_ROUNDS.md; 00_START_HERE/notebooklm_upload_2026-07-01/14_OFFICE_EXTRACTS_EVIDENCE_AND_FACULTY.md; 07_Evidence_and_Reading/Inpatient_Evidence/evidence_inpatient.md,new
2026-07-06T08:36:13+00:00,P1,doi:10.1001/jamanetworkopen.2020.3221,broken-link,DOI 10.1001/jamanetworkopen.2020.3221 citation issue (broken-link) — https://doi.org/10.1001/jamanetworkopen.2020.3221,https://doi.org/10.1001/jamanetworkopen.2020.3221,00_START_HERE/notebooklm_upload_2026-07-01/10_TRACKS_AND_AUDIENCE_OVERLAYS.md; 00_START_HERE/notebooklm_upload_2026-07-01/14_OFFICE_EXTRACTS_EVIDENCE_AND_FACULTY.md; 14_Tracks/Resident/canon_200.md,new
2026-07-06T08:36:13+00:00,P1,doi:10.1001/jamanetworkopen.2021.36639,broken-link,DOI 10.1001/jamanetworkopen.2021.36639 citation issue (broken-link) — https://doi.org/10.1001/jamanetworkopen.2021.36639,https://doi.org/10.1001/jamanetworkopen.2021.36639,00_START_HERE/notebooklm_upload_2026-07-01/14_OFFICE_EXTRACTS_EVIDENCE_AND_FACULTY.md,new
2026-07-06T08:36:14+00:00,P1,doi:10.1001/jamanetworkopen.2021.36921,broken-link,DOI 10.1001/jamanetworkopen.2021.36921 citation issue (broken-link) — https://doi.org/10.1001/jamanetworkopen.2021.36921,https://doi.org/10.1001/jamanetworkopen.2021.36921,00_START_HERE/notebooklm_upload_2026-07-01/10_TRACKS_AND_AUDIENCE_OVERLAYS.md; 00_START_HERE/notebooklm_upload_2026-07-01/14_OFFICE_EXTRACTS_EVIDENCE_AND_FACULTY.md; 14_Tracks/Resident/canon_200.md,new
2026-07-06T08:36:15+00:00,P1,doi:10.1001/jamanetworkopen.2022.0978,broken-link,DOI 10.1001/jamanetworkopen.2022.0978 citation issue (broken-link) — https://doi.org/10.1001/jamanetworkopen.2022.0978,https://doi.org/10.1001/jamanetworkopen.2022.0978,00_START_HERE/notebooklm_upload_2026-07-01/08_CASES_OSCE_SHELF_EXAM.md; 08_Cases_and_Simulation/_source/DOI_RESOLUTION_REPORT.md,new
2026-07-06T08:36:16+00:00,P1,doi:10.1001/jamanetworkopen.2022.55986,broken-link,DOI 10.1001/jamanetworkopen.2022.55986 citation issue (broken-link) — https://doi.org/10.1001/jamanetworkopen.2022.55986,https://doi.org/10.1001/jamanetworkopen.2022.55986,00_START_HERE/notebooklm_upload_2026-07-01/14_OFFICE_EXTRACTS_EVIDENCE_AND_FACULTY.md,new
2026-07-06T08:36:17+00:00,P1,doi:10.1001/jamanetworkopen.2023.17130,broken-link,DOI 10.1001/jamanetworkopen.2023.17130 citation issue (broken-link) — https://doi.org/10.1001/jamanetworkopen.2023.17130,https://doi.org/10.1001/jamanetworkopen.2023.17130,00_START_HERE/notebooklm_upload_2026-07-01/14_OFFICE_EXTRACTS_EVIDENCE_AND_FACULTY.md; 00_START_HERE/notebooklm_upload_2026-07-01/14_OFFICE_EXTRACTS_EVIDENCE_AND_FACULTY.md; 00_START_HERE/notebooklm_upload_2026-07-01/14_OFFICE_EXTRACTS_EVIDENCE_AND_FACULTY.md; 00_START_HERE/notebooklm_upload_2026-07-01/14_OFFICE_EXTRACTS_EVIDENCE_AND_FACULTY.md,new
2026-07-06T08:36:17+00:00,P1,doi:10.1001/jamanetworkopen.2023.24183,broken-link,DOI 10.1001/jamanetworkopen.2023.24183 citation issue (broken-link) — https://doi.org/10.1001/jamanetworkopen.2023.24183,https://doi.org/10.1001/jamanetworkopen.2023.24183,00_START_HERE/notebooklm_upload_2026-07-01/14_OFFICE_EXTRACTS_EVIDENCE_AND_FACULTY.md,new
2026-07-06T08:36:18+00:00,P1,doi:10.1001/jamanetworkopen.2023.36767,broken-link,DOI 10.1001/jamanetworkopen.2023.36767 citation issue (broken-link) — https://doi.org/10.1001/jamanetworkopen.2023.36767,https://doi.org/10.1001/jamanetworkopen.2023.36767,00_START_HERE/notebooklm_upload_2026-07-01/07_EVIDENCE_LANDMARKS_ROUNDS.md; 00_START_HERE/notebooklm_upload_2026-07-01/14_OFFICE_EXTRACTS_EVIDENCE_AND_FACULTY.md; 00_START_HERE/notebooklm_upload_2026-07-01/14_OFFICE_EXTRACTS_EVIDENCE_AND_FACULTY.md; 07_Evidence_and_Reading/Inpatient_Evidence/evidence_inpatient.md,new
2026-07-06T08:36:19+00:00,P1,doi:10.1001/jamanetworkopen.2023.52034,broken-link,DOI 10.1001/jamanetworkopen.2023.52034 citation issue (broken-link) — https://doi.org/10.1001/jamanetworkopen.2023.52034,https://doi.org/10.1001/jamanetworkopen.2023.52034,00_START_HERE/notebooklm_upload_2026-07-01/14_OFFICE_EXTRACTS_EVIDENCE_AND_FACULTY.md,new
2026-07-06T08:36:20+00:00,P1,doi:10.1001/jamanetworkopen.2024.17006,broken-link,DOI 10.1001/jamanetworkopen.2024.17006 citation issue (broken-link) — https://doi.org/10.1001/jamanetworkopen.2024.17006,https://doi.org/10.1001/jamanetworkopen.2024.17006,00_START_HERE/notebooklm_upload_2026-07-01/14_OFFICE_EXTRACTS_EVIDENCE_AND_FACULTY.md,new
2026-07-06T08:36:21+00:00,P1,doi:10.1001/jamanetworkopen.2024.35895,broken-link,DOI 10.1001/jamanetworkopen.2024.35895 citation issue (broken-link) — https://doi.org/10.1001/jamanetworkopen.2024.35895,https://doi.org/10.1001/jamanetworkopen.2024.35895,00_START_HERE/notebooklm_upload_2026-07-01/14_OFFICE_EXTRACTS_EVIDENCE_AND_FACULTY.md,new
2026-07-06T08:36:21+00:00,P1,doi:10.1001/jamanetworkopen.2025.51683,broken-link,DOI 10.1001/jamanetworkopen.2025.51683 citation issue (broken-link) — https://doi.org/10.1001/jamanetworkopen.2025.51683,https://doi.org/10.1001/jamanetworkopen.2025.51683,00_START_HERE/notebooklm_upload_2026-07-01/14_OFFICE_EXTRACTS_EVIDENCE_AND_FACULTY.md,new
2026-07-06T08:36:23+00:00,P1,doi:10.1001/jamaneurol.2018.1264,broken-link,DOI 10.1001/jamaneurol.2018.1264 citation issue (broken-link) — https://doi.org/10.1001/jamaneurol.2018.1264,https://doi.org/10.1001/jamaneurol.2018.1264,00_START_HERE/notebooklm_upload_2026-07-01/14_OFFICE_EXTRACTS_EVIDENCE_AND_FACULTY.md,new
2026-07-06T08:36:23+00:00,P1,doi:10.1001/jamaneurol.2019.4443,broken-link,DOI 10.1001/jamaneurol.2019.4443 citation issue (broken-link) — https://doi.org/10.1001/jamaneurol.2019.4443,https://doi.org/10.1001/jamaneurol.2019.4443,00_START_HERE/notebooklm_upload_2026-07-01/14_OFFICE_EXTRACTS_EVIDENCE_AND_FACULTY.md,new
2026-07-06T08:36:24+00:00,P1,doi:10.1001/jamaneurol.2021.5487,broken-link,DOI 10.1001/jamaneurol.2021.5487 citation issue (broken-link) — https://doi.org/10.1001/jamaneurol.2021.5487,https://doi.org/10.1001/jamaneurol.2021.5487,00_START_HERE/notebooklm_upload_2026-07-01/14_OFFICE_EXTRACTS_EVIDENCE_AND_FACULTY.md,new
2026-07-06T08:36:25+00:00,P1,doi:10.1001/jamapediatrics.2013.2741,broken-link,DOI 10.1001/jamapediatrics.2013.2741 citation issue (broken-link) — https://doi.org/10.1001/jamapediatrics.2013.2741,https://doi.org/10.1001/jamapediatrics.2013.2741,00_START_HERE/notebooklm_upload_2026-07-01/14_OFFICE_EXTRACTS_EVIDENCE_AND_FACULTY.md,new
2026-07-06T08:36:27+00:00,P1,doi:10.1001/jamapediatrics.2015.2206,broken-link,DOI 10.1001/jamapediatrics.2015.2206 citation issue (broken-link) — https://doi.org/10.1001/jamapediatrics.2015.2206,https://doi.org/10.1001/jamapediatrics.2015.2206,00_START_HERE/notebooklm_upload_2026-07-01/14_OFFICE_EXTRACTS_EVIDENCE_AND_FACULTY.md,new
2026-07-06T08:36:27+00:00,P1,doi:10.1001/jamapediatrics.2020.3359,broken-link,DOI 10.1001/jamapediatrics.2020.3359 citation issue (broken-link) — https://doi.org/10.1001/jamapediatrics.2020.3359,https://doi.org/10.1001/jamapediatrics.2020.3359,00_START_HERE/notebooklm_upload_2026-07-01/14_OFFICE_EXTRACTS_EVIDENCE_AND_FACULTY.md,new
2026-07-06T08:36:28+00:00,P1,doi:10.1001/jamapediatrics.2024.1991,broken-link,DOI 10.1001/jamapediatrics.2024.1991 citation issue (broken-link) — https://doi.org/10.1001/jamapediatrics.2024.1991,https://doi.org/10.1001/jamapediatrics.2024.1991,00_START_HERE/notebooklm_upload_2026-07-01/14_OFFICE_EXTRACTS_EVIDENCE_AND_FACULTY.md,new
2026-07-06T08:36:29+00:00,P1,doi:10.1001/jamapediatrics.2025.1012,broken-link,DOI 10.1001/jamapediatrics.2025.1012 citation issue (broken-link) — https://doi.org/10.1001/jamapediatrics.2025.1012,https://doi.org/10.1001/jamapediatrics.2025.1012,00_START_HERE/notebooklm_upload_2026-07-01/14_OFFICE_EXTRACTS_EVIDENCE_AND_FACULTY.md,new
2026-07-06T08:36:30+00:00,P1,doi:10.1001/jamapsychiatry.2013.1932,broken-link,DOI 10.1001/jamapsychiatry.2013.1932 citation issue (broken-link) — https://doi.org/10.1001/jamapsychiatry.2013.1932,https://doi.org/10.1001/jamapsychiatry.2013.1932,00_START_HERE/notebooklm_upload_2026-07-01/10_TRACKS_AND_AUDIENCE_OVERLAYS.md; 00_START_HERE/notebooklm_upload_2026-07-01/14_OFFICE_EXTRACTS_EVIDENCE_AND_FACULTY.md; 14_Tracks/Resident/canon_200.md,new
2026-07-06T08:36:31+00:00,P1,doi:10.1001/jamapsychiatry.2013.279,broken-link,DOI 10.1001/jamapsychiatry.2013.279 citation issue (broken-link) — https://doi.org/10.1001/jamapsychiatry.2013.279,https://doi.org/10.1001/jamapsychiatry.2013.279,00_START_HERE/notebooklm_upload_2026-07-01/14_OFFICE_EXTRACTS_EVIDENCE_AND_FACULTY.md,new
2026-07-06T08:36:32+00:00,P1,doi:10.1001/jamapsychiatry.2013.4174,broken-link,DOI 10.1001/jamapsychiatry.2013.4174 citation issue (broken-link) — https://doi.org/10.1001/jamapsychiatry.2013.4174,https://doi.org/10.1001/jamapsychiatry.2013.4174,00_START_HERE/notebooklm_upload_2026-07-01/14_OFFICE_EXTRACTS_EVIDENCE_AND_FACULTY.md,new
2026-07-06T08:36:34+00:00,P1,doi:10.1001/jamapsychiatry.2013.751,broken-link,DOI 10.1001/jamapsychiatry.2013.751 citation issue (broken-link) — https://doi.org/10.1001/jamapsychiatry.2013.751,https://doi.org/10.1001/jamapsychiatry.2013.751,00_START_HERE/notebooklm_upload_2026-07-01/10_TRACKS_AND_AUDIENCE_OVERLAYS.md; 00_START_HERE/notebooklm_upload_2026-07-01/14_OFFICE_EXTRACTS_EVIDENCE_AND_FACULTY.md; 14_Tracks/Resident/canon_200.md,new
2026-07-06T08:36:35+00:00,P1,doi:10.1001/jamapsychiatry.2014.1025,broken-link,DOI 10.1001/jamapsychiatry.2014.1025 citation issue (broken-link) — https://doi.org/10.1001/jamapsychiatry.2014.1025,https://doi.org/10.1001/jamapsychiatry.2014.1025,00_START_HERE/notebooklm_upload_2026-07-01/10_TRACKS_AND_AUDIENCE_OVERLAYS.md; 00_START_HERE/notebooklm_upload_2026-07-01/14_OFFICE_EXTRACTS_EVIDENCE_AND_FACULTY.md; 14_Tracks/Resident/canon_200.md,new
2026-07-06T08:36:36+00:00,P1,doi:10.1001/jamapsychiatry.2014.112,broken-link,DOI 10.1001/jamapsychiatry.2014.112 citation issue (broken-link) — https://doi.org/10.1001/jamapsychiatry.2014.112,https://doi.org/10.1001/jamapsychiatry.2014.112,00_START_HERE/notebooklm_upload_2026-07-01/10_TRACKS_AND_AUDIENCE_OVERLAYS.md; 00_START_HERE/notebooklm_upload_2026-07-01/14_OFFICE_EXTRACTS_EVIDENCE_AND_FACULTY.md; 14_Tracks/Resident/canon_200.md,new
2026-07-06T08:36:37+00:00,P1,doi:10.1001/jamapsychiatry.2014.3039,broken-link,DOI 10.1001/jamapsychiatry.2014.3039 citation issue (broken-link) — https://doi.org/10.1001/jamapsychiatry.2014.3039,https://doi.org/10.1001/jamapsychiatry.2014.3039,00_START_HERE/notebooklm_upload_2026-07-01/08_CASES_OSCE_SHELF_EXAM.md; 00_START_HERE/notebooklm_upload_2026-07-01/14_OFFICE_EXTRACTS_EVIDENCE_AND_FACULTY.md; 00_START_HERE/notebooklm_upload_2026-07-01/14_OFFICE_EXTRACTS_EVIDENCE_AND_FACULTY.md; 00_START_HERE/notebooklm_upload_2026-07-01/14_OFFICE_EXTRACTS_EVIDENCE_AND_FACULTY.md; 00_START_HERE/notebooklm_upload_2026-07-01/14_OFFICE_EXTRACTS_EVIDENCE_AND_FACULTY.md; 00_START_HERE/notebooklm_upload_2026-07-01/14_OFFICE_EXTRACTS_EVIDENCE_AND_FACULTY.md; 00_START_HERE/notebooklm_upload_2026-07-01/14_OFFICE_EXTRACTS_EVIDENCE_AND_FACULTY.md; 08_Cases_and_Simulation/_source/DOI_RESOLUTION_REPORT.md,new
2026-07-06T08:36:38+00:00,P1,doi:10.1001/jamapsychiatry.2015.0270,broken-link,DOI 10.1001/jamapsychiatry.2015.0270 citation issue (broken-link) — https://doi.org/10.1001/jamapsychiatry.2015.0270,https://doi.org/10.1001/jamapsychiatry.2015.0270,00_START_HERE/notebooklm_upload_2026-07-01/14_OFFICE_EXTRACTS_EVIDENCE_AND_FACULTY.md,new
2026-07-06T08:36:39+00:00,P1,doi:10.1001/jamapsychiatry.2015.2235,broken-link,DOI 10.1001/jamapsychiatry.2015.2235 citation issue (broken-link) — https://doi.org/10.1001/jamapsychiatry.2015.2235,https://doi.org/10.1001/jamapsychiatry.2015.2235,00_START_HERE/notebooklm_upload_2026-07-01/08_CASES_OSCE_SHELF_EXAM.md; 08_Cases_and_Simulation/_source/DOI_RESOLUTION_REPORT.md,new
2026-07-06T08:36:40+00:00,P1,doi:10.1001/jamapsychiatry.2015.2324,broken-link,DOI 10.1001/jamapsychiatry.2015.2324 citation issue (broken-link) — https://doi.org/10.1001/jamapsychiatry.2015.2324,https://doi.org/10.1001/jamapsychiatry.2015.2324,00_START_HERE/notebooklm_upload_2026-07-01/08_CASES_OSCE_SHELF_EXAM.md; 08_Cases_and_Simulation/_source/DOI_RESOLUTION_REPORT.md,new
2026-07-06T08:36:41+00:00,P1,doi:10.1001/jamapsychiatry.2015.2923,broken-link,DOI 10.1001/jamapsychiatry.2015.2923 citation issue (broken-link) — https://doi.org/10.1001/jamapsychiatry.2015.2923,https://doi.org/10.1001/jamapsychiatry.2015.2923,00_START_HERE/notebooklm_upload_2026-07-01/14_OFFICE_EXTRACTS_EVIDENCE_AND_FACULTY.md,new
2026-07-06T08:36:42+00:00,P1,doi:10.1001/jamapsychiatry.2015.2955,broken-link,DOI 10.1001/jamapsychiatry.2015.2955 citation issue (broken-link) — https://doi.org/10.1001/jamapsychiatry.2015.2955,https://doi.org/10.1001/jamapsychiatry.2015.2955,00_START_HERE/notebooklm_upload_2026-07-01/10_TRACKS_AND_AUDIENCE_OVERLAYS.md; 00_START_HERE/notebooklm_upload_2026-07-01/14_OFFICE_EXTRACTS_EVIDENCE_AND_FACULTY.md; 14_Tracks/Resident/canon_200.md,new
2026-07-06T08:36:44+00:00,P1,doi:10.1001/jamapsychiatry.2016.0076,broken-link,DOI 10.1001/jamapsychiatry.2016.0076 citation issue (broken-link) — https://doi.org/10.1001/jamapsychiatry.2016.0076,https://doi.org/10.1001/jamapsychiatry.2016.0076,00_START_HERE/notebooklm_upload_2026-07-01/10_TRACKS_AND_AUDIENCE_OVERLAYS.md; 00_START_HERE/notebooklm_upload_2026-07-01/14_OFFICE_EXTRACTS_EVIDENCE_AND_FACULTY.md; 14_Tracks/Resident/canon_200.md,new
2026-07-06T08:36:45+00:00,P1,doi:10.1001/jamapsychiatry.2016.0501,broken-link,DOI 10.1001/jamapsychiatry.2016.0501 citation issue (broken-link) — https://doi.org/10.1001/jamapsychiatry.2016.0501,https://doi.org/10.1001/jamapsychiatry.2016.0501,00_START_HERE/notebooklm_upload_2026-07-01/07_EVIDENCE_LANDMARKS_ROUNDS.md; 00_START_HERE/notebooklm_upload_2026-07-01/14_OFFICE_EXTRACTS_EVIDENCE_AND_FACULTY.md; 07_Evidence_and_Reading/Inpatient_Evidence/evidence_inpatient.md,new
2026-07-06T08:36:46+00:00,P1,doi:10.1001/jamapsychiatry.2016.0934,broken-link,DOI 10.1001/jamapsychiatry.2016.0934 citation issue (broken-link) — https://doi.org/10.1001/jamapsychiatry.2016.0934,https://doi.org/10.1001/jamapsychiatry.2016.0934,00_START_HERE/notebooklm_upload_2026-07-01/14_OFFICE_EXTRACTS_EVIDENCE_AND_FACULTY.md,new
2026-07-06T08:36:47+00:00,P1,doi:10.1001/jamapsychiatry.2016.3325,broken-link,DOI 10.1001/jamapsychiatry.2016.3325 citation issue (broken-link) — https://doi.org/10.1001/jamapsychiatry.2016.3325,https://doi.org/10.1001/jamapsychiatry.2016.3325,00_START_HERE/notebooklm_upload_2026-07-01/10_TRACKS_AND_AUDIENCE_OVERLAYS.md; 00_START_HERE/notebooklm_upload_2026-07-01/14_OFFICE_EXTRACTS_EVIDENCE_AND_FACULTY.md; 14_Tracks/Resident/canon_200.md,new
2026-07-06T08:36:48+00:00,P1,doi:10.1001/jamapsychiatry.2016.4287,broken-link,DOI 10.1001/jamapsychiatry.2016.4287 citation issue (broken-link) — https://doi.org/10.1001/jamapsychiatry.2016.4287,https://doi.org/10.1001/jamapsychiatry.2016.4287,00_START_HERE/notebooklm_upload_2026-07-01/10_TRACKS_AND_AUDIENCE_OVERLAYS.md; 00_START_HERE/notebooklm_upload_2026-07-01/14_OFFICE_EXTRACTS_EVIDENCE_AND_FACULTY.md; 14_Tracks/Resident/canon_200.md,new
2026-07-06T08:36:49+00:00,P1,doi:10.1001/jamapsychiatry.2017.0678,broken-link,DOI 10.1001/jamapsychiatry.2017.0678 citation issue (broken-link) — https://doi.org/10.1001/jamapsychiatry.2017.0678,https://doi.org/10.1001/jamapsychiatry.2017.0678,00_START_HERE/notebooklm_upload_2026-07-01/10_TRACKS_AND_AUDIENCE_OVERLAYS.md; 00_START_HERE/notebooklm_upload_2026-07-01/14_OFFICE_EXTRACTS_EVIDENCE_AND_FACULTY.md; 14_Tracks/Resident/canon_200.md,new
2026-07-06T08:36:50+00:00,P1,doi:10.1001/jamapsychiatry.2017.0899,broken-link,DOI 10.1001/jamapsychiatry.2017.0899 citation issue (broken-link) — https://doi.org/10.1001/jamapsychiatry.2017.0899,https://doi.org/10.1001/jamapsychiatry.2017.0899,00_START_HERE/notebooklm_upload_2026-07-01/14_OFFICE_EXTRACTS_EVIDENCE_AND_FACULTY.md,new
2026-07-06T08:36:51+00:00,P1,doi:10.1001/jamapsychiatry.2017.1044,broken-link,DOI 10.1001/jamapsychiatry.2017.1044 citation issue (broken-link) — https://doi.org/10.1001/jamapsychiatry.2017.1044,https://doi.org/10.1001/jamapsychiatry.2017.1044,00_START_HERE/notebooklm_upload_2026-07-01/07_EVIDENCE_LANDMARKS_ROUNDS.md; 00_START_HERE/notebooklm_upload_2026-07-01/14_OFFICE_EXTRACTS_EVIDENCE_AND_FACULTY.md; 00_START_HERE/notebooklm_upload_2026-07-01/14_OFFICE_EXTRACTS_EVIDENCE_AND_FACULTY.md; 07_Evidence_and_Reading/Inpatient_Evidence/evidence_inpatient.md,new
2026-07-06T08:36:53+00:00,P1,doi:10.1001/jamapsychiatry.2017.1322,broken-link,DOI 10.1001/jamapsychiatry.2017.1322 citation issue (broken-link) — https://doi.org/10.1001/jamapsychiatry.2017.1322,https://doi.org/10.1001/jamapsychiatry.2017.1322,00_START_HERE/notebooklm_upload_2026-07-01/08_CASES_OSCE_SHELF_EXAM.md; 00_START_HERE/notebooklm_upload_2026-07-01/10_TRACKS_AND_AUDIENCE_OVERLAYS.md; 00_START_HERE/notebooklm_upload_2026-07-01/14_OFFICE_EXTRACTS_EVIDENCE_AND_FACULTY.md; 00_START_HERE/notebooklm_upload_2026-07-01/14_OFFICE_EXTRACTS_EVIDENCE_AND_FACULTY.md; 08_Cases_and_Simulation/_source/DOI_RESOLUTION_REPORT.md; 14_Tracks/Resident/canon_200.md,new
2026-07-06T08:36:53+00:00,P1,doi:10.1001/jamapsychiatry.2017.4711,broken-link,DOI 10.1001/jamapsychiatry.2017.4711 citation issue (broken-link) — https://doi.org/10.1001/jamapsychiatry.2017.4711,https://doi.org/10.1001/jamapsychiatry.2017.4711,00_START_HERE/notebooklm_upload_2026-07-01/10_TRACKS_AND_AUDIENCE_OVERLAYS.md; 00_START_HERE/notebooklm_upload_2026-07-01/14_OFFICE_EXTRACTS_EVIDENCE_AND_FACULTY.md; 14_Tracks/Resident/canon_200.md,new
2026-07-06T08:36:55+00:00,P1,doi:10.1001/jamapsychiatry.2018.0623,broken-link,DOI 10.1001/jamapsychiatry.2018.0623 citation issue (broken-link) — https://doi.org/10.1001/jamapsychiatry.2018.0623,https://doi.org/10.1001/jamapsychiatry.2018.0623,00_START_HERE/notebooklm_upload_2026-07-01/08_CASES_OSCE_SHELF_EXAM.md; 00_START_HERE/notebooklm_upload_2026-07-01/10_TRACKS_AND_AUDIENCE_OVERLAYS.md; 00_START_HERE/notebooklm_upload_2026-07-01/14_OFFICE_EXTRACTS_EVIDENCE_AND_FACULTY.md; 08_Cases_and_Simulation/_source/DOI_RESOLUTION_REPORT.md; 14_Tracks/Resident/canon_200.md,new
2026-07-06T08:36:56+00:00,P1,doi:10.1001/jamapsychiatry.2018.0930,broken-link,DOI 10.1001/jamapsychiatry.2018.0930 citation issue (broken-link) — https://doi.org/10.1001/jamapsychiatry.2018.0930,https://doi.org/10.1001/jamapsychiatry.2018.0930,00_START_HERE/notebooklm_upload_2026-07-01/14_OFFICE_EXTRACTS_EVIDENCE_AND_FACULTY.md,new
2026-07-06T08:36:57+00:00,P1,doi:10.1001/jamapsychiatry.2018.1088,broken-link,DOI 10.1001/jamapsychiatry.2018.1088 citation issue (broken-link) — https://doi.org/10.1001/jamapsychiatry.2018.1088,https://doi.org/10.1001/jamapsychiatry.2018.1088,00_START_HERE/notebooklm_upload_2026-07-01/14_OFFICE_EXTRACTS_EVIDENCE_AND_FACULTY.md,new
2026-07-06T08:36:58+00:00,P1,doi:10.1001/jamapsychiatry.2018.1109,broken-link,DOI 10.1001/jamapsychiatry.2018.1109 citation issue (broken-link) — https://doi.org/10.1001/jamapsychiatry.2018.1109,https://doi.org/10.1001/jamapsychiatry.2018.1109,00_START_HERE/notebooklm_upload_2026-07-01/10_TRACKS_AND_AUDIENCE_OVERLAYS.md; 00_START_HERE/notebooklm_upload_2026-07-01/14_OFFICE_EXTRACTS_EVIDENCE_AND_FACULTY.md; 00_START_HERE/notebooklm_upload_2026-07-01/14_OFFICE_EXTRACTS_EVIDENCE_AND_FACULTY.md; 14_Tracks/Resident/canon_200.md,new
2026-07-06T08:36:59+00:00,P1,doi:10.1001/jamapsychiatry.2018.1776,broken-link,DOI 10.1001/jamapsychiatry.2018.1776 citation issue (broken-link) — https://doi.org/10.1001/jamapsychiatry.2018.1776,https://doi.org/10.1001/jamapsychiatry.2018.1776,00_START_HERE/notebooklm_upload_2026-07-01/07_EVIDENCE_LANDMARKS_ROUNDS.md; 00_START_HERE/notebooklm_upload_2026-07-01/07_EVIDENCE_LANDMARKS_ROUNDS.md; 00_START_HERE/notebooklm_upload_2026-07-01/07_EVIDENCE_LANDMARKS_ROUNDS.md; 00_START_HERE/notebooklm_upload_2026-07-01/10_TRACKS_AND_AUDIENCE_OVERLAYS.md; 00_START_HERE/notebooklm_upload_2026-07-01/14_OFFICE_EXTRACTS_EVIDENCE_AND_FACULTY.md; 00_START_HERE/notebooklm_upload_2026-07-01/14_OFFICE_EXTRACTS_EVIDENCE_AND_FACULTY.md; 00_START_HERE/notebooklm_upload_2026-07-01/14_OFFICE_EXTRACTS_EVIDENCE_AND_FACULTY.md; 07_Evidence_and_Reading/Inpatient_Evidence/evidence_inpatient.md; 07_Evidence_and_Reading/Landmark_Trials/LM_crosswalk.md; 07_Evidence_and_Reading/Landmark_Trials/landmark_trials_page.md; 14_Tracks/Resident/canon_200.md,new
2026-07-06T08:37:00+00:00,P1,doi:10.1001/jamapsychiatry.2018.3329,broken-link,DOI 10.1001/jamapsychiatry.2018.3329 citation issue (broken-link) — https://doi.org/10.1001/jamapsychiatry.2018.3329,https://doi.org/10.1001/jamapsychiatry.2018.3329,00_START_HERE/notebooklm_upload_2026-07-01/07_EVIDENCE_LANDMARKS_ROUNDS.md; 00_START_HERE/notebooklm_upload_2026-07-01/14_OFFICE_EXTRACTS_EVIDENCE_AND_FACULTY.md; 07_Evidence_and_Reading/Inpatient_Evidence/evidence_inpatient.md,new
2026-07-06T08:37:01+00:00,P1,doi:10.1001/jamapsychiatry.2018.4365,broken-link,DOI 10.1001/jamapsychiatry.2018.4365 citation issue (broken-link) — https://doi.org/10.1001/jamapsychiatry.2018.4365,https://doi.org/10.1001/jamapsychiatry.2018.4365,00_START_HERE/notebooklm_upload_2026-07-01/14_OFFICE_EXTRACTS_EVIDENCE_AND_FACULTY.md,new
2026-07-06T08:37:03+00:00,P1,doi:10.1001/jamapsychiatry.2018.4530,broken-link,DOI 10.1001/jamapsychiatry.2018.4530 citation issue (broken-link) — https://doi.org/10.1001/jamapsychiatry.2018.4530,https://doi.org/10.1001/jamapsychiatry.2018.4530,00_START_HERE/notebooklm_upload_2026-07-01/10_TRACKS_AND_AUDIENCE_OVERLAYS.md; 00_START_HERE/notebooklm_upload_2026-07-01/14_OFFICE_EXTRACTS_EVIDENCE_AND_FACULTY.md; 14_Tracks/Resident/canon_200.md,new
2026-07-06T08:37:04+00:00,P1,doi:10.1001/jamapsychiatry.2019.0174,broken-link,DOI 10.1001/jamapsychiatry.2019.0174 citation issue (broken-link) — https://doi.org/10.1001/jamapsychiatry.2019.0174,https://doi.org/10.1001/jamapsychiatry.2019.0174,00_START_HERE/notebooklm_upload_2026-07-01/10_TRACKS_AND_AUDIENCE_OVERLAYS.md; 00_START_HERE/notebooklm_upload_2026-07-01/14_OFFICE_EXTRACTS_EVIDENCE_AND_FACULTY.md; 14_Tracks/Resident/canon_200.md,new
2026-07-06T08:37:05+00:00,P1,doi:10.1001/jamapsychiatry.2019.1189,broken-link,DOI 10.1001/jamapsychiatry.2019.1189 citation issue (broken-link) — https://doi.org/10.1001/jamapsychiatry.2019.1189,https://doi.org/10.1001/jamapsychiatry.2019.1189,00_START_HERE/notebooklm_upload_2026-07-01/14_OFFICE_EXTRACTS_EVIDENCE_AND_FACULTY.md,new
2026-07-06T08:37:05+00:00,P1,doi:10.1001/jamapsychiatry.2019.3360,broken-link,DOI 10.1001/jamapsychiatry.2019.3360 citation issue (broken-link) — https://doi.org/10.1001/jamapsychiatry.2019.3360,https://doi.org/10.1001/jamapsychiatry.2019.3360,00_START_HERE/notebooklm_upload_2026-07-01/10_TRACKS_AND_AUDIENCE_OVERLAYS.md; 00_START_HERE/notebooklm_upload_2026-07-01/14_OFFICE_EXTRACTS_EVIDENCE_AND_FACULTY.md; 00_START_HERE/notebooklm_upload_2026-07-01/14_OFFICE_EXTRACTS_EVIDENCE_AND_FACULTY.md; 14_Tracks/Resident/canon_200.md,new
2026-07-06T08:37:06+00:00,P1,doi:10.1001/jamapsychiatry.2019.3474,broken-link,DOI 10.1001/jamapsychiatry.2019.3474 citation issue (broken-link) — https://doi.org/10.1001/jamapsychiatry.2019.3474,https://doi.org/10.1001/jamapsychiatry.2019.3474,00_START_HERE/notebooklm_upload_2026-07-01/10_TRACKS_AND_AUDIENCE_OVERLAYS.md; 00_START_HERE/notebooklm_upload_2026-07-01/14_OFFICE_EXTRACTS_EVIDENCE_AND_FACULTY.md; 14_Tracks/Resident/canon_200.md,new
2026-07-06T08:37:07+00:00,P1,doi:10.1001/jamapsychiatry.2020.1586,broken-link,DOI 10.1001/jamapsychiatry.2020.1586 citation issue (broken-link) — https://doi.org/10.1001/jamapsychiatry.2020.1586,https://doi.org/10.1001/jamapsychiatry.2020.1586,00_START_HERE/notebooklm_upload_2026-07-01/07_EVIDENCE_LANDMARKS_ROUNDS.md; 00_START_HERE/notebooklm_upload_2026-07-01/10_TRACKS_AND_AUDIENCE_OVERLAYS.md; 00_START_HERE/notebooklm_upload_2026-07-01/14_OFFICE_EXTRACTS_EVIDENCE_AND_FACULTY.md; 00_START_HERE/notebooklm_upload_2026-07-01/14_OFFICE_EXTRACTS_EVIDENCE_AND_FACULTY.md; 00_START_HERE/notebooklm_upload_2026-07-01/14_OFFICE_EXTRACTS_EVIDENCE_AND_FACULTY.md; 00_START_HERE/notebooklm_upload_2026-07-01/14_OFFICE_EXTRACTS_EVIDENCE_AND_FACULTY.md; 00_START_HERE/notebooklm_upload_2026-07-01/14_OFFICE_EXTRACTS_EVIDENCE_AND_FACULTY.md; 00_START_HERE/notebooklm_upload_2026-07-01/14_OFFICE_EXTRACTS_EVIDENCE_AND_FACULTY.md; 00_START_HERE/notebooklm_upload_2026-07-01/14_OFFICE_EXTRACTS_EVIDENCE_AND_FACULTY.md; 00_START_HERE/notebooklm_upload_2026-07-01/14_OFFICE_EXTRACTS_EVIDENCE_AND_FACULTY.md; 07_Evidence_and_Reading/Inpatient_Evidence/evidence_inpatient.md; 14_Tracks/Resident/canon_200.md,new
2026-07-06T08:37:08+00:00,P1,doi:10.1001/jamapsychiatry.2020.2076,broken-link,DOI 10.1001/jamapsychiatry.2020.2076 citation issue (broken-link) — https://doi.org/10.1001/jamapsychiatry.2020.2076,https://doi.org/10.1001/jamapsychiatry.2020.2076,00_START_HERE/notebooklm_upload_2026-07-01/10_TRACKS_AND_AUDIENCE_OVERLAYS.md; 00_START_HERE/notebooklm_upload_2026-07-01/14_OFFICE_EXTRACTS_EVIDENCE_AND_FACULTY.md; 14_Tracks/Resident/canon_200.md,new
2026-07-06T08:37:09+00:00,P1,doi:10.1001/jamapsychiatry.2020.2453,broken-link,DOI 10.1001/jamapsychiatry.2020.2453 citation issue (broken-link) — https://doi.org/10.1001/jamapsychiatry.2020.2453,https://doi.org/10.1001/jamapsychiatry.2020.2453,00_START_HERE/notebooklm_upload_2026-07-01/14_OFFICE_EXTRACTS_EVIDENCE_AND_FACULTY.md,new
2026-07-06T08:37:13+00:00,P1,doi:10.1001/jamapsychiatry.2020.2694,broken-link,DOI 10.1001/jamapsychiatry.2020.2694 citation issue (broken-link) — https://doi.org/10.1001/jamapsychiatry.2020.2694,https://doi.org/10.1001/jamapsychiatry.2020.2694,00_START_HERE/notebooklm_upload_2026-07-01/10_TRACKS_AND_AUDIENCE_OVERLAYS.md; 00_START_HERE/notebooklm_upload_2026-07-01/14_OFFICE_EXTRACTS_EVIDENCE_AND_FACULTY.md; 14_Tracks/Resident/canon_200.md,new
2026-07-06T08:37:13+00:00,P1,doi:10.1001/jamapsychiatry.2020.2993,broken-link,DOI 10.1001/jamapsychiatry.2020.2993 citation issue (broken-link) — https://doi.org/10.1001/jamapsychiatry.2020.2993,https://doi.org/10.1001/jamapsychiatry.2020.2993,00_START_HERE/notebooklm_upload_2026-07-01/10_TRACKS_AND_AUDIENCE_OVERLAYS.md; 00_START_HERE/notebooklm_upload_2026-07-01/14_OFFICE_EXTRACTS_EVIDENCE_AND_FACULTY.md; 00_START_HERE/notebooklm_upload_2026-07-01/14_OFFICE_EXTRACTS_EVIDENCE_AND_FACULTY.md; 14_Tracks/Resident/canon_200.md,new
2026-07-06T08:37:14+00:00,P1,doi:10.1001/jamapsychiatry.2020.3643,broken-link,DOI 10.1001/jamapsychiatry.2020.3643 citation issue (broken-link) — https://doi.org/10.1001/jamapsychiatry.2020.3643,https://doi.org/10.1001/jamapsychiatry.2020.3643,00_START_HERE/notebooklm_upload_2026-07-01/14_OFFICE_EXTRACTS_EVIDENCE_AND_FACULTY.md,new
2026-07-06T08:37:15+00:00,P1,doi:10.1001/jamapsychiatry.2021.3170,broken-link,DOI 10.1001/jamapsychiatry.2021.3170 citation issue (broken-link) — https://doi.org/10.1001/jamapsychiatry.2021.3170,https://doi.org/10.1001/jamapsychiatry.2021.3170,00_START_HERE/notebooklm_upload_2026-07-01/14_OFFICE_EXTRACTS_EVIDENCE_AND_FACULTY.md; 00_START_HERE/notebooklm_upload_2026-07-01/14_OFFICE_EXTRACTS_EVIDENCE_AND_FACULTY.md,new
2026-07-06T08:37:16+00:00,P1,doi:10.1001/jamapsychiatry.2021.3997,broken-link,DOI 10.1001/jamapsychiatry.2021.3997 citation issue (broken-link) — https://doi.org/10.1001/jamapsychiatry.2021.3997,https://doi.org/10.1001/jamapsychiatry.2021.3997,00_START_HERE/notebooklm_upload_2026-07-01/14_OFFICE_EXTRACTS_EVIDENCE_AND_FACULTY.md,new
2026-07-06T08:37:17+00:00,P1,doi:10.1001/jamapsychiatry.2023.2195,broken-link,DOI 10.1001/jamapsychiatry.2023.2195 citation issue (broken-link) — https://doi.org/10.1001/jamapsychiatry.2023.2195,https://doi.org/10.1001/jamapsychiatry.2023.2195,00_START_HERE/notebooklm_upload_2026-07-01/14_OFFICE_EXTRACTS_EVIDENCE_AND_FACULTY.md,new
2026-07-06T08:37:18+00:00,P1,doi:10.1001/jamapsychiatry.2023.5060,broken-link,DOI 10.1001/jamapsychiatry.2023.5060 citation issue (broken-link) — https://doi.org/10.1001/jamapsychiatry.2023.5060,https://doi.org/10.1001/jamapsychiatry.2023.5060,00_START_HERE/notebooklm_upload_2026-07-01/14_OFFICE_EXTRACTS_EVIDENCE_AND_FACULTY.md,new
2026-07-06T08:37:18+00:00,P1,doi:10.1001/jamapsychiatry.2023.5648,broken-link,DOI 10.1001/jamapsychiatry.2023.5648 citation issue (broken-link) — https://doi.org/10.1001/jamapsychiatry.2023.5648,https://doi.org/10.1001/jamapsychiatry.2023.5648,00_START_HERE/notebooklm_upload_2026-07-01/14_OFFICE_EXTRACTS_EVIDENCE_AND_FACULTY.md,new
2026-07-06T08:37:19+00:00,P1,doi:10.1001/jamapsychiatry.2024.0039,broken-link,DOI 10.1001/jamapsychiatry.2024.0039 citation issue (broken-link) — https://doi.org/10.1001/jamapsychiatry.2024.0039,https://doi.org/10.1001/jamapsychiatry.2024.0039,00_START_HERE/notebooklm_upload_2026-07-01/10_TRACKS_AND_AUDIENCE_OVERLAYS.md; 00_START_HERE/notebooklm_upload_2026-07-01/14_OFFICE_EXTRACTS_EVIDENCE_AND_FACULTY.md; 14_Tracks/Resident/canon_200.md,new
2026-07-06T08:37:20+00:00,P1,doi:10.1001/jamapsychiatry.2024.0785,broken-link,DOI 10.1001/jamapsychiatry.2024.0785 citation issue (broken-link) — https://doi.org/10.1001/jamapsychiatry.2024.0785,https://doi.org/10.1001/jamapsychiatry.2024.0785,00_START_HERE/notebooklm_upload_2026-07-01/14_OFFICE_EXTRACTS_EVIDENCE_AND_FACULTY.md,new
2026-07-06T08:37:21+00:00,P1,doi:10.1001/jamapsychiatry.2024.2349,broken-link,DOI 10.1001/jamapsychiatry.2024.2349 citation issue (broken-link) — https://doi.org/10.1001/jamapsychiatry.2024.2349,https://doi.org/10.1001/jamapsychiatry.2024.2349,00_START_HERE/notebooklm_upload_2026-07-01/07_EVIDENCE_LANDMARKS_ROUNDS.md; 00_START_HERE/notebooklm_upload_2026-07-01/14_OFFICE_EXTRACTS_EVIDENCE_AND_FACULTY.md; 00_START_HERE/notebooklm_upload_2026-07-01/14_OFFICE_EXTRACTS_EVIDENCE_AND_FACULTY.md; 07_Evidence_and_Reading/Inpatient_Evidence/evidence_inpatient.md,new
2026-07-06T08:37:22+00:00,P1,doi:10.1001/jamapsychiatry.2024.2553,broken-link,DOI 10.1001/jamapsychiatry.2024.2553 citation issue (broken-link) — https://doi.org/10.1001/jamapsychiatry.2024.2553,https://doi.org/10.1001/jamapsychiatry.2024.2553,00_START_HERE/notebooklm_upload_2026-07-01/10_TRACKS_AND_AUDIENCE_OVERLAYS.md; 00_START_HERE/notebooklm_upload_2026-07-01/14_OFFICE_EXTRACTS_EVIDENCE_AND_FACULTY.md; 14_Tracks/Resident/canon_200.md,new
2026-07-06T08:37:22+00:00,P1,doi:10.1001/jamapsychiatry.2024.3908,broken-link,DOI 10.1001/jamapsychiatry.2024.3908 citation issue (broken-link) — https://doi.org/10.1001/jamapsychiatry.2024.3908,https://doi.org/10.1001/jamapsychiatry.2024.3908,00_START_HERE/notebooklm_upload_2026-07-01/14_OFFICE_EXTRACTS_EVIDENCE_AND_FACULTY.md,new
2026-07-06T08:37:23+00:00,P1,doi:10.1001/jamapsychiatry.2025.0085,broken-link,DOI 10.1001/jamapsychiatry.2025.0085 citation issue (broken-link) — https://doi.org/10.1001/jamapsychiatry.2025.0085,https://doi.org/10.1001/jamapsychiatry.2025.0085,00_START_HERE/notebooklm_upload_2026-07-01/14_OFFICE_EXTRACTS_EVIDENCE_AND_FACULTY.md,new
2026-07-06T08:37:24+00:00,P1,doi:10.1001/jamapsychiatry.2025.0183,broken-link,DOI 10.1001/jamapsychiatry.2025.0183 citation issue (broken-link) — https://doi.org/10.1001/jamapsychiatry.2025.0183,https://doi.org/10.1001/jamapsychiatry.2025.0183,00_START_HERE/notebooklm_upload_2026-07-01/07_EVIDENCE_LANDMARKS_ROUNDS.md; 00_START_HERE/notebooklm_upload_2026-07-01/14_OFFICE_EXTRACTS_EVIDENCE_AND_FACULTY.md; 07_Evidence_and_Reading/Inpatient_Evidence/evidence_inpatient.md,new
2026-07-06T08:37:25+00:00,P1,doi:10.1001/jamapsychiatry.2025.0200,broken-link,DOI 10.1001/jamapsychiatry.2025.0200 citation issue (broken-link) — https://doi.org/10.1001/jamapsychiatry.2025.0200,https://doi.org/10.1001/jamapsychiatry.2025.0200,00_START_HERE/notebooklm_upload_2026-07-01/14_OFFICE_EXTRACTS_EVIDENCE_AND_FACULTY.md,new
2026-07-06T08:37:26+00:00,P1,doi:10.1001/jamapsychiatry.2025.0482,broken-link,DOI 10.1001/jamapsychiatry.2025.0482 citation issue (broken-link) — https://doi.org/10.1001/jamapsychiatry.2025.0482,https://doi.org/10.1001/jamapsychiatry.2025.0482,00_START_HERE/notebooklm_upload_2026-07-01/10_TRACKS_AND_AUDIENCE_OVERLAYS.md; 00_START_HERE/notebooklm_upload_2026-07-01/14_OFFICE_EXTRACTS_EVIDENCE_AND_FACULTY.md; 00_START_HERE/notebooklm_upload_2026-07-01/14_OFFICE_EXTRACTS_EVIDENCE_AND_FACULTY.md; 14_Tracks/Resident/canon_200.md,new
2026-07-06T08:37:26+00:00,P1,doi:10.1001/jamapsychiatry.2025.1362,broken-link,DOI 10.1001/jamapsychiatry.2025.1362 citation issue (broken-link) — https://doi.org/10.1001/jamapsychiatry.2025.1362,https://doi.org/10.1001/jamapsychiatry.2025.1362,00_START_HERE/notebooklm_upload_2026-07-01/14_OFFICE_EXTRACTS_EVIDENCE_AND_FACULTY.md,new
2026-07-06T08:37:27+00:00,P1,doi:10.1001/jamapsychiatry.2025.2525,broken-link,DOI 10.1001/jamapsychiatry.2025.2525 citation issue (broken-link) — https://doi.org/10.1001/jamapsychiatry.2025.2525,https://doi.org/10.1001/jamapsychiatry.2025.2525,00_START_HERE/notebooklm_upload_2026-07-01/10_TRACKS_AND_AUDIENCE_OVERLAYS.md; 00_START_HERE/notebooklm_upload_2026-07-01/14_OFFICE_EXTRACTS_EVIDENCE_AND_FACULTY.md; 14_Tracks/Resident/canon_200.md,new
2026-07-06T08:37:28+00:00,P1,doi:10.1001/jamapsychiatry.2025.2850,broken-link,DOI 10.1001/jamapsychiatry.2025.2850 citation issue (broken-link) — https://doi.org/10.1001/jamapsychiatry.2025.2850,https://doi.org/10.1001/jamapsychiatry.2025.2850,00_START_HERE/notebooklm_upload_2026-07-01/10_TRACKS_AND_AUDIENCE_OVERLAYS.md; 00_START_HERE/notebooklm_upload_2026-07-01/14_OFFICE_EXTRACTS_EVIDENCE_AND_FACULTY.md; 00_START_HERE/notebooklm_upload_2026-07-01/14_OFFICE_EXTRACTS_EVIDENCE_AND_FACULTY.md; 14_Tracks/Resident/canon_200.md,new
2026-07-06T08:37:29+00:00,P1,doi:10.1001/jamapsychiatry.2025.3019,broken-link,DOI 10.1001/jamapsychiatry.2025.3019 citation issue (broken-link) — https://doi.org/10.1001/jamapsychiatry.2025.3019,https://doi.org/10.1001/jamapsychiatry.2025.3019,00_START_HERE/notebooklm_upload_2026-07-01/14_OFFICE_EXTRACTS_EVIDENCE_AND_FACULTY.md,new
2026-07-06T08:37:30+00:00,P1,doi:10.1001/jamapsychiatry.2026.0443,broken-link,DOI 10.1001/jamapsychiatry.2026.0443 citation issue (broken-link) — https://doi.org/10.1001/jamapsychiatry.2026.0443,https://doi.org/10.1001/jamapsychiatry.2026.0443,00_START_HERE/notebooklm_upload_2026-07-01/14_OFFICE_EXTRACTS_EVIDENCE_AND_FACULTY.md,new
2026-07-06T08:37:30+00:00,P1,doi:10.1001/jamapsychiatry.2026.0612,broken-link,DOI 10.1001/jamapsychiatry.2026.0612 citation issue (broken-link) — https://doi.org/10.1001/jamapsychiatry.2026.0612,https://doi.org/10.1001/jamapsychiatry.2026.0612,00_START_HERE/notebooklm_upload_2026-07-01/14_OFFICE_EXTRACTS_EVIDENCE_AND_FACULTY.md,new
2026-07-06T08:37:31+00:00,P1,doi:10.1002/14651858,broken-link,DOI 10.1002/14651858 citation issue (broken-link) — https://doi.org/10.1002/14651858,https://doi.org/10.1002/14651858,00_START_HERE/notebooklm_upload_2026-07-01/13_OFFICE_EXTRACTS_CORE_TEACHING.md,new
2026-07-06T08:37:32+00:00,P1,doi:10.1002/14651858.CD000088.pub2,broken-link,DOI 10.1002/14651858.CD000088.pub2 citation issue (broken-link) — https://doi.org/10.1002/14651858.CD000088.pub2,https://doi.org/10.1002/14651858.CD000088.pub2,00_START_HERE/notebooklm_upload_2026-07-01/14_OFFICE_EXTRACTS_EVIDENCE_AND_FACULTY.md,new
2026-07-06T08:37:33+00:00,P1,doi:10.1002/14651858.CD000088.pub3,broken-link,DOI 10.1002/14651858.CD000088.pub3 citation issue (broken-link) — https://doi.org/10.1002/14651858.CD000088.pub3,https://doi.org/10.1002/14651858.CD000088.pub3,00_START_HERE/notebooklm_upload_2026-07-01/08_CASES_OSCE_SHELF_EXAM.md; 08_Cases_and_Simulation/_source/DOI_RESOLUTION_REPORT.md,new
2026-07-06T08:37:34+00:00,P1,doi:10.1002/14651858.CD000313.pub6,broken-link,DOI 10.1002/14651858.CD000313.pub6 citation issue (broken-link) — https://doi.org/10.1002/14651858.CD000313.pub6,https://doi.org/10.1002/14651858.CD000313.pub6,00_START_HERE/notebooklm_upload_2026-07-01/07_EVIDENCE_LANDMARKS_ROUNDS.md; 00_START_HERE/notebooklm_upload_2026-07-01/14_OFFICE_EXTRACTS_EVIDENCE_AND_FACULTY.md; 07_Evidence_and_Reading/Inpatient_Evidence/evidence_inpatient.md,new
2026-07-06T08:37:34+00:00,P1,doi:10.1002/14651858.CD001088.pub4,broken-link,DOI 10.1002/14651858.CD001088.pub4 citation issue (broken-link) — https://doi.org/10.1002/14651858.CD001088.pub4,https://doi.org/10.1002/14651858.CD001088.pub4,00_START_HERE/notebooklm_upload_2026-07-01/08_CASES_OSCE_SHELF_EXAM.md; 08_Cases_and_Simulation/_source/DOI_RESOLUTION_REPORT.md,new
2026-07-06T08:37:35+00:00,P1,doi:10.1002/14651858.CD002831.pub2,broken-link,DOI 10.1002/14651858.CD002831.pub2 citation issue (broken-link) — https://doi.org/10.1002/14651858.CD002831.pub2,https://doi.org/10.1002/14651858.CD002831.pub2,00_START_HERE/notebooklm_upload_2026-07-01/14_OFFICE_EXTRACTS_EVIDENCE_AND_FACULTY.md,new
2026-07-06T08:37:36+00:00,P1,doi:10.1002/14651858.CD004033.pub3,broken-link,DOI 10.1002/14651858.CD004033.pub3 citation issue (broken-link) — https://doi.org/10.1002/14651858.CD004033.pub3,https://doi.org/10.1002/14651858.CD004033.pub3,00_START_HERE/notebooklm_upload_2026-07-01/14_OFFICE_EXTRACTS_EVIDENCE_AND_FACULTY.md; 00_START_HERE/notebooklm_upload_2026-07-01/14_OFFICE_EXTRACTS_EVIDENCE_AND_FACULTY.md,new
2026-07-06T08:37:37+00:00,P1,doi:10.1002/14651858.CD004048.pub4,broken-link,DOI 10.1002/14651858.CD004048.pub4 citation issue (broken-link) — https://doi.org/10.1002/14651858.CD004048.pub4,https://doi.org/10.1002/14651858.CD004048.pub4,00_START_HERE/notebooklm_upload_2026-07-01/14_OFFICE_EXTRACTS_EVIDENCE_AND_FACULTY.md,new
2026-07-06T08:37:38+00:00,P1,doi:10.1002/14651858.CD004687.pub4,broken-link,DOI 10.1002/14651858.CD004687.pub4 citation issue (broken-link) — https://doi.org/10.1002/14651858.CD004687.pub4,https://doi.org/10.1002/14651858.CD004687.pub4,00_START_HERE/notebooklm_upload_2026-07-01/14_OFFICE_EXTRACTS_EVIDENCE_AND_FACULTY.md,new
2026-07-06T08:37:38+00:00,P1,doi:10.1002/14651858.CD004780.pub4,broken-link,DOI 10.1002/14651858.CD004780.pub4 citation issue (broken-link) — https://doi.org/10.1002/14651858.CD004780.pub4,https://doi.org/10.1002/14651858.CD004780.pub4,00_START_HERE/notebooklm_upload_2026-07-01/10_TRACKS_AND_AUDIENCE_OVERLAYS.md; 00_START_HERE/notebooklm_upload_2026-07-01/14_OFFICE_EXTRACTS_EVIDENCE_AND_FACULTY.md; 14_Tracks/Resident/canon_200.md,new
2026-07-06T08:37:39+00:00,P1,doi:10.1002/14651858.CD005167.pub2,broken-link,DOI 10.1002/14651858.CD005167.pub2 citation issue (broken-link) — https://doi.org/10.1002/14651858.CD005167.pub2,https://doi.org/10.1002/14651858.CD005167.pub2,00_START_HERE/notebooklm_upload_2026-07-01/14_OFFICE_EXTRACTS_EVIDENCE_AND_FACULTY.md,new
2026-07-06T08:37:40+00:00,P1,doi:10.1002/14651858.CD005170.pub2,broken-link,DOI 10.1002/14651858.CD005170.pub2 citation issue (broken-link) — https://doi.org/10.1002/14651858.CD005170.pub2,https://doi.org/10.1002/14651858.CD005170.pub2,00_START_HERE/notebooklm_upload_2026-07-01/14_OFFICE_EXTRACTS_EVIDENCE_AND_FACULTY.md,new
2026-07-06T08:37:41+00:00,P1,doi:10.1002/14651858.CD005318.pub2,broken-link,DOI 10.1002/14651858.CD005318.pub2 citation issue (broken-link) — https://doi.org/10.1002/14651858.CD005318.pub2,https://doi.org/10.1002/14651858.CD005318.pub2,00_START_HERE/notebooklm_upload_2026-07-01/14_OFFICE_EXTRACTS_EVIDENCE_AND_FACULTY.md,new
2026-07-06T08:37:42+00:00,P1,doi:10.1002/14651858.CD005653.pub2,broken-link,DOI 10.1002/14651858.CD005653.pub2 citation issue (broken-link) — https://doi.org/10.1002/14651858.CD005653.pub2,https://doi.org/10.1002/14651858.CD005653.pub2,00_START_HERE/notebooklm_upload_2026-07-01/14_OFFICE_EXTRACTS_EVIDENCE_AND_FACULTY.md; 00_START_HERE/notebooklm_upload_2026-07-01/14_OFFICE_EXTRACTS_EVIDENCE_AND_FACULTY.md; 00_START_HERE/notebooklm_upload_2026-07-01/14_OFFICE_EXTRACTS_EVIDENCE_AND_FACULTY.md; 00_START_HERE/notebooklm_upload_2026-07-01/14_OFFICE_EXTRACTS_EVIDENCE_AND_FACULTY.md,new
2026-07-06T08:37:42+00:00,P1,doi:10.1002/14651858.CD006333,broken-link,DOI 10.1002/14651858.CD006333 citation issue (broken-link) — https://doi.org/10.1002/14651858.CD006333,https://doi.org/10.1002/14651858.CD006333,00_START_HERE/notebooklm_upload_2026-07-01/14_OFFICE_EXTRACTS_EVIDENCE_AND_FACULTY.md,new
2026-07-06T08:37:43+00:00,P1,doi:10.1002/14651858.CD006525.pub2,broken-link,DOI 10.1002/14651858.CD006525.pub2 citation issue (broken-link) — https://doi.org/10.1002/14651858.CD006525.pub2,https://doi.org/10.1002/14651858.CD006525.pub2,00_START_HERE/notebooklm_upload_2026-07-01/07_EVIDENCE_LANDMARKS_ROUNDS.md; 00_START_HERE/notebooklm_upload_2026-07-01/14_OFFICE_EXTRACTS_EVIDENCE_AND_FACULTY.md; 07_Evidence_and_Reading/Inpatient_Evidence/evidence_inpatient.md,new
2026-07-06T08:37:44+00:00,P1,doi:10.1002/14651858.CD006570.pub3,broken-link,DOI 10.1002/14651858.CD006570.pub3 citation issue (broken-link) — https://doi.org/10.1002/14651858.CD006570.pub3,https://doi.org/10.1002/14651858.CD006570.pub3,00_START_HERE/notebooklm_upload_2026-07-01/07_EVIDENCE_LANDMARKS_ROUNDS.md; 00_START_HERE/notebooklm_upload_2026-07-01/14_OFFICE_EXTRACTS_EVIDENCE_AND_FACULTY.md; 07_Evidence_and_Reading/Inpatient_Evidence/evidence_inpatient.md,new
2026-07-06T08:37:45+00:00,P1,doi:10.1002/14651858.CD006727.pub3,broken-link,DOI 10.1002/14651858.CD006727.pub3 citation issue (broken-link) — https://doi.org/10.1002/14651858.CD006727.pub3,https://doi.org/10.1002/14651858.CD006727.pub3,00_START_HERE/notebooklm_upload_2026-07-01/10_TRACKS_AND_AUDIENCE_OVERLAYS.md; 00_START_HERE/notebooklm_upload_2026-07-01/14_OFFICE_EXTRACTS_EVIDENCE_AND_FACULTY.md; 14_Tracks/Resident/canon_200.md,new
2026-07-06T08:37:46+00:00,P1,doi:10.1002/14651858.CD008063.pub3,broken-link,DOI 10.1002/14651858.CD008063.pub3 citation issue (broken-link) — https://doi.org/10.1002/14651858.CD008063.pub3,https://doi.org/10.1002/14651858.CD008063.pub3,00_START_HERE/notebooklm_upload_2026-07-01/14_OFFICE_EXTRACTS_EVIDENCE_AND_FACULTY.md; 00_START_HERE/notebooklm_upload_2026-07-01/14_OFFICE_EXTRACTS_EVIDENCE_AND_FACULTY.md,new
2026-07-06T08:37:46+00:00,P1,doi:10.1002/14651858.CD008559.pub3,broken-link,DOI 10.1002/14651858.CD008559.pub3 citation issue (broken-link) — https://doi.org/10.1002/14651858.CD008559.pub3,https://doi.org/10.1002/14651858.CD008559.pub3,00_START_HERE/notebooklm_upload_2026-07-01/14_OFFICE_EXTRACTS_EVIDENCE_AND_FACULTY.md,new
2026-07-06T08:37:47+00:00,P1,doi:10.1002/14651858.CD009353.pub3,broken-link,DOI 10.1002/14651858.CD009353.pub3 citation issue (broken-link) — https://doi.org/10.1002/14651858.CD009353.pub3,https://doi.org/10.1002/14651858.CD009353.pub3,00_START_HERE/notebooklm_upload_2026-07-01/14_OFFICE_EXTRACTS_EVIDENCE_AND_FACULTY.md; 00_START_HERE/notebooklm_upload_2026-07-01/14_OFFICE_EXTRACTS_EVIDENCE_AND_FACULTY.md; 00_START_HERE/notebooklm_upload_2026-07-01/14_OFFICE_EXTRACTS_EVIDENCE_AND_FACULTY.md; 00_START_HERE/notebooklm_upload_2026-07-01/14_OFFICE_EXTRACTS_EVIDENCE_AND_FACULTY.md,new
2026-07-06T08:37:48+00:00,P1,doi:10.1002/14651858.CD009377.pub3,broken-link,DOI 10.1002/14651858.CD009377.pub3 citation issue (broken-link) — https://doi.org/10.1002/14651858.CD009377.pub3,https://doi.org/10.1002/14651858.CD009377.pub3,00_START_HERE/notebooklm_upload_2026-07-01/14_OFFICE_EXTRACTS_EVIDENCE_AND_FACULTY.md,new
2026-07-06T08:37:49+00:00,P1,doi:10.1002/14651858.CD009802.pub2,broken-link,DOI 10.1002/14651858.CD009802.pub2 citation issue (broken-link) — https://doi.org/10.1002/14651858.CD009802.pub2,https://doi.org/10.1002/14651858.CD009802.pub2,00_START_HERE/notebooklm_upload_2026-07-01/14_OFFICE_EXTRACTS_EVIDENCE_AND_FACULTY.md,new
2026-07-06T08:37:49+00:00,P1,doi:10.1002/14651858.CD009922.pub2,broken-link,DOI 10.1002/14651858.CD009922.pub2 citation issue (broken-link) — https://doi.org/10.1002/14651858.CD009922.pub2,https://doi.org/10.1002/14651858.CD009922.pub2,00_START_HERE/notebooklm_upload_2026-07-01/07_EVIDENCE_LANDMARKS_ROUNDS.md; 00_START_HERE/notebooklm_upload_2026-07-01/14_OFFICE_EXTRACTS_EVIDENCE_AND_FACULTY.md; 00_START_HERE/notebooklm_upload_2026-07-01/14_OFFICE_EXTRACTS_EVIDENCE_AND_FACULTY.md; 07_Evidence_and_Reading/Inpatient_Evidence/evidence_inpatient.md,new
2026-07-06T08:37:50+00:00,P1,doi:10.1002/14651858.CD009991.pub2,broken-link,DOI 10.1002/14651858.CD009991.pub2 citation issue (broken-link) — https://doi.org/10.1002/14651858.CD009991.pub2,https://doi.org/10.1002/14651858.CD009991.pub2,00_START_HERE/notebooklm_upload_2026-07-01/14_OFFICE_EXTRACTS_EVIDENCE_AND_FACULTY.md,new
2026-07-06T08:37:51+00:00,P1,doi:10.1002/14651858.CD011612.pub3,broken-link,DOI 10.1002/14651858.CD011612.pub3 citation issue (broken-link) — https://doi.org/10.1002/14651858.CD011612.pub3,https://doi.org/10.1002/14651858.CD011612.pub3,00_START_HERE/notebooklm_upload_2026-07-01/14_OFFICE_EXTRACTS_EVIDENCE_AND_FACULTY.md,new
2026-07-06T08:37:52+00:00,P1,doi:10.1002/14651858.CD011769.pub2,broken-link,DOI 10.1002/14651858.CD011769.pub2 citation issue (broken-link) — https://doi.org/10.1002/14651858.CD011769.pub2,https://doi.org/10.1002/14651858.CD011769.pub2,00_START_HERE/notebooklm_upload_2026-07-01/14_OFFICE_EXTRACTS_EVIDENCE_AND_FACULTY.md,new
2026-07-06T08:37:53+00:00,P1,doi:10.1002/14651858.CD012034.pub2,broken-link,DOI 10.1002/14651858.CD012034.pub2 citation issue (broken-link) — https://doi.org/10.1002/14651858.CD012034.pub2,https://doi.org/10.1002/14651858.CD012034.pub2,00_START_HERE/notebooklm_upload_2026-07-01/07_EVIDENCE_LANDMARKS_ROUNDS.md; 00_START_HERE/notebooklm_upload_2026-07-01/14_OFFICE_EXTRACTS_EVIDENCE_AND_FACULTY.md; 00_START_HERE/notebooklm_upload_2026-07-01/14_OFFICE_EXTRACTS_EVIDENCE_AND_FACULTY.md; 07_Evidence_and_Reading/Inpatient_Evidence/evidence_inpatient.md,new
2026-07-06T08:37:53+00:00,P1,doi:10.1002/14651858.CD012555.pub2,broken-link,DOI 10.1002/14651858.CD012555.pub2 citation issue (broken-link) — https://doi.org/10.1002/14651858.CD012555.pub2,https://doi.org/10.1002/14651858.CD012555.pub2,00_START_HERE/notebooklm_upload_2026-07-01/14_OFFICE_EXTRACTS_EVIDENCE_AND_FACULTY.md,new
2026-07-06T08:37:54+00:00,P1,doi:10.1002/14651858.CD012670.pub2,broken-link,DOI 10.1002/14651858.CD012670.pub2 citation issue (broken-link) — https://doi.org/10.1002/14651858.CD012670.pub2,https://doi.org/10.1002/14651858.CD012670.pub2,00_START_HERE/notebooklm_upload_2026-07-01/07_EVIDENCE_LANDMARKS_ROUNDS.md; 00_START_HERE/notebooklm_upload_2026-07-01/14_OFFICE_EXTRACTS_EVIDENCE_AND_FACULTY.md; 00_START_HERE/notebooklm_upload_2026-07-01/14_OFFICE_EXTRACTS_EVIDENCE_AND_FACULTY.md; 00_START_HERE/notebooklm_upload_2026-07-01/14_OFFICE_EXTRACTS_EVIDENCE_AND_FACULTY.md; 07_Evidence_and_Reading/Inpatient_Evidence/evidence_inpatient.md,new
2026-07-06T08:37:55+00:00,P1,doi:10.1002/14651858.CD012857.pub2,broken-link,DOI 10.1002/14651858.CD012857.pub2 citation issue (broken-link) — https://doi.org/10.1002/14651858.CD012857.pub2,https://doi.org/10.1002/14651858.CD012857.pub2,00_START_HERE/notebooklm_upload_2026-07-01/14_OFFICE_EXTRACTS_EVIDENCE_AND_FACULTY.md,new
2026-07-06T08:37:56+00:00,P1,doi:10.1002/14651858.CD012956.pub2,broken-link,DOI 10.1002/14651858.CD012956.pub2 citation issue (broken-link) — https://doi.org/10.1002/14651858.CD012956.pub2,https://doi.org/10.1002/14651858.CD012956.pub2,00_START_HERE/notebooklm_upload_2026-07-01/14_OFFICE_EXTRACTS_EVIDENCE_AND_FACULTY.md; 00_START_HERE/notebooklm_upload_2026-07-01/14_OFFICE_EXTRACTS_EVIDENCE_AND_FACULTY.md; 00_START_HERE/notebooklm_upload_2026-07-01/14_OFFICE_EXTRACTS_EVIDENCE_AND_FACULTY.md; 00_START_HERE/notebooklm_upload_2026-07-01/14_OFFICE_EXTRACTS_EVIDENCE_AND_FACULTY.md,new
2026-07-06T08:37:57+00:00,P1,doi:10.1002/14651858.CD013136.pub2,broken-link,DOI 10.1002/14651858.CD013136.pub2 citation issue (broken-link) — https://doi.org/10.1002/14651858.CD013136.pub2,https://doi.org/10.1002/14651858.CD013136.pub2,00_START_HERE/notebooklm_upload_2026-07-01/14_OFFICE_EXTRACTS_EVIDENCE_AND_FACULTY.md,new
2026-07-06T08:37:57+00:00,P1,doi:10.1002/14651858.CD013305.pub2,broken-link,DOI 10.1002/14651858.CD013305.pub2 citation issue (broken-link) — https://doi.org/10.1002/14651858.CD013305.pub2,https://doi.org/10.1002/14651858.CD013305.pub2,00_START_HERE/notebooklm_upload_2026-07-01/14_OFFICE_EXTRACTS_EVIDENCE_AND_FACULTY.md,new
2026-07-06T08:37:58+00:00,P1,doi:10.1002/14651858.CD013307.pub3,broken-link,DOI 10.1002/14651858.CD013307.pub3 citation issue (broken-link) — https://doi.org/10.1002/14651858.CD013307.pub3,https://doi.org/10.1002/14651858.CD013307.pub3,00_START_HERE/notebooklm_upload_2026-07-01/14_OFFICE_EXTRACTS_EVIDENCE_AND_FACULTY.md,new
2026-07-06T08:37:59+00:00,P1,doi:10.1002/14651858.CD013541.pub2,broken-link,DOI 10.1002/14651858.CD013541.pub2 citation issue (broken-link) — https://doi.org/10.1002/14651858.CD013541.pub2,https://doi.org/10.1002/14651858.CD013541.pub2,00_START_HERE/notebooklm_upload_2026-07-01/14_OFFICE_EXTRACTS_EVIDENCE_AND_FACULTY.md; 00_START_HERE/notebooklm_upload_2026-07-01/14_OFFICE_EXTRACTS_EVIDENCE_AND_FACULTY.md,new
2026-07-06T08:38:00+00:00,P1,doi:10.1002/14651858.CD013543,broken-link,DOI 10.1002/14651858.CD013543 citation issue (broken-link) — https://doi.org/10.1002/14651858.CD013543,https://doi.org/10.1002/14651858.CD013543,00_START_HERE/notebooklm_upload_2026-07-01/10_TRACKS_AND_AUDIENCE_OVERLAYS.md; 00_START_HERE/notebooklm_upload_2026-07-01/14_OFFICE_EXTRACTS_EVIDENCE_AND_FACULTY.md; 14_Tracks/Resident/canon_200.md,new
2026-07-06T08:38:01+00:00,P1,doi:10.1002/14651858.CD013560.pub2,broken-link,DOI 10.1002/14651858.CD013560.pub2 citation issue (broken-link) — https://doi.org/10.1002/14651858.CD013560.pub2,https://doi.org/10.1002/14651858.CD013560.pub2,00_START_HERE/notebooklm_upload_2026-07-01/14_OFFICE_EXTRACTS_EVIDENCE_AND_FACULTY.md,new
2026-07-06T08:38:01+00:00,P1,doi:10.1002/14651858.CD014532.pub2,broken-link,DOI 10.1002/14651858.CD014532.pub2 citation issue (broken-link) — https://doi.org/10.1002/14651858.CD014532.pub2,https://doi.org/10.1002/14651858.CD014532.pub2,00_START_HERE/notebooklm_upload_2026-07-01/14_OFFICE_EXTRACTS_EVIDENCE_AND_FACULTY.md,new
2026-07-06T08:38:02+00:00,P1,doi:10.1002/14651858.CD015976,broken-link,DOI 10.1002/14651858.CD015976 citation issue (broken-link) — https://doi.org/10.1002/14651858.CD015976,https://doi.org/10.1002/14651858.CD015976,00_START_HERE/notebooklm_upload_2026-07-01/14_OFFICE_EXTRACTS_EVIDENCE_AND_FACULTY.md,new
2026-07-06T08:38:03+00:00,P1,doi:10.1002/14651858.CD016110,broken-link,DOI 10.1002/14651858.CD016110 citation issue (broken-link) — https://doi.org/10.1002/14651858.CD016110,https://doi.org/10.1002/14651858.CD016110,00_START_HERE/notebooklm_upload_2026-07-01/14_OFFICE_EXTRACTS_EVIDENCE_AND_FACULTY.md,new
2026-07-06T08:38:04+00:00,P1,doi:10.1002/14651858.cd000088.pub3,broken-link,DOI 10.1002/14651858.cd000088.pub3 citation issue (broken-link) — https://doi.org/10.1002/14651858.cd000088.pub3,https://doi.org/10.1002/14651858.cd000088.pub3,00_START_HERE/notebooklm_upload_2026-07-01/07_EVIDENCE_LANDMARKS_ROUNDS.md; 00_START_HERE/notebooklm_upload_2026-07-01/09_FACULTY_QA_ATTESTATION_AND_ROADMAP.md; 07_Evidence_and_Reading/Landmark_Trials/landmark_trials_page.md,new
2026-07-06T08:38:05+00:00,P1,doi:10.1002/aet2.11064,broken-link,DOI 10.1002/aet2.11064 citation issue (broken-link) — https://doi.org/10.1002/aet2.11064,https://doi.org/10.1002/aet2.11064,00_START_HERE/notebooklm_upload_2026-07-01/14_OFFICE_EXTRACTS_EVIDENCE_AND_FACULTY.md,new
2026-07-06T08:38:05+00:00,P1,doi:10.1002/brb3.70760,broken-link,DOI 10.1002/brb3.70760 citation issue (broken-link) — https://doi.org/10.1002/brb3.70760,https://doi.org/10.1002/brb3.70760,00_START_HERE/notebooklm_upload_2026-07-01/08_CASES_OSCE_SHELF_EXAM.md; 08_Cases_and_Simulation/_source/DOI_RESOLUTION_REPORT.md,new
2026-07-06T08:38:06+00:00,P1,doi:10.1002/da.22632,broken-link,DOI 10.1002/da.22632 citation issue (broken-link) — https://doi.org/10.1002/da.22632,https://doi.org/10.1002/da.22632,00_START_HERE/notebooklm_upload_2026-07-01/07_EVIDENCE_LANDMARKS_ROUNDS.md; 00_START_HERE/notebooklm_upload_2026-07-01/14_OFFICE_EXTRACTS_EVIDENCE_AND_FACULTY.md; 07_Evidence_and_Reading/Inpatient_Evidence/evidence_inpatient.md,new
2026-07-06T08:38:07+00:00,P1,doi:10.1002/da.23244,broken-link,DOI 10.1002/da.23244 citation issue (broken-link) — https://doi.org/10.1002/da.23244,https://doi.org/10.1002/da.23244,00_START_HERE/notebooklm_upload_2026-07-01/08_CASES_OSCE_SHELF_EXAM.md; 08_Cases_and_Simulation/_source/DOI_RESOLUTION_REPORT.md,new
2026-07-06T08:38:08+00:00,P1,doi:10.1002/gps.4952,broken-link,DOI 10.1002/gps.4952 citation issue (broken-link) — https://doi.org/10.1002/gps.4952,https://doi.org/10.1002/gps.4952,00_START_HERE/notebooklm_upload_2026-07-01/13_OFFICE_EXTRACTS_CORE_TEACHING.md,new
2026-07-06T08:38:09+00:00,P1,doi:10.1002/hup.1199,broken-link,DOI 10.1002/hup.1199 citation issue (broken-link) — https://doi.org/10.1002/hup.1199,https://doi.org/10.1002/hup.1199,00_START_HERE/notebooklm_upload_2026-07-01/13_OFFICE_EXTRACTS_CORE_TEACHING.md,new
2026-07-06T08:38:10+00:00,P1,doi:10.1002/jclp.20610,broken-link,DOI 10.1002/jclp.20610 citation issue (broken-link) — https://doi.org/10.1002/jclp.20610,https://doi.org/10.1002/jclp.20610,00_START_HERE/notebooklm_upload_2026-07-01/14_OFFICE_EXTRACTS_EVIDENCE_AND_FACULTY.md,new
2026-07-06T08:38:10+00:00,P1,doi:10.1002/jdd.13020,broken-link,DOI 10.1002/jdd.13020 citation issue (broken-link) — https://doi.org/10.1002/jdd.13020,https://doi.org/10.1002/jdd.13020,00_START_HERE/notebooklm_upload_2026-07-01/14_OFFICE_EXTRACTS_EVIDENCE_AND_FACULTY.md; 00_START_HERE/notebooklm_upload_2026-07-01/14_OFFICE_EXTRACTS_EVIDENCE_AND_FACULTY.md,new
2026-07-06T08:38:11+00:00,P1,doi:10.1002/jhm.70307,broken-link,DOI 10.1002/jhm.70307 citation issue (broken-link) — https://doi.org/10.1002/jhm.70307,https://doi.org/10.1002/jhm.70307,00_START_HERE/notebooklm_upload_2026-07-01/14_OFFICE_EXTRACTS_EVIDENCE_AND_FACULTY.md,new
2026-07-06T08:38:12+00:00,P1,doi:10.1002/job.322,broken-link,DOI 10.1002/job.322 citation issue (broken-link) — https://doi.org/10.1002/job.322,https://doi.org/10.1002/job.322,00_START_HERE/notebooklm_upload_2026-07-01/08_CASES_OSCE_SHELF_EXAM.md; 08_Cases_and_Simulation/_source/DOI_RESOLUTION_REPORT.md,new
2026-07-06T08:38:13+00:00,P1,doi:10.1002/ncp.10474,broken-link,DOI 10.1002/ncp.10474 citation issue (broken-link) — https://doi.org/10.1002/ncp.10474,https://doi.org/10.1002/ncp.10474,00_START_HERE/notebooklm_upload_2026-07-01/14_OFFICE_EXTRACTS_EVIDENCE_AND_FACULTY.md,new
2026-07-06T08:38:14+00:00,P1,doi:10.1002/nur.4770150104,broken-link,DOI 10.1002/nur.4770150104 citation issue (broken-link) — https://doi.org/10.1002/nur.4770150104,https://doi.org/10.1002/nur.4770150104,00_START_HERE/notebooklm_upload_2026-07-01/08_CASES_OSCE_SHELF_EXAM.md; 08_Cases_and_Simulation/_source/DOI_RESOLUTION_REPORT.md,new
2026-07-06T08:38:14+00:00,P1,doi:10.1002/pbc.31324,broken-link,DOI 10.1002/pbc.31324 citation issue (broken-link) — https://doi.org/10.1002/pbc.31324,https://doi.org/10.1002/pbc.31324,00_START_HERE/notebooklm_upload_2026-07-01/14_OFFICE_EXTRACTS_EVIDENCE_AND_FACULTY.md,new
2026-07-06T08:38:15+00:00,P1,doi:10.1002/phar.2400,broken-link,DOI 10.1002/phar.2400 citation issue (broken-link) — https://doi.org/10.1002/phar.2400,https://doi.org/10.1002/phar.2400,00_START_HERE/notebooklm_upload_2026-07-01/14_OFFICE_EXTRACTS_EVIDENCE_AND_FACULTY.md,new
2026-07-06T08:38:16+00:00,P1,doi:10.1002/phar.2628,broken-link,DOI 10.1002/phar.2628 citation issue (broken-link) — https://doi.org/10.1002/phar.2628,https://doi.org/10.1002/phar.2628,00_START_HERE/notebooklm_upload_2026-07-01/14_OFFICE_EXTRACTS_EVIDENCE_AND_FACULTY.md,new
2026-07-06T08:38:17+00:00,P1,doi:10.1002/pon.70137,broken-link,DOI 10.1002/pon.70137 citation issue (broken-link) — https://doi.org/10.1002/pon.70137,https://doi.org/10.1002/pon.70137,00_START_HERE/notebooklm_upload_2026-07-01/14_OFFICE_EXTRACTS_EVIDENCE_AND_FACULTY.md,new
2026-07-06T08:38:18+00:00,P1,doi:10.1002/wps.20089,broken-link,DOI 10.1002/wps.20089 citation issue (broken-link) — https://doi.org/10.1002/wps.20089,https://doi.org/10.1002/wps.20089,00_START_HERE/notebooklm_upload_2026-07-01/08_CASES_OSCE_SHELF_EXAM.md; 08_Cases_and_Simulation/_source/DOI_RESOLUTION_REPORT.md,new
2026-07-06T08:38:19+00:00,P1,doi:10.1002/wps.20199,broken-link,DOI 10.1002/wps.20199 citation issue (broken-link) — https://doi.org/10.1002/wps.20199,https://doi.org/10.1002/wps.20199,00_START_HERE/notebooklm_upload_2026-07-01/10_TRACKS_AND_AUDIENCE_OVERLAYS.md; 00_START_HERE/notebooklm_upload_2026-07-01/14_OFFICE_EXTRACTS_EVIDENCE_AND_FACULTY.md; 14_Tracks/Resident/canon_200.md,new
2026-07-06T08:38:19+00:00,P1,doi:10.1002/wps.20238,broken-link,DOI 10.1002/wps.20238 citation issue (broken-link) — https://doi.org/10.1002/wps.20238,https://doi.org/10.1002/wps.20238,00_START_HERE/notebooklm_upload_2026-07-01/10_TRACKS_AND_AUDIENCE_OVERLAYS.md; 00_START_HERE/notebooklm_upload_2026-07-01/14_OFFICE_EXTRACTS_EVIDENCE_AND_FACULTY.md; 14_Tracks/Resident/canon_200.md,new
2026-07-06T08:38:20+00:00,P1,doi:10.1002/wps.20584,broken-link,DOI 10.1002/wps.20584 citation issue (broken-link) — https://doi.org/10.1002/wps.20584,https://doi.org/10.1002/wps.20584,00_START_HERE/notebooklm_upload_2026-07-01/07_EVIDENCE_LANDMARKS_ROUNDS.md; 00_START_HERE/notebooklm_upload_2026-07-01/14_OFFICE_EXTRACTS_EVIDENCE_AND_FACULTY.md; 07_Evidence_and_Reading/Inpatient_Evidence/evidence_inpatient.md,new
2026-07-06T08:38:21+00:00,P1,doi:10.1002/wps.20699,broken-link,DOI 10.1002/wps.20699 citation issue (broken-link) — https://doi.org/10.1002/wps.20699,https://doi.org/10.1002/wps.20699,00_START_HERE/notebooklm_upload_2026-07-01/10_TRACKS_AND_AUDIENCE_OVERLAYS.md; 00_START_HERE/notebooklm_upload_2026-07-01/14_OFFICE_EXTRACTS_EVIDENCE_AND_FACULTY.md; 14_Tracks/Resident/canon_200.md,new
2026-07-06T08:38:22+00:00,P1,doi:10.1002/wps.20701,broken-link,DOI 10.1002/wps.20701 citation issue (broken-link) — https://doi.org/10.1002/wps.20701,https://doi.org/10.1002/wps.20701,00_START_HERE/notebooklm_upload_2026-07-01/08_CASES_OSCE_SHELF_EXAM.md; 08_Cases_and_Simulation/_source/DOI_RESOLUTION_REPORT.md,new
2026-07-06T08:38:23+00:00,P1,doi:10.1002/wps.20860,broken-link,DOI 10.1002/wps.20860 citation issue (broken-link) — https://doi.org/10.1002/wps.20860,https://doi.org/10.1002/wps.20860,00_START_HERE/notebooklm_upload_2026-07-01/08_CASES_OSCE_SHELF_EXAM.md; 08_Cases_and_Simulation/_source/DOI_RESOLUTION_REPORT.md,new
2026-07-06T08:38:23+00:00,P1,doi:10.1002/wps.20941,broken-link,DOI 10.1002/wps.20941 citation issue (broken-link) — https://doi.org/10.1002/wps.20941,https://doi.org/10.1002/wps.20941,00_START_HERE/notebooklm_upload_2026-07-01/08_CASES_OSCE_SHELF_EXAM.md; 08_Cases_and_Simulation/_source/DOI_RESOLUTION_REPORT.md,new
2026-07-06T08:38:24+00:00,P1,doi:10.1002/wps.21069,broken-link,DOI 10.1002/wps.21069 citation issue (broken-link) — https://doi.org/10.1002/wps.21069,https://doi.org/10.1002/wps.21069,00_START_HERE/notebooklm_upload_2026-07-01/07_EVIDENCE_LANDMARKS_ROUNDS.md; 00_START_HERE/notebooklm_upload_2026-07-01/10_TRACKS_AND_AUDIENCE_OVERLAYS.md; 00_START_HERE/notebooklm_upload_2026-07-01/14_OFFICE_EXTRACTS_EVIDENCE_AND_FACULTY.md; 07_Evidence_and_Reading/Landmark_Trials/LM_crosswalk.md; 14_Tracks/Resident/canon_200.md,new
2026-07-06T08:38:25+00:00,P1,doi:10.1002/wps.21160,broken-link,DOI 10.1002/wps.21160 citation issue (broken-link) — https://doi.org/10.1002/wps.21160,https://doi.org/10.1002/wps.21160,00_START_HERE/notebooklm_upload_2026-07-01/07_EVIDENCE_LANDMARKS_ROUNDS.md; 07_Evidence_and_Reading/Landmark_Trials/LM_crosswalk.md,new
2026-07-06T08:38:52+00:00,P1,doi:10.1007/s12144-022-03877-5,broken-link,DOI 10.1007/s12144-022-03877-5 citation issue (broken-link) — https://doi.org/10.1007/s12144-022-03877-5,https://doi.org/10.1007/s12144-022-03877-5,00_START_HERE/notebooklm_upload_2026-07-01/08_CASES_OSCE_SHELF_EXAM.md; 08_Cases_and_Simulation/_source/DOI_RESOLUTION_REPORT.md,new
2026-07-06T08:38:52+00:00,P1,doi:10.1007/s12144-023-05365-4,broken-link,DOI 10.1007/s12144-023-05365-4 citation issue (broken-link) — https://doi.org/10.1007/s12144-023-05365-4,https://doi.org/10.1007/s12144-023-05365-4,00_START_HERE/notebooklm_upload_2026-07-01/08_CASES_OSCE_SHELF_EXAM.md; 08_Cases_and_Simulation/_source/DOI_RESOLUTION_REPORT.md,new
2026-07-06T08:39:05+00:00,P1,doi:10.1016/S0005-7967(01,broken-link,DOI 10.1016/S0005-7967(01 citation issue (broken-link) — https://doi.org/10.1016/S0005-7967(01,https://doi.org/10.1016/S0005-7967(01,00_START_HERE/notebooklm_upload_2026-07-01/08_CASES_OSCE_SHELF_EXAM.md; 08_Cases_and_Simulation/_source/DOI_RESOLUTION_REPORT.md,new
2026-07-06T08:39:07+00:00,P1,doi:10.1016/S0006-3223(97,broken-link,DOI 10.1016/S0006-3223(97 citation issue (broken-link) — https://doi.org/10.1016/S0006-3223(97,https://doi.org/10.1016/S0006-3223(97,00_START_HERE/notebooklm_upload_2026-07-01/08_CASES_OSCE_SHELF_EXAM.md; 08_Cases_and_Simulation/_source/DOI_RESOLUTION_REPORT.md,new
2026-07-06T08:39:08+00:00,P1,doi:10.1016/S0006-3223(98,broken-link,DOI 10.1016/S0006-3223(98 citation issue (broken-link) — https://doi.org/10.1016/S0006-3223(98,https://doi.org/10.1016/S0006-3223(98,00_START_HERE/notebooklm_upload_2026-07-01/08_CASES_OSCE_SHELF_EXAM.md; 08_Cases_and_Simulation/_source/DOI_RESOLUTION_REPORT.md,new
2026-07-06T08:39:09+00:00,P1,doi:10.1016/S0031-9384(03,broken-link,DOI 10.1016/S0031-9384(03 citation issue (broken-link) — https://doi.org/10.1016/S0031-9384(03,https://doi.org/10.1016/S0031-9384(03,00_START_HERE/notebooklm_upload_2026-07-01/08_CASES_OSCE_SHELF_EXAM.md; 08_Cases_and_Simulation/_source/DOI_RESOLUTION_REPORT.md,new
2026-07-06T08:39:13+00:00,P1,doi:10.1016/S0140-6736(07,broken-link,DOI 10.1016/S0140-6736(07 citation issue (broken-link) — https://doi.org/10.1016/S0140-6736(07,https://doi.org/10.1016/S0140-6736(07,00_START_HERE/notebooklm_upload_2026-07-01/08_CASES_OSCE_SHELF_EXAM.md; 08_Cases_and_Simulation/_source/DOI_RESOLUTION_REPORT.md,new
2026-07-06T08:39:19+00:00,P1,doi:10.1016/S0140-6736(11,broken-link,DOI 10.1016/S0140-6736(11 citation issue (broken-link) — https://doi.org/10.1016/S0140-6736(11,https://doi.org/10.1016/S0140-6736(11,00_START_HERE/notebooklm_upload_2026-07-01/08_CASES_OSCE_SHELF_EXAM.md; 08_Cases_and_Simulation/_source/DOI_RESOLUTION_REPORT.md,new
2026-07-06T08:39:25+00:00,P1,doi:10.1016/S0140-6736(13,broken-link,DOI 10.1016/S0140-6736(13 citation issue (broken-link) — https://doi.org/10.1016/S0140-6736(13,https://doi.org/10.1016/S0140-6736(13,00_START_HERE/notebooklm_upload_2026-07-01/08_CASES_OSCE_SHELF_EXAM.md; 08_Cases_and_Simulation/_source/DOI_RESOLUTION_REPORT.md,new
2026-07-06T08:39:55+00:00,P1,doi:10.1016/S0165-1781(99,broken-link,DOI 10.1016/S0165-1781(99 citation issue (broken-link) — https://doi.org/10.1016/S0165-1781(99,https://doi.org/10.1016/S0165-1781(99,00_START_HERE/notebooklm_upload_2026-07-01/08_CASES_OSCE_SHELF_EXAM.md; 08_Cases_and_Simulation/_source/DOI_RESOLUTION_REPORT.md,new
2026-07-06T08:39:56+00:00,P1,doi:10.1016/S0740-5472(99,broken-link,DOI 10.1016/S0740-5472(99 citation issue (broken-link) — https://doi.org/10.1016/S0740-5472(99,https://doi.org/10.1016/S0740-5472(99,00_START_HERE/notebooklm_upload_2026-07-01/08_CASES_OSCE_SHELF_EXAM.md; 08_Cases_and_Simulation/_source/DOI_RESOLUTION_REPORT.md,new
2026-07-06T08:39:57+00:00,P1,doi:10.1016/S0749-3797(98,broken-link,DOI 10.1016/S0749-3797(98 citation issue (broken-link) — https://doi.org/10.1016/S0749-3797(98,https://doi.org/10.1016/S0749-3797(98,00_START_HERE/notebooklm_upload_2026-07-01/08_CASES_OSCE_SHELF_EXAM.md; 08_Cases_and_Simulation/_source/DOI_RESOLUTION_REPORT.md,new
2026-07-06T08:39:58+00:00,P1,doi:10.1016/S0920-9964(97,broken-link,DOI 10.1016/S0920-9964(97 citation issue (broken-link) — https://doi.org/10.1016/S0920-9964(97,https://doi.org/10.1016/S0920-9964(97,00_START_HERE/notebooklm_upload_2026-07-01/08_CASES_OSCE_SHELF_EXAM.md; 08_Cases_and_Simulation/_source/DOI_RESOLUTION_REPORT.md,new
2026-07-06T08:39:59+00:00,P1,doi:10.1016/S0920-9964(99,broken-link,DOI 10.1016/S0920-9964(99 citation issue (broken-link) — https://doi.org/10.1016/S0920-9964(99,https://doi.org/10.1016/S0920-9964(99,00_START_HERE/notebooklm_upload_2026-07-01/08_CASES_OSCE_SHELF_EXAM.md; 08_Cases_and_Simulation/_source/DOI_RESOLUTION_REPORT.md,new
2026-07-06T08:40:05+00:00,P1,doi:10.1016/S2215-0366(15,broken-link,DOI 10.1016/S2215-0366(15 citation issue (broken-link) — https://doi.org/10.1016/S2215-0366(15,https://doi.org/10.1016/S2215-0366(15,00_START_HERE/notebooklm_upload_2026-07-01/08_CASES_OSCE_SHELF_EXAM.md; 08_Cases_and_Simulation/_source/DOI_RESOLUTION_REPORT.md,new
2026-07-06T08:40:08+00:00,P1,doi:10.1016/S2215-0366(16,broken-link,DOI 10.1016/S2215-0366(16 citation issue (broken-link) — https://doi.org/10.1016/S2215-0366(16,https://doi.org/10.1016/S2215-0366(16,00_START_HERE/notebooklm_upload_2026-07-01/08_CASES_OSCE_SHELF_EXAM.md; 08_Cases_and_Simulation/_source/DOI_RESOLUTION_REPORT.md,new
2026-07-06T08:40:11+00:00,P1,doi:10.1016/S2215-0366(17,broken-link,DOI 10.1016/S2215-0366(17 citation issue (broken-link) — https://doi.org/10.1016/S2215-0366(17,https://doi.org/10.1016/S2215-0366(17,00_START_HERE/notebooklm_upload_2026-07-01/08_CASES_OSCE_SHELF_EXAM.md; 08_Cases_and_Simulation/_source/DOI_RESOLUTION_REPORT.md,new
2026-07-06T08:40:17+00:00,P1,doi:10.1016/S2215-0366(19,broken-link,DOI 10.1016/S2215-0366(19 citation issue (broken-link) — https://doi.org/10.1016/S2215-0366(19,https://doi.org/10.1016/S2215-0366(19,00_START_HERE/notebooklm_upload_2026-07-01/08_CASES_OSCE_SHELF_EXAM.md; 08_Cases_and_Simulation/_source/DOI_RESOLUTION_REPORT.md,new
2026-07-06T08:40:27+00:00,P1,doi:10.1016/S2215-0366(22,broken-link,DOI 10.1016/S2215-0366(22 citation issue (broken-link) — https://doi.org/10.1016/S2215-0366(22,https://doi.org/10.1016/S2215-0366(22,00_START_HERE/notebooklm_upload_2026-07-01/08_CASES_OSCE_SHELF_EXAM.md; 08_Cases_and_Simulation/_source/DOI_RESOLUTION_REPORT.md,new
2026-07-06T08:42:29+00:00,P1,doi:10.1016/j.jpsychires.2008.05.012,broken-link,DOI 10.1016/j.jpsychires.2008.05.012 citation issue (broken-link) — https://doi.org/10.1016/j.jpsychires.2008.05.012,https://doi.org/10.1016/j.jpsychires.2008.05.012,00_START_HERE/notebooklm_upload_2026-07-01/08_CASES_OSCE_SHELF_EXAM.md; 08_Cases_and_Simulation/_source/DOI_RESOLUTION_REPORT.md,new
2026-07-06T08:42:37+00:00,P1,doi:10.1016/j.jsat.2024.209522,broken-link,DOI 10.1016/j.jsat.2024.209522 citation issue (broken-link) — https://doi.org/10.1016/j.jsat.2024.209522,https://doi.org/10.1016/j.jsat.2024.209522,00_START_HERE/notebooklm_upload_2026-07-01/08_CASES_OSCE_SHELF_EXAM.md; 08_Cases_and_Simulation/_source/DOI_RESOLUTION_REPORT.md,new
2026-07-06T08:43:27+00:00,P1,doi:10.1017/S0033291720005262,broken-link,DOI 10.1017/S0033291720005262 citation issue (broken-link) — https://doi.org/10.1017/S0033291720005262,https://doi.org/10.1017/S0033291720005262,00_START_HERE/notebooklm_upload_2026-07-01/08_CASES_OSCE_SHELF_EXAM.md; 08_Cases_and_Simulation/_source/DOI_RESOLUTION_REPORT.md,new
2026-07-06T08:43:31+00:00,P1,doi:10.1017/S003329172400090X,broken-link,DOI 10.1017/S003329172400090X citation issue (broken-link) — https://doi.org/10.1017/S003329172400090X,https://doi.org/10.1017/S003329172400090X,00_START_HERE/notebooklm_upload_2026-07-01/08_CASES_OSCE_SHELF_EXAM.md; 08_Cases_and_Simulation/_source/DOI_RESOLUTION_REPORT.md,new
2026-07-06T08:43:44+00:00,P1,doi:10.1021/acschemneuro.8b00258,broken-link,DOI 10.1021/acschemneuro.8b00258 citation issue (broken-link) — https://doi.org/10.1021/acschemneuro.8b00258,https://doi.org/10.1021/acschemneuro.8b00258,00_START_HERE/notebooklm_upload_2026-07-01/10_TRACKS_AND_AUDIENCE_OVERLAYS.md; 00_START_HERE/notebooklm_upload_2026-07-01/14_OFFICE_EXTRACTS_EVIDENCE_AND_FACULTY.md; 14_Tracks/Resident/canon_200.md,new
2026-07-06T08:43:45+00:00,P1,doi:10.1034/j.1600-0447.2003.00130.x,broken-link,DOI 10.1034/j.1600-0447.2003.00130.x citation issue (broken-link) — https://doi.org/10.1034/j.1600-0447.2003.00130.x,https://doi.org/10.1034/j.1600-0447.2003.00130.x,00_START_HERE/notebooklm_upload_2026-07-01/07_EVIDENCE_LANDMARKS_ROUNDS.md; 07_Evidence_and_Reading/Landmark_Trials/LM_crosswalk.md,new
2026-07-06T08:43:52+00:00,P1,doi:10.1037/0012-1649.43.4.943,broken-link,DOI 10.1037/0012-1649.43.4.943 citation issue (broken-link) — https://doi.org/10.1037/0012-1649.43.4.943,https://doi.org/10.1037/0012-1649.43.4.943,00_START_HERE/notebooklm_upload_2026-07-01/08_CASES_OSCE_SHELF_EXAM.md; 08_Cases_and_Simulation/_source/DOI_RESOLUTION_REPORT.md,new
2026-07-06T08:44:45+00:00,P1,doi:10.1046/j.0001-690x.2003.00242.x,broken-link,DOI 10.1046/j.0001-690x.2003.00242.x citation issue (broken-link) — https://doi.org/10.1046/j.0001-690x.2003.00242.x,https://doi.org/10.1046/j.0001-690x.2003.00242.x,00_START_HERE/notebooklm_upload_2026-07-01/14_OFFICE_EXTRACTS_EVIDENCE_AND_FACULTY.md,new
2026-07-06T08:44:46+00:00,P1,doi:10.1046/j.1360-0443.2002.00178.x,broken-link,DOI 10.1046/j.1360-0443.2002.00178.x citation issue (broken-link) — https://doi.org/10.1046/j.1360-0443.2002.00178.x,https://doi.org/10.1046/j.1360-0443.2002.00178.x,00_START_HERE/notebooklm_upload_2026-07-01/14_OFFICE_EXTRACTS_EVIDENCE_AND_FACULTY.md,new
2026-07-06T08:44:46+00:00,P1,doi:10.1046/j.1365-2869.2003.00337.x,broken-link,DOI 10.1046/j.1365-2869.2003.00337.x citation issue (broken-link) — https://doi.org/10.1046/j.1365-2869.2003.00337.x,https://doi.org/10.1046/j.1365-2869.2003.00337.x,00_START_HERE/notebooklm_upload_2026-07-01/08_CASES_OSCE_SHELF_EXAM.md; 08_Cases_and_Simulation/_source/DOI_RESOLUTION_REPORT.md,new
2026-07-06T08:44:47+00:00,P1,doi:10.1046/j.1440-1614.2003.01234.x,broken-link,DOI 10.1046/j.1440-1614.2003.01234.x citation issue (broken-link) — https://doi.org/10.1046/j.1440-1614.2003.01234.x,https://doi.org/10.1046/j.1440-1614.2003.01234.x,00_START_HERE/notebooklm_upload_2026-07-01/08_CASES_OSCE_SHELF_EXAM.md; 08_Cases_and_Simulation/_source/DOI_RESOLUTION_REPORT.md,new
2026-07-06T08:44:55+00:00,P1,doi:10.1056/NEJM198206173062401,broken-link,DOI 10.1056/NEJM198206173062401 citation issue (broken-link) — https://doi.org/10.1056/NEJM198206173062401,https://doi.org/10.1056/NEJM198206173062401,00_START_HERE/notebooklm_upload_2026-07-01/08_CASES_OSCE_SHELF_EXAM.md; 00_START_HERE/notebooklm_upload_2026-07-01/14_OFFICE_EXTRACTS_EVIDENCE_AND_FACULTY.md; 08_Cases_and_Simulation/_source/DOI_RESOLUTION_REPORT.md,new
2026-07-06T08:44:56+00:00,P1,doi:10.1056/NEJM199308123290708,broken-link,DOI 10.1056/NEJM199308123290708 citation issue (broken-link) — https://doi.org/10.1056/NEJM199308123290708,https://doi.org/10.1056/NEJM199308123290708,00_START_HERE/notebooklm_upload_2026-07-01/14_OFFICE_EXTRACTS_EVIDENCE_AND_FACULTY.md,new
2026-07-06T08:44:57+00:00,P1,doi:10.1056/NEJM199802263380907,broken-link,DOI 10.1056/NEJM199802263380907 citation issue (broken-link) — https://doi.org/10.1056/NEJM199802263380907,https://doi.org/10.1056/NEJM199802263380907,00_START_HERE/notebooklm_upload_2026-07-01/10_TRACKS_AND_AUDIENCE_OVERLAYS.md; 00_START_HERE/notebooklm_upload_2026-07-01/14_OFFICE_EXTRACTS_EVIDENCE_AND_FACULTY.md; 00_START_HERE/notebooklm_upload_2026-07-01/14_OFFICE_EXTRACTS_EVIDENCE_AND_FACULTY.md; 00_START_HERE/notebooklm_upload_2026-07-01/14_OFFICE_EXTRACTS_EVIDENCE_AND_FACULTY.md; 00_START_HERE/notebooklm_upload_2026-07-01/14_OFFICE_EXTRACTS_EVIDENCE_AND_FACULTY.md; 14_Tracks/Resident/canon_200.md,new
2026-07-06T08:44:58+00:00,P1,doi:10.1056/NEJM199903043400901,broken-link,DOI 10.1056/NEJM199903043400901 citation issue (broken-link) — https://doi.org/10.1056/NEJM199903043400901,https://doi.org/10.1056/NEJM199903043400901,00_START_HERE/notebooklm_upload_2026-07-01/07_EVIDENCE_LANDMARKS_ROUNDS.md; 00_START_HERE/notebooklm_upload_2026-07-01/07_EVIDENCE_LANDMARKS_ROUNDS.md; 07_Evidence_and_Reading/Landmark_Trials/LM_crosswalk.md; 07_Evidence_and_Reading/Landmark_Trials/landmark_trials_page.md,new
2026-07-06T08:44:59+00:00,P1,doi:10.1056/NEJM200005183422001,broken-link,DOI 10.1056/NEJM200005183422001 citation issue (broken-link) — https://doi.org/10.1056/NEJM200005183422001,https://doi.org/10.1056/NEJM200005183422001,00_START_HERE/notebooklm_upload_2026-07-01/10_TRACKS_AND_AUDIENCE_OVERLAYS.md; 00_START_HERE/notebooklm_upload_2026-07-01/14_OFFICE_EXTRACTS_EVIDENCE_AND_FACULTY.md; 14_Tracks/Resident/canon_200.md,new
2026-07-06T08:44:59+00:00,P1,doi:10.1056/NEJMcp074045,broken-link,DOI 10.1056/NEJMcp074045 citation issue (broken-link) — https://doi.org/10.1056/NEJMcp074045,https://doi.org/10.1056/NEJMcp074045,00_START_HERE/notebooklm_upload_2026-07-01/07_EVIDENCE_LANDMARKS_ROUNDS.md; 00_START_HERE/notebooklm_upload_2026-07-01/14_OFFICE_EXTRACTS_EVIDENCE_AND_FACULTY.md; 07_Evidence_and_Reading/Inpatient_Evidence/evidence_inpatient.md,new
2026-07-06T08:45:00+00:00,P1,doi:10.1056/NEJMcp1007358,broken-link,DOI 10.1056/NEJMcp1007358 citation issue (broken-link) — https://doi.org/10.1056/NEJMcp1007358,https://doi.org/10.1056/NEJMcp1007358,00_START_HERE/notebooklm_upload_2026-07-01/14_OFFICE_EXTRACTS_EVIDENCE_AND_FACULTY.md; 00_START_HERE/notebooklm_upload_2026-07-01/14_OFFICE_EXTRACTS_EVIDENCE_AND_FACULTY.md; 00_START_HERE/notebooklm_upload_2026-07-01/14_OFFICE_EXTRACTS_EVIDENCE_AND_FACULTY.md; 00_START_HERE/notebooklm_upload_2026-07-01/14_OFFICE_EXTRACTS_EVIDENCE_AND_FACULTY.md,new
2026-07-06T08:45:01+00:00,P1,doi:10.1056/NEJMcp1102730,broken-link,DOI 10.1056/NEJMcp1102730 citation issue (broken-link) — https://doi.org/10.1056/NEJMcp1102730,https://doi.org/10.1056/NEJMcp1102730,00_START_HERE/notebooklm_upload_2026-07-01/14_OFFICE_EXTRACTS_EVIDENCE_AND_FACULTY.md,new
2026-07-06T08:45:02+00:00,P1,doi:10.1056/NEJMcp1212625,broken-link,DOI 10.1056/NEJMcp1212625 citation issue (broken-link) — https://doi.org/10.1056/NEJMcp1212625,https://doi.org/10.1056/NEJMcp1212625,00_START_HERE/notebooklm_upload_2026-07-01/14_OFFICE_EXTRACTS_EVIDENCE_AND_FACULTY.md,new
2026-07-06T08:45:03+00:00,P1,doi:10.1056/NEJMcp1402176,broken-link,DOI 10.1056/NEJMcp1402176 citation issue (broken-link) — https://doi.org/10.1056/NEJMcp1402176,https://doi.org/10.1056/NEJMcp1402176,00_START_HERE/notebooklm_upload_2026-07-01/14_OFFICE_EXTRACTS_EVIDENCE_AND_FACULTY.md,new
2026-07-06T08:45:03+00:00,P1,doi:10.1056/NEJMcp1502514,broken-link,DOI 10.1056/NEJMcp1502514 citation issue (broken-link) — https://doi.org/10.1056/NEJMcp1502514,https://doi.org/10.1056/NEJMcp1502514,00_START_HERE/notebooklm_upload_2026-07-01/10_TRACKS_AND_AUDIENCE_OVERLAYS.md; 00_START_HERE/notebooklm_upload_2026-07-01/14_OFFICE_EXTRACTS_EVIDENCE_AND_FACULTY.md; 00_START_HERE/notebooklm_upload_2026-07-01/14_OFFICE_EXTRACTS_EVIDENCE_AND_FACULTY.md; 14_Tracks/Resident/canon_200.md,new
2026-07-06T08:45:04+00:00,P1,doi:10.1056/NEJMcp1605501,broken-link,DOI 10.1056/NEJMcp1605501 citation issue (broken-link) — https://doi.org/10.1056/NEJMcp1605501,https://doi.org/10.1056/NEJMcp1605501,00_START_HERE/notebooklm_upload_2026-07-01/07_EVIDENCE_LANDMARKS_ROUNDS.md; 00_START_HERE/notebooklm_upload_2026-07-01/14_OFFICE_EXTRACTS_EVIDENCE_AND_FACULTY.md; 00_START_HERE/notebooklm_upload_2026-07-01/14_OFFICE_EXTRACTS_EVIDENCE_AND_FACULTY.md; 00_START_HERE/notebooklm_upload_2026-07-01/14_OFFICE_EXTRACTS_EVIDENCE_AND_FACULTY.md; 07_Evidence_and_Reading/Inpatient_Evidence/evidence_inpatient.md,new
2026-07-06T08:45:05+00:00,P1,doi:10.1056/NEJMcp1607649,broken-link,DOI 10.1056/NEJMcp1607649 citation issue (broken-link) — https://doi.org/10.1056/NEJMcp1607649,https://doi.org/10.1056/NEJMcp1607649,00_START_HERE/notebooklm_upload_2026-07-01/14_OFFICE_EXTRACTS_EVIDENCE_AND_FACULTY.md,new
2026-07-06T08:45:06+00:00,P1,doi:10.1056/NEJMcp1712493,broken-link,DOI 10.1056/NEJMcp1712493 citation issue (broken-link) — https://doi.org/10.1056/NEJMcp1712493,https://doi.org/10.1056/NEJMcp1712493,00_START_HERE/notebooklm_upload_2026-07-01/14_OFFICE_EXTRACTS_EVIDENCE_AND_FACULTY.md,new
2026-07-06T08:45:07+00:00,P1,doi:10.1056/NEJMcp2305655,broken-link,DOI 10.1056/NEJMcp2305655 citation issue (broken-link) — https://doi.org/10.1056/NEJMcp2305655,https://doi.org/10.1056/NEJMcp2305655,00_START_HERE/notebooklm_upload_2026-07-01/14_OFFICE_EXTRACTS_EVIDENCE_AND_FACULTY.md,new
2026-07-06T08:45:08+00:00,P1,doi:10.1056/NEJMoa013128,broken-link,DOI 10.1056/NEJMoa013128 citation issue (broken-link) — https://doi.org/10.1056/NEJMoa013128,https://doi.org/10.1056/NEJMoa013128,00_START_HERE/notebooklm_upload_2026-07-01/07_EVIDENCE_LANDMARKS_ROUNDS.md; 07_Evidence_and_Reading/Landmark_Trials/LM_crosswalk.md,new
2026-07-06T08:45:08+00:00,P1,doi:10.1056/NEJMoa022164,broken-link,DOI 10.1056/NEJMoa022164 citation issue (broken-link) — https://doi.org/10.1056/NEJMoa022164,https://doi.org/10.1056/NEJMoa022164,00_START_HERE/notebooklm_upload_2026-07-01/07_EVIDENCE_LANDMARKS_ROUNDS.md; 00_START_HERE/notebooklm_upload_2026-07-01/14_OFFICE_EXTRACTS_EVIDENCE_AND_FACULTY.md; 00_START_HERE/notebooklm_upload_2026-07-01/14_OFFICE_EXTRACTS_EVIDENCE_AND_FACULTY.md; 07_Evidence_and_Reading/Landmark_Trials/LM_crosswalk.md,new
2026-07-06T08:45:09+00:00,P1,doi:10.1056/NEJMoa051688,broken-link,DOI 10.1056/NEJMoa051688 citation issue (broken-link) — https://doi.org/10.1056/NEJMoa051688,https://doi.org/10.1056/NEJMoa051688,00_START_HERE/notebooklm_upload_2026-07-01/07_EVIDENCE_LANDMARKS_ROUNDS.md; 00_START_HERE/notebooklm_upload_2026-07-01/07_EVIDENCE_LANDMARKS_ROUNDS.md; 00_START_HERE/notebooklm_upload_2026-07-01/07_EVIDENCE_LANDMARKS_ROUNDS.md; 00_START_HERE/notebooklm_upload_2026-07-01/07_EVIDENCE_LANDMARKS_ROUNDS.md; 00_START_HERE/notebooklm_upload_2026-07-01/10_TRACKS_AND_AUDIENCE_OVERLAYS.md; 00_START_HERE/notebooklm_upload_2026-07-01/14_OFFICE_EXTRACTS_EVIDENCE_AND_FACULTY.md; 00_START_HERE/notebooklm_upload_2026-07-01/14_OFFICE_EXTRACTS_EVIDENCE_AND_FACULTY.md; 00_START_HERE/notebooklm_upload_2026-07-01/14_OFFICE_EXTRACTS_EVIDENCE_AND_FACULTY.md; 00_START_HERE/notebooklm_upload_2026-07-01/14_OFFICE_EXTRACTS_EVIDENCE_AND_FACULTY.md; 07_Evidence_and_Reading/Landmark_Trials/INCORPORATION_PLAN.md; 07_Evidence_and_Reading/Landmark_Trials/INCORPORATION_PLAN.md; 07_Evidence_and_Reading/Landmark_Trials/LM_crosswalk.md; 07_Evidence_and_Reading/Landmark_Trials/landmark_trials_page.md; 14_Tracks/Resident/canon_200.md,new
2026-07-06T08:45:10+00:00,P1,doi:10.1056/NEJMoa061240,broken-link,DOI 10.1056/NEJMoa061240 citation issue (broken-link) — https://doi.org/10.1056/NEJMoa061240,https://doi.org/10.1056/NEJMoa061240,00_START_HERE/notebooklm_upload_2026-07-01/07_EVIDENCE_LANDMARKS_ROUNDS.md; 07_Evidence_and_Reading/Landmark_Trials/LM_crosswalk.md,new
2026-07-06T08:45:11+00:00,P1,doi:10.1056/NEJMoa064135,broken-link,DOI 10.1056/NEJMoa064135 citation issue (broken-link) — https://doi.org/10.1056/NEJMoa064135,https://doi.org/10.1056/NEJMoa064135,00_START_HERE/notebooklm_upload_2026-07-01/07_EVIDENCE_LANDMARKS_ROUNDS.md; 00_START_HERE/notebooklm_upload_2026-07-01/07_EVIDENCE_LANDMARKS_ROUNDS.md; 00_START_HERE/notebooklm_upload_2026-07-01/10_TRACKS_AND_AUDIENCE_OVERLAYS.md; 00_START_HERE/notebooklm_upload_2026-07-01/14_OFFICE_EXTRACTS_EVIDENCE_AND_FACULTY.md; 07_Evidence_and_Reading/Landmark_Trials/LM_crosswalk.md; 07_Evidence_and_Reading/Landmark_Trials/landmark_trials_page.md; 14_Tracks/Resident/canon_200.md,new
2026-07-06T08:45:12+00:00,P1,doi:10.1056/NEJMoa0806994,broken-link,DOI 10.1056/NEJMoa0806994 citation issue (broken-link) — https://doi.org/10.1056/NEJMoa0806994,https://doi.org/10.1056/NEJMoa0806994,00_START_HERE/notebooklm_upload_2026-07-01/14_OFFICE_EXTRACTS_EVIDENCE_AND_FACULTY.md,new
2026-07-06T08:45:13+00:00,P1,doi:10.1056/NEJMoa1203241,broken-link,DOI 10.1056/NEJMoa1203241 citation issue (broken-link) — https://doi.org/10.1056/NEJMoa1203241,https://doi.org/10.1056/NEJMoa1203241,00_START_HERE/notebooklm_upload_2026-07-01/14_OFFICE_EXTRACTS_EVIDENCE_AND_FACULTY.md; 00_START_HERE/notebooklm_upload_2026-07-01/14_OFFICE_EXTRACTS_EVIDENCE_AND_FACULTY.md,new
2026-07-06T08:45:13+00:00,P1,doi:10.1056/NEJMoa1312828,broken-link,DOI 10.1056/NEJMoa1312828 citation issue (broken-link) — https://doi.org/10.1056/NEJMoa1312828,https://doi.org/10.1056/NEJMoa1312828,00_START_HERE/notebooklm_upload_2026-07-01/14_OFFICE_EXTRACTS_EVIDENCE_AND_FACULTY.md,new
2026-07-06T08:45:14+00:00,P1,doi:10.1056/NEJMoa1507598,broken-link,DOI 10.1056/NEJMoa1507598 citation issue (broken-link) — https://doi.org/10.1056/NEJMoa1507598,https://doi.org/10.1056/NEJMoa1507598,00_START_HERE/notebooklm_upload_2026-07-01/10_TRACKS_AND_AUDIENCE_OVERLAYS.md; 00_START_HERE/notebooklm_upload_2026-07-01/14_OFFICE_EXTRACTS_EVIDENCE_AND_FACULTY.md; 14_Tracks/Resident/canon_200.md,new
2026-07-06T08:45:15+00:00,P1,doi:10.1056/NEJMoa1612222,broken-link,DOI 10.1056/NEJMoa1612222 citation issue (broken-link) — https://doi.org/10.1056/NEJMoa1612222,https://doi.org/10.1056/NEJMoa1612222,00_START_HERE/notebooklm_upload_2026-07-01/14_OFFICE_EXTRACTS_EVIDENCE_AND_FACULTY.md,new
2026-07-06T08:45:16+00:00,P1,doi:10.1056/NEJMoa1808217,broken-link,DOI 10.1056/NEJMoa1808217 citation issue (broken-link) — https://doi.org/10.1056/NEJMoa1808217,https://doi.org/10.1056/NEJMoa1808217,00_START_HERE/notebooklm_upload_2026-07-01/07_EVIDENCE_LANDMARKS_ROUNDS.md; 00_START_HERE/notebooklm_upload_2026-07-01/14_OFFICE_EXTRACTS_EVIDENCE_AND_FACULTY.md; 00_START_HERE/notebooklm_upload_2026-07-01/14_OFFICE_EXTRACTS_EVIDENCE_AND_FACULTY.md; 07_Evidence_and_Reading/Inpatient_Evidence/evidence_inpatient.md,new
2026-07-06T08:45:17+00:00,P1,doi:10.1056/NEJMoa2032994,broken-link,DOI 10.1056/NEJMoa2032994 citation issue (broken-link) — https://doi.org/10.1056/NEJMoa2032994,https://doi.org/10.1056/NEJMoa2032994,00_START_HERE/notebooklm_upload_2026-07-01/10_TRACKS_AND_AUDIENCE_OVERLAYS.md; 00_START_HERE/notebooklm_upload_2026-07-01/14_OFFICE_EXTRACTS_EVIDENCE_AND_FACULTY.md; 14_Tracks/Resident/canon_200.md,new
2026-07-06T08:45:17+00:00,P1,doi:10.1056/NEJMoa2204462,broken-link,DOI 10.1056/NEJMoa2204462 citation issue (broken-link) — https://doi.org/10.1056/NEJMoa2204462,https://doi.org/10.1056/NEJMoa2204462,00_START_HERE/notebooklm_upload_2026-07-01/10_TRACKS_AND_AUDIENCE_OVERLAYS.md; 00_START_HERE/notebooklm_upload_2026-07-01/14_OFFICE_EXTRACTS_EVIDENCE_AND_FACULTY.md; 14_Tracks/Resident/canon_200.md,new
2026-07-06T08:45:18+00:00,P1,doi:10.1056/NEJMoa2206443,broken-link,DOI 10.1056/NEJMoa2206443 citation issue (broken-link) — https://doi.org/10.1056/NEJMoa2206443,https://doi.org/10.1056/NEJMoa2206443,00_START_HERE/notebooklm_upload_2026-07-01/10_TRACKS_AND_AUDIENCE_OVERLAYS.md; 00_START_HERE/notebooklm_upload_2026-07-01/14_OFFICE_EXTRACTS_EVIDENCE_AND_FACULTY.md; 14_Tracks/Resident/canon_200.md,new
2026-07-06T08:45:19+00:00,P1,doi:10.1056/NEJMoa2211868,broken-link,DOI 10.1056/NEJMoa2211868 citation issue (broken-link) — https://doi.org/10.1056/NEJMoa2211868,https://doi.org/10.1056/NEJMoa2211868,00_START_HERE/notebooklm_upload_2026-07-01/07_EVIDENCE_LANDMARKS_ROUNDS.md; 00_START_HERE/notebooklm_upload_2026-07-01/14_OFFICE_EXTRACTS_EVIDENCE_AND_FACULTY.md; 07_Evidence_and_Reading/Inpatient_Evidence/evidence_inpatient.md,new
2026-07-06T08:45:20+00:00,P1,doi:10.1056/NEJMoa2212948,broken-link,DOI 10.1056/NEJMoa2212948 citation issue (broken-link) — https://doi.org/10.1056/NEJMoa2212948,https://doi.org/10.1056/NEJMoa2212948,00_START_HERE/notebooklm_upload_2026-07-01/07_EVIDENCE_LANDMARKS_ROUNDS.md; 07_Evidence_and_Reading/Landmark_Trials/LM_crosswalk.md,new
2026-07-06T08:45:21+00:00,P1,doi:10.1056/NEJMoa2302399,broken-link,DOI 10.1056/NEJMoa2302399 citation issue (broken-link) — https://doi.org/10.1056/NEJMoa2302399,https://doi.org/10.1056/NEJMoa2302399,00_START_HERE/notebooklm_upload_2026-07-01/10_TRACKS_AND_AUDIENCE_OVERLAYS.md; 00_START_HERE/notebooklm_upload_2026-07-01/14_OFFICE_EXTRACTS_EVIDENCE_AND_FACULTY.md; 00_START_HERE/notebooklm_upload_2026-07-01/14_OFFICE_EXTRACTS_EVIDENCE_AND_FACULTY.md; 00_START_HERE/notebooklm_upload_2026-07-01/14_OFFICE_EXTRACTS_EVIDENCE_AND_FACULTY.md; 14_Tracks/Resident/canon_200.md,new
2026-07-06T08:45:22+00:00,P1,doi:10.1056/NEJMoa2304145,broken-link,DOI 10.1056/NEJMoa2304145 citation issue (broken-link) — https://doi.org/10.1056/NEJMoa2304145,https://doi.org/10.1056/NEJMoa2304145,00_START_HERE/notebooklm_upload_2026-07-01/10_TRACKS_AND_AUDIENCE_OVERLAYS.md; 00_START_HERE/notebooklm_upload_2026-07-01/14_OFFICE_EXTRACTS_EVIDENCE_AND_FACULTY.md; 14_Tracks/Resident/canon_200.md,new
2026-07-06T08:45:22+00:00,P1,doi:10.1056/NEJMra032426,broken-link,DOI 10.1056/NEJMra032426 citation issue (broken-link) — https://doi.org/10.1056/NEJMra032426,https://doi.org/10.1056/NEJMra032426,00_START_HERE/notebooklm_upload_2026-07-01/14_OFFICE_EXTRACTS_EVIDENCE_AND_FACULTY.md,new
2026-07-06T08:45:23+00:00,P1,doi:10.1056/NEJMra041867,broken-link,DOI 10.1056/NEJMra041867 citation issue (broken-link) — https://doi.org/10.1056/NEJMra041867,https://doi.org/10.1056/NEJMra041867,00_START_HERE/notebooklm_upload_2026-07-01/14_OFFICE_EXTRACTS_EVIDENCE_AND_FACULTY.md; 00_START_HERE/notebooklm_upload_2026-07-01/14_OFFICE_EXTRACTS_EVIDENCE_AND_FACULTY.md,new
2026-07-06T08:45:24+00:00,P1,doi:10.1056/NEJMra050730,broken-link,DOI 10.1056/NEJMra050730 citation issue (broken-link) — https://doi.org/10.1056/NEJMra050730,https://doi.org/10.1056/NEJMra050730,00_START_HERE/notebooklm_upload_2026-07-01/14_OFFICE_EXTRACTS_EVIDENCE_AND_FACULTY.md,new
2026-07-06T08:45:25+00:00,P1,doi:10.1056/NEJMra073096,broken-link,DOI 10.1056/NEJMra073096 citation issue (broken-link) — https://doi.org/10.1056/NEJMra073096,https://doi.org/10.1056/NEJMra073096,00_START_HERE/notebooklm_upload_2026-07-01/10_TRACKS_AND_AUDIENCE_OVERLAYS.md; 00_START_HERE/notebooklm_upload_2026-07-01/14_OFFICE_EXTRACTS_EVIDENCE_AND_FACULTY.md; 14_Tracks/Resident/canon_200.md,new
2026-07-06T08:45:26+00:00,P1,doi:10.1056/NEJMra1407298,broken-link,DOI 10.1056/NEJMra1407298 citation issue (broken-link) — https://doi.org/10.1056/NEJMra1407298,https://doi.org/10.1056/NEJMra1407298,00_START_HERE/notebooklm_upload_2026-07-01/14_OFFICE_EXTRACTS_EVIDENCE_AND_FACULTY.md; 00_START_HERE/notebooklm_upload_2026-07-01/14_OFFICE_EXTRACTS_EVIDENCE_AND_FACULTY.md; 00_START_HERE/notebooklm_upload_2026-07-01/14_OFFICE_EXTRACTS_EVIDENCE_AND_FACULTY.md,new
2026-07-06T08:45:26+00:00,P1,doi:10.1056/NEJMra1504367,broken-link,DOI 10.1056/NEJMra1504367 citation issue (broken-link) — https://doi.org/10.1056/NEJMra1504367,https://doi.org/10.1056/NEJMra1504367,00_START_HERE/notebooklm_upload_2026-07-01/14_OFFICE_EXTRACTS_EVIDENCE_AND_FACULTY.md; 00_START_HERE/notebooklm_upload_2026-07-01/14_OFFICE_EXTRACTS_EVIDENCE_AND_FACULTY.md,new
2026-07-06T08:45:27+00:00,P1,doi:10.1056/NEJMra1511480,broken-link,DOI 10.1056/NEJMra1511480 citation issue (broken-link) — https://doi.org/10.1056/NEJMra1511480,https://doi.org/10.1056/NEJMra1511480,00_START_HERE/notebooklm_upload_2026-07-01/08_CASES_OSCE_SHELF_EXAM.md; 08_Cases_and_Simulation/_source/DOI_RESOLUTION_REPORT.md,new
2026-07-06T08:45:28+00:00,P1,doi:10.1056/NEJMra1706158,broken-link,DOI 10.1056/NEJMra1706158 citation issue (broken-link) — https://doi.org/10.1056/NEJMra1706158,https://doi.org/10.1056/NEJMra1706158,00_START_HERE/notebooklm_upload_2026-07-01/10_TRACKS_AND_AUDIENCE_OVERLAYS.md; 00_START_HERE/notebooklm_upload_2026-07-01/14_OFFICE_EXTRACTS_EVIDENCE_AND_FACULTY.md; 14_Tracks/Resident/canon_200.md,new
2026-07-06T08:45:29+00:00,P1,doi:10.1056/NEJMra1715733,broken-link,DOI 10.1056/NEJMra1715733 citation issue (broken-link) — https://doi.org/10.1056/NEJMra1715733,https://doi.org/10.1056/NEJMra1715733,00_START_HERE/notebooklm_upload_2026-07-01/14_OFFICE_EXTRACTS_EVIDENCE_AND_FACULTY.md; 00_START_HERE/notebooklm_upload_2026-07-01/14_OFFICE_EXTRACTS_EVIDENCE_AND_FACULTY.md,new
2026-07-06T08:45:30+00:00,P1,doi:10.1056/NEJMra1805981,broken-link,DOI 10.1056/NEJMra1805981 citation issue (broken-link) — https://doi.org/10.1056/NEJMra1805981,https://doi.org/10.1056/NEJMra1805981,00_START_HERE/notebooklm_upload_2026-07-01/14_OFFICE_EXTRACTS_EVIDENCE_AND_FACULTY.md; 00_START_HERE/notebooklm_upload_2026-07-01/14_OFFICE_EXTRACTS_EVIDENCE_AND_FACULTY.md,new
2026-07-06T08:45:31+00:00,P1,doi:10.1056/NEJMra1808803,broken-link,DOI 10.1056/NEJMra1808803 citation issue (broken-link) — https://doi.org/10.1056/NEJMra1808803,https://doi.org/10.1056/NEJMra1808803,00_START_HERE/notebooklm_upload_2026-07-01/14_OFFICE_EXTRACTS_EVIDENCE_AND_FACULTY.md,new
2026-07-06T08:45:31+00:00,P1,doi:10.1056/NEJMra1902944,broken-link,DOI 10.1056/NEJMra1902944 citation issue (broken-link) — https://doi.org/10.1056/NEJMra1902944,https://doi.org/10.1056/NEJMra1902944,00_START_HERE/notebooklm_upload_2026-07-01/07_EVIDENCE_LANDMARKS_ROUNDS.md; 00_START_HERE/notebooklm_upload_2026-07-01/10_TRACKS_AND_AUDIENCE_OVERLAYS.md; 00_START_HERE/notebooklm_upload_2026-07-01/14_OFFICE_EXTRACTS_EVIDENCE_AND_FACULTY.md; 00_START_HERE/notebooklm_upload_2026-07-01/14_OFFICE_EXTRACTS_EVIDENCE_AND_FACULTY.md; 00_START_HERE/notebooklm_upload_2026-07-01/14_OFFICE_EXTRACTS_EVIDENCE_AND_FACULTY.md; 07_Evidence_and_Reading/Inpatient_Evidence/evidence_inpatient.md; 14_Tracks/Resident/canon_200.md,new
2026-07-06T08:45:32+00:00,P1,doi:10.1056/NEJMra1906193,broken-link,DOI 10.1056/NEJMra1906193 citation issue (broken-link) — https://doi.org/10.1056/NEJMra1906193,https://doi.org/10.1056/NEJMra1906193,00_START_HERE/notebooklm_upload_2026-07-01/14_OFFICE_EXTRACTS_EVIDENCE_AND_FACULTY.md,new
2026-07-06T08:45:33+00:00,P1,doi:10.1056/NEJMra1917069,broken-link,DOI 10.1056/NEJMra1917069 citation issue (broken-link) — https://doi.org/10.1056/NEJMra1917069,https://doi.org/10.1056/NEJMra1917069,00_START_HERE/notebooklm_upload_2026-07-01/14_OFFICE_EXTRACTS_EVIDENCE_AND_FACULTY.md,new
2026-07-06T08:45:34+00:00,P1,doi:10.1056/NEJMra2033475,broken-link,DOI 10.1056/NEJMra2033475 citation issue (broken-link) — https://doi.org/10.1056/NEJMra2033475,https://doi.org/10.1056/NEJMra2033475,00_START_HERE/notebooklm_upload_2026-07-01/10_TRACKS_AND_AUDIENCE_OVERLAYS.md; 00_START_HERE/notebooklm_upload_2026-07-01/14_OFFICE_EXTRACTS_EVIDENCE_AND_FACULTY.md; 00_START_HERE/notebooklm_upload_2026-07-01/14_OFFICE_EXTRACTS_EVIDENCE_AND_FACULTY.md; 14_Tracks/Resident/canon_200.md,new
2026-07-06T08:45:35+00:00,P1,doi:10.1056/NEJMra2034954,broken-link,DOI 10.1056/NEJMra2034954 citation issue (broken-link) — https://doi.org/10.1056/NEJMra2034954,https://doi.org/10.1056/NEJMra2034954,00_START_HERE/notebooklm_upload_2026-07-01/07_EVIDENCE_LANDMARKS_ROUNDS.md; 00_START_HERE/notebooklm_upload_2026-07-01/10_TRACKS_AND_AUDIENCE_OVERLAYS.md; 00_START_HERE/notebooklm_upload_2026-07-01/14_OFFICE_EXTRACTS_EVIDENCE_AND_FACULTY.md; 00_START_HERE/notebooklm_upload_2026-07-01/14_OFFICE_EXTRACTS_EVIDENCE_AND_FACULTY.md; 00_START_HERE/notebooklm_upload_2026-07-01/14_OFFICE_EXTRACTS_EVIDENCE_AND_FACULTY.md; 07_Evidence_and_Reading/Inpatient_Evidence/evidence_inpatient.md; 14_Tracks/Resident/canon_200.md,new
2026-07-06T08:45:36+00:00,P1,doi:10.1056/NEJMra2116304,broken-link,DOI 10.1056/NEJMra2116304 citation issue (broken-link) — https://doi.org/10.1056/NEJMra2116304,https://doi.org/10.1056/NEJMra2116304,00_START_HERE/notebooklm_upload_2026-07-01/07_EVIDENCE_LANDMARKS_ROUNDS.md; 00_START_HERE/notebooklm_upload_2026-07-01/14_OFFICE_EXTRACTS_EVIDENCE_AND_FACULTY.md; 00_START_HERE/notebooklm_upload_2026-07-01/14_OFFICE_EXTRACTS_EVIDENCE_AND_FACULTY.md; 00_START_HERE/notebooklm_upload_2026-07-01/14_OFFICE_EXTRACTS_EVIDENCE_AND_FACULTY.md; 07_Evidence_and_Reading/Inpatient_Evidence/evidence_inpatient.md,new
2026-07-06T08:45:36+00:00,P1,doi:10.1056/NEJMra2120164,broken-link,DOI 10.1056/NEJMra2120164 citation issue (broken-link) — https://doi.org/10.1056/NEJMra2120164,https://doi.org/10.1056/NEJMra2120164,00_START_HERE/notebooklm_upload_2026-07-01/14_OFFICE_EXTRACTS_EVIDENCE_AND_FACULTY.md; 00_START_HERE/notebooklm_upload_2026-07-01/14_OFFICE_EXTRACTS_EVIDENCE_AND_FACULTY.md; 00_START_HERE/notebooklm_upload_2026-07-01/14_OFFICE_EXTRACTS_EVIDENCE_AND_FACULTY.md; 00_START_HERE/notebooklm_upload_2026-07-01/14_OFFICE_EXTRACTS_EVIDENCE_AND_FACULTY.md; 00_START_HERE/notebooklm_upload_2026-07-01/14_OFFICE_EXTRACTS_EVIDENCE_AND_FACULTY.md,new
2026-07-06T08:45:37+00:00,P1,doi:10.1056/NEJMra2306511,broken-link,DOI 10.1056/NEJMra2306511 citation issue (broken-link) — https://doi.org/10.1056/NEJMra2306511,https://doi.org/10.1056/NEJMra2306511,00_START_HERE/notebooklm_upload_2026-07-01/14_OFFICE_EXTRACTS_EVIDENCE_AND_FACULTY.md; 00_START_HERE/notebooklm_upload_2026-07-01/14_OFFICE_EXTRACTS_EVIDENCE_AND_FACULTY.md; 00_START_HERE/notebooklm_upload_2026-07-01/14_OFFICE_EXTRACTS_EVIDENCE_AND_FACULTY.md,new
2026-07-06T08:45:38+00:00,P1,doi:10.1056/NEJMra2401857,broken-link,DOI 10.1056/NEJMra2401857 citation issue (broken-link) — https://doi.org/10.1056/NEJMra2401857,https://doi.org/10.1056/NEJMra2401857,00_START_HERE/notebooklm_upload_2026-07-01/14_OFFICE_EXTRACTS_EVIDENCE_AND_FACULTY.md,new
2026-07-06T08:45:39+00:00,P1,doi:10.1056/NEJMra2404606,broken-link,DOI 10.1056/NEJMra2404606 citation issue (broken-link) — https://doi.org/10.1056/NEJMra2404606,https://doi.org/10.1056/NEJMra2404606,00_START_HERE/notebooklm_upload_2026-07-01/14_OFFICE_EXTRACTS_EVIDENCE_AND_FACULTY.md; 00_START_HERE/notebooklm_upload_2026-07-01/14_OFFICE_EXTRACTS_EVIDENCE_AND_FACULTY.md,new
2026-07-06T08:45:40+00:00,P1,doi:10.1056/NEJMsa065779,broken-link,DOI 10.1056/NEJMsa065779 citation issue (broken-link) — https://doi.org/10.1056/NEJMsa065779,https://doi.org/10.1056/NEJMsa065779,00_START_HERE/notebooklm_upload_2026-07-01/10_TRACKS_AND_AUDIENCE_OVERLAYS.md; 00_START_HERE/notebooklm_upload_2026-07-01/14_OFFICE_EXTRACTS_EVIDENCE_AND_FACULTY.md; 00_START_HERE/notebooklm_upload_2026-07-01/14_OFFICE_EXTRACTS_EVIDENCE_AND_FACULTY.md; 00_START_HERE/notebooklm_upload_2026-07-01/14_OFFICE_EXTRACTS_EVIDENCE_AND_FACULTY.md; 14_Tracks/Resident/canon_200.md,new
2026-07-06T08:45:40+00:00,P1,doi:10.1056/nejm198206173062401,broken-link,DOI 10.1056/nejm198206173062401 citation issue (broken-link) — https://doi.org/10.1056/nejm198206173062401,https://doi.org/10.1056/nejm198206173062401,00_START_HERE/notebooklm_upload_2026-07-01/07_EVIDENCE_LANDMARKS_ROUNDS.md; 00_START_HERE/notebooklm_upload_2026-07-01/09_FACULTY_QA_ATTESTATION_AND_ROADMAP.md; 07_Evidence_and_Reading/Landmark_Trials/landmark_trials_page.md,new
2026-07-06T08:45:41+00:00,P1,doi:10.1056/nejm198812223192504,broken-link,DOI 10.1056/nejm198812223192504 citation issue (broken-link) — https://doi.org/10.1056/nejm198812223192504,https://doi.org/10.1056/nejm198812223192504,00_START_HERE/notebooklm_upload_2026-07-01/07_EVIDENCE_LANDMARKS_ROUNDS.md; 00_START_HERE/notebooklm_upload_2026-07-01/09_FACULTY_QA_ATTESTATION_AND_ROADMAP.md; 07_Evidence_and_Reading/Landmark_Trials/landmark_trials_page.md,new
2026-07-06T08:45:42+00:00,P1,doi:10.1056/nejmra1511480,broken-link,DOI 10.1056/nejmra1511480 citation issue (broken-link) — https://doi.org/10.1056/nejmra1511480,https://doi.org/10.1056/nejmra1511480,00_START_HERE/notebooklm_upload_2026-07-01/07_EVIDENCE_LANDMARKS_ROUNDS.md; 00_START_HERE/notebooklm_upload_2026-07-01/09_FACULTY_QA_ATTESTATION_AND_ROADMAP.md; 07_Evidence_and_Reading/Landmark_Trials/landmark_trials_page.md,new
2026-07-06T08:45:43+00:00,P1,doi:10.1073/pnas.0610168104,broken-link,DOI 10.1073/pnas.0610168104 citation issue (broken-link) — https://doi.org/10.1073/pnas.0610168104,https://doi.org/10.1073/pnas.0610168104,00_START_HERE/notebooklm_upload_2026-07-01/08_CASES_OSCE_SHELF_EXAM.md; 08_Cases_and_Simulation/_source/DOI_RESOLUTION_REPORT.md,new
2026-07-06T08:45:44+00:00,P1,doi:10.1073/pnas.0812686106,broken-link,DOI 10.1073/pnas.0812686106 citation issue (broken-link) — https://doi.org/10.1073/pnas.0812686106,https://doi.org/10.1073/pnas.0812686106,00_START_HERE/notebooklm_upload_2026-07-01/10_TRACKS_AND_AUDIENCE_OVERLAYS.md; 00_START_HERE/notebooklm_upload_2026-07-01/14_OFFICE_EXTRACTS_EVIDENCE_AND_FACULTY.md; 14_Tracks/Resident/canon_200.md,new
2026-07-06T08:45:45+00:00,P1,doi:10.1080/00332747.2022.2062660,broken-link,DOI 10.1080/00332747.2022.2062660 citation issue (broken-link) — https://doi.org/10.1080/00332747.2022.2062660,https://doi.org/10.1080/00332747.2022.2062660,00_START_HERE/notebooklm_upload_2026-07-01/14_OFFICE_EXTRACTS_EVIDENCE_AND_FACULTY.md,new
2026-07-06T08:45:46+00:00,P1,doi:10.1080/00952990.2017.1362418,broken-link,DOI 10.1080/00952990.2017.1362418 citation issue (broken-link) — https://doi.org/10.1080/00952990.2017.1362418,https://doi.org/10.1080/00952990.2017.1362418,00_START_HERE/notebooklm_upload_2026-07-01/14_OFFICE_EXTRACTS_EVIDENCE_AND_FACULTY.md; 00_START_HERE/notebooklm_upload_2026-07-01/14_OFFICE_EXTRACTS_EVIDENCE_AND_FACULTY.md,new
2026-07-06T08:45:46+00:00,P1,doi:10.1080/02791072.2003.10400007,broken-link,DOI 10.1080/02791072.2003.10400007 citation issue (broken-link) — https://doi.org/10.1080/02791072.2003.10400007,https://doi.org/10.1080/02791072.2003.10400007,00_START_HERE/notebooklm_upload_2026-07-01/14_OFFICE_EXTRACTS_EVIDENCE_AND_FACULTY.md,new
2026-07-06T08:45:47+00:00,P1,doi:10.1080/09540261.2022.2119074,broken-link,DOI 10.1080/09540261.2022.2119074 citation issue (broken-link) — https://doi.org/10.1080/09540261.2022.2119074,https://doi.org/10.1080/09540261.2022.2119074,00_START_HERE/notebooklm_upload_2026-07-01/07_EVIDENCE_LANDMARKS_ROUNDS.md; 00_START_HERE/notebooklm_upload_2026-07-01/14_OFFICE_EXTRACTS_EVIDENCE_AND_FACULTY.md; 07_Evidence_and_Reading/Inpatient_Evidence/evidence_inpatient.md,new
2026-07-06T08:45:48+00:00,P1,doi:10.1080/09638237.2017.1340594,broken-link,DOI 10.1080/09638237.2017.1340594 citation issue (broken-link) — https://doi.org/10.1080/09638237.2017.1340594,https://doi.org/10.1080/09638237.2017.1340594,00_START_HERE/notebooklm_upload_2026-07-01/14_OFFICE_EXTRACTS_EVIDENCE_AND_FACULTY.md; 00_START_HERE/notebooklm_upload_2026-07-01/14_OFFICE_EXTRACTS_EVIDENCE_AND_FACULTY.md; 00_START_HERE/notebooklm_upload_2026-07-01/14_OFFICE_EXTRACTS_EVIDENCE_AND_FACULTY.md; 00_START_HERE/notebooklm_upload_2026-07-01/14_OFFICE_EXTRACTS_EVIDENCE_AND_FACULTY.md,new
2026-07-06T08:45:51+00:00,P1,doi:10.1080/10503300500268490,broken-link,DOI 10.1080/10503300500268490 citation issue (broken-link) — https://doi.org/10.1080/10503300500268490,https://doi.org/10.1080/10503300500268490,00_START_HERE/notebooklm_upload_2026-07-01/08_CASES_OSCE_SHELF_EXAM.md; 08_Cases_and_Simulation/_source/DOI_RESOLUTION_REPORT.md,new
2026-07-06T08:45:51+00:00,P1,doi:10.1080/10550887.2024.2365002,broken-link,DOI 10.1080/10550887.2024.2365002 citation issue (broken-link) — https://doi.org/10.1080/10550887.2024.2365002,https://doi.org/10.1080/10550887.2024.2365002,00_START_HERE/notebooklm_upload_2026-07-01/14_OFFICE_EXTRACTS_EVIDENCE_AND_FACULTY.md; 00_START_HERE/notebooklm_upload_2026-07-01/14_OFFICE_EXTRACTS_EVIDENCE_AND_FACULTY.md,new
2026-07-06T08:45:52+00:00,P1,doi:10.1080/10550887.2026.2616724,broken-link,DOI 10.1080/10550887.2026.2616724 citation issue (broken-link) — https://doi.org/10.1080/10550887.2026.2616724,https://doi.org/10.1080/10550887.2026.2616724,00_START_HERE/notebooklm_upload_2026-07-01/14_OFFICE_EXTRACTS_EVIDENCE_AND_FACULTY.md; 00_START_HERE/notebooklm_upload_2026-07-01/14_OFFICE_EXTRACTS_EVIDENCE_AND_FACULTY.md,new
2026-07-06T08:45:53+00:00,P1,doi:10.1080/10673220701679838,broken-link,DOI 10.1080/10673220701679838 citation issue (broken-link) — https://doi.org/10.1080/10673220701679838,https://doi.org/10.1080/10673220701679838,00_START_HERE/notebooklm_upload_2026-07-01/10_TRACKS_AND_AUDIENCE_OVERLAYS.md; 00_START_HERE/notebooklm_upload_2026-07-01/14_OFFICE_EXTRACTS_EVIDENCE_AND_FACULTY.md; 00_START_HERE/notebooklm_upload_2026-07-01/14_OFFICE_EXTRACTS_EVIDENCE_AND_FACULTY.md; 14_Tracks/Resident/canon_200.md,new
2026-07-06T08:45:54+00:00,P1,doi:10.1080/10673220802596199,broken-link,DOI 10.1080/10673220802596199 citation issue (broken-link) — https://doi.org/10.1080/10673220802596199,https://doi.org/10.1080/10673220802596199,00_START_HERE/notebooklm_upload_2026-07-01/08_CASES_OSCE_SHELF_EXAM.md; 08_Cases_and_Simulation/_source/DOI_RESOLUTION_REPORT.md,new
2026-07-06T08:45:55+00:00,P1,doi:10.1080/13548506.2025.2546590,broken-link,DOI 10.1080/13548506.2025.2546590 citation issue (broken-link) — https://doi.org/10.1080/13548506.2025.2546590,https://doi.org/10.1080/13548506.2025.2546590,00_START_HERE/notebooklm_upload_2026-07-01/14_OFFICE_EXTRACTS_EVIDENCE_AND_FACULTY.md,new
2026-07-06T08:45:55+00:00,P1,doi:10.1080/13561820.2022.2124238,broken-link,DOI 10.1080/13561820.2022.2124238 citation issue (broken-link) — https://doi.org/10.1080/13561820.2022.2124238,https://doi.org/10.1080/13561820.2022.2124238,00_START_HERE/notebooklm_upload_2026-07-01/14_OFFICE_EXTRACTS_EVIDENCE_AND_FACULTY.md; 00_START_HERE/notebooklm_upload_2026-07-01/14_OFFICE_EXTRACTS_EVIDENCE_AND_FACULTY.md,new
2026-07-06T08:45:56+00:00,P1,doi:10.1080/14740338.2024.2392002,broken-link,DOI 10.1080/14740338.2024.2392002 citation issue (broken-link) — https://doi.org/10.1080/14740338.2024.2392002,https://doi.org/10.1080/14740338.2024.2392002,00_START_HERE/notebooklm_upload_2026-07-01/14_OFFICE_EXTRACTS_EVIDENCE_AND_FACULTY.md; 00_START_HERE/notebooklm_upload_2026-07-01/14_OFFICE_EXTRACTS_EVIDENCE_AND_FACULTY.md,new
2026-07-06T08:45:57+00:00,P1,doi:10.1080/15374416.2018.1496442,broken-link,DOI 10.1080/15374416.2018.1496442 citation issue (broken-link) — https://doi.org/10.1080/15374416.2018.1496442,https://doi.org/10.1080/15374416.2018.1496442,00_START_HERE/notebooklm_upload_2026-07-01/14_OFFICE_EXTRACTS_EVIDENCE_AND_FACULTY.md,new
2026-07-06T08:45:58+00:00,P1,doi:10.1080/15374416.2026.2613368,broken-link,DOI 10.1080/15374416.2026.2613368 citation issue (broken-link) — https://doi.org/10.1080/15374416.2026.2613368,https://doi.org/10.1080/15374416.2026.2613368,00_START_HERE/notebooklm_upload_2026-07-01/14_OFFICE_EXTRACTS_EVIDENCE_AND_FACULTY.md,new
2026-07-06T08:45:59+00:00,P1,doi:10.1080/15563650.2020.1746330,broken-link,DOI 10.1080/15563650.2020.1746330 citation issue (broken-link) — https://doi.org/10.1080/15563650.2020.1746330,https://doi.org/10.1080/15563650.2020.1746330,00_START_HERE/notebooklm_upload_2026-07-01/14_OFFICE_EXTRACTS_EVIDENCE_AND_FACULTY.md,new
2026-07-06T08:46:00+00:00,P1,doi:10.1080/15563650.2021.1993242,broken-link,DOI 10.1080/15563650.2021.1993242 citation issue (broken-link) — https://doi.org/10.1080/15563650.2021.1993242,https://doi.org/10.1080/15563650.2021.1993242,00_START_HERE/notebooklm_upload_2026-07-01/14_OFFICE_EXTRACTS_EVIDENCE_AND_FACULTY.md,new
2026-07-06T08:46:00+00:00,P1,doi:10.1080/15563650.2025.2493216,broken-link,DOI 10.1080/15563650.2025.2493216 citation issue (broken-link) — https://doi.org/10.1080/15563650.2025.2493216,https://doi.org/10.1080/15563650.2025.2493216,00_START_HERE/notebooklm_upload_2026-07-01/14_OFFICE_EXTRACTS_EVIDENCE_AND_FACULTY.md; 00_START_HERE/notebooklm_upload_2026-07-01/14_OFFICE_EXTRACTS_EVIDENCE_AND_FACULTY.md,new
2026-07-06T08:46:01+00:00,P1,doi:10.1080/15563650.2025.2591356,broken-link,DOI 10.1080/15563650.2025.2591356 citation issue (broken-link) — https://doi.org/10.1080/15563650.2025.2591356,https://doi.org/10.1080/15563650.2025.2591356,00_START_HERE/notebooklm_upload_2026-07-01/14_OFFICE_EXTRACTS_EVIDENCE_AND_FACULTY.md,new
2026-07-06T08:46:02+00:00,P1,doi:10.1080/16506073.2018.1522371,broken-link,DOI 10.1080/16506073.2018.1522371 citation issue (broken-link) — https://doi.org/10.1080/16506073.2018.1522371,https://doi.org/10.1080/16506073.2018.1522371,00_START_HERE/notebooklm_upload_2026-07-01/10_TRACKS_AND_AUDIENCE_OVERLAYS.md; 00_START_HERE/notebooklm_upload_2026-07-01/14_OFFICE_EXTRACTS_EVIDENCE_AND_FACULTY.md; 14_Tracks/Resident/canon_200.md,new
2026-07-06T08:46:03+00:00,P1,doi:10.1080/17425255.2018.1430139,broken-link,DOI 10.1080/17425255.2018.1430139 citation issue (broken-link) — https://doi.org/10.1080/17425255.2018.1430139,https://doi.org/10.1080/17425255.2018.1430139,00_START_HERE/notebooklm_upload_2026-07-01/14_OFFICE_EXTRACTS_EVIDENCE_AND_FACULTY.md,new
2026-07-06T08:46:04+00:00,P1,doi:10.1080/26895269.2022.2100644,broken-link,DOI 10.1080/26895269.2022.2100644 citation issue (broken-link) — https://doi.org/10.1080/26895269.2022.2100644,https://doi.org/10.1080/26895269.2022.2100644,00_START_HERE/notebooklm_upload_2026-07-01/08_CASES_OSCE_SHELF_EXAM.md; 08_Cases_and_Simulation/_source/DOI_RESOLUTION_REPORT.md,new
2026-07-06T08:46:05+00:00,P1,doi:10.1089/jwh.2006.15.352,broken-link,DOI 10.1089/jwh.2006.15.352 citation issue (broken-link) — https://doi.org/10.1089/jwh.2006.15.352,https://doi.org/10.1089/jwh.2006.15.352,00_START_HERE/notebooklm_upload_2026-07-01/14_OFFICE_EXTRACTS_EVIDENCE_AND_FACULTY.md,new
2026-07-06T08:46:05+00:00,P1,doi:10.1089/lgbt.2013.0016,broken-link,DOI 10.1089/lgbt.2013.0016 citation issue (broken-link) — https://doi.org/10.1089/lgbt.2013.0016,https://doi.org/10.1089/lgbt.2013.0016,00_START_HERE/notebooklm_upload_2026-07-01/13_OFFICE_EXTRACTS_CORE_TEACHING.md,new
2026-07-06T08:46:06+00:00,P1,doi:10.1093/acamed/wvag026,broken-link,DOI 10.1093/acamed/wvag026 citation issue (broken-link) — https://doi.org/10.1093/acamed/wvag026,https://doi.org/10.1093/acamed/wvag026,00_START_HERE/notebooklm_upload_2026-07-01/14_OFFICE_EXTRACTS_EVIDENCE_AND_FACULTY.md,new
2026-07-06T08:46:08+00:00,P1,doi:10.1093/ajhp/zxz314,broken-link,DOI 10.1093/ajhp/zxz314 citation issue (broken-link) — https://doi.org/10.1093/ajhp/zxz314,https://doi.org/10.1093/ajhp/zxz314,00_START_HERE/notebooklm_upload_2026-07-01/07_EVIDENCE_LANDMARKS_ROUNDS.md; 00_START_HERE/notebooklm_upload_2026-07-01/14_OFFICE_EXTRACTS_EVIDENCE_AND_FACULTY.md; 07_Evidence_and_Reading/Inpatient_Evidence/evidence_inpatient.md,new
2026-07-06T08:46:09+00:00,P1,doi:10.1093/alcalc/agad017,broken-link,DOI 10.1093/alcalc/agad017 citation issue (broken-link) — https://doi.org/10.1093/alcalc/agad017,https://doi.org/10.1093/alcalc/agad017,00_START_HERE/notebooklm_upload_2026-07-01/14_OFFICE_EXTRACTS_EVIDENCE_AND_FACULTY.md; 00_START_HERE/notebooklm_upload_2026-07-01/14_OFFICE_EXTRACTS_EVIDENCE_AND_FACULTY.md,new
2026-07-06T08:46:10+00:00,P1,doi:10.1093/geront/29.6.798,broken-link,DOI 10.1093/geront/29.6.798 citation issue (broken-link) — https://doi.org/10.1093/geront/29.6.798,https://doi.org/10.1093/geront/29.6.798,00_START_HERE/notebooklm_upload_2026-07-01/14_OFFICE_EXTRACTS_EVIDENCE_AND_FACULTY.md,new
2026-07-06T08:46:11+00:00,P1,doi:10.1093/ijnp/pyaf015,broken-link,DOI 10.1093/ijnp/pyaf015 citation issue (broken-link) — https://doi.org/10.1093/ijnp/pyaf015,https://doi.org/10.1093/ijnp/pyaf015,00_START_HERE/notebooklm_upload_2026-07-01/14_OFFICE_EXTRACTS_EVIDENCE_AND_FACULTY.md,new
2026-07-06T08:46:13+00:00,P1,doi:10.1093/med/9780393707007.001.0001,broken-link,DOI 10.1093/med/9780393707007.001.0001 citation issue (broken-link) — https://doi.org/10.1093/med/9780393707007.001.0001,https://doi.org/10.1093/med/9780393707007.001.0001,00_START_HERE/notebooklm_upload_2026-07-01/08_CASES_OSCE_SHELF_EXAM.md; 08_Cases_and_Simulation/_source/DOI_RESOLUTION_REPORT.md,new
2026-07-06T08:46:14+00:00,P1,doi:10.1093/oxfordjournals.schbul.a006861,broken-link,DOI 10.1093/oxfordjournals.schbul.a006861 citation issue (broken-link) — https://doi.org/10.1093/oxfordjournals.schbul.a006861,https://doi.org/10.1093/oxfordjournals.schbul.a006861,00_START_HERE/notebooklm_upload_2026-07-01/14_OFFICE_EXTRACTS_EVIDENCE_AND_FACULTY.md,new
2026-07-06T08:46:15+00:00,P1,doi:10.1093/schbul/12.4.678,broken-link,DOI 10.1093/schbul/12.4.678 citation issue (broken-link) — https://doi.org/10.1093/schbul/12.4.678,https://doi.org/10.1093/schbul/12.4.678,00_START_HERE/notebooklm_upload_2026-07-01/14_OFFICE_EXTRACTS_EVIDENCE_AND_FACULTY.md,new
2026-07-06T08:46:15+00:00,P1,doi:10.1093/schbul/6.3.490,broken-link,DOI 10.1093/schbul/6.3.490 citation issue (broken-link) — https://doi.org/10.1093/schbul/6.3.490,https://doi.org/10.1093/schbul/6.3.490,00_START_HERE/notebooklm_upload_2026-07-01/14_OFFICE_EXTRACTS_EVIDENCE_AND_FACULTY.md,new
2026-07-06T08:46:16+00:00,P1,doi:10.1093/schbul/sbac041,broken-link,DOI 10.1093/schbul/sbac041 citation issue (broken-link) — https://doi.org/10.1093/schbul/sbac041,https://doi.org/10.1093/schbul/sbac041,00_START_HERE/notebooklm_upload_2026-07-01/14_OFFICE_EXTRACTS_EVIDENCE_AND_FACULTY.md,new
2026-07-06T08:46:17+00:00,P1,doi:10.1093/schbul/sbae173,broken-link,DOI 10.1093/schbul/sbae173 citation issue (broken-link) — https://doi.org/10.1093/schbul/sbae173,https://doi.org/10.1093/schbul/sbae173,00_START_HERE/notebooklm_upload_2026-07-01/14_OFFICE_EXTRACTS_EVIDENCE_AND_FACULTY.md,new
2026-07-06T08:46:18+00:00,P1,doi:10.1093/schbul/sbae205,broken-link,DOI 10.1093/schbul/sbae205 citation issue (broken-link) — https://doi.org/10.1093/schbul/sbae205,https://doi.org/10.1093/schbul/sbae205,00_START_HERE/notebooklm_upload_2026-07-01/14_OFFICE_EXTRACTS_EVIDENCE_AND_FACULTY.md,new
2026-07-06T08:46:19+00:00,P1,doi:10.1093/schbul/sbm047,broken-link,DOI 10.1093/schbul/sbm047 citation issue (broken-link) — https://doi.org/10.1093/schbul/sbm047,https://doi.org/10.1093/schbul/sbm047,00_START_HERE/notebooklm_upload_2026-07-01/08_CASES_OSCE_SHELF_EXAM.md; 08_Cases_and_Simulation/_source/DOI_RESOLUTION_REPORT.md,new
2026-07-06T08:46:20+00:00,P1,doi:10.1093/schbul/sbp006,broken-link,DOI 10.1093/schbul/sbp006 citation issue (broken-link) — https://doi.org/10.1093/schbul/sbp006,https://doi.org/10.1093/schbul/sbp006,00_START_HERE/notebooklm_upload_2026-07-01/10_TRACKS_AND_AUDIENCE_OVERLAYS.md; 00_START_HERE/notebooklm_upload_2026-07-01/14_OFFICE_EXTRACTS_EVIDENCE_AND_FACULTY.md; 14_Tracks/Resident/canon_200.md,new
2026-07-06T08:46:20+00:00,P1,doi:10.1093/schbul/sbq019,broken-link,DOI 10.1093/schbul/sbq019 citation issue (broken-link) — https://doi.org/10.1093/schbul/sbq019,https://doi.org/10.1093/schbul/sbq019,00_START_HERE/notebooklm_upload_2026-07-01/08_CASES_OSCE_SHELF_EXAM.md; 08_Cases_and_Simulation/_source/DOI_RESOLUTION_REPORT.md,new
2026-07-06T08:46:21+00:00,P1,doi:10.1093/schbul/sbs018,broken-link,DOI 10.1093/schbul/sbs018 citation issue (broken-link) — https://doi.org/10.1093/schbul/sbs018,https://doi.org/10.1093/schbul/sbs018,00_START_HERE/notebooklm_upload_2026-07-01/08_CASES_OSCE_SHELF_EXAM.md; 08_Cases_and_Simulation/_source/DOI_RESOLUTION_REPORT.md,new
2026-07-06T08:46:22+00:00,P1,doi:10.1093/schbul/sbs076,broken-link,DOI 10.1093/schbul/sbs076 citation issue (broken-link) — https://doi.org/10.1093/schbul/sbs076,https://doi.org/10.1093/schbul/sbs076,00_START_HERE/notebooklm_upload_2026-07-01/10_TRACKS_AND_AUDIENCE_OVERLAYS.md; 00_START_HERE/notebooklm_upload_2026-07-01/14_OFFICE_EXTRACTS_EVIDENCE_AND_FACULTY.md; 14_Tracks/Resident/canon_200.md,new
2026-07-06T08:46:23+00:00,P1,doi:10.1093/schbul/sbt159,broken-link,DOI 10.1093/schbul/sbt159 citation issue (broken-link) — https://doi.org/10.1093/schbul/sbt159,https://doi.org/10.1093/schbul/sbt159,00_START_HERE/notebooklm_upload_2026-07-01/08_CASES_OSCE_SHELF_EXAM.md; 08_Cases_and_Simulation/_source/DOI_RESOLUTION_REPORT.md,new
2026-07-06T08:46:24+00:00,P1,doi:10.1093/schbul/sbx157,broken-link,DOI 10.1093/schbul/sbx157 citation issue (broken-link) — https://doi.org/10.1093/schbul/sbx157,https://doi.org/10.1093/schbul/sbx157,00_START_HERE/notebooklm_upload_2026-07-01/07_EVIDENCE_LANDMARKS_ROUNDS.md; 00_START_HERE/notebooklm_upload_2026-07-01/14_OFFICE_EXTRACTS_EVIDENCE_AND_FACULTY.md; 07_Evidence_and_Reading/Inpatient_Evidence/evidence_inpatient.md,new
2026-07-06T08:46:24+00:00,P1,doi:10.1093/schbul/sbz038,broken-link,DOI 10.1093/schbul/sbz038 citation issue (broken-link) — https://doi.org/10.1093/schbul/sbz038,https://doi.org/10.1093/schbul/sbz038,00_START_HERE/notebooklm_upload_2026-07-01/14_OFFICE_EXTRACTS_EVIDENCE_AND_FACULTY.md,new
2026-07-06T08:46:25+00:00,P1,doi:10.1093/sleep/26.2.117,broken-link,DOI 10.1093/sleep/26.2.117 citation issue (broken-link) — https://doi.org/10.1093/sleep/26.2.117,https://doi.org/10.1093/sleep/26.2.117,00_START_HERE/notebooklm_upload_2026-07-01/08_CASES_OSCE_SHELF_EXAM.md; 08_Cases_and_Simulation/_source/DOI_RESOLUTION_REPORT.md,new
2026-07-06T08:46:29+00:00,P1,doi:10.1097/00004714-199706000-00012,broken-link,DOI 10.1097/00004714-199706000-00012 citation issue (broken-link) — https://doi.org/10.1097/00004714-199706000-00012,https://doi.org/10.1097/00004714-199706000-00012,00_START_HERE/notebooklm_upload_2026-07-01/14_OFFICE_EXTRACTS_EVIDENCE_AND_FACULTY.md,new
2026-07-06T08:46:30+00:00,P1,doi:10.1097/00005053-199802000-00006,broken-link,DOI 10.1097/00005053-199802000-00006 citation issue (broken-link) — https://doi.org/10.1097/00005053-199802000-00006,https://doi.org/10.1097/00005053-199802000-00006,00_START_HERE/notebooklm_upload_2026-07-01/14_OFFICE_EXTRACTS_EVIDENCE_AND_FACULTY.md,new
2026-07-06T08:46:31+00:00,P1,doi:10.1097/01.NMD.0000487530.90374.2d,broken-link,DOI 10.1097/01.NMD.0000487530.90374.2d citation issue (broken-link) — https://doi.org/10.1097/01.NMD.0000487530.90374.2d,https://doi.org/10.1097/01.NMD.0000487530.90374.2d,00_START_HERE/notebooklm_upload_2026-07-01/08_CASES_OSCE_SHELF_EXAM.md; 08_Cases_and_Simulation/_source/DOI_RESOLUTION_REPORT.md,new
2026-07-06T08:46:34+00:00,P1,doi:10.1097/ACM.0000000000001294,broken-link,DOI 10.1097/ACM.0000000000001294 citation issue (broken-link) — https://doi.org/10.1097/ACM.0000000000001294,https://doi.org/10.1097/ACM.0000000000001294,00_START_HERE/notebooklm_upload_2026-07-01/14_OFFICE_EXTRACTS_EVIDENCE_AND_FACULTY.md; 00_START_HERE/notebooklm_upload_2026-07-01/14_OFFICE_EXTRACTS_EVIDENCE_AND_FACULTY.md,new
2026-07-06T08:46:35+00:00,P1,doi:10.1097/ACM.0000000000001477,broken-link,DOI 10.1097/ACM.0000000000001477 citation issue (broken-link) — https://doi.org/10.1097/ACM.0000000000001477,https://doi.org/10.1097/ACM.0000000000001477,00_START_HERE/notebooklm_upload_2026-07-01/14_OFFICE_EXTRACTS_EVIDENCE_AND_FACULTY.md; 00_START_HERE/notebooklm_upload_2026-07-01/14_OFFICE_EXTRACTS_EVIDENCE_AND_FACULTY.md,new
2026-07-06T08:46:36+00:00,P1,doi:10.1097/ACM.0000000000003559,broken-link,DOI 10.1097/ACM.0000000000003559 citation issue (broken-link) — https://doi.org/10.1097/ACM.0000000000003559,https://doi.org/10.1097/ACM.0000000000003559,00_START_HERE/notebooklm_upload_2026-07-01/14_OFFICE_EXTRACTS_EVIDENCE_AND_FACULTY.md; 00_START_HERE/notebooklm_upload_2026-07-01/14_OFFICE_EXTRACTS_EVIDENCE_AND_FACULTY.md,new
2026-07-06T08:46:37+00:00,P1,doi:10.1097/ACM.0000000000004451,broken-link,DOI 10.1097/ACM.0000000000004451 citation issue (broken-link) — https://doi.org/10.1097/ACM.0000000000004451,https://doi.org/10.1097/ACM.0000000000004451,00_START_HERE/notebooklm_upload_2026-07-01/14_OFFICE_EXTRACTS_EVIDENCE_AND_FACULTY.md; 00_START_HERE/notebooklm_upload_2026-07-01/14_OFFICE_EXTRACTS_EVIDENCE_AND_FACULTY.md,new
2026-07-06T08:46:38+00:00,P1,doi:10.1097/ACM.0000000000005756,broken-link,DOI 10.1097/ACM.0000000000005756 citation issue (broken-link) — https://doi.org/10.1097/ACM.0000000000005756,https://doi.org/10.1097/ACM.0000000000005756,00_START_HERE/notebooklm_upload_2026-07-01/14_OFFICE_EXTRACTS_EVIDENCE_AND_FACULTY.md; 00_START_HERE/notebooklm_upload_2026-07-01/14_OFFICE_EXTRACTS_EVIDENCE_AND_FACULTY.md,new
2026-07-06T08:46:38+00:00,P1,doi:10.1097/ANS.0000000000000442,broken-link,DOI 10.1097/ANS.0000000000000442 citation issue (broken-link) — https://doi.org/10.1097/ANS.0000000000000442,https://doi.org/10.1097/ANS.0000000000000442,00_START_HERE/notebooklm_upload_2026-07-01/14_OFFICE_EXTRACTS_EVIDENCE_AND_FACULTY.md; 00_START_HERE/notebooklm_upload_2026-07-01/14_OFFICE_EXTRACTS_EVIDENCE_AND_FACULTY.md,new
2026-07-06T08:46:39+00:00,P1,doi:10.1097/AOG.0000000000002928,broken-link,DOI 10.1097/AOG.0000000000002928 citation issue (broken-link) — https://doi.org/10.1097/AOG.0000000000002928,https://doi.org/10.1097/AOG.0000000000002928,00_START_HERE/notebooklm_upload_2026-07-01/14_OFFICE_EXTRACTS_EVIDENCE_AND_FACULTY.md,new
2026-07-06T08:46:40+00:00,P1,doi:10.1097/AOG.0000000000004391,broken-link,DOI 10.1097/AOG.0000000000004391 citation issue (broken-link) — https://doi.org/10.1097/AOG.0000000000004391,https://doi.org/10.1097/AOG.0000000000004391,00_START_HERE/notebooklm_upload_2026-07-01/14_OFFICE_EXTRACTS_EVIDENCE_AND_FACULTY.md,new
2026-07-06T08:46:41+00:00,P1,doi:10.1097/AOG.0000000000005200,broken-link,DOI 10.1097/AOG.0000000000005200 citation issue (broken-link) — https://doi.org/10.1097/AOG.0000000000005200,https://doi.org/10.1097/AOG.0000000000005200,00_START_HERE/notebooklm_upload_2026-07-01/14_OFFICE_EXTRACTS_EVIDENCE_AND_FACULTY.md,new
2026-07-06T08:46:42+00:00,P1,doi:10.1097/AOG.0000000000005202,broken-link,DOI 10.1097/AOG.0000000000005202 citation issue (broken-link) — https://doi.org/10.1097/AOG.0000000000005202,https://doi.org/10.1097/AOG.0000000000005202,00_START_HERE/notebooklm_upload_2026-07-01/14_OFFICE_EXTRACTS_EVIDENCE_AND_FACULTY.md,new
2026-07-06T08:46:43+00:00,P1,doi:10.1097/CCM.0000000000001659,broken-link,DOI 10.1097/CCM.0000000000001659 citation issue (broken-link) — https://doi.org/10.1097/CCM.0000000000001659,https://doi.org/10.1097/CCM.0000000000001659,00_START_HERE/notebooklm_upload_2026-07-01/14_OFFICE_EXTRACTS_EVIDENCE_AND_FACULTY.md; 00_START_HERE/notebooklm_upload_2026-07-01/14_OFFICE_EXTRACTS_EVIDENCE_AND_FACULTY.md,new
2026-07-06T08:46:43+00:00,P1,doi:10.1097/CCM.0000000000002642,broken-link,DOI 10.1097/CCM.0000000000002642 citation issue (broken-link) — https://doi.org/10.1097/CCM.0000000000002642,https://doi.org/10.1097/CCM.0000000000002642,00_START_HERE/notebooklm_upload_2026-07-01/07_EVIDENCE_LANDMARKS_ROUNDS.md; 00_START_HERE/notebooklm_upload_2026-07-01/14_OFFICE_EXTRACTS_EVIDENCE_AND_FACULTY.md; 07_Evidence_and_Reading/Inpatient_Evidence/evidence_inpatient.md,new
2026-07-06T08:46:44+00:00,P1,doi:10.1097/CCM.0000000000003299,broken-link,DOI 10.1097/CCM.0000000000003299 citation issue (broken-link) — https://doi.org/10.1097/CCM.0000000000003299,https://doi.org/10.1097/CCM.0000000000003299,00_START_HERE/notebooklm_upload_2026-07-01/07_EVIDENCE_LANDMARKS_ROUNDS.md; 00_START_HERE/notebooklm_upload_2026-07-01/14_OFFICE_EXTRACTS_EVIDENCE_AND_FACULTY.md; 00_START_HERE/notebooklm_upload_2026-07-01/14_OFFICE_EXTRACTS_EVIDENCE_AND_FACULTY.md; 07_Evidence_and_Reading/Inpatient_Evidence/evidence_inpatient.md,new
2026-07-06T08:46:47+00:00,P1,doi:10.1097/HEP.0000000000001644,broken-link,DOI 10.1097/HEP.0000000000001644 citation issue (broken-link) — https://doi.org/10.1097/HEP.0000000000001644,https://doi.org/10.1097/HEP.0000000000001644,00_START_HERE/notebooklm_upload_2026-07-01/14_OFFICE_EXTRACTS_EVIDENCE_AND_FACULTY.md,new
2026-07-06T08:46:48+00:00,P1,doi:10.1097/HRP.0000000000000407,broken-link,DOI 10.1097/HRP.0000000000000407 citation issue (broken-link) — https://doi.org/10.1097/HRP.0000000000000407,https://doi.org/10.1097/HRP.0000000000000407,00_START_HERE/notebooklm_upload_2026-07-01/14_OFFICE_EXTRACTS_EVIDENCE_AND_FACULTY.md; 00_START_HERE/notebooklm_upload_2026-07-01/14_OFFICE_EXTRACTS_EVIDENCE_AND_FACULTY.md,new
2026-07-06T08:46:49+00:00,P1,doi:10.1097/JCP.0000000000000559,broken-link,DOI 10.1097/JCP.0000000000000559 citation issue (broken-link) — https://doi.org/10.1097/JCP.0000000000000559,https://doi.org/10.1097/JCP.0000000000000559,00_START_HERE/notebooklm_upload_2026-07-01/14_OFFICE_EXTRACTS_EVIDENCE_AND_FACULTY.md,new
2026-07-06T08:46:50+00:00,P1,doi:10.1097/JCP.0000000000001287,broken-link,DOI 10.1097/JCP.0000000000001287 citation issue (broken-link) — https://doi.org/10.1097/JCP.0000000000001287,https://doi.org/10.1097/JCP.0000000000001287,00_START_HERE/notebooklm_upload_2026-07-01/14_OFFICE_EXTRACTS_EVIDENCE_AND_FACULTY.md,new
2026-07-06T08:46:50+00:00,P1,doi:10.1097/MJT.0000000000001218,broken-link,DOI 10.1097/MJT.0000000000001218 citation issue (broken-link) — https://doi.org/10.1097/MJT.0000000000001218,https://doi.org/10.1097/MJT.0000000000001218,00_START_HERE/notebooklm_upload_2026-07-01/14_OFFICE_EXTRACTS_EVIDENCE_AND_FACULTY.md,new
2026-07-06T08:46:51+00:00,P1,doi:10.1097/MLR.0000000000001393,broken-link,DOI 10.1097/MLR.0000000000001393 citation issue (broken-link) — https://doi.org/10.1097/MLR.0000000000001393,https://doi.org/10.1097/MLR.0000000000001393,00_START_HERE/notebooklm_upload_2026-07-01/07_EVIDENCE_LANDMARKS_ROUNDS.md; 00_START_HERE/notebooklm_upload_2026-07-01/14_OFFICE_EXTRACTS_EVIDENCE_AND_FACULTY.md; 00_START_HERE/notebooklm_upload_2026-07-01/14_OFFICE_EXTRACTS_EVIDENCE_AND_FACULTY.md; 07_Evidence_and_Reading/Inpatient_Evidence/evidence_inpatient.md,new
2026-07-06T08:46:52+00:00,P1,doi:10.1097/NMD.0000000000000893,broken-link,DOI 10.1097/NMD.0000000000000893 citation issue (broken-link) — https://doi.org/10.1097/NMD.0000000000000893,https://doi.org/10.1097/NMD.0000000000000893,00_START_HERE/notebooklm_upload_2026-07-01/14_OFFICE_EXTRACTS_EVIDENCE_AND_FACULTY.md; 00_START_HERE/notebooklm_upload_2026-07-01/14_OFFICE_EXTRACTS_EVIDENCE_AND_FACULTY.md; 00_START_HERE/notebooklm_upload_2026-07-01/14_OFFICE_EXTRACTS_EVIDENCE_AND_FACULTY.md; 00_START_HERE/notebooklm_upload_2026-07-01/14_OFFICE_EXTRACTS_EVIDENCE_AND_FACULTY.md,new
2026-07-06T08:46:53+00:00,P1,doi:10.1097/NMD.0000000000001529,broken-link,DOI 10.1097/NMD.0000000000001529 citation issue (broken-link) — https://doi.org/10.1097/NMD.0000000000001529,https://doi.org/10.1097/NMD.0000000000001529,00_START_HERE/notebooklm_upload_2026-07-01/07_EVIDENCE_LANDMARKS_ROUNDS.md; 00_START_HERE/notebooklm_upload_2026-07-01/14_OFFICE_EXTRACTS_EVIDENCE_AND_FACULTY.md; 07_Evidence_and_Reading/Inpatient_Evidence/evidence_inpatient.md,new
2026-07-06T08:46:54+00:00,P1,doi:10.1097/NMD.0000000000001694,broken-link,DOI 10.1097/NMD.0000000000001694 citation issue (broken-link) — https://doi.org/10.1097/NMD.0000000000001694,https://doi.org/10.1097/NMD.0000000000001694,00_START_HERE/notebooklm_upload_2026-07-01/14_OFFICE_EXTRACTS_EVIDENCE_AND_FACULTY.md,new
2026-07-06T08:46:54+00:00,P1,doi:10.1097/NMD.0b013e3180325a5b,broken-link,DOI 10.1097/NMD.0b013e3180325a5b citation issue (broken-link) — https://doi.org/10.1097/NMD.0b013e3180325a5b,https://doi.org/10.1097/NMD.0b013e3180325a5b,00_START_HERE/notebooklm_upload_2026-07-01/08_CASES_OSCE_SHELF_EXAM.md; 08_Cases_and_Simulation/_source/DOI_RESOLUTION_REPORT.md,new
2026-07-06T08:46:55+00:00,P1,doi:10.1097/PEC.0000000000001076,broken-link,DOI 10.1097/PEC.0000000000001076 citation issue (broken-link) — https://doi.org/10.1097/PEC.0000000000001076,https://doi.org/10.1097/PEC.0000000000001076,00_START_HERE/notebooklm_upload_2026-07-01/14_OFFICE_EXTRACTS_EVIDENCE_AND_FACULTY.md,new
2026-07-06T08:46:56+00:00,P1,doi:10.1097/PEC.0000000000001231,broken-link,DOI 10.1097/PEC.0000000000001231 citation issue (broken-link) — https://doi.org/10.1097/PEC.0000000000001231,https://doi.org/10.1097/PEC.0000000000001231,00_START_HERE/notebooklm_upload_2026-07-01/14_OFFICE_EXTRACTS_EVIDENCE_AND_FACULTY.md,new
2026-07-06T08:46:57+00:00,P1,doi:10.1097/PEC.0000000000002391,broken-link,DOI 10.1097/PEC.0000000000002391 citation issue (broken-link) — https://doi.org/10.1097/PEC.0000000000002391,https://doi.org/10.1097/PEC.0000000000002391,00_START_HERE/notebooklm_upload_2026-07-01/14_OFFICE_EXTRACTS_EVIDENCE_AND_FACULTY.md,new
2026-07-06T08:46:58+00:00,P1,doi:10.1097/PEC.0000000000003237,broken-link,DOI 10.1097/PEC.0000000000003237 citation issue (broken-link) — https://doi.org/10.1097/PEC.0000000000003237,https://doi.org/10.1097/PEC.0000000000003237,00_START_HERE/notebooklm_upload_2026-07-01/14_OFFICE_EXTRACTS_EVIDENCE_AND_FACULTY.md,new
2026-07-06T08:46:59+00:00,P1,doi:10.1097/PSY.0b013e31820ad12b,broken-link,DOI 10.1097/PSY.0b013e31820ad12b citation issue (broken-link) — https://doi.org/10.1097/PSY.0b013e31820ad12b,https://doi.org/10.1097/PSY.0b013e31820ad12b,00_START_HERE/notebooklm_upload_2026-07-01/10_TRACKS_AND_AUDIENCE_OVERLAYS.md; 00_START_HERE/notebooklm_upload_2026-07-01/14_OFFICE_EXTRACTS_EVIDENCE_AND_FACULTY.md; 14_Tracks/Resident/canon_200.md,new
2026-07-06T08:46:59+00:00,P1,doi:10.1097/PTS.0b013e31828a5f43,broken-link,DOI 10.1097/PTS.0b013e31828a5f43 citation issue (broken-link) — https://doi.org/10.1097/PTS.0b013e31828a5f43,https://doi.org/10.1097/PTS.0b013e31828a5f43,00_START_HERE/notebooklm_upload_2026-07-01/08_CASES_OSCE_SHELF_EXAM.md; 08_Cases_and_Simulation/_source/DOI_RESOLUTION_REPORT.md,new
2026-07-06T08:47:00+00:00,P1,doi:10.1097/YCO.0000000000000051,broken-link,DOI 10.1097/YCO.0000000000000051 citation issue (broken-link) — https://doi.org/10.1097/YCO.0000000000000051,https://doi.org/10.1097/YCO.0000000000000051,00_START_HERE/notebooklm_upload_2026-07-01/14_OFFICE_EXTRACTS_EVIDENCE_AND_FACULTY.md,new
2026-07-06T08:47:01+00:00,P1,doi:10.1097/YCO.0000000000000787,broken-link,DOI 10.1097/YCO.0000000000000787 citation issue (broken-link) — https://doi.org/10.1097/YCO.0000000000000787,https://doi.org/10.1097/YCO.0000000000000787,00_START_HERE/notebooklm_upload_2026-07-01/07_EVIDENCE_LANDMARKS_ROUNDS.md; 00_START_HERE/notebooklm_upload_2026-07-01/14_OFFICE_EXTRACTS_EVIDENCE_AND_FACULTY.md; 00_START_HERE/notebooklm_upload_2026-07-01/14_OFFICE_EXTRACTS_EVIDENCE_AND_FACULTY.md; 07_Evidence_and_Reading/Inpatient_Evidence/evidence_inpatient.md,new
2026-07-06T08:47:02+00:00,P1,doi:10.1097/YCT.0000000000001188,broken-link,DOI 10.1097/YCT.0000000000001188 citation issue (broken-link) — https://doi.org/10.1097/YCT.0000000000001188,https://doi.org/10.1097/YCT.0000000000001188,00_START_HERE/notebooklm_upload_2026-07-01/14_OFFICE_EXTRACTS_EVIDENCE_AND_FACULTY.md,new
2026-07-06T08:47:03+00:00,P1,doi:10.1097/YIC.0000000000000124,broken-link,DOI 10.1097/YIC.0000000000000124 citation issue (broken-link) — https://doi.org/10.1097/YIC.0000000000000124,https://doi.org/10.1097/YIC.0000000000000124,00_START_HERE/notebooklm_upload_2026-07-01/14_OFFICE_EXTRACTS_EVIDENCE_AND_FACULTY.md,new
2026-07-06T08:47:03+00:00,P1,doi:10.1097/YIC.0000000000000554,broken-link,DOI 10.1097/YIC.0000000000000554 citation issue (broken-link) — https://doi.org/10.1097/YIC.0000000000000554,https://doi.org/10.1097/YIC.0000000000000554,00_START_HERE/notebooklm_upload_2026-07-01/10_TRACKS_AND_AUDIENCE_OVERLAYS.md; 00_START_HERE/notebooklm_upload_2026-07-01/14_OFFICE_EXTRACTS_EVIDENCE_AND_FACULTY.md; 14_Tracks/Resident/canon_200.md,new
2026-07-06T08:47:09+00:00,P1,doi:10.1108/09641861311330464,broken-link,DOI 10.1108/09641861311330464 citation issue (broken-link) — https://doi.org/10.1108/09641861311330464,https://doi.org/10.1108/09641861311330464,00_START_HERE/notebooklm_upload_2026-07-01/08_CASES_OSCE_SHELF_EXAM.md; 08_Cases_and_Simulation/_source/DOI_RESOLUTION_REPORT.md,new
2026-07-06T08:47:10+00:00,P1,doi:10.1111/1556-4029.14746,broken-link,DOI 10.1111/1556-4029.14746 citation issue (broken-link) — https://doi.org/10.1111/1556-4029.14746,https://doi.org/10.1111/1556-4029.14746,00_START_HERE/notebooklm_upload_2026-07-01/07_EVIDENCE_LANDMARKS_ROUNDS.md; 00_START_HERE/notebooklm_upload_2026-07-01/14_OFFICE_EXTRACTS_EVIDENCE_AND_FACULTY.md; 07_Evidence_and_Reading/Inpatient_Evidence/evidence_inpatient.md,new
2026-07-06T08:47:11+00:00,P1,doi:10.1111/1742-6723.13173,broken-link,DOI 10.1111/1742-6723.13173 citation issue (broken-link) — https://doi.org/10.1111/1742-6723.13173,https://doi.org/10.1111/1742-6723.13173,00_START_HERE/notebooklm_upload_2026-07-01/14_OFFICE_EXTRACTS_EVIDENCE_AND_FACULTY.md,new
2026-07-06T08:47:12+00:00,P1,doi:10.1111/acem.13486,broken-link,DOI 10.1111/acem.13486 citation issue (broken-link) — https://doi.org/10.1111/acem.13486,https://doi.org/10.1111/acem.13486,00_START_HERE/notebooklm_upload_2026-07-01/14_OFFICE_EXTRACTS_EVIDENCE_AND_FACULTY.md,new
2026-07-06T08:47:12+00:00,P1,doi:10.1111/acem.13826,broken-link,DOI 10.1111/acem.13826 citation issue (broken-link) — https://doi.org/10.1111/acem.13826,https://doi.org/10.1111/acem.13826,00_START_HERE/notebooklm_upload_2026-07-01/14_OFFICE_EXTRACTS_EVIDENCE_AND_FACULTY.md,new
2026-07-06T08:47:13+00:00,P1,doi:10.1111/acem.14124,broken-link,DOI 10.1111/acem.14124 citation issue (broken-link) — https://doi.org/10.1111/acem.14124,https://doi.org/10.1111/acem.14124,00_START_HERE/notebooklm_upload_2026-07-01/14_OFFICE_EXTRACTS_EVIDENCE_AND_FACULTY.md,new
2026-07-06T08:47:14+00:00,P1,doi:10.1111/acer.12006,broken-link,DOI 10.1111/acer.12006 citation issue (broken-link) — https://doi.org/10.1111/acer.12006,https://doi.org/10.1111/acer.12006,00_START_HERE/notebooklm_upload_2026-07-01/08_CASES_OSCE_SHELF_EXAM.md; 08_Cases_and_Simulation/_source/DOI_RESOLUTION_REPORT.md,new
2026-07-06T08:47:15+00:00,P1,doi:10.1111/acer.14843,broken-link,DOI 10.1111/acer.14843 citation issue (broken-link) — https://doi.org/10.1111/acer.14843,https://doi.org/10.1111/acer.14843,00_START_HERE/notebooklm_upload_2026-07-01/14_OFFICE_EXTRACTS_EVIDENCE_AND_FACULTY.md; 00_START_HERE/notebooklm_upload_2026-07-01/14_OFFICE_EXTRACTS_EVIDENCE_AND_FACULTY.md,new
2026-07-06T08:47:16+00:00,P1,doi:10.1111/acps.12664,broken-link,DOI 10.1111/acps.12664 citation issue (broken-link) — https://doi.org/10.1111/acps.12664,https://doi.org/10.1111/acps.12664,00_START_HERE/notebooklm_upload_2026-07-01/14_OFFICE_EXTRACTS_EVIDENCE_AND_FACULTY.md; 00_START_HERE/notebooklm_upload_2026-07-01/14_OFFICE_EXTRACTS_EVIDENCE_AND_FACULTY.md; 00_START_HERE/notebooklm_upload_2026-07-01/14_OFFICE_EXTRACTS_EVIDENCE_AND_FACULTY.md; 00_START_HERE/notebooklm_upload_2026-07-01/14_OFFICE_EXTRACTS_EVIDENCE_AND_FACULTY.md; 00_START_HERE/notebooklm_upload_2026-07-01/14_OFFICE_EXTRACTS_EVIDENCE_AND_FACULTY.md,new
2026-07-06T08:47:16+00:00,P1,doi:10.1111/acps.12995,broken-link,DOI 10.1111/acps.12995 citation issue (broken-link) — https://doi.org/10.1111/acps.12995,https://doi.org/10.1111/acps.12995,00_START_HERE/notebooklm_upload_2026-07-01/14_OFFICE_EXTRACTS_EVIDENCE_AND_FACULTY.md; 00_START_HERE/notebooklm_upload_2026-07-01/14_OFFICE_EXTRACTS_EVIDENCE_AND_FACULTY.md,new
2026-07-06T08:47:17+00:00,P1,doi:10.1111/acps.13217,broken-link,DOI 10.1111/acps.13217 citation issue (broken-link) — https://doi.org/10.1111/acps.13217,https://doi.org/10.1111/acps.13217,00_START_HERE/notebooklm_upload_2026-07-01/14_OFFICE_EXTRACTS_EVIDENCE_AND_FACULTY.md,new
2026-07-06T08:47:18+00:00,P1,doi:10.1111/acps.13401,broken-link,DOI 10.1111/acps.13401 citation issue (broken-link) — https://doi.org/10.1111/acps.13401,https://doi.org/10.1111/acps.13401,00_START_HERE/notebooklm_upload_2026-07-01/08_CASES_OSCE_SHELF_EXAM.md; 08_Cases_and_Simulation/_source/DOI_RESOLUTION_REPORT.md,new
2026-07-06T08:47:19+00:00,P1,doi:10.1111/acps.13403,broken-link,DOI 10.1111/acps.13403 citation issue (broken-link) — https://doi.org/10.1111/acps.13403,https://doi.org/10.1111/acps.13403,00_START_HERE/notebooklm_upload_2026-07-01/14_OFFICE_EXTRACTS_EVIDENCE_AND_FACULTY.md; 00_START_HERE/notebooklm_upload_2026-07-01/14_OFFICE_EXTRACTS_EVIDENCE_AND_FACULTY.md; 00_START_HERE/notebooklm_upload_2026-07-01/14_OFFICE_EXTRACTS_EVIDENCE_AND_FACULTY.md; 00_START_HERE/notebooklm_upload_2026-07-01/14_OFFICE_EXTRACTS_EVIDENCE_AND_FACULTY.md,new
2026-07-06T08:47:20+00:00,P1,doi:10.1111/acps.13564,broken-link,DOI 10.1111/acps.13564 citation issue (broken-link) — https://doi.org/10.1111/acps.13564,https://doi.org/10.1111/acps.13564,00_START_HERE/notebooklm_upload_2026-07-01/14_OFFICE_EXTRACTS_EVIDENCE_AND_FACULTY.md; 00_START_HERE/notebooklm_upload_2026-07-01/14_OFFICE_EXTRACTS_EVIDENCE_AND_FACULTY.md; 00_START_HERE/notebooklm_upload_2026-07-01/14_OFFICE_EXTRACTS_EVIDENCE_AND_FACULTY.md; 00_START_HERE/notebooklm_upload_2026-07-01/14_OFFICE_EXTRACTS_EVIDENCE_AND_FACULTY.md,new
2026-07-06T08:47:20+00:00,P1,doi:10.1111/acps.70073,broken-link,DOI 10.1111/acps.70073 citation issue (broken-link) — https://doi.org/10.1111/acps.70073,https://doi.org/10.1111/acps.70073,00_START_HERE/notebooklm_upload_2026-07-01/14_OFFICE_EXTRACTS_EVIDENCE_AND_FACULTY.md,new
2026-07-06T08:47:21+00:00,P1,doi:10.1111/acps.70085,broken-link,DOI 10.1111/acps.70085 citation issue (broken-link) — https://doi.org/10.1111/acps.70085,https://doi.org/10.1111/acps.70085,00_START_HERE/notebooklm_upload_2026-07-01/14_OFFICE_EXTRACTS_EVIDENCE_AND_FACULTY.md,new
2026-07-06T08:47:22+00:00,P1,doi:10.1111/acps.70102,broken-link,DOI 10.1111/acps.70102 citation issue (broken-link) — https://doi.org/10.1111/acps.70102,https://doi.org/10.1111/acps.70102,00_START_HERE/notebooklm_upload_2026-07-01/07_EVIDENCE_LANDMARKS_ROUNDS.md; 00_START_HERE/notebooklm_upload_2026-07-01/14_OFFICE_EXTRACTS_EVIDENCE_AND_FACULTY.md; 07_Evidence_and_Reading/Inpatient_Evidence/evidence_inpatient.md,new
2026-07-06T08:47:23+00:00,P1,doi:10.1111/add.13675,broken-link,DOI 10.1111/add.13675 citation issue (broken-link) — https://doi.org/10.1111/add.13675,https://doi.org/10.1111/add.13675,00_START_HERE/notebooklm_upload_2026-07-01/14_OFFICE_EXTRACTS_EVIDENCE_AND_FACULTY.md,new
2026-07-06T08:47:24+00:00,P1,doi:10.1111/add.13780,broken-link,DOI 10.1111/add.13780 citation issue (broken-link) — https://doi.org/10.1111/add.13780,https://doi.org/10.1111/add.13780,00_START_HERE/notebooklm_upload_2026-07-01/07_EVIDENCE_LANDMARKS_ROUNDS.md; 00_START_HERE/notebooklm_upload_2026-07-01/14_OFFICE_EXTRACTS_EVIDENCE_AND_FACULTY.md; 07_Evidence_and_Reading/Inpatient_Evidence/evidence_inpatient.md,new
2026-07-06T08:47:24+00:00,P1,doi:10.1111/add.16280,broken-link,DOI 10.1111/add.16280 citation issue (broken-link) — https://doi.org/10.1111/add.16280,https://doi.org/10.1111/add.16280,00_START_HERE/notebooklm_upload_2026-07-01/08_CASES_OSCE_SHELF_EXAM.md; 08_Cases_and_Simulation/_source/DOI_RESOLUTION_REPORT.md,new
2026-07-06T08:47:25+00:00,P1,doi:10.1111/ans.70028,broken-link,DOI 10.1111/ans.70028 citation issue (broken-link) — https://doi.org/10.1111/ans.70028,https://doi.org/10.1111/ans.70028,00_START_HERE/notebooklm_upload_2026-07-01/08_CASES_OSCE_SHELF_EXAM.md; 08_Cases_and_Simulation/_source/DOI_RESOLUTION_REPORT.md,new
2026-07-06T08:47:26+00:00,P1,doi:10.1111/apt.12324,broken-link,DOI 10.1111/apt.12324 citation issue (broken-link) — https://doi.org/10.1111/apt.12324,https://doi.org/10.1111/apt.12324,00_START_HERE/notebooklm_upload_2026-07-01/14_OFFICE_EXTRACTS_EVIDENCE_AND_FACULTY.md,new
2026-07-06T08:47:27+00:00,P1,doi:10.1111/apt.12925,broken-link,DOI 10.1111/apt.12925 citation issue (broken-link) — https://doi.org/10.1111/apt.12925,https://doi.org/10.1111/apt.12925,00_START_HERE/notebooklm_upload_2026-07-01/14_OFFICE_EXTRACTS_EVIDENCE_AND_FACULTY.md,new
2026-07-06T08:47:28+00:00,P1,doi:10.1111/bcp.12681,broken-link,DOI 10.1111/bcp.12681 citation issue (broken-link) — https://doi.org/10.1111/bcp.12681,https://doi.org/10.1111/bcp.12681,00_START_HERE/notebooklm_upload_2026-07-01/14_OFFICE_EXTRACTS_EVIDENCE_AND_FACULTY.md,new
2026-07-06T08:47:29+00:00,P1,doi:10.1111/bcp.12849,broken-link,DOI 10.1111/bcp.12849 citation issue (broken-link) — https://doi.org/10.1111/bcp.12849,https://doi.org/10.1111/bcp.12849,00_START_HERE/notebooklm_upload_2026-07-01/14_OFFICE_EXTRACTS_EVIDENCE_AND_FACULTY.md,new
2026-07-06T08:47:29+00:00,P1,doi:10.1111/bcp.13194,broken-link,DOI 10.1111/bcp.13194 citation issue (broken-link) — https://doi.org/10.1111/bcp.13194,https://doi.org/10.1111/bcp.13194,00_START_HERE/notebooklm_upload_2026-07-01/14_OFFICE_EXTRACTS_EVIDENCE_AND_FACULTY.md,new
2026-07-06T08:47:30+00:00,P1,doi:10.1111/bcpt.13912,broken-link,DOI 10.1111/bcpt.13912 citation issue (broken-link) — https://doi.org/10.1111/bcpt.13912,https://doi.org/10.1111/bcpt.13912,00_START_HERE/notebooklm_upload_2026-07-01/14_OFFICE_EXTRACTS_EVIDENCE_AND_FACULTY.md,new
2026-07-06T08:47:31+00:00,P1,doi:10.1111/bdi.12390,broken-link,DOI 10.1111/bdi.12390 citation issue (broken-link) — https://doi.org/10.1111/bdi.12390,https://doi.org/10.1111/bdi.12390,00_START_HERE/notebooklm_upload_2026-07-01/08_CASES_OSCE_SHELF_EXAM.md; 08_Cases_and_Simulation/_source/DOI_RESOLUTION_REPORT.md,new
2026-07-06T08:47:32+00:00,P1,doi:10.1111/bdi.12621,broken-link,DOI 10.1111/bdi.12621 citation issue (broken-link) — https://doi.org/10.1111/bdi.12621,https://doi.org/10.1111/bdi.12621,00_START_HERE/notebooklm_upload_2026-07-01/14_OFFICE_EXTRACTS_EVIDENCE_AND_FACULTY.md,new
2026-07-06T08:47:33+00:00,P1,doi:10.1111/bdi.12860,broken-link,DOI 10.1111/bdi.12860 citation issue (broken-link) — https://doi.org/10.1111/bdi.12860,https://doi.org/10.1111/bdi.12860,00_START_HERE/notebooklm_upload_2026-07-01/13_OFFICE_EXTRACTS_CORE_TEACHING.md,new
2026-07-06T08:47:33+00:00,P1,doi:10.1111/bdi.13405,broken-link,DOI 10.1111/bdi.13405 citation issue (broken-link) — https://doi.org/10.1111/bdi.13405,https://doi.org/10.1111/bdi.13405,00_START_HERE/notebooklm_upload_2026-07-01/14_OFFICE_EXTRACTS_EVIDENCE_AND_FACULTY.md,new
2026-07-06T08:47:34+00:00,P1,doi:10.1111/bdi.70122,broken-link,DOI 10.1111/bdi.70122 citation issue (broken-link) — https://doi.org/10.1111/bdi.70122,https://doi.org/10.1111/bdi.70122,00_START_HERE/notebooklm_upload_2026-07-01/14_OFFICE_EXTRACTS_EVIDENCE_AND_FACULTY.md,new
2026-07-06T08:47:35+00:00,P1,doi:10.1111/bjc.12182,broken-link,DOI 10.1111/bjc.12182 citation issue (broken-link) — https://doi.org/10.1111/bjc.12182,https://doi.org/10.1111/bjc.12182,00_START_HERE/notebooklm_upload_2026-07-01/14_OFFICE_EXTRACTS_EVIDENCE_AND_FACULTY.md,new
2026-07-06T08:47:36+00:00,P1,doi:10.1111/cpsp.12162,broken-link,DOI 10.1111/cpsp.12162 citation issue (broken-link) — https://doi.org/10.1111/cpsp.12162,https://doi.org/10.1111/cpsp.12162,00_START_HERE/notebooklm_upload_2026-07-01/08_CASES_OSCE_SHELF_EXAM.md; 08_Cases_and_Simulation/_source/DOI_RESOLUTION_REPORT.md,new
2026-07-06T08:47:37+00:00,P1,doi:10.1111/eip.12715,broken-link,DOI 10.1111/eip.12715 citation issue (broken-link) — https://doi.org/10.1111/eip.12715,https://doi.org/10.1111/eip.12715,00_START_HERE/notebooklm_upload_2026-07-01/08_CASES_OSCE_SHELF_EXAM.md; 08_Cases_and_Simulation/_source/DOI_RESOLUTION_REPORT.md,new
2026-07-06T08:47:38+00:00,P1,doi:10.1111/ejn.14630,broken-link,DOI 10.1111/ejn.14630 citation issue (broken-link) — https://doi.org/10.1111/ejn.14630,https://doi.org/10.1111/ejn.14630,00_START_HERE/notebooklm_upload_2026-07-01/10_TRACKS_AND_AUDIENCE_OVERLAYS.md; 00_START_HERE/notebooklm_upload_2026-07-01/14_OFFICE_EXTRACTS_EVIDENCE_AND_FACULTY.md; 14_Tracks/Resident/canon_200.md,new
2026-07-06T08:47:38+00:00,P1,doi:10.1111/famp.12188,broken-link,DOI 10.1111/famp.12188 citation issue (broken-link) — https://doi.org/10.1111/famp.12188,https://doi.org/10.1111/famp.12188,00_START_HERE/notebooklm_upload_2026-07-01/14_OFFICE_EXTRACTS_EVIDENCE_AND_FACULTY.md,new
2026-07-06T08:47:39+00:00,P1,doi:10.1111/famp.12208,broken-link,DOI 10.1111/famp.12208 citation issue (broken-link) — https://doi.org/10.1111/famp.12208,https://doi.org/10.1111/famp.12208,00_START_HERE/notebooklm_upload_2026-07-01/14_OFFICE_EXTRACTS_EVIDENCE_AND_FACULTY.md,new
2026-07-06T08:47:40+00:00,P1,doi:10.1111/famp.12235,broken-link,DOI 10.1111/famp.12235 citation issue (broken-link) — https://doi.org/10.1111/famp.12235,https://doi.org/10.1111/famp.12235,00_START_HERE/notebooklm_upload_2026-07-01/14_OFFICE_EXTRACTS_EVIDENCE_AND_FACULTY.md,new
2026-07-06T08:47:41+00:00,P1,doi:10.1111/famp.13089,broken-link,DOI 10.1111/famp.13089 citation issue (broken-link) — https://doi.org/10.1111/famp.13089,https://doi.org/10.1111/famp.13089,00_START_HERE/notebooklm_upload_2026-07-01/14_OFFICE_EXTRACTS_EVIDENCE_AND_FACULTY.md; 00_START_HERE/notebooklm_upload_2026-07-01/14_OFFICE_EXTRACTS_EVIDENCE_AND_FACULTY.md; 00_START_HERE/notebooklm_upload_2026-07-01/14_OFFICE_EXTRACTS_EVIDENCE_AND_FACULTY.md; 00_START_HERE/notebooklm_upload_2026-07-01/14_OFFICE_EXTRACTS_EVIDENCE_AND_FACULTY.md,new
2026-07-06T08:47:42+00:00,P1,doi:10.1111/hex.13192,broken-link,DOI 10.1111/hex.13192 citation issue (broken-link) — https://doi.org/10.1111/hex.13192,https://doi.org/10.1111/hex.13192,00_START_HERE/notebooklm_upload_2026-07-01/14_OFFICE_EXTRACTS_EVIDENCE_AND_FACULTY.md,new
2026-07-06T08:47:43+00:00,P1,doi:10.1111/inm.13156,broken-link,DOI 10.1111/inm.13156 citation issue (broken-link) — https://doi.org/10.1111/inm.13156,https://doi.org/10.1111/inm.13156,00_START_HERE/notebooklm_upload_2026-07-01/08_CASES_OSCE_SHELF_EXAM.md; 08_Cases_and_Simulation/_source/DOI_RESOLUTION_REPORT.md,new
2026-07-06T08:47:43+00:00,P1,doi:10.1111/j.1365-2850.2010.01679.x,broken-link,DOI 10.1111/j.1365-2850.2010.01679.x citation issue (broken-link) — https://doi.org/10.1111/j.1365-2850.2010.01679.x,https://doi.org/10.1111/j.1365-2850.2010.01679.x,00_START_HERE/notebooklm_upload_2026-07-01/08_CASES_OSCE_SHELF_EXAM.md; 08_Cases_and_Simulation/_source/DOI_RESOLUTION_REPORT.md,new
2026-07-06T08:47:44+00:00,P1,doi:10.1111/j.1399-5618.2009.00737.x,broken-link,DOI 10.1111/j.1399-5618.2009.00737.x citation issue (broken-link) — https://doi.org/10.1111/j.1399-5618.2009.00737.x,https://doi.org/10.1111/j.1399-5618.2009.00737.x,00_START_HERE/notebooklm_upload_2026-07-01/14_OFFICE_EXTRACTS_EVIDENCE_AND_FACULTY.md,new
2026-07-06T08:47:45+00:00,P1,doi:10.1111/j.1469-7610.1976.tb00381.x,broken-link,DOI 10.1111/j.1469-7610.1976.tb00381.x citation issue (broken-link) — https://doi.org/10.1111/j.1469-7610.1976.tb00381.x,https://doi.org/10.1111/j.1469-7610.1976.tb00381.x,00_START_HERE/notebooklm_upload_2026-07-01/08_CASES_OSCE_SHELF_EXAM.md; 08_Cases_and_Simulation/_source/DOI_RESOLUTION_REPORT.md,new
2026-07-06T08:47:46+00:00,P1,doi:10.1111/j.1469-7610.2010.02321.x,broken-link,DOI 10.1111/j.1469-7610.2010.02321.x citation issue (broken-link) — https://doi.org/10.1111/j.1469-7610.2010.02321.x,https://doi.org/10.1111/j.1469-7610.2010.02321.x,00_START_HERE/notebooklm_upload_2026-07-01/14_OFFICE_EXTRACTS_EVIDENCE_AND_FACULTY.md,new
2026-07-06T08:47:47+00:00,P1,doi:10.1111/j.1471-0528.2007.01563.x,broken-link,DOI 10.1111/j.1471-0528.2007.01563.x citation issue (broken-link) — https://doi.org/10.1111/j.1471-0528.2007.01563.x,https://doi.org/10.1111/j.1471-0528.2007.01563.x,00_START_HERE/notebooklm_upload_2026-07-01/14_OFFICE_EXTRACTS_EVIDENCE_AND_FACULTY.md,new
2026-07-06T08:47:47+00:00,P1,doi:10.1111/j.1530-0277.1993.tb05219.x,broken-link,DOI 10.1111/j.1530-0277.1993.tb05219.x citation issue (broken-link) — https://doi.org/10.1111/j.1530-0277.1993.tb05219.x,https://doi.org/10.1111/j.1530-0277.1993.tb05219.x,00_START_HERE/notebooklm_upload_2026-07-01/10_TRACKS_AND_AUDIENCE_OVERLAYS.md; 00_START_HERE/notebooklm_upload_2026-07-01/14_OFFICE_EXTRACTS_EVIDENCE_AND_FACULTY.md; 14_Tracks/Resident/canon_200.md,new
2026-07-06T08:47:48+00:00,P1,doi:10.1111/j.1530-0277.1998.tb03912.x,broken-link,DOI 10.1111/j.1530-0277.1998.tb03912.x citation issue (broken-link) — https://doi.org/10.1111/j.1530-0277.1998.tb03912.x,https://doi.org/10.1111/j.1530-0277.1998.tb03912.x,00_START_HERE/notebooklm_upload_2026-07-01/07_EVIDENCE_LANDMARKS_ROUNDS.md; 00_START_HERE/notebooklm_upload_2026-07-01/07_EVIDENCE_LANDMARKS_ROUNDS.md; 07_Evidence_and_Reading/Landmark_Trials/LM_crosswalk.md; 07_Evidence_and_Reading/Landmark_Trials/landmark_trials_page.md,new
2026-07-06T08:47:49+00:00,P1,doi:10.1111/j.1532-5415.2005.53221.x,broken-link,DOI 10.1111/j.1532-5415.2005.53221.x citation issue (broken-link) — https://doi.org/10.1111/j.1532-5415.2005.53221.x,https://doi.org/10.1111/j.1532-5415.2005.53221.x,00_START_HERE/notebooklm_upload_2026-07-01/07_EVIDENCE_LANDMARKS_ROUNDS.md; 07_Evidence_and_Reading/Landmark_Trials/LM_crosswalk.md,new
2026-07-06T08:47:50+00:00,P1,doi:10.1111/j.1540-5834.2012.00650.x,broken-link,DOI 10.1111/j.1540-5834.2012.00650.x citation issue (broken-link) — https://doi.org/10.1111/j.1540-5834.2012.00650.x,https://doi.org/10.1111/j.1540-5834.2012.00650.x,00_START_HERE/notebooklm_upload_2026-07-01/08_CASES_OSCE_SHELF_EXAM.md; 08_Cases_and_Simulation/_source/DOI_RESOLUTION_REPORT.md,new
2026-07-06T08:47:51+00:00,P1,doi:10.1111/j.1545-5300.1995.00127.x,broken-link,DOI 10.1111/j.1545-5300.1995.00127.x citation issue (broken-link) — https://doi.org/10.1111/j.1545-5300.1995.00127.x,https://doi.org/10.1111/j.1545-5300.1995.00127.x,00_START_HERE/notebooklm_upload_2026-07-01/14_OFFICE_EXTRACTS_EVIDENCE_AND_FACULTY.md,new
2026-07-06T08:47:52+00:00,P1,doi:10.1111/j.1545-5300.2003.00403.x,broken-link,DOI 10.1111/j.1545-5300.2003.00403.x citation issue (broken-link) — https://doi.org/10.1111/j.1545-5300.2003.00403.x,https://doi.org/10.1111/j.1545-5300.2003.00403.x,00_START_HERE/notebooklm_upload_2026-07-01/07_EVIDENCE_LANDMARKS_ROUNDS.md; 00_START_HERE/notebooklm_upload_2026-07-01/14_OFFICE_EXTRACTS_EVIDENCE_AND_FACULTY.md; 07_Evidence_and_Reading/Inpatient_Evidence/evidence_inpatient.md,new
2026-07-06T08:47:52+00:00,P1,doi:10.1111/j.1600-0447.1996.tb09814.x,broken-link,DOI 10.1111/j.1600-0447.1996.tb09814.x citation issue (broken-link) — https://doi.org/10.1111/j.1600-0447.1996.tb09814.x,https://doi.org/10.1111/j.1600-0447.1996.tb09814.x,00_START_HERE/notebooklm_upload_2026-07-01/07_EVIDENCE_LANDMARKS_ROUNDS.md; 00_START_HERE/notebooklm_upload_2026-07-01/07_EVIDENCE_LANDMARKS_ROUNDS.md; 00_START_HERE/notebooklm_upload_2026-07-01/08_CASES_OSCE_SHELF_EXAM.md; 07_Evidence_and_Reading/Landmark_Trials/LM_crosswalk.md; 07_Evidence_and_Reading/Landmark_Trials/landmark_trials_page.md; 08_Cases_and_Simulation/_source/DOI_RESOLUTION_REPORT.md,new
2026-07-06T08:47:53+00:00,P1,doi:10.1111/j.1651-2227.1994.tb13277.x,broken-link,DOI 10.1111/j.1651-2227.1994.tb13277.x citation issue (broken-link) — https://doi.org/10.1111/j.1651-2227.1994.tb13277.x,https://doi.org/10.1111/j.1651-2227.1994.tb13277.x,00_START_HERE/notebooklm_upload_2026-07-01/08_CASES_OSCE_SHELF_EXAM.md; 08_Cases_and_Simulation/_source/DOI_RESOLUTION_REPORT.md,new
2026-07-06T08:47:54+00:00,P1,doi:10.1111/j.1742-1241.2006.01044.x,broken-link,DOI 10.1111/j.1742-1241.2006.01044.x citation issue (broken-link) — https://doi.org/10.1111/j.1742-1241.2006.01044.x,https://doi.org/10.1111/j.1742-1241.2006.01044.x,00_START_HERE/notebooklm_upload_2026-07-01/14_OFFICE_EXTRACTS_EVIDENCE_AND_FACULTY.md,new
2026-07-06T08:47:55+00:00,P1,doi:10.1111/j.1744-6163.1997.tb00536.x,broken-link,DOI 10.1111/j.1744-6163.1997.tb00536.x citation issue (broken-link) — https://doi.org/10.1111/j.1744-6163.1997.tb00536.x,https://doi.org/10.1111/j.1744-6163.1997.tb00536.x,00_START_HERE/notebooklm_upload_2026-07-01/08_CASES_OSCE_SHELF_EXAM.md; 08_Cases_and_Simulation/_source/DOI_RESOLUTION_REPORT.md,new
2026-07-06T08:47:56+00:00,P1,doi:10.1111/j.1744-6171.2010.00246.x,broken-link,DOI 10.1111/j.1744-6171.2010.00246.x citation issue (broken-link) — https://doi.org/10.1111/j.1744-6171.2010.00246.x,https://doi.org/10.1111/j.1744-6171.2010.00246.x,00_START_HERE/notebooklm_upload_2026-07-01/08_CASES_OSCE_SHELF_EXAM.md; 08_Cases_and_Simulation/_source/DOI_RESOLUTION_REPORT.md,new
2026-07-06T08:47:56+00:00,P1,doi:10.1111/j.1752-0606.1995.tb00179.x,broken-link,DOI 10.1111/j.1752-0606.1995.tb00179.x citation issue (broken-link) — https://doi.org/10.1111/j.1752-0606.1995.tb00179.x,https://doi.org/10.1111/j.1752-0606.1995.tb00179.x,00_START_HERE/notebooklm_upload_2026-07-01/07_EVIDENCE_LANDMARKS_ROUNDS.md; 00_START_HERE/notebooklm_upload_2026-07-01/09_FACULTY_QA_ATTESTATION_AND_ROADMAP.md; 07_Evidence_and_Reading/Landmark_Trials/landmark_trials_page.md,new
2026-07-06T08:47:57+00:00,P1,doi:10.1111/jcpp.13004,broken-link,DOI 10.1111/jcpp.13004 citation issue (broken-link) — https://doi.org/10.1111/jcpp.13004,https://doi.org/10.1111/jcpp.13004,00_START_HERE/notebooklm_upload_2026-07-01/14_OFFICE_EXTRACTS_EVIDENCE_AND_FACULTY.md,new
2026-07-06T08:47:58+00:00,P1,doi:10.1111/jgs.12932,broken-link,DOI 10.1111/jgs.12932 citation issue (broken-link) — https://doi.org/10.1111/jgs.12932,https://doi.org/10.1111/jgs.12932,00_START_HERE/notebooklm_upload_2026-07-01/14_OFFICE_EXTRACTS_EVIDENCE_AND_FACULTY.md; 00_START_HERE/notebooklm_upload_2026-07-01/14_OFFICE_EXTRACTS_EVIDENCE_AND_FACULTY.md,new
2026-07-06T08:47:59+00:00,P1,doi:10.1111/jgs.19485,broken-link,DOI 10.1111/jgs.19485 citation issue (broken-link) — https://doi.org/10.1111/jgs.19485,https://doi.org/10.1111/jgs.19485,00_START_HERE/notebooklm_upload_2026-07-01/14_OFFICE_EXTRACTS_EVIDENCE_AND_FACULTY.md,new
2026-07-06T08:48:00+00:00,P1,doi:10.1111/jgs.19500,broken-link,DOI 10.1111/jgs.19500 citation issue (broken-link) — https://doi.org/10.1111/jgs.19500,https://doi.org/10.1111/jgs.19500,00_START_HERE/notebooklm_upload_2026-07-01/07_EVIDENCE_LANDMARKS_ROUNDS.md; 00_START_HERE/notebooklm_upload_2026-07-01/14_OFFICE_EXTRACTS_EVIDENCE_AND_FACULTY.md; 00_START_HERE/notebooklm_upload_2026-07-01/14_OFFICE_EXTRACTS_EVIDENCE_AND_FACULTY.md; 00_START_HERE/notebooklm_upload_2026-07-01/14_OFFICE_EXTRACTS_EVIDENCE_AND_FACULTY.md; 07_Evidence_and_Reading/Inpatient_Evidence/evidence_inpatient.md,new
2026-07-06T08:48:01+00:00,P1,doi:10.1111/jnu.12741,broken-link,DOI 10.1111/jnu.12741 citation issue (broken-link) — https://doi.org/10.1111/jnu.12741,https://doi.org/10.1111/jnu.12741,00_START_HERE/notebooklm_upload_2026-07-01/14_OFFICE_EXTRACTS_EVIDENCE_AND_FACULTY.md,new
2026-07-06T08:48:01+00:00,P1,doi:10.1111/jpc.15535,broken-link,DOI 10.1111/jpc.15535 citation issue (broken-link) — https://doi.org/10.1111/jpc.15535,https://doi.org/10.1111/jpc.15535,00_START_HERE/notebooklm_upload_2026-07-01/14_OFFICE_EXTRACTS_EVIDENCE_AND_FACULTY.md,new
2026-07-06T08:48:02+00:00,P1,doi:10.1111/jpm.12325,broken-link,DOI 10.1111/jpm.12325 citation issue (broken-link) — https://doi.org/10.1111/jpm.12325,https://doi.org/10.1111/jpm.12325,00_START_HERE/notebooklm_upload_2026-07-01/08_CASES_OSCE_SHELF_EXAM.md; 08_Cases_and_Simulation/_source/DOI_RESOLUTION_REPORT.md,new
2026-07-06T08:48:03+00:00,P1,doi:10.1111/jpm.12420,broken-link,DOI 10.1111/jpm.12420 citation issue (broken-link) — https://doi.org/10.1111/jpm.12420,https://doi.org/10.1111/jpm.12420,00_START_HERE/notebooklm_upload_2026-07-01/14_OFFICE_EXTRACTS_EVIDENCE_AND_FACULTY.md,new
2026-07-06T08:48:04+00:00,P1,doi:10.1111/jsr.13295,broken-link,DOI 10.1111/jsr.13295 citation issue (broken-link) — https://doi.org/10.1111/jsr.13295,https://doi.org/10.1111/jsr.13295,00_START_HERE/notebooklm_upload_2026-07-01/08_CASES_OSCE_SHELF_EXAM.md; 08_Cases_and_Simulation/_source/DOI_RESOLUTION_REPORT.md,new
2026-07-06T08:48:05+00:00,P1,doi:10.1111/obr.13189,broken-link,DOI 10.1111/obr.13189 citation issue (broken-link) — https://doi.org/10.1111/obr.13189,https://doi.org/10.1111/obr.13189,00_START_HERE/notebooklm_upload_2026-07-01/10_TRACKS_AND_AUDIENCE_OVERLAYS.md; 00_START_HERE/notebooklm_upload_2026-07-01/14_OFFICE_EXTRACTS_EVIDENCE_AND_FACULTY.md; 14_Tracks/Resident/canon_200.md,new
2026-07-06T08:48:05+00:00,P1,doi:10.1111/papt.12169,broken-link,DOI 10.1111/papt.12169 citation issue (broken-link) — https://doi.org/10.1111/papt.12169,https://doi.org/10.1111/papt.12169,00_START_HERE/notebooklm_upload_2026-07-01/14_OFFICE_EXTRACTS_EVIDENCE_AND_FACULTY.md,new
2026-07-06T08:48:06+00:00,P1,doi:10.1111/sdi.12370,broken-link,DOI 10.1111/sdi.12370 citation issue (broken-link) — https://doi.org/10.1111/sdi.12370,https://doi.org/10.1111/sdi.12370,00_START_HERE/notebooklm_upload_2026-07-01/14_OFFICE_EXTRACTS_EVIDENCE_AND_FACULTY.md,new
2026-07-06T08:48:07+00:00,P1,doi:10.1126/science.1083968,broken-link,DOI 10.1126/science.1083968 citation issue (broken-link) — https://doi.org/10.1126/science.1083968,https://doi.org/10.1126/science.1083968,00_START_HERE/notebooklm_upload_2026-07-01/07_EVIDENCE_LANDMARKS_ROUNDS.md; 00_START_HERE/notebooklm_upload_2026-07-01/09_FACULTY_QA_ATTESTATION_AND_ROADMAP.md; 00_START_HERE/notebooklm_upload_2026-07-01/10_TRACKS_AND_AUDIENCE_OVERLAYS.md; 00_START_HERE/notebooklm_upload_2026-07-01/14_OFFICE_EXTRACTS_EVIDENCE_AND_FACULTY.md; 07_Evidence_and_Reading/Landmark_Trials/landmark_trials_page.md; 14_Tracks/Resident/canon_200.md,new
2026-07-06T08:48:08+00:00,P1,doi:10.1126/science.179.4070.250,broken-link,DOI 10.1126/science.179.4070.250 citation issue (broken-link) — https://doi.org/10.1126/science.179.4070.250,https://doi.org/10.1126/science.179.4070.250,00_START_HERE/notebooklm_upload_2026-07-01/07_EVIDENCE_LANDMARKS_ROUNDS.md; 00_START_HERE/notebooklm_upload_2026-07-01/07_EVIDENCE_LANDMARKS_ROUNDS.md; 00_START_HERE/notebooklm_upload_2026-07-01/10_TRACKS_AND_AUDIENCE_OVERLAYS.md; 00_START_HERE/notebooklm_upload_2026-07-01/14_OFFICE_EXTRACTS_EVIDENCE_AND_FACULTY.md; 07_Evidence_and_Reading/Landmark_Trials/LM_crosswalk.md; 07_Evidence_and_Reading/Landmark_Trials/landmark_trials_page.md; 14_Tracks/Resident/canon_200.md,new
2026-07-06T08:48:09+00:00,P1,doi:10.1126/science.847460,broken-link,DOI 10.1126/science.847460 citation issue (broken-link) — https://doi.org/10.1126/science.847460,https://doi.org/10.1126/science.847460,00_START_HERE/notebooklm_upload_2026-07-01/07_EVIDENCE_LANDMARKS_ROUNDS.md; 00_START_HERE/notebooklm_upload_2026-07-01/07_EVIDENCE_LANDMARKS_ROUNDS.md; 07_Evidence_and_Reading/Landmark_Trials/LM_crosswalk.md; 07_Evidence_and_Reading/Landmark_Trials/landmark_trials_page.md,new
2026-07-06T08:48:10+00:00,P1,doi:10.1136/archdischild-2011-214239,broken-link,DOI 10.1136/archdischild-2011-214239 citation issue (broken-link) — https://doi.org/10.1136/archdischild-2011-214239,https://doi.org/10.1136/archdischild-2011-214239,00_START_HERE/notebooklm_upload_2026-07-01/14_OFFICE_EXTRACTS_EVIDENCE_AND_FACULTY.md,new
2026-07-06T08:48:11+00:00,P1,doi:10.1136/archdischild-2023-326049,broken-link,DOI 10.1136/archdischild-2023-326049 citation issue (broken-link) — https://doi.org/10.1136/archdischild-2023-326049,https://doi.org/10.1136/archdischild-2023-326049,00_START_HERE/notebooklm_upload_2026-07-01/14_OFFICE_EXTRACTS_EVIDENCE_AND_FACULTY.md,new
2026-07-06T08:48:12+00:00,P1,doi:10.1136/bmj-2021-066084,broken-link,DOI 10.1136/bmj-2021-066084 citation issue (broken-link) — https://doi.org/10.1136/bmj-2021-066084,https://doi.org/10.1136/bmj-2021-066084,00_START_HERE/notebooklm_upload_2026-07-01/10_TRACKS_AND_AUDIENCE_OVERLAYS.md; 00_START_HERE/notebooklm_upload_2026-07-01/14_OFFICE_EXTRACTS_EVIDENCE_AND_FACULTY.md; 14_Tracks/Resident/canon_200.md,new
2026-07-06T08:48:12+00:00,P1,doi:10.1136/bmj-2024-083658,broken-link,DOI 10.1136/bmj-2024-083658 citation issue (broken-link) — https://doi.org/10.1136/bmj-2024-083658,https://doi.org/10.1136/bmj-2024-083658,00_START_HERE/notebooklm_upload_2026-07-01/14_OFFICE_EXTRACTS_EVIDENCE_AND_FACULTY.md,new
2026-07-06T08:48:13+00:00,P1,doi:10.1136/bmj.320.7237.726,broken-link,DOI 10.1136/bmj.320.7237.726 citation issue (broken-link) — https://doi.org/10.1136/bmj.320.7237.726,https://doi.org/10.1136/bmj.320.7237.726,00_START_HERE/notebooklm_upload_2026-07-01/08_CASES_OSCE_SHELF_EXAM.md; 08_Cases_and_Simulation/_source/DOI_RESOLUTION_REPORT.md,new
2026-07-06T08:48:14+00:00,P1,doi:10.1136/bmj.327.7417.708,broken-link,DOI 10.1136/bmj.327.7417.708 citation issue (broken-link) — https://doi.org/10.1136/bmj.327.7417.708,https://doi.org/10.1136/bmj.327.7417.708,00_START_HERE/notebooklm_upload_2026-07-01/07_EVIDENCE_LANDMARKS_ROUNDS.md; 00_START_HERE/notebooklm_upload_2026-07-01/14_OFFICE_EXTRACTS_EVIDENCE_AND_FACULTY.md; 07_Evidence_and_Reading/Inpatient_Evidence/evidence_inpatient.md,new
2026-07-06T08:48:15+00:00,P1,doi:10.1136/bmj.38683.710255.BE,broken-link,DOI 10.1136/bmj.38683.710255.BE citation issue (broken-link) — https://doi.org/10.1136/bmj.38683.710255.BE,https://doi.org/10.1136/bmj.38683.710255.BE,00_START_HERE/notebooklm_upload_2026-07-01/07_EVIDENCE_LANDMARKS_ROUNDS.md; 00_START_HERE/notebooklm_upload_2026-07-01/14_OFFICE_EXTRACTS_EVIDENCE_AND_FACULTY.md; 07_Evidence_and_Reading/Inpatient_Evidence/evidence_inpatient.md,new
2026-07-06T08:48:16+00:00,P1,doi:10.1136/bmj.39339.448819.AE,broken-link,DOI 10.1136/bmj.39339.448819.AE citation issue (broken-link) — https://doi.org/10.1136/bmj.39339.448819.AE,https://doi.org/10.1136/bmj.39339.448819.AE,00_START_HERE/notebooklm_upload_2026-07-01/07_EVIDENCE_LANDMARKS_ROUNDS.md; 00_START_HERE/notebooklm_upload_2026-07-01/14_OFFICE_EXTRACTS_EVIDENCE_AND_FACULTY.md; 00_START_HERE/notebooklm_upload_2026-07-01/14_OFFICE_EXTRACTS_EVIDENCE_AND_FACULTY.md; 07_Evidence_and_Reading/Inpatient_Evidence/evidence_inpatient.md,new
2026-07-06T08:48:17+00:00,P1,doi:10.1136/bmj.39341.608519.BE,broken-link,DOI 10.1136/bmj.39341.608519.BE citation issue (broken-link) — https://doi.org/10.1136/bmj.39341.608519.BE,https://doi.org/10.1136/bmj.39341.608519.BE,00_START_HERE/notebooklm_upload_2026-07-01/07_EVIDENCE_LANDMARKS_ROUNDS.md; 00_START_HERE/notebooklm_upload_2026-07-01/14_OFFICE_EXTRACTS_EVIDENCE_AND_FACULTY.md; 07_Evidence_and_Reading/Inpatient_Evidence/evidence_inpatient.md,new
2026-07-06T08:48:17+00:00,P1,doi:10.1136/bmj.b2880,broken-link,DOI 10.1136/bmj.b2880 citation issue (broken-link) — https://doi.org/10.1136/bmj.b2880,https://doi.org/10.1136/bmj.b2880,00_START_HERE/notebooklm_upload_2026-07-01/14_OFFICE_EXTRACTS_EVIDENCE_AND_FACULTY.md,new
2026-07-06T08:48:18+00:00,P1,doi:10.1136/bmj.d8012,broken-link,DOI 10.1136/bmj.d8012 citation issue (broken-link) — https://doi.org/10.1136/bmj.d8012,https://doi.org/10.1136/bmj.d8012,00_START_HERE/notebooklm_upload_2026-07-01/14_OFFICE_EXTRACTS_EVIDENCE_AND_FACULTY.md,new
2026-07-06T08:48:19+00:00,P1,doi:10.1136/bmj.f288,broken-link,DOI 10.1136/bmj.f288 citation issue (broken-link) — https://doi.org/10.1136/bmj.f288,https://doi.org/10.1136/bmj.f288,00_START_HERE/notebooklm_upload_2026-07-01/14_OFFICE_EXTRACTS_EVIDENCE_AND_FACULTY.md,new
2026-07-06T08:48:20+00:00,P1,doi:10.1136/bmj.f3646,broken-link,DOI 10.1136/bmj.f3646 citation issue (broken-link) — https://doi.org/10.1136/bmj.f3646,https://doi.org/10.1136/bmj.f3646,00_START_HERE/notebooklm_upload_2026-07-01/07_EVIDENCE_LANDMARKS_ROUNDS.md; 00_START_HERE/notebooklm_upload_2026-07-01/07_EVIDENCE_LANDMARKS_ROUNDS.md; 00_START_HERE/notebooklm_upload_2026-07-01/10_TRACKS_AND_AUDIENCE_OVERLAYS.md; 00_START_HERE/notebooklm_upload_2026-07-01/14_OFFICE_EXTRACTS_EVIDENCE_AND_FACULTY.md; 00_START_HERE/notebooklm_upload_2026-07-01/14_OFFICE_EXTRACTS_EVIDENCE_AND_FACULTY.md; 00_START_HERE/notebooklm_upload_2026-07-01/14_OFFICE_EXTRACTS_EVIDENCE_AND_FACULTY.md; 00_START_HERE/notebooklm_upload_2026-07-01/14_OFFICE_EXTRACTS_EVIDENCE_AND_FACULTY.md; 07_Evidence_and_Reading/Landmark_Trials/LM_crosswalk.md; 07_Evidence_and_Reading/Landmark_Trials/landmark_trials_page.md; 14_Tracks/Resident/canon_200.md,new
2026-07-06T08:48:21+00:00,P1,doi:10.1136/bmj.f6932,broken-link,DOI 10.1136/bmj.f6932 citation issue (broken-link) — https://doi.org/10.1136/bmj.f6932,https://doi.org/10.1136/bmj.f6932,00_START_HERE/notebooklm_upload_2026-07-01/14_OFFICE_EXTRACTS_EVIDENCE_AND_FACULTY.md,new
2026-07-06T08:48:21+00:00,P1,doi:10.1136/bmj.g3596,broken-link,DOI 10.1136/bmj.g3596 citation issue (broken-link) — https://doi.org/10.1136/bmj.g3596,https://doi.org/10.1136/bmj.g3596,00_START_HERE/notebooklm_upload_2026-07-01/14_OFFICE_EXTRACTS_EVIDENCE_AND_FACULTY.md,new
2026-07-06T08:48:22+00:00,P1,doi:10.1136/bmj.h3190,broken-link,DOI 10.1136/bmj.h3190 citation issue (broken-link) — https://doi.org/10.1136/bmj.h3190,https://doi.org/10.1136/bmj.h3190,00_START_HERE/notebooklm_upload_2026-07-01/14_OFFICE_EXTRACTS_EVIDENCE_AND_FACULTY.md,new
2026-07-06T08:48:23+00:00,P1,doi:10.1136/bmj.m237,broken-link,DOI 10.1136/bmj.m237 citation issue (broken-link) — https://doi.org/10.1136/bmj.m237,https://doi.org/10.1136/bmj.m237,00_START_HERE/notebooklm_upload_2026-07-01/14_OFFICE_EXTRACTS_EVIDENCE_AND_FACULTY.md,new
2026-07-06T08:48:24+00:00,P1,doi:10.1136/bmjopen-2014-006108,broken-link,DOI 10.1136/bmjopen-2014-006108 citation issue (broken-link) — https://doi.org/10.1136/bmjopen-2014-006108,https://doi.org/10.1136/bmjopen-2014-006108,00_START_HERE/notebooklm_upload_2026-07-01/14_OFFICE_EXTRACTS_EVIDENCE_AND_FACULTY.md,new
2026-07-06T08:48:25+00:00,P1,doi:10.1136/bmjopen-2018-023883,broken-link,DOI 10.1136/bmjopen-2018-023883 citation issue (broken-link) — https://doi.org/10.1136/bmjopen-2018-023883,https://doi.org/10.1136/bmjopen-2018-023883,00_START_HERE/notebooklm_upload_2026-07-01/07_EVIDENCE_LANDMARKS_ROUNDS.md; 00_START_HERE/notebooklm_upload_2026-07-01/14_OFFICE_EXTRACTS_EVIDENCE_AND_FACULTY.md; 07_Evidence_and_Reading/Inpatient_Evidence/evidence_inpatient.md,new
2026-07-06T08:48:26+00:00,P1,doi:10.1136/bmjopen-2018-024886,broken-link,DOI 10.1136/bmjopen-2018-024886 citation issue (broken-link) — https://doi.org/10.1136/bmjopen-2018-024886,https://doi.org/10.1136/bmjopen-2018-024886,00_START_HERE/notebooklm_upload_2026-07-01/14_OFFICE_EXTRACTS_EVIDENCE_AND_FACULTY.md,new
2026-07-06T08:48:26+00:00,P1,doi:10.1136/bmjopen-2022-063095,broken-link,DOI 10.1136/bmjopen-2022-063095 citation issue (broken-link) — https://doi.org/10.1136/bmjopen-2022-063095,https://doi.org/10.1136/bmjopen-2022-063095,00_START_HERE/notebooklm_upload_2026-07-01/10_TRACKS_AND_AUDIENCE_OVERLAYS.md; 00_START_HERE/notebooklm_upload_2026-07-01/14_OFFICE_EXTRACTS_EVIDENCE_AND_FACULTY.md; 00_START_HERE/notebooklm_upload_2026-07-01/14_OFFICE_EXTRACTS_EVIDENCE_AND_FACULTY.md; 00_START_HERE/notebooklm_upload_2026-07-01/14_OFFICE_EXTRACTS_EVIDENCE_AND_FACULTY.md; 14_Tracks/Resident/canon_200.md,new
2026-07-06T08:48:27+00:00,P1,doi:10.1136/bmjqs-2015-004386,broken-link,DOI 10.1136/bmjqs-2015-004386 citation issue (broken-link) — https://doi.org/10.1136/bmjqs-2015-004386,https://doi.org/10.1136/bmjqs-2015-004386,00_START_HERE/notebooklm_upload_2026-07-01/08_CASES_OSCE_SHELF_EXAM.md; 08_Cases_and_Simulation/_source/DOI_RESOLUTION_REPORT.md,new
2026-07-06T08:48:28+00:00,P1,doi:10.1136/bmjqs-2020-011312,broken-link,DOI 10.1136/bmjqs-2020-011312 citation issue (broken-link) — https://doi.org/10.1136/bmjqs-2020-011312,https://doi.org/10.1136/bmjqs-2020-011312,00_START_HERE/notebooklm_upload_2026-07-01/07_EVIDENCE_LANDMARKS_ROUNDS.md; 00_START_HERE/notebooklm_upload_2026-07-01/14_OFFICE_EXTRACTS_EVIDENCE_AND_FACULTY.md; 07_Evidence_and_Reading/Inpatient_Evidence/evidence_inpatient.md,new
2026-07-06T08:48:29+00:00,P1,doi:10.1136/jech.16.2.55,broken-link,DOI 10.1136/jech.16.2.55 citation issue (broken-link) — https://doi.org/10.1136/jech.16.2.55,https://doi.org/10.1136/jech.16.2.55,00_START_HERE/notebooklm_upload_2026-07-01/07_EVIDENCE_LANDMARKS_ROUNDS.md; 00_START_HERE/notebooklm_upload_2026-07-01/09_FACULTY_QA_ATTESTATION_AND_ROADMAP.md; 07_Evidence_and_Reading/Landmark_Trials/landmark_trials_page.md,new
2026-07-06T08:48:30+00:00,P1,doi:10.1136/qshc.2006.021154,broken-link,DOI 10.1136/qshc.2006.021154 citation issue (broken-link) — https://doi.org/10.1136/qshc.2006.021154,https://doi.org/10.1136/qshc.2006.021154,00_START_HERE/notebooklm_upload_2026-07-01/08_CASES_OSCE_SHELF_EXAM.md; 08_Cases_and_Simulation/_source/DOI_RESOLUTION_REPORT.md,new
2026-07-06T08:48:31+00:00,P1,doi:10.1136/tsaco-2022-001010,broken-link,DOI 10.1136/tsaco-2022-001010 citation issue (broken-link) — https://doi.org/10.1136/tsaco-2022-001010,https://doi.org/10.1136/tsaco-2022-001010,00_START_HERE/notebooklm_upload_2026-07-01/14_OFFICE_EXTRACTS_EVIDENCE_AND_FACULTY.md; 00_START_HERE/notebooklm_upload_2026-07-01/14_OFFICE_EXTRACTS_EVIDENCE_AND_FACULTY.md,new
2026-07-06T08:48:31+00:00,P1,doi:10.1146/annurev-clinpsy-050718-095424,broken-link,DOI 10.1146/annurev-clinpsy-050718-095424 citation issue (broken-link) — https://doi.org/10.1146/annurev-clinpsy-050718-095424,https://doi.org/10.1146/annurev-clinpsy-050718-095424,00_START_HERE/notebooklm_upload_2026-07-01/10_TRACKS_AND_AUDIENCE_OVERLAYS.md; 00_START_HERE/notebooklm_upload_2026-07-01/14_OFFICE_EXTRACTS_EVIDENCE_AND_FACULTY.md; 14_Tracks/Resident/canon_200.md,new
2026-07-06T08:48:32+00:00,P1,doi:10.1146/annurev-clinpsy-081219-093304,broken-link,DOI 10.1146/annurev-clinpsy-081219-093304 citation issue (broken-link) — https://doi.org/10.1146/annurev-clinpsy-081219-093304,https://doi.org/10.1146/annurev-clinpsy-081219-093304,00_START_HERE/notebooklm_upload_2026-07-01/10_TRACKS_AND_AUDIENCE_OVERLAYS.md; 00_START_HERE/notebooklm_upload_2026-07-01/14_OFFICE_EXTRACTS_EVIDENCE_AND_FACULTY.md; 14_Tracks/Resident/canon_200.md,new
2026-07-06T08:48:33+00:00,P1,doi:10.1146/annurev-clinpsy-081423-025033,broken-link,DOI 10.1146/annurev-clinpsy-081423-025033 citation issue (broken-link) — https://doi.org/10.1146/annurev-clinpsy-081423-025033,https://doi.org/10.1146/annurev-clinpsy-081423-025033,00_START_HERE/notebooklm_upload_2026-07-01/14_OFFICE_EXTRACTS_EVIDENCE_AND_FACULTY.md,new
2026-07-06T08:48:34+00:00,P1,doi:10.1152/ajpgi.00132.2010,broken-link,DOI 10.1152/ajpgi.00132.2010 citation issue (broken-link) — https://doi.org/10.1152/ajpgi.00132.2010,https://doi.org/10.1152/ajpgi.00132.2010,00_START_HERE/notebooklm_upload_2026-07-01/14_OFFICE_EXTRACTS_EVIDENCE_AND_FACULTY.md; 00_START_HERE/notebooklm_upload_2026-07-01/14_OFFICE_EXTRACTS_EVIDENCE_AND_FACULTY.md,new
2026-07-06T08:48:35+00:00,P1,doi:10.1152/physrev.00041.2006,broken-link,DOI 10.1152/physrev.00041.2006 citation issue (broken-link) — https://doi.org/10.1152/physrev.00041.2006,https://doi.org/10.1152/physrev.00041.2006,00_START_HERE/notebooklm_upload_2026-07-01/08_CASES_OSCE_SHELF_EXAM.md; 08_Cases_and_Simulation/_source/DOI_RESOLUTION_REPORT.md,new
2026-07-06T08:48:36+00:00,P1,doi:10.1159/000201935,broken-link,DOI 10.1159/000201935 citation issue (broken-link) — https://doi.org/10.1159/000201935,https://doi.org/10.1159/000201935,00_START_HERE/notebooklm_upload_2026-07-01/07_EVIDENCE_LANDMARKS_ROUNDS.md; 00_START_HERE/notebooklm_upload_2026-07-01/14_OFFICE_EXTRACTS_EVIDENCE_AND_FACULTY.md; 07_Evidence_and_Reading/Inpatient_Evidence/evidence_inpatient.md,new
2026-07-06T08:48:37+00:00,P1,doi:10.1159/000321999,broken-link,DOI 10.1159/000321999 citation issue (broken-link) — https://doi.org/10.1159/000321999,https://doi.org/10.1159/000321999,00_START_HERE/notebooklm_upload_2026-07-01/14_OFFICE_EXTRACTS_EVIDENCE_AND_FACULTY.md; 00_START_HERE/notebooklm_upload_2026-07-01/14_OFFICE_EXTRACTS_EVIDENCE_AND_FACULTY.md; 00_START_HERE/notebooklm_upload_2026-07-01/14_OFFICE_EXTRACTS_EVIDENCE_AND_FACULTY.md; 00_START_HERE/notebooklm_upload_2026-07-01/14_OFFICE_EXTRACTS_EVIDENCE_AND_FACULTY.md,new
2026-07-06T08:48:38+00:00,P1,doi:10.1159/000499043,broken-link,DOI 10.1159/000499043 citation issue (broken-link) — https://doi.org/10.1159/000499043,https://doi.org/10.1159/000499043,00_START_HERE/notebooklm_upload_2026-07-01/08_CASES_OSCE_SHELF_EXAM.md; 08_Cases_and_Simulation/_source/DOI_RESOLUTION_REPORT.md,new
2026-07-06T08:48:39+00:00,P1,doi:10.1161/CIR.0000000000000426,broken-link,DOI 10.1161/CIR.0000000000000426 citation issue (broken-link) — https://doi.org/10.1161/CIR.0000000000000426,https://doi.org/10.1161/CIR.0000000000000426,00_START_HERE/notebooklm_upload_2026-07-01/14_OFFICE_EXTRACTS_EVIDENCE_AND_FACULTY.md; 00_START_HERE/notebooklm_upload_2026-07-01/14_OFFICE_EXTRACTS_EVIDENCE_AND_FACULTY.md,new
2026-07-06T08:48:39+00:00,P1,doi:10.1161/CIR.0000000000000527,broken-link,DOI 10.1161/CIR.0000000000000527 citation issue (broken-link) — https://doi.org/10.1161/CIR.0000000000000527,https://doi.org/10.1161/CIR.0000000000000527,00_START_HERE/notebooklm_upload_2026-07-01/14_OFFICE_EXTRACTS_EVIDENCE_AND_FACULTY.md,new
2026-07-06T08:48:40+00:00,P1,doi:10.1161/CIR.0000000000000905,broken-link,DOI 10.1161/CIR.0000000000000905 citation issue (broken-link) — https://doi.org/10.1161/CIR.0000000000000905,https://doi.org/10.1161/CIR.0000000000000905,00_START_HERE/notebooklm_upload_2026-07-01/14_OFFICE_EXTRACTS_EVIDENCE_AND_FACULTY.md,new
2026-07-06T08:48:41+00:00,P1,doi:10.1161/CIRCOUTCOMES.113.000152,broken-link,DOI 10.1161/CIRCOUTCOMES.113.000152 citation issue (broken-link) — https://doi.org/10.1161/CIRCOUTCOMES.113.000152,https://doi.org/10.1161/CIRCOUTCOMES.113.000152,00_START_HERE/notebooklm_upload_2026-07-01/14_OFFICE_EXTRACTS_EVIDENCE_AND_FACULTY.md,new
2026-07-06T08:48:42+00:00,P1,doi:10.1161/CIRCULATIONAHA.109.192704,broken-link,DOI 10.1161/CIRCULATIONAHA.109.192704 citation issue (broken-link) — https://doi.org/10.1161/CIRCULATIONAHA.109.192704,https://doi.org/10.1161/CIRCULATIONAHA.109.192704,00_START_HERE/notebooklm_upload_2026-07-01/14_OFFICE_EXTRACTS_EVIDENCE_AND_FACULTY.md,new
2026-07-06T08:48:43+00:00,P1,doi:10.1161/JAHA.125.041369,broken-link,DOI 10.1161/JAHA.125.041369 citation issue (broken-link) — https://doi.org/10.1161/JAHA.125.041369,https://doi.org/10.1161/JAHA.125.041369,00_START_HERE/notebooklm_upload_2026-07-01/14_OFFICE_EXTRACTS_EVIDENCE_AND_FACULTY.md,new
2026-07-06T08:48:44+00:00,P1,doi:10.1176/aapi.ajp,broken-link,DOI 10.1176/aapi.ajp citation issue (broken-link) — https://doi.org/10.1176/aapi.ajp,https://doi.org/10.1176/aapi.ajp,00_START_HERE/notebooklm_upload_2026-07-01/13_OFFICE_EXTRACTS_CORE_TEACHING.md,new
2026-07-06T08:48:44+00:00,P1,doi:10.1176/ajp.126.7.983,broken-link,DOI 10.1176/ajp.126.7.983 citation issue (broken-link) — https://doi.org/10.1176/ajp.126.7.983,https://doi.org/10.1176/ajp.126.7.983,00_START_HERE/notebooklm_upload_2026-07-01/07_EVIDENCE_LANDMARKS_ROUNDS.md; 00_START_HERE/notebooklm_upload_2026-07-01/09_FACULTY_QA_ATTESTATION_AND_ROADMAP.md; 07_Evidence_and_Reading/Landmark_Trials/landmark_trials_page.md,new
2026-07-06T08:48:45+00:00,P1,doi:10.1176/ajp.137.7.782,broken-link,DOI 10.1176/ajp.137.7.782 citation issue (broken-link) — https://doi.org/10.1176/ajp.137.7.782,https://doi.org/10.1176/ajp.137.7.782,00_START_HERE/notebooklm_upload_2026-07-01/10_TRACKS_AND_AUDIENCE_OVERLAYS.md; 00_START_HERE/notebooklm_upload_2026-07-01/14_OFFICE_EXTRACTS_EVIDENCE_AND_FACULTY.md; 14_Tracks/Resident/canon_200.md,new
2026-07-06T08:48:46+00:00,P1,doi:10.1176/ajp.144.2.201,broken-link,DOI 10.1176/ajp.144.2.201 citation issue (broken-link) — https://doi.org/10.1176/ajp.144.2.201,https://doi.org/10.1176/ajp.144.2.201,00_START_HERE/notebooklm_upload_2026-07-01/08_CASES_OSCE_SHELF_EXAM.md; 08_Cases_and_Simulation/_source/DOI_RESOLUTION_REPORT.md,new
2026-07-06T08:48:47+00:00,P1,doi:10.1176/ajp.148.11.1474,broken-link,DOI 10.1176/ajp.148.11.1474 citation issue (broken-link) — https://doi.org/10.1176/ajp.148.11.1474,https://doi.org/10.1176/ajp.148.11.1474,00_START_HERE/notebooklm_upload_2026-07-01/10_TRACKS_AND_AUDIENCE_OVERLAYS.md; 00_START_HERE/notebooklm_upload_2026-07-01/14_OFFICE_EXTRACTS_EVIDENCE_AND_FACULTY.md; 14_Tracks/Resident/canon_200.md,new
2026-07-06T08:48:48+00:00,P1,doi:10.1176/ajp.148.4.455,broken-link,DOI 10.1176/ajp.148.4.455 citation issue (broken-link) — https://doi.org/10.1176/ajp.148.4.455,https://doi.org/10.1176/ajp.148.4.455,00_START_HERE/notebooklm_upload_2026-07-01/08_CASES_OSCE_SHELF_EXAM.md; 08_Cases_and_Simulation/_source/DOI_RESOLUTION_REPORT.md,new
2026-07-06T08:48:49+00:00,P1,doi:10.1176/ajp.148.8.997,broken-link,DOI 10.1176/ajp.148.8.997 citation issue (broken-link) — https://doi.org/10.1176/ajp.148.8.997,https://doi.org/10.1176/ajp.148.8.997,00_START_HERE/notebooklm_upload_2026-07-01/10_TRACKS_AND_AUDIENCE_OVERLAYS.md; 00_START_HERE/notebooklm_upload_2026-07-01/14_OFFICE_EXTRACTS_EVIDENCE_AND_FACULTY.md; 14_Tracks/Resident/canon_200.md,new
2026-07-06T08:48:49+00:00,P1,doi:10.1176/ajp.150.2.188,broken-link,DOI 10.1176/ajp.150.2.188 citation issue (broken-link) — https://doi.org/10.1176/ajp.150.2.188,https://doi.org/10.1176/ajp.150.2.188,00_START_HERE/notebooklm_upload_2026-07-01/07_EVIDENCE_LANDMARKS_ROUNDS.md; 00_START_HERE/notebooklm_upload_2026-07-01/09_FACULTY_QA_ATTESTATION_AND_ROADMAP.md; 07_Evidence_and_Reading/Landmark_Trials/landmark_trials_page.md,new
2026-07-06T08:48:50+00:00,P1,doi:10.1176/ajp.150.5.770,broken-link,DOI 10.1176/ajp.150.5.770 citation issue (broken-link) — https://doi.org/10.1176/ajp.150.5.770,https://doi.org/10.1176/ajp.150.5.770,00_START_HERE/notebooklm_upload_2026-07-01/10_TRACKS_AND_AUDIENCE_OVERLAYS.md; 00_START_HERE/notebooklm_upload_2026-07-01/14_OFFICE_EXTRACTS_EVIDENCE_AND_FACULTY.md; 14_Tracks/Resident/canon_200.md,new
2026-07-06T08:48:51+00:00,P1,doi:10.1176/ajp.152.7.1026,broken-link,DOI 10.1176/ajp.152.7.1026 citation issue (broken-link) — https://doi.org/10.1176/ajp.152.7.1026,https://doi.org/10.1176/ajp.152.7.1026,00_START_HERE/notebooklm_upload_2026-07-01/08_CASES_OSCE_SHELF_EXAM.md; 08_Cases_and_Simulation/_source/DOI_RESOLUTION_REPORT.md,new
2026-07-06T08:48:52+00:00,P1,doi:10.1176/ajp.153.3.311,broken-link,DOI 10.1176/ajp.153.3.311 citation issue (broken-link) — https://doi.org/10.1176/ajp.153.3.311,https://doi.org/10.1176/ajp.153.3.311,00_START_HERE/notebooklm_upload_2026-07-01/14_OFFICE_EXTRACTS_EVIDENCE_AND_FACULTY.md,new
2026-07-06T08:48:53+00:00,P1,doi:10.1176/ajp.156.10.1563,broken-link,DOI 10.1176/ajp.156.10.1563 citation issue (broken-link) — https://doi.org/10.1176/ajp.156.10.1563,https://doi.org/10.1176/ajp.156.10.1563,00_START_HERE/notebooklm_upload_2026-07-01/07_EVIDENCE_LANDMARKS_ROUNDS.md; 00_START_HERE/notebooklm_upload_2026-07-01/08_CASES_OSCE_SHELF_EXAM.md; 00_START_HERE/notebooklm_upload_2026-07-01/09_FACULTY_QA_ATTESTATION_AND_ROADMAP.md; 07_Evidence_and_Reading/Landmark_Trials/landmark_trials_page.md; 08_Cases_and_Simulation/_source/DOI_RESOLUTION_REPORT.md,new
2026-07-06T08:48:53+00:00,P1,doi:10.1176/ajp.2006.163.11.1905,broken-link,DOI 10.1176/ajp.2006.163.11.1905 citation issue (broken-link) — https://doi.org/10.1176/ajp.2006.163.11.1905,https://doi.org/10.1176/ajp.2006.163.11.1905,00_START_HERE/notebooklm_upload_2026-07-01/08_CASES_OSCE_SHELF_EXAM.md; 00_START_HERE/notebooklm_upload_2026-07-01/14_OFFICE_EXTRACTS_EVIDENCE_AND_FACULTY.md; 00_START_HERE/notebooklm_upload_2026-07-01/14_OFFICE_EXTRACTS_EVIDENCE_AND_FACULTY.md; 00_START_HERE/notebooklm_upload_2026-07-01/14_OFFICE_EXTRACTS_EVIDENCE_AND_FACULTY.md; 08_Cases_and_Simulation/_source/DOI_RESOLUTION_REPORT.md,new
2026-07-06T08:48:54+00:00,P1,doi:10.1176/appi.ajp.157.10.1592,broken-link,DOI 10.1176/appi.ajp.157.10.1592 citation issue (broken-link) — https://doi.org/10.1176/appi.ajp.157.10.1592,https://doi.org/10.1176/appi.ajp.157.10.1592,00_START_HERE/notebooklm_upload_2026-07-01/14_OFFICE_EXTRACTS_EVIDENCE_AND_FACULTY.md,new
2026-07-06T08:48:55+00:00,P1,doi:10.1176/appi.ajp.158.3.377,broken-link,DOI 10.1176/appi.ajp.158.3.377 citation issue (broken-link) — https://doi.org/10.1176/appi.ajp.158.3.377,https://doi.org/10.1176/appi.ajp.158.3.377,00_START_HERE/notebooklm_upload_2026-07-01/08_CASES_OSCE_SHELF_EXAM.md; 08_Cases_and_Simulation/_source/DOI_RESOLUTION_REPORT.md,new
2026-07-06T08:48:56+00:00,P1,doi:10.1176/appi.ajp.159.6.909,broken-link,DOI 10.1176/appi.ajp.159.6.909 citation issue (broken-link) — https://doi.org/10.1176/appi.ajp.159.6.909,https://doi.org/10.1176/appi.ajp.159.6.909,00_START_HERE/notebooklm_upload_2026-07-01/10_TRACKS_AND_AUDIENCE_OVERLAYS.md; 00_START_HERE/notebooklm_upload_2026-07-01/14_OFFICE_EXTRACTS_EVIDENCE_AND_FACULTY.md; 14_Tracks/Resident/canon_200.md,new
2026-07-06T08:48:57+00:00,P1,doi:10.1176/appi.ajp.161.2.217,broken-link,DOI 10.1176/appi.ajp.161.2.217 citation issue (broken-link) — https://doi.org/10.1176/appi.ajp.161.2.217,https://doi.org/10.1176/appi.ajp.161.2.217,00_START_HERE/notebooklm_upload_2026-07-01/10_TRACKS_AND_AUDIENCE_OVERLAYS.md; 00_START_HERE/notebooklm_upload_2026-07-01/14_OFFICE_EXTRACTS_EVIDENCE_AND_FACULTY.md; 00_START_HERE/notebooklm_upload_2026-07-01/14_OFFICE_EXTRACTS_EVIDENCE_AND_FACULTY.md; 14_Tracks/Resident/canon_200.md,new
2026-07-06T08:48:57+00:00,P1,doi:10.1176/appi.ajp.162.7.1351,broken-link,DOI 10.1176/appi.ajp.162.7.1351 citation issue (broken-link) — https://doi.org/10.1176/appi.ajp.162.7.1351,https://doi.org/10.1176/appi.ajp.162.7.1351,00_START_HERE/notebooklm_upload_2026-07-01/10_TRACKS_AND_AUDIENCE_OVERLAYS.md; 00_START_HERE/notebooklm_upload_2026-07-01/14_OFFICE_EXTRACTS_EVIDENCE_AND_FACULTY.md; 14_Tracks/Resident/canon_200.md,new
2026-07-06T08:48:58+00:00,P1,doi:10.1176/appi.ajp.163.11.1905,broken-link,DOI 10.1176/appi.ajp.163.11.1905 citation issue (broken-link) — https://doi.org/10.1176/appi.ajp.163.11.1905,https://doi.org/10.1176/appi.ajp.163.11.1905,00_START_HERE/notebooklm_upload_2026-07-01/07_EVIDENCE_LANDMARKS_ROUNDS.md; 00_START_HERE/notebooklm_upload_2026-07-01/07_EVIDENCE_LANDMARKS_ROUNDS.md; 07_Evidence_and_Reading/Landmark_Trials/LM_crosswalk.md; 07_Evidence_and_Reading/Landmark_Trials/landmark_trials_page.md,new
2026-07-06T08:48:59+00:00,P1,doi:10.1176/appi.ajp.163.2.217,broken-link,DOI 10.1176/appi.ajp.163.2.217 citation issue (broken-link) — https://doi.org/10.1176/appi.ajp.163.2.217,https://doi.org/10.1176/appi.ajp.163.2.217,00_START_HERE/notebooklm_upload_2026-07-01/10_TRACKS_AND_AUDIENCE_OVERLAYS.md; 00_START_HERE/notebooklm_upload_2026-07-01/14_OFFICE_EXTRACTS_EVIDENCE_AND_FACULTY.md; 14_Tracks/Resident/canon_200.md,new
2026-07-06T08:49:00+00:00,P1,doi:10.1176/appi.ajp.2007.07020311,broken-link,DOI 10.1176/appi.ajp.2007.07020311 citation issue (broken-link) — https://doi.org/10.1176/appi.ajp.2007.07020311,https://doi.org/10.1176/appi.ajp.2007.07020311,00_START_HERE/notebooklm_upload_2026-07-01/10_TRACKS_AND_AUDIENCE_OVERLAYS.md; 00_START_HERE/notebooklm_upload_2026-07-01/14_OFFICE_EXTRACTS_EVIDENCE_AND_FACULTY.md; 14_Tracks/Resident/canon_200.md,new
2026-07-06T08:49:01+00:00,P1,doi:10.1176/appi.ajp.2008.07101532,broken-link,DOI 10.1176/appi.ajp.2008.07101532 citation issue (broken-link) — https://doi.org/10.1176/appi.ajp.2008.07101532,https://doi.org/10.1176/appi.ajp.2008.07101532,00_START_HERE/notebooklm_upload_2026-07-01/08_CASES_OSCE_SHELF_EXAM.md; 08_Cases_and_Simulation/_source/DOI_RESOLUTION_REPORT.md,new
2026-07-06T08:49:02+00:00,P1,doi:10.1176/appi.ajp.2008.08050756,broken-link,DOI 10.1176/appi.ajp.2008.08050756 citation issue (broken-link) — https://doi.org/10.1176/appi.ajp.2008.08050756,https://doi.org/10.1176/appi.ajp.2008.08050756,00_START_HERE/notebooklm_upload_2026-07-01/14_OFFICE_EXTRACTS_EVIDENCE_AND_FACULTY.md,new
2026-07-06T08:49:02+00:00,P1,doi:10.1176/appi.ajp.2010.09040552,broken-link,DOI 10.1176/appi.ajp.2010.09040552 citation issue (broken-link) — https://doi.org/10.1176/appi.ajp.2010.09040552,https://doi.org/10.1176/appi.ajp.2010.09040552,00_START_HERE/notebooklm_upload_2026-07-01/10_TRACKS_AND_AUDIENCE_OVERLAYS.md; 00_START_HERE/notebooklm_upload_2026-07-01/14_OFFICE_EXTRACTS_EVIDENCE_AND_FACULTY.md; 14_Tracks/Resident/canon_200.md,new
2026-07-06T08:49:03+00:00,P1,doi:10.1176/appi.ajp.2010.09091379,broken-link,DOI 10.1176/appi.ajp.2010.09091379 citation issue (broken-link) — https://doi.org/10.1176/appi.ajp.2010.09091379,https://doi.org/10.1176/appi.ajp.2010.09091379,00_START_HERE/notebooklm_upload_2026-07-01/07_EVIDENCE_LANDMARKS_ROUNDS.md; 00_START_HERE/notebooklm_upload_2026-07-01/09_FACULTY_QA_ATTESTATION_AND_ROADMAP.md; 07_Evidence_and_Reading/Landmark_Trials/landmark_trials_page.md,new
2026-07-06T08:49:04+00:00,P1,doi:10.1176/appi.ajp.2011.10111704,broken-link,DOI 10.1176/appi.ajp.2011.10111704 citation issue (broken-link) — https://doi.org/10.1176/appi.ajp.2011.10111704,https://doi.org/10.1176/appi.ajp.2011.10111704,00_START_HERE/notebooklm_upload_2026-07-01/07_EVIDENCE_LANDMARKS_ROUNDS.md; 00_START_HERE/notebooklm_upload_2026-07-01/10_TRACKS_AND_AUDIENCE_OVERLAYS.md; 00_START_HERE/notebooklm_upload_2026-07-01/14_OFFICE_EXTRACTS_EVIDENCE_AND_FACULTY.md; 00_START_HERE/notebooklm_upload_2026-07-01/14_OFFICE_EXTRACTS_EVIDENCE_AND_FACULTY.md; 07_Evidence_and_Reading/Landmark_Trials/LM_crosswalk.md; 14_Tracks/Resident/canon_200.md,new
2026-07-06T08:49:05+00:00,P1,doi:10.1176/appi.ajp.2012.11071047,broken-link,DOI 10.1176/appi.ajp.2012.11071047 citation issue (broken-link) — https://doi.org/10.1176/appi.ajp.2012.11071047,https://doi.org/10.1176/appi.ajp.2012.11071047,00_START_HERE/notebooklm_upload_2026-07-01/14_OFFICE_EXTRACTS_EVIDENCE_AND_FACULTY.md,new
2026-07-06T08:49:06+00:00,P1,doi:10.1176/appi.ajp.2012.12070999,broken-link,DOI 10.1176/appi.ajp.2012.12070999 citation issue (broken-link) — https://doi.org/10.1176/appi.ajp.2012.12070999,https://doi.org/10.1176/appi.ajp.2012.12070999,00_START_HERE/notebooklm_upload_2026-07-01/10_TRACKS_AND_AUDIENCE_OVERLAYS.md; 00_START_HERE/notebooklm_upload_2026-07-01/14_OFFICE_EXTRACTS_EVIDENCE_AND_FACULTY.md; 14_Tracks/Resident/canon_200.md,new
2026-07-06T08:49:07+00:00,P1,doi:10.1176/appi.ajp.2013.12060860,broken-link,DOI 10.1176/appi.ajp.2013.12060860 citation issue (broken-link) — https://doi.org/10.1176/appi.ajp.2013.12060860,https://doi.org/10.1176/appi.ajp.2013.12060860,00_START_HERE/notebooklm_upload_2026-07-01/14_OFFICE_EXTRACTS_EVIDENCE_AND_FACULTY.md,new
2026-07-06T08:49:07+00:00,P1,doi:10.1176/appi.ajp.2013.12081046,broken-link,DOI 10.1176/appi.ajp.2013.12081046 citation issue (broken-link) — https://doi.org/10.1176/appi.ajp.2013.12081046,https://doi.org/10.1176/appi.ajp.2013.12081046,00_START_HERE/notebooklm_upload_2026-07-01/13_OFFICE_EXTRACTS_CORE_TEACHING.md,new
2026-07-06T08:49:08+00:00,P1,doi:10.1176/appi.ajp.2013.12121511,broken-link,DOI 10.1176/appi.ajp.2013.12121511 citation issue (broken-link) — https://doi.org/10.1176/appi.ajp.2013.12121511,https://doi.org/10.1176/appi.ajp.2013.12121511,00_START_HERE/notebooklm_upload_2026-07-01/10_TRACKS_AND_AUDIENCE_OVERLAYS.md; 00_START_HERE/notebooklm_upload_2026-07-01/14_OFFICE_EXTRACTS_EVIDENCE_AND_FACULTY.md; 14_Tracks/Resident/canon_200.md,new
2026-07-06T08:49:09+00:00,P1,doi:10.1176/appi.ajp.2013.13030392,broken-link,DOI 10.1176/appi.ajp.2013.13030392 citation issue (broken-link) — https://doi.org/10.1176/appi.ajp.2013.13030392,https://doi.org/10.1176/appi.ajp.2013.13030392,00_START_HERE/notebooklm_upload_2026-07-01/10_TRACKS_AND_AUDIENCE_OVERLAYS.md; 00_START_HERE/notebooklm_upload_2026-07-01/14_OFFICE_EXTRACTS_EVIDENCE_AND_FACULTY.md; 14_Tracks/Resident/canon_200.md,new
2026-07-06T08:49:10+00:00,P1,doi:10.1176/appi.ajp.2014.13101348,broken-link,DOI 10.1176/appi.ajp.2014.13101348 citation issue (broken-link) — https://doi.org/10.1176/appi.ajp.2014.13101348,https://doi.org/10.1176/appi.ajp.2014.13101348,00_START_HERE/notebooklm_upload_2026-07-01/14_OFFICE_EXTRACTS_EVIDENCE_AND_FACULTY.md; 00_START_HERE/notebooklm_upload_2026-07-01/14_OFFICE_EXTRACTS_EVIDENCE_AND_FACULTY.md; 00_START_HERE/notebooklm_upload_2026-07-01/14_OFFICE_EXTRACTS_EVIDENCE_AND_FACULTY.md; 00_START_HERE/notebooklm_upload_2026-07-01/14_OFFICE_EXTRACTS_EVIDENCE_AND_FACULTY.md,new
2026-07-06T08:49:11+00:00,P1,doi:10.1176/appi.ajp.2014.13121652,broken-link,DOI 10.1176/appi.ajp.2014.13121652 citation issue (broken-link) — https://doi.org/10.1176/appi.ajp.2014.13121652,https://doi.org/10.1176/appi.ajp.2014.13121652,00_START_HERE/notebooklm_upload_2026-07-01/14_OFFICE_EXTRACTS_EVIDENCE_AND_FACULTY.md,new
2026-07-06T08:49:11+00:00,P1,doi:10.1176/appi.ajp.2015.14050652,broken-link,DOI 10.1176/appi.ajp.2015.14050652 citation issue (broken-link) — https://doi.org/10.1176/appi.ajp.2015.14050652,https://doi.org/10.1176/appi.ajp.2015.14050652,00_START_HERE/notebooklm_upload_2026-07-01/07_EVIDENCE_LANDMARKS_ROUNDS.md; 07_Evidence_and_Reading/Landmark_Trials/LM_crosswalk.md,new
2026-07-06T08:49:12+00:00,P1,doi:10.1176/appi.ajp.2015.14080989,broken-link,DOI 10.1176/appi.ajp.2015.14080989 citation issue (broken-link) — https://doi.org/10.1176/appi.ajp.2015.14080989,https://doi.org/10.1176/appi.ajp.2015.14080989,00_START_HERE/notebooklm_upload_2026-07-01/14_OFFICE_EXTRACTS_EVIDENCE_AND_FACULTY.md,new
2026-07-06T08:49:13+00:00,P1,doi:10.1176/appi.ajp.2015.15010124,broken-link,DOI 10.1176/appi.ajp.2015.15010124 citation issue (broken-link) — https://doi.org/10.1176/appi.ajp.2015.15010124,https://doi.org/10.1176/appi.ajp.2015.15010124,00_START_HERE/notebooklm_upload_2026-07-01/14_OFFICE_EXTRACTS_EVIDENCE_AND_FACULTY.md,new
2026-07-06T08:49:14+00:00,P1,doi:10.1176/appi.ajp.2015.15050632,broken-link,DOI 10.1176/appi.ajp.2015.15050632 citation issue (broken-link) — https://doi.org/10.1176/appi.ajp.2015.15050632,https://doi.org/10.1176/appi.ajp.2015.15050632,00_START_HERE/notebooklm_upload_2026-07-01/07_EVIDENCE_LANDMARKS_ROUNDS.md; 00_START_HERE/notebooklm_upload_2026-07-01/10_TRACKS_AND_AUDIENCE_OVERLAYS.md; 00_START_HERE/notebooklm_upload_2026-07-01/14_OFFICE_EXTRACTS_EVIDENCE_AND_FACULTY.md; 00_START_HERE/notebooklm_upload_2026-07-01/14_OFFICE_EXTRACTS_EVIDENCE_AND_FACULTY.md; 00_START_HERE/notebooklm_upload_2026-07-01/14_OFFICE_EXTRACTS_EVIDENCE_AND_FACULTY.md; 07_Evidence_and_Reading/Landmark_Trials/LM_crosswalk.md; 14_Tracks/Resident/canon_200.md,new
2026-07-06T08:49:15+00:00,P1,doi:10.1176/appi.ajp.2016.16010118,broken-link,DOI 10.1176/appi.ajp.2016.16010118 citation issue (broken-link) — https://doi.org/10.1176/appi.ajp.2016.16010118,https://doi.org/10.1176/appi.ajp.2016.16010118,00_START_HERE/notebooklm_upload_2026-07-01/10_TRACKS_AND_AUDIENCE_OVERLAYS.md; 00_START_HERE/notebooklm_upload_2026-07-01/14_OFFICE_EXTRACTS_EVIDENCE_AND_FACULTY.md; 00_START_HERE/notebooklm_upload_2026-07-01/14_OFFICE_EXTRACTS_EVIDENCE_AND_FACULTY.md; 14_Tracks/Resident/canon_200.md,new
2026-07-06T08:49:16+00:00,P1,doi:10.1176/appi.ajp.2016.16040454,broken-link,DOI 10.1176/appi.ajp.2016.16040454 citation issue (broken-link) — https://doi.org/10.1176/appi.ajp.2016.16040454,https://doi.org/10.1176/appi.ajp.2016.16040454,00_START_HERE/notebooklm_upload_2026-07-01/14_OFFICE_EXTRACTS_EVIDENCE_AND_FACULTY.md,new
2026-07-06T08:49:16+00:00,P1,doi:10.1176/appi.ajp.2017.16010034,broken-link,DOI 10.1176/appi.ajp.2017.16010034 citation issue (broken-link) — https://doi.org/10.1176/appi.ajp.2017.16010034,https://doi.org/10.1176/appi.ajp.2017.16010034,00_START_HERE/notebooklm_upload_2026-07-01/10_TRACKS_AND_AUDIENCE_OVERLAYS.md; 00_START_HERE/notebooklm_upload_2026-07-01/14_OFFICE_EXTRACTS_EVIDENCE_AND_FACULTY.md; 14_Tracks/Resident/canon_200.md,new
2026-07-06T08:49:17+00:00,P1,doi:10.1176/appi.ajp.2017.16050542,broken-link,DOI 10.1176/appi.ajp.2017.16050542 citation issue (broken-link) — https://doi.org/10.1176/appi.ajp.2017.16050542,https://doi.org/10.1176/appi.ajp.2017.16050542,00_START_HERE/notebooklm_upload_2026-07-01/10_TRACKS_AND_AUDIENCE_OVERLAYS.md; 00_START_HERE/notebooklm_upload_2026-07-01/14_OFFICE_EXTRACTS_EVIDENCE_AND_FACULTY.md; 00_START_HERE/notebooklm_upload_2026-07-01/14_OFFICE_EXTRACTS_EVIDENCE_AND_FACULTY.md; 14_Tracks/Resident/canon_200.md,new
2026-07-06T08:49:18+00:00,P1,doi:10.1176/appi.ajp.2017.16101200,broken-link,DOI 10.1176/appi.ajp.2017.16101200 citation issue (broken-link) — https://doi.org/10.1176/appi.ajp.2017.16101200,https://doi.org/10.1176/appi.ajp.2017.16101200,00_START_HERE/notebooklm_upload_2026-07-01/08_CASES_OSCE_SHELF_EXAM.md; 08_Cases_and_Simulation/_source/DOI_RESOLUTION_REPORT.md,new
2026-07-06T08:49:20+00:00,P1,doi:10.1176/appi.ajp.2017.16121358,broken-link,DOI 10.1176/appi.ajp.2017.16121358 citation issue (broken-link) — https://doi.org/10.1176/appi.ajp.2017.16121358,https://doi.org/10.1176/appi.ajp.2017.16121358,00_START_HERE/notebooklm_upload_2026-07-01/10_TRACKS_AND_AUDIENCE_OVERLAYS.md; 00_START_HERE/notebooklm_upload_2026-07-01/14_OFFICE_EXTRACTS_EVIDENCE_AND_FACULTY.md; 14_Tracks/Resident/canon_200.md,new
2026-07-06T08:49:21+00:00,P1,doi:10.1176/appi.ajp.2017.17010057,broken-link,DOI 10.1176/appi.ajp.2017.17010057 citation issue (broken-link) — https://doi.org/10.1176/appi.ajp.2017.17010057,https://doi.org/10.1176/appi.ajp.2017.17010057,00_START_HERE/notebooklm_upload_2026-07-01/10_TRACKS_AND_AUDIENCE_OVERLAYS.md; 00_START_HERE/notebooklm_upload_2026-07-01/14_OFFICE_EXTRACTS_EVIDENCE_AND_FACULTY.md; 00_START_HERE/notebooklm_upload_2026-07-01/14_OFFICE_EXTRACTS_EVIDENCE_AND_FACULTY.md; 14_Tracks/Resident/canon_200.md,new
2026-07-06T08:49:22+00:00,P1,doi:10.1176/appi.ajp.2017.17010101,broken-link,DOI 10.1176/appi.ajp.2017.17010101 citation issue (broken-link) — https://doi.org/10.1176/appi.ajp.2017.17010101,https://doi.org/10.1176/appi.ajp.2017.17010101,00_START_HERE/notebooklm_upload_2026-07-01/08_CASES_OSCE_SHELF_EXAM.md; 08_Cases_and_Simulation/_source/DOI_RESOLUTION_REPORT.md,new
2026-07-06T08:49:22+00:00,P1,doi:10.1176/appi.ajp.2017.17040472,broken-link,DOI 10.1176/appi.ajp.2017.17040472 citation issue (broken-link) — https://doi.org/10.1176/appi.ajp.2017.17040472,https://doi.org/10.1176/appi.ajp.2017.17040472,00_START_HERE/notebooklm_upload_2026-07-01/10_TRACKS_AND_AUDIENCE_OVERLAYS.md; 00_START_HERE/notebooklm_upload_2026-07-01/14_OFFICE_EXTRACTS_EVIDENCE_AND_FACULTY.md; 14_Tracks/Resident/canon_200.md,new
2026-07-06T08:49:23+00:00,P1,doi:10.1176/appi.ajp.2018.17090995,broken-link,DOI 10.1176/appi.ajp.2018.17090995 citation issue (broken-link) — https://doi.org/10.1176/appi.ajp.2018.17090995,https://doi.org/10.1176/appi.ajp.2018.17090995,00_START_HERE/notebooklm_upload_2026-07-01/10_TRACKS_AND_AUDIENCE_OVERLAYS.md; 00_START_HERE/notebooklm_upload_2026-07-01/14_OFFICE_EXTRACTS_EVIDENCE_AND_FACULTY.md; 14_Tracks/Resident/canon_200.md,new
2026-07-06T08:49:24+00:00,P1,doi:10.1176/appi.ajp.2018.18070881,broken-link,DOI 10.1176/appi.ajp.2018.18070881 citation issue (broken-link) — https://doi.org/10.1176/appi.ajp.2018.18070881,https://doi.org/10.1176/appi.ajp.2018.18070881,00_START_HERE/notebooklm_upload_2026-07-01/07_EVIDENCE_LANDMARKS_ROUNDS.md; 00_START_HERE/notebooklm_upload_2026-07-01/09_FACULTY_QA_ATTESTATION_AND_ROADMAP.md; 00_START_HERE/notebooklm_upload_2026-07-01/10_TRACKS_AND_AUDIENCE_OVERLAYS.md; 00_START_HERE/notebooklm_upload_2026-07-01/14_OFFICE_EXTRACTS_EVIDENCE_AND_FACULTY.md; 07_Evidence_and_Reading/Landmark_Trials/landmark_trials_page.md; 14_Tracks/Resident/canon_200.md,new
2026-07-06T08:49:25+00:00,P1,doi:10.1176/appi.ajp.2019.19030228,broken-link,DOI 10.1176/appi.ajp.2019.19030228 citation issue (broken-link) — https://doi.org/10.1176/appi.ajp.2019.19030228,https://doi.org/10.1176/appi.ajp.2019.19030228,00_START_HERE/notebooklm_upload_2026-07-01/14_OFFICE_EXTRACTS_EVIDENCE_AND_FACULTY.md,new
2026-07-06T08:49:26+00:00,P1,doi:10.1176/appi.ajp.2020.177901,broken-link,DOI 10.1176/appi.ajp.2020.177901 citation issue (broken-link) — https://doi.org/10.1176/appi.ajp.2020.177901,https://doi.org/10.1176/appi.ajp.2020.177901,00_START_HERE/notebooklm_upload_2026-07-01/14_OFFICE_EXTRACTS_EVIDENCE_AND_FACULTY.md,new
2026-07-06T08:49:26+00:00,P1,doi:10.1176/appi.ajp.2020.18070766,broken-link,DOI 10.1176/appi.ajp.2020.18070766 citation issue (broken-link) — https://doi.org/10.1176/appi.ajp.2020.18070766,https://doi.org/10.1176/appi.ajp.2020.18070766,00_START_HERE/notebooklm_upload_2026-07-01/14_OFFICE_EXTRACTS_EVIDENCE_AND_FACULTY.md,new
2026-07-06T08:49:27+00:00,P1,doi:10.1176/appi.ajp.2020.20060864,broken-link,DOI 10.1176/appi.ajp.2020.20060864 citation issue (broken-link) — https://doi.org/10.1176/appi.ajp.2020.20060864,https://doi.org/10.1176/appi.ajp.2020.20060864,00_START_HERE/notebooklm_upload_2026-07-01/07_EVIDENCE_LANDMARKS_ROUNDS.md; 00_START_HERE/notebooklm_upload_2026-07-01/14_OFFICE_EXTRACTS_EVIDENCE_AND_FACULTY.md; 00_START_HERE/notebooklm_upload_2026-07-01/14_OFFICE_EXTRACTS_EVIDENCE_AND_FACULTY.md; 07_Evidence_and_Reading/Inpatient_Evidence/evidence_inpatient.md,new
2026-07-06T08:49:28+00:00,P1,doi:10.1176/appi.ajp.2020.20111601,broken-link,DOI 10.1176/appi.ajp.2020.20111601 citation issue (broken-link) — https://doi.org/10.1176/appi.ajp.2020.20111601,https://doi.org/10.1176/appi.ajp.2020.20111601,00_START_HERE/notebooklm_upload_2026-07-01/10_TRACKS_AND_AUDIENCE_OVERLAYS.md; 00_START_HERE/notebooklm_upload_2026-07-01/14_OFFICE_EXTRACTS_EVIDENCE_AND_FACULTY.md; 00_START_HERE/notebooklm_upload_2026-07-01/14_OFFICE_EXTRACTS_EVIDENCE_AND_FACULTY.md; 14_Tracks/Resident/canon_200.md,new
2026-07-06T08:49:29+00:00,P1,doi:10.1176/appi.ajp.2021.20101429,broken-link,DOI 10.1176/appi.ajp.2021.20101429 citation issue (broken-link) — https://doi.org/10.1176/appi.ajp.2021.20101429,https://doi.org/10.1176/appi.ajp.2021.20101429,00_START_HERE/notebooklm_upload_2026-07-01/10_TRACKS_AND_AUDIENCE_OVERLAYS.md; 00_START_HERE/notebooklm_upload_2026-07-01/14_OFFICE_EXTRACTS_EVIDENCE_AND_FACULTY.md; 14_Tracks/Resident/canon_200.md,new
2026-07-06T08:49:30+00:00,P1,doi:10.1176/appi.ajp.2021.21101034,broken-link,DOI 10.1176/appi.ajp.2021.21101034 citation issue (broken-link) — https://doi.org/10.1176/appi.ajp.2021.21101034,https://doi.org/10.1176/appi.ajp.2021.21101034,00_START_HERE/notebooklm_upload_2026-07-01/10_TRACKS_AND_AUDIENCE_OVERLAYS.md; 00_START_HERE/notebooklm_upload_2026-07-01/14_OFFICE_EXTRACTS_EVIDENCE_AND_FACULTY.md; 14_Tracks/Resident/canon_200.md,new
2026-07-06T08:49:30+00:00,P1,doi:10.1176/appi.ajp.20240738,broken-link,DOI 10.1176/appi.ajp.20240738 citation issue (broken-link) — https://doi.org/10.1176/appi.ajp.20240738,https://doi.org/10.1176/appi.ajp.20240738,00_START_HERE/notebooklm_upload_2026-07-01/14_OFFICE_EXTRACTS_EVIDENCE_AND_FACULTY.md,new
2026-07-06T08:49:31+00:00,P1,doi:10.1176/appi.ajp.20250641,broken-link,DOI 10.1176/appi.ajp.20250641 citation issue (broken-link) — https://doi.org/10.1176/appi.ajp.20250641,https://doi.org/10.1176/appi.ajp.20250641,00_START_HERE/notebooklm_upload_2026-07-01/14_OFFICE_EXTRACTS_EVIDENCE_AND_FACULTY.md,new
2026-07-06T08:49:32+00:00,P1,doi:10.1176/appi.books.9780890426807,broken-link,DOI 10.1176/appi.books.9780890426807 citation issue (broken-link) — https://doi.org/10.1176/appi.books.9780890426807,https://doi.org/10.1176/appi.books.9780890426807,00_START_HERE/notebooklm_upload_2026-07-01/14_OFFICE_EXTRACTS_EVIDENCE_AND_FACULTY.md,new
2026-07-06T08:49:33+00:00,P1,doi:10.1176/appi.books.9780890428023,broken-link,DOI 10.1176/appi.books.9780890428023 citation issue (broken-link) — https://doi.org/10.1176/appi.books.9780890428023,https://doi.org/10.1176/appi.books.9780890428023,00_START_HERE/notebooklm_upload_2026-07-01/14_OFFICE_EXTRACTS_EVIDENCE_AND_FACULTY.md,new
2026-07-06T08:49:34+00:00,P1,doi:10.1176/appi.books.9781615371969,broken-link,DOI 10.1176/appi.books.9781615371969 citation issue (broken-link) — https://doi.org/10.1176/appi.books.9781615371969,https://doi.org/10.1176/appi.books.9781615371969,00_START_HERE/notebooklm_upload_2026-07-01/14_OFFICE_EXTRACTS_EVIDENCE_AND_FACULTY.md,new
2026-07-06T08:49:35+00:00,P1,doi:10.1176/appi.ps.201100311,broken-link,DOI 10.1176/appi.ps.201100311 citation issue (broken-link) — https://doi.org/10.1176/appi.ps.201100311,https://doi.org/10.1176/appi.ps.201100311,00_START_HERE/notebooklm_upload_2026-07-01/14_OFFICE_EXTRACTS_EVIDENCE_AND_FACULTY.md; 00_START_HERE/notebooklm_upload_2026-07-01/14_OFFICE_EXTRACTS_EVIDENCE_AND_FACULTY.md; 00_START_HERE/notebooklm_upload_2026-07-01/14_OFFICE_EXTRACTS_EVIDENCE_AND_FACULTY.md; 00_START_HERE/notebooklm_upload_2026-07-01/14_OFFICE_EXTRACTS_EVIDENCE_AND_FACULTY.md; 00_START_HERE/notebooklm_upload_2026-07-01/14_OFFICE_EXTRACTS_EVIDENCE_AND_FACULTY.md,new
2026-07-06T08:49:35+00:00,P1,doi:10.1176/appi.ps.201100468,broken-link,DOI 10.1176/appi.ps.201100468 citation issue (broken-link) — https://doi.org/10.1176/appi.ps.201100468,https://doi.org/10.1176/appi.ps.201100468,00_START_HERE/notebooklm_upload_2026-07-01/07_EVIDENCE_LANDMARKS_ROUNDS.md; 00_START_HERE/notebooklm_upload_2026-07-01/14_OFFICE_EXTRACTS_EVIDENCE_AND_FACULTY.md; 07_Evidence_and_Reading/Inpatient_Evidence/evidence_inpatient.md,new
2026-07-06T08:49:36+00:00,P1,doi:10.1176/appi.ps.201200393,broken-link,DOI 10.1176/appi.ps.201200393 citation issue (broken-link) — https://doi.org/10.1176/appi.ps.201200393,https://doi.org/10.1176/appi.ps.201200393,00_START_HERE/notebooklm_upload_2026-07-01/14_OFFICE_EXTRACTS_EVIDENCE_AND_FACULTY.md,new
2026-07-06T08:49:37+00:00,P1,doi:10.1176/appi.ps.201300210,broken-link,DOI 10.1176/appi.ps.201300210 citation issue (broken-link) — https://doi.org/10.1176/appi.ps.201300210,https://doi.org/10.1176/appi.ps.201300210,00_START_HERE/notebooklm_upload_2026-07-01/07_EVIDENCE_LANDMARKS_ROUNDS.md; 00_START_HERE/notebooklm_upload_2026-07-01/14_OFFICE_EXTRACTS_EVIDENCE_AND_FACULTY.md; 00_START_HERE/notebooklm_upload_2026-07-01/14_OFFICE_EXTRACTS_EVIDENCE_AND_FACULTY.md; 00_START_HERE/notebooklm_upload_2026-07-01/14_OFFICE_EXTRACTS_EVIDENCE_AND_FACULTY.md; 07_Evidence_and_Reading/Inpatient_Evidence/evidence_inpatient.md,new
2026-07-06T08:49:38+00:00,P1,doi:10.1176/appi.ps.201300266,broken-link,DOI 10.1176/appi.ps.201300266 citation issue (broken-link) — https://doi.org/10.1176/appi.ps.201300266,https://doi.org/10.1176/appi.ps.201300266,00_START_HERE/notebooklm_upload_2026-07-01/07_EVIDENCE_LANDMARKS_ROUNDS.md; 00_START_HERE/notebooklm_upload_2026-07-01/14_OFFICE_EXTRACTS_EVIDENCE_AND_FACULTY.md; 00_START_HERE/notebooklm_upload_2026-07-01/14_OFFICE_EXTRACTS_EVIDENCE_AND_FACULTY.md; 07_Evidence_and_Reading/Inpatient_Evidence/evidence_inpatient.md,new
2026-07-06T08:49:39+00:00,P1,doi:10.1176/appi.ps.201400081,broken-link,DOI 10.1176/appi.ps.201400081 citation issue (broken-link) — https://doi.org/10.1176/appi.ps.201400081,https://doi.org/10.1176/appi.ps.201400081,00_START_HERE/notebooklm_upload_2026-07-01/07_EVIDENCE_LANDMARKS_ROUNDS.md; 00_START_HERE/notebooklm_upload_2026-07-01/14_OFFICE_EXTRACTS_EVIDENCE_AND_FACULTY.md; 07_Evidence_and_Reading/Inpatient_Evidence/evidence_inpatient.md,new
2026-07-06T08:49:39+00:00,P1,doi:10.1176/appi.ps.201400362,broken-link,DOI 10.1176/appi.ps.201400362 citation issue (broken-link) — https://doi.org/10.1176/appi.ps.201400362,https://doi.org/10.1176/appi.ps.201400362,00_START_HERE/notebooklm_upload_2026-07-01/07_EVIDENCE_LANDMARKS_ROUNDS.md; 00_START_HERE/notebooklm_upload_2026-07-01/14_OFFICE_EXTRACTS_EVIDENCE_AND_FACULTY.md; 07_Evidence_and_Reading/Inpatient_Evidence/evidence_inpatient.md,new
2026-07-06T08:49:40+00:00,P1,doi:10.1176/appi.ps.201400403,broken-link,DOI 10.1176/appi.ps.201400403 citation issue (broken-link) — https://doi.org/10.1176/appi.ps.201400403,https://doi.org/10.1176/appi.ps.201400403,00_START_HERE/notebooklm_upload_2026-07-01/08_CASES_OSCE_SHELF_EXAM.md; 08_Cases_and_Simulation/_source/DOI_RESOLUTION_REPORT.md,new
2026-07-06T08:49:41+00:00,P1,doi:10.1176/appi.ps.201500352,broken-link,DOI 10.1176/appi.ps.201500352 citation issue (broken-link) — https://doi.org/10.1176/appi.ps.201500352,https://doi.org/10.1176/appi.ps.201500352,00_START_HERE/notebooklm_upload_2026-07-01/08_CASES_OSCE_SHELF_EXAM.md; 08_Cases_and_Simulation/_source/DOI_RESOLUTION_REPORT.md,new
2026-07-06T08:49:42+00:00,P1,doi:10.1176/appi.ps.201600080,broken-link,DOI 10.1176/appi.ps.201600080 citation issue (broken-link) — https://doi.org/10.1176/appi.ps.201600080,https://doi.org/10.1176/appi.ps.201600080,00_START_HERE/notebooklm_upload_2026-07-01/07_EVIDENCE_LANDMARKS_ROUNDS.md; 00_START_HERE/notebooklm_upload_2026-07-01/14_OFFICE_EXTRACTS_EVIDENCE_AND_FACULTY.md; 07_Evidence_and_Reading/Inpatient_Evidence/evidence_inpatient.md,new
2026-07-06T08:49:43+00:00,P1,doi:10.1176/appi.ps.201700436,broken-link,DOI 10.1176/appi.ps.201700436 citation issue (broken-link) — https://doi.org/10.1176/appi.ps.201700436,https://doi.org/10.1176/appi.ps.201700436,00_START_HERE/notebooklm_upload_2026-07-01/14_OFFICE_EXTRACTS_EVIDENCE_AND_FACULTY.md,new
2026-07-06T08:49:44+00:00,P1,doi:10.1176/appi.ps.201800268,broken-link,DOI 10.1176/appi.ps.201800268 citation issue (broken-link) — https://doi.org/10.1176/appi.ps.201800268,https://doi.org/10.1176/appi.ps.201800268,00_START_HERE/notebooklm_upload_2026-07-01/08_CASES_OSCE_SHELF_EXAM.md; 08_Cases_and_Simulation/_source/DOI_RESOLUTION_REPORT.md,new
2026-07-06T08:49:44+00:00,P1,doi:10.1176/appi.ps.201900028,broken-link,DOI 10.1176/appi.ps.201900028 citation issue (broken-link) — https://doi.org/10.1176/appi.ps.201900028,https://doi.org/10.1176/appi.ps.201900028,00_START_HERE/notebooklm_upload_2026-07-01/07_EVIDENCE_LANDMARKS_ROUNDS.md; 00_START_HERE/notebooklm_upload_2026-07-01/14_OFFICE_EXTRACTS_EVIDENCE_AND_FACULTY.md; 00_START_HERE/notebooklm_upload_2026-07-01/14_OFFICE_EXTRACTS_EVIDENCE_AND_FACULTY.md; 00_START_HERE/notebooklm_upload_2026-07-01/14_OFFICE_EXTRACTS_EVIDENCE_AND_FACULTY.md; 07_Evidence_and_Reading/Inpatient_Evidence/evidence_inpatient.md,new
2026-07-06T08:49:45+00:00,P1,doi:10.1176/appi.ps.201900633,broken-link,DOI 10.1176/appi.ps.201900633 citation issue (broken-link) — https://doi.org/10.1176/appi.ps.201900633,https://doi.org/10.1176/appi.ps.201900633,00_START_HERE/notebooklm_upload_2026-07-01/14_OFFICE_EXTRACTS_EVIDENCE_AND_FACULTY.md,new
2026-07-06T08:49:46+00:00,P1,doi:10.1176/appi.ps.202000863,broken-link,DOI 10.1176/appi.ps.202000863 citation issue (broken-link) — https://doi.org/10.1176/appi.ps.202000863,https://doi.org/10.1176/appi.ps.202000863,00_START_HERE/notebooklm_upload_2026-07-01/07_EVIDENCE_LANDMARKS_ROUNDS.md; 00_START_HERE/notebooklm_upload_2026-07-01/14_OFFICE_EXTRACTS_EVIDENCE_AND_FACULTY.md; 07_Evidence_and_Reading/Inpatient_Evidence/evidence_inpatient.md,new
2026-07-06T08:49:47+00:00,P1,doi:10.1176/appi.ps.202100342,broken-link,DOI 10.1176/appi.ps.202100342 citation issue (broken-link) — https://doi.org/10.1176/appi.ps.202100342,https://doi.org/10.1176/appi.ps.202100342,00_START_HERE/notebooklm_upload_2026-07-01/14_OFFICE_EXTRACTS_EVIDENCE_AND_FACULTY.md; 00_START_HERE/notebooklm_upload_2026-07-01/14_OFFICE_EXTRACTS_EVIDENCE_AND_FACULTY.md,new
2026-07-06T08:49:48+00:00,P1,doi:10.1176/appi.ps.202100538,broken-link,DOI 10.1176/appi.ps.202100538 citation issue (broken-link) — https://doi.org/10.1176/appi.ps.202100538,https://doi.org/10.1176/appi.ps.202100538,00_START_HERE/notebooklm_upload_2026-07-01/07_EVIDENCE_LANDMARKS_ROUNDS.md; 00_START_HERE/notebooklm_upload_2026-07-01/14_OFFICE_EXTRACTS_EVIDENCE_AND_FACULTY.md; 00_START_HERE/notebooklm_upload_2026-07-01/14_OFFICE_EXTRACTS_EVIDENCE_AND_FACULTY.md; 07_Evidence_and_Reading/Inpatient_Evidence/evidence_inpatient.md,new
2026-07-06T08:49:48+00:00,P1,doi:10.1176/appi.ps.202200004,broken-link,DOI 10.1176/appi.ps.202200004 citation issue (broken-link) — https://doi.org/10.1176/appi.ps.202200004,https://doi.org/10.1176/appi.ps.202200004,00_START_HERE/notebooklm_upload_2026-07-01/14_OFFICE_EXTRACTS_EVIDENCE_AND_FACULTY.md,new
2026-07-06T08:49:49+00:00,P1,doi:10.1176/appi.ps.20230057,broken-link,DOI 10.1176/appi.ps.20230057 citation issue (broken-link) — https://doi.org/10.1176/appi.ps.20230057,https://doi.org/10.1176/appi.ps.20230057,00_START_HERE/notebooklm_upload_2026-07-01/14_OFFICE_EXTRACTS_EVIDENCE_AND_FACULTY.md; 00_START_HERE/notebooklm_upload_2026-07-01/14_OFFICE_EXTRACTS_EVIDENCE_AND_FACULTY.md,new
2026-07-06T08:49:50+00:00,P1,doi:10.1176/appi.ps.20230411,broken-link,DOI 10.1176/appi.ps.20230411 citation issue (broken-link) — https://doi.org/10.1176/appi.ps.20230411,https://doi.org/10.1176/appi.ps.20230411,00_START_HERE/notebooklm_upload_2026-07-01/14_OFFICE_EXTRACTS_EVIDENCE_AND_FACULTY.md; 00_START_HERE/notebooklm_upload_2026-07-01/14_OFFICE_EXTRACTS_EVIDENCE_AND_FACULTY.md,new
2026-07-06T08:49:51+00:00,P1,doi:10.1176/appi.ps.20230452,broken-link,DOI 10.1176/appi.ps.20230452 citation issue (broken-link) — https://doi.org/10.1176/appi.ps.20230452,https://doi.org/10.1176/appi.ps.20230452,00_START_HERE/notebooklm_upload_2026-07-01/07_EVIDENCE_LANDMARKS_ROUNDS.md; 00_START_HERE/notebooklm_upload_2026-07-01/14_OFFICE_EXTRACTS_EVIDENCE_AND_FACULTY.md; 00_START_HERE/notebooklm_upload_2026-07-01/14_OFFICE_EXTRACTS_EVIDENCE_AND_FACULTY.md; 07_Evidence_and_Reading/Inpatient_Evidence/evidence_inpatient.md,new
2026-07-06T08:49:52+00:00,P1,doi:10.1176/appi.ps.20240589,broken-link,DOI 10.1176/appi.ps.20240589 citation issue (broken-link) — https://doi.org/10.1176/appi.ps.20240589,https://doi.org/10.1176/appi.ps.20240589,00_START_HERE/notebooklm_upload_2026-07-01/14_OFFICE_EXTRACTS_EVIDENCE_AND_FACULTY.md,new
2026-07-06T08:49:52+00:00,P1,doi:10.1176/appi.ps.20250408,broken-link,DOI 10.1176/appi.ps.20250408 citation issue (broken-link) — https://doi.org/10.1176/appi.ps.20250408,https://doi.org/10.1176/appi.ps.20250408,00_START_HERE/notebooklm_upload_2026-07-01/14_OFFICE_EXTRACTS_EVIDENCE_AND_FACULTY.md; 00_START_HERE/notebooklm_upload_2026-07-01/14_OFFICE_EXTRACTS_EVIDENCE_AND_FACULTY.md,new
2026-07-06T08:49:53+00:00,P1,doi:10.1176/appi.ps.52.4.469,broken-link,DOI 10.1176/appi.ps.52.4.469 citation issue (broken-link) — https://doi.org/10.1176/appi.ps.52.4.469,https://doi.org/10.1176/appi.ps.52.4.469,00_START_HERE/notebooklm_upload_2026-07-01/08_CASES_OSCE_SHELF_EXAM.md; 08_Cases_and_Simulation/_source/DOI_RESOLUTION_REPORT.md,new
2026-07-06T08:49:54+00:00,P1,doi:10.1176/appi.ps.52.6.828,broken-link,DOI 10.1176/appi.ps.52.6.828 citation issue (broken-link) — https://doi.org/10.1176/appi.ps.52.6.828,https://doi.org/10.1176/appi.ps.52.6.828,00_START_HERE/notebooklm_upload_2026-07-01/10_TRACKS_AND_AUDIENCE_OVERLAYS.md; 00_START_HERE/notebooklm_upload_2026-07-01/14_OFFICE_EXTRACTS_EVIDENCE_AND_FACULTY.md; 00_START_HERE/notebooklm_upload_2026-07-01/14_OFFICE_EXTRACTS_EVIDENCE_AND_FACULTY.md; 14_Tracks/Resident/canon_200.md,new
2026-07-06T08:49:55+00:00,P1,doi:10.1176/appi.ps.52.7.935,broken-link,DOI 10.1176/appi.ps.52.7.935 citation issue (broken-link) — https://doi.org/10.1176/appi.ps.52.7.935,https://doi.org/10.1176/appi.ps.52.7.935,00_START_HERE/notebooklm_upload_2026-07-01/08_CASES_OSCE_SHELF_EXAM.md; 08_Cases_and_Simulation/_source/DOI_RESOLUTION_REPORT.md,new
2026-07-06T08:49:56+00:00,P1,doi:10.1176/appi.ps.52.7.965,broken-link,DOI 10.1176/appi.ps.52.7.965 citation issue (broken-link) — https://doi.org/10.1176/appi.ps.52.7.965,https://doi.org/10.1176/appi.ps.52.7.965,00_START_HERE/notebooklm_upload_2026-07-01/14_OFFICE_EXTRACTS_EVIDENCE_AND_FACULTY.md,new
2026-07-06T08:49:56+00:00,P1,doi:10.1176/appi.ps.60.1.117,broken-link,DOI 10.1176/appi.ps.60.1.117 citation issue (broken-link) — https://doi.org/10.1176/appi.ps.60.1.117,https://doi.org/10.1176/appi.ps.60.1.117,00_START_HERE/notebooklm_upload_2026-07-01/14_OFFICE_EXTRACTS_EVIDENCE_AND_FACULTY.md,new
2026-07-06T08:49:57+00:00,P1,doi:10.1176/ps.2008.59.5.500,broken-link,DOI 10.1176/ps.2008.59.5.500 citation issue (broken-link) — https://doi.org/10.1176/ps.2008.59.5.500,https://doi.org/10.1176/ps.2008.59.5.500,00_START_HERE/notebooklm_upload_2026-07-01/10_TRACKS_AND_AUDIENCE_OVERLAYS.md; 00_START_HERE/notebooklm_upload_2026-07-01/14_OFFICE_EXTRACTS_EVIDENCE_AND_FACULTY.md; 14_Tracks/Resident/canon_200.md,new
2026-07-06T08:49:58+00:00,P1,doi:10.1176/ps.2009.60.11.1439,broken-link,DOI 10.1176/ps.2009.60.11.1439 citation issue (broken-link) — https://doi.org/10.1176/ps.2009.60.11.1439,https://doi.org/10.1176/ps.2009.60.11.1439,00_START_HERE/notebooklm_upload_2026-07-01/14_OFFICE_EXTRACTS_EVIDENCE_AND_FACULTY.md,new
2026-07-06T08:49:59+00:00,P1,doi:10.1176/ps.2009.60.2.231,broken-link,DOI 10.1176/ps.2009.60.2.231 citation issue (broken-link) — https://doi.org/10.1176/ps.2009.60.2.231,https://doi.org/10.1176/ps.2009.60.2.231,00_START_HERE/notebooklm_upload_2026-07-01/08_CASES_OSCE_SHELF_EXAM.md; 08_Cases_and_Simulation/_source/DOI_RESOLUTION_REPORT.md,new
2026-07-06T08:50:00+00:00,P1,doi:10.1176/ps.40.10.1031,broken-link,DOI 10.1176/ps.40.10.1031 citation issue (broken-link) — https://doi.org/10.1176/ps.40.10.1031,https://doi.org/10.1176/ps.40.10.1031,00_START_HERE/notebooklm_upload_2026-07-01/08_CASES_OSCE_SHELF_EXAM.md; 08_Cases_and_Simulation/_source/DOI_RESOLUTION_REPORT.md,new
2026-07-06T08:50:00+00:00,P1,doi:10.1176/ps.48.11.1415,broken-link,DOI 10.1176/ps.48.11.1415 citation issue (broken-link) — https://doi.org/10.1176/ps.48.11.1415,https://doi.org/10.1176/ps.48.11.1415,00_START_HERE/notebooklm_upload_2026-07-01/07_EVIDENCE_LANDMARKS_ROUNDS.md; 00_START_HERE/notebooklm_upload_2026-07-01/14_OFFICE_EXTRACTS_EVIDENCE_AND_FACULTY.md; 07_Evidence_and_Reading/Inpatient_Evidence/evidence_inpatient.md,new
2026-07-06T08:50:01+00:00,P1,doi:10.1176/ps.62.6.pss6206_0591,broken-link,DOI 10.1176/ps.62.6.pss6206_0591 citation issue (broken-link) — https://doi.org/10.1176/ps.62.6.pss6206_0591,https://doi.org/10.1176/ps.62.6.pss6206_0591,00_START_HERE/notebooklm_upload_2026-07-01/14_OFFICE_EXTRACTS_EVIDENCE_AND_FACULTY.md,new
2026-07-06T08:50:02+00:00,P1,doi:10.1176/ps.62.7.pss6207_0713,broken-link,DOI 10.1176/ps.62.7.pss6207_0713 citation issue (broken-link) — https://doi.org/10.1176/ps.62.7.pss6207_0713,https://doi.org/10.1176/ps.62.7.pss6207_0713,00_START_HERE/notebooklm_upload_2026-07-01/07_EVIDENCE_LANDMARKS_ROUNDS.md; 00_START_HERE/notebooklm_upload_2026-07-01/14_OFFICE_EXTRACTS_EVIDENCE_AND_FACULTY.md; 07_Evidence_and_Reading/Inpatient_Evidence/evidence_inpatient.md,new
2026-07-06T08:50:03+00:00,P1,doi:10.1177/0004867418762057,broken-link,DOI 10.1177/0004867418762057 citation issue (broken-link) — https://doi.org/10.1177/0004867418762057,https://doi.org/10.1177/0004867418762057,00_START_HERE/notebooklm_upload_2026-07-01/14_OFFICE_EXTRACTS_EVIDENCE_AND_FACULTY.md,new
2026-07-06T08:50:04+00:00,P1,doi:10.1177/00207640241277161,broken-link,DOI 10.1177/00207640241277161 citation issue (broken-link) — https://doi.org/10.1177/00207640241277161,https://doi.org/10.1177/00207640241277161,00_START_HERE/notebooklm_upload_2026-07-01/14_OFFICE_EXTRACTS_EVIDENCE_AND_FACULTY.md; 00_START_HERE/notebooklm_upload_2026-07-01/14_OFFICE_EXTRACTS_EVIDENCE_AND_FACULTY.md; 00_START_HERE/notebooklm_upload_2026-07-01/14_OFFICE_EXTRACTS_EVIDENCE_AND_FACULTY.md; 00_START_HERE/notebooklm_upload_2026-07-01/14_OFFICE_EXTRACTS_EVIDENCE_AND_FACULTY.md,new
2026-07-06T08:50:04+00:00,P1,doi:10.1177/0145445503255489,broken-link,DOI 10.1177/0145445503255489 citation issue (broken-link) — https://doi.org/10.1177/0145445503255489,https://doi.org/10.1177/0145445503255489,00_START_HERE/notebooklm_upload_2026-07-01/14_OFFICE_EXTRACTS_EVIDENCE_AND_FACULTY.md,new
2026-07-06T08:50:05+00:00,P1,doi:10.1177/02698811231161813,broken-link,DOI 10.1177/02698811231161813 citation issue (broken-link) — https://doi.org/10.1177/02698811231161813,https://doi.org/10.1177/02698811231161813,00_START_HERE/notebooklm_upload_2026-07-01/10_TRACKS_AND_AUDIENCE_OVERLAYS.md; 00_START_HERE/notebooklm_upload_2026-07-01/14_OFFICE_EXTRACTS_EVIDENCE_AND_FACULTY.md; 14_Tracks/Resident/canon_200.md,new
2026-07-06T08:50:06+00:00,P1,doi:10.1177/02698811231181573,broken-link,DOI 10.1177/02698811231181573 citation issue (broken-link) — https://doi.org/10.1177/02698811231181573,https://doi.org/10.1177/02698811231181573,00_START_HERE/notebooklm_upload_2026-07-01/14_OFFICE_EXTRACTS_EVIDENCE_AND_FACULTY.md,new
2026-07-06T08:50:07+00:00,P1,doi:10.1177/070674371506000703,broken-link,DOI 10.1177/070674371506000703 citation issue (broken-link) — https://doi.org/10.1177/070674371506000703,https://doi.org/10.1177/070674371506000703,00_START_HERE/notebooklm_upload_2026-07-01/14_OFFICE_EXTRACTS_EVIDENCE_AND_FACULTY.md,new
2026-07-06T08:50:08+00:00,P1,doi:10.1177/0706743717718167,broken-link,DOI 10.1177/0706743717718167 citation issue (broken-link) — https://doi.org/10.1177/0706743717718167,https://doi.org/10.1177/0706743717718167,00_START_HERE/notebooklm_upload_2026-07-01/14_OFFICE_EXTRACTS_EVIDENCE_AND_FACULTY.md,new
2026-07-06T08:50:09+00:00,P1,doi:10.1177/0706743720966443,broken-link,DOI 10.1177/0706743720966443 citation issue (broken-link) — https://doi.org/10.1177/0706743720966443,https://doi.org/10.1177/0706743720966443,00_START_HERE/notebooklm_upload_2026-07-01/07_EVIDENCE_LANDMARKS_ROUNDS.md; 00_START_HERE/notebooklm_upload_2026-07-01/14_OFFICE_EXTRACTS_EVIDENCE_AND_FACULTY.md; 07_Evidence_and_Reading/Inpatient_Evidence/evidence_inpatient.md,new
2026-07-06T08:50:09+00:00,P1,doi:10.1177/07067437211016243,broken-link,DOI 10.1177/07067437211016243 citation issue (broken-link) — https://doi.org/10.1177/07067437211016243,https://doi.org/10.1177/07067437211016243,00_START_HERE/notebooklm_upload_2026-07-01/14_OFFICE_EXTRACTS_EVIDENCE_AND_FACULTY.md; 00_START_HERE/notebooklm_upload_2026-07-01/14_OFFICE_EXTRACTS_EVIDENCE_AND_FACULTY.md,new
2026-07-06T08:50:10+00:00,P1,doi:10.1177/07067437251337607,broken-link,DOI 10.1177/07067437251337607 citation issue (broken-link) — https://doi.org/10.1177/07067437251337607,https://doi.org/10.1177/07067437251337607,00_START_HERE/notebooklm_upload_2026-07-01/14_OFFICE_EXTRACTS_EVIDENCE_AND_FACULTY.md,new
2026-07-06T08:50:11+00:00,P1,doi:10.1177/0884533612446706,broken-link,DOI 10.1177/0884533612446706 citation issue (broken-link) — https://doi.org/10.1177/0884533612446706,https://doi.org/10.1177/0884533612446706,00_START_HERE/notebooklm_upload_2026-07-01/14_OFFICE_EXTRACTS_EVIDENCE_AND_FACULTY.md; 00_START_HERE/notebooklm_upload_2026-07-01/14_OFFICE_EXTRACTS_EVIDENCE_AND_FACULTY.md,new
2026-07-06T08:50:12+00:00,P1,doi:10.1177/08850666231222470,broken-link,DOI 10.1177/08850666231222470 citation issue (broken-link) — https://doi.org/10.1177/08850666231222470,https://doi.org/10.1177/08850666231222470,00_START_HERE/notebooklm_upload_2026-07-01/14_OFFICE_EXTRACTS_EVIDENCE_AND_FACULTY.md,new
2026-07-06T08:50:13+00:00,P1,doi:10.1177/08919887231154933,broken-link,DOI 10.1177/08919887231154933 citation issue (broken-link) — https://doi.org/10.1177/08919887231154933,https://doi.org/10.1177/08919887231154933,00_START_HERE/notebooklm_upload_2026-07-01/14_OFFICE_EXTRACTS_EVIDENCE_AND_FACULTY.md,new
2026-07-06T08:50:13+00:00,P1,doi:10.1177/0957154X221150878,broken-link,DOI 10.1177/0957154X221150878 citation issue (broken-link) — https://doi.org/10.1177/0957154X221150878,https://doi.org/10.1177/0957154X221150878,00_START_HERE/notebooklm_upload_2026-07-01/10_TRACKS_AND_AUDIENCE_OVERLAYS.md; 00_START_HERE/notebooklm_upload_2026-07-01/14_OFFICE_EXTRACTS_EVIDENCE_AND_FACULTY.md; 14_Tracks/Resident/canon_200.md,new
2026-07-06T08:50:14+00:00,P1,doi:10.1177/1049731513503047,broken-link,DOI 10.1177/1049731513503047 citation issue (broken-link) — https://doi.org/10.1177/1049731513503047,https://doi.org/10.1177/1049731513503047,00_START_HERE/notebooklm_upload_2026-07-01/08_CASES_OSCE_SHELF_EXAM.md; 08_Cases_and_Simulation/_source/DOI_RESOLUTION_REPORT.md,new
2026-07-06T08:50:15+00:00,P1,doi:10.1177/1049732319843499,broken-link,DOI 10.1177/1049732319843499 citation issue (broken-link) — https://doi.org/10.1177/1049732319843499,https://doi.org/10.1177/1049732319843499,00_START_HERE/notebooklm_upload_2026-07-01/14_OFFICE_EXTRACTS_EVIDENCE_AND_FACULTY.md,new
2026-07-06T08:50:16+00:00,P1,doi:10.1177/1060028013501994,broken-link,DOI 10.1177/1060028013501994 citation issue (broken-link) — https://doi.org/10.1177/1060028013501994,https://doi.org/10.1177/1060028013501994,00_START_HERE/notebooklm_upload_2026-07-01/14_OFFICE_EXTRACTS_EVIDENCE_AND_FACULTY.md,new
2026-07-06T08:50:17+00:00,P1,doi:10.1177/1060028014550645,broken-link,DOI 10.1177/1060028014550645 citation issue (broken-link) — https://doi.org/10.1177/1060028014550645,https://doi.org/10.1177/1060028014550645,00_START_HERE/notebooklm_upload_2026-07-01/14_OFFICE_EXTRACTS_EVIDENCE_AND_FACULTY.md,new
2026-07-06T08:50:18+00:00,P1,doi:10.1177/10600280221102562,broken-link,DOI 10.1177/10600280221102562 citation issue (broken-link) — https://doi.org/10.1177/10600280221102562,https://doi.org/10.1177/10600280221102562,00_START_HERE/notebooklm_upload_2026-07-01/14_OFFICE_EXTRACTS_EVIDENCE_AND_FACULTY.md; 00_START_HERE/notebooklm_upload_2026-07-01/14_OFFICE_EXTRACTS_EVIDENCE_AND_FACULTY.md,new
2026-07-06T08:50:19+00:00,P1,doi:10.1177/1062860608319055,broken-link,DOI 10.1177/1062860608319055 citation issue (broken-link) — https://doi.org/10.1177/1062860608319055,https://doi.org/10.1177/1062860608319055,00_START_HERE/notebooklm_upload_2026-07-01/08_CASES_OSCE_SHELF_EXAM.md; 08_Cases_and_Simulation/_source/DOI_RESOLUTION_REPORT.md,new
2026-07-06T08:50:19+00:00,P1,doi:10.1177/1362361317749951,broken-link,DOI 10.1177/1362361317749951 citation issue (broken-link) — https://doi.org/10.1177/1362361317749951,https://doi.org/10.1177/1362361317749951,00_START_HERE/notebooklm_upload_2026-07-01/14_OFFICE_EXTRACTS_EVIDENCE_AND_FACULTY.md,new
2026-07-06T08:50:20+00:00,P1,doi:10.1177/1524838006298568,broken-link,DOI 10.1177/1524838006298568 citation issue (broken-link) — https://doi.org/10.1177/1524838006298568,https://doi.org/10.1177/1524838006298568,00_START_HERE/notebooklm_upload_2026-07-01/08_CASES_OSCE_SHELF_EXAM.md; 08_Cases_and_Simulation/_source/DOI_RESOLUTION_REPORT.md,new
2026-07-06T08:50:21+00:00,P1,doi:10.1177/15248380251358224,broken-link,DOI 10.1177/15248380251358224 citation issue (broken-link) — https://doi.org/10.1177/15248380251358224,https://doi.org/10.1177/15248380251358224,00_START_HERE/notebooklm_upload_2026-07-01/07_EVIDENCE_LANDMARKS_ROUNDS.md; 00_START_HERE/notebooklm_upload_2026-07-01/14_OFFICE_EXTRACTS_EVIDENCE_AND_FACULTY.md; 07_Evidence_and_Reading/Inpatient_Evidence/evidence_inpatient.md,new
2026-07-06T08:50:22+00:00,P1,doi:10.1177/1745691612447309,broken-link,DOI 10.1177/1745691612447309 citation issue (broken-link) — https://doi.org/10.1177/1745691612447309,https://doi.org/10.1177/1745691612447309,00_START_HERE/notebooklm_upload_2026-07-01/08_CASES_OSCE_SHELF_EXAM.md; 08_Cases_and_Simulation/_source/DOI_RESOLUTION_REPORT.md,new
2026-07-06T08:50:23+00:00,P1,doi:10.1177/2167702613497473,broken-link,DOI 10.1177/2167702613497473 citation issue (broken-link) — https://doi.org/10.1177/2167702613497473,https://doi.org/10.1177/2167702613497473,00_START_HERE/notebooklm_upload_2026-07-01/10_TRACKS_AND_AUDIENCE_OVERLAYS.md; 00_START_HERE/notebooklm_upload_2026-07-01/14_OFFICE_EXTRACTS_EVIDENCE_AND_FACULTY.md; 14_Tracks/Resident/canon_200.md,new
2026-07-06T08:50:24+00:00,P1,doi:10.1177/23779608241290717,broken-link,DOI 10.1177/23779608241290717 citation issue (broken-link) — https://doi.org/10.1177/23779608241290717,https://doi.org/10.1177/23779608241290717,00_START_HERE/notebooklm_upload_2026-07-01/08_CASES_OSCE_SHELF_EXAM.md; 08_Cases_and_Simulation/_source/DOI_RESOLUTION_REPORT.md,new
2026-07-06T08:50:24+00:00,P1,doi:10.1185/03007995.2013.840568,broken-link,DOI 10.1185/03007995.2013.840568 citation issue (broken-link) — https://doi.org/10.1185/03007995.2013.840568,https://doi.org/10.1185/03007995.2013.840568,00_START_HERE/notebooklm_upload_2026-07-01/14_OFFICE_EXTRACTS_EVIDENCE_AND_FACULTY.md,new
2026-07-06T08:50:32+00:00,P1,doi:10.1186/s12888-020-02883-2,broken-link,DOI 10.1186/s12888-020-02883-2 citation issue (broken-link) — https://doi.org/10.1186/s12888-020-02883-2,https://doi.org/10.1186/s12888-020-02883-2,00_START_HERE/notebooklm_upload_2026-07-01/08_CASES_OSCE_SHELF_EXAM.md; 08_Cases_and_Simulation/_source/DOI_RESOLUTION_REPORT.md,new
2026-07-06T08:50:41+00:00,P1,doi:10.1186/s12910-021-00700-x,broken-link,DOI 10.1186/s12910-021-00700-x citation issue (broken-link) — https://doi.org/10.1186/s12910-021-00700-x,https://doi.org/10.1186/s12910-021-00700-x,00_START_HERE/notebooklm_upload_2026-07-01/08_CASES_OSCE_SHELF_EXAM.md; 08_Cases_and_Simulation/_source/DOI_RESOLUTION_REPORT.md,new
2026-07-06T08:50:55+00:00,P1,doi:10.1192/bjp.161.s18.145,broken-link,DOI 10.1192/bjp.161.s18.145 citation issue (broken-link) — https://doi.org/10.1192/bjp.161.s18.145,https://doi.org/10.1192/bjp.161.s18.145,00_START_HERE/notebooklm_upload_2026-07-01/08_CASES_OSCE_SHELF_EXAM.md; 08_Cases_and_Simulation/_source/DOI_RESOLUTION_REPORT.md,new
2026-07-06T08:51:09+00:00,P1,doi:10.1192/bjp.bp.106.028282,broken-link,DOI 10.1192/bjp.bp.106.028282 citation issue (broken-link) — https://doi.org/10.1192/bjp.bp.106.028282,https://doi.org/10.1192/bjp.bp.106.028282,00_START_HERE/notebooklm_upload_2026-07-01/08_CASES_OSCE_SHELF_EXAM.md; 08_Cases_and_Simulation/_source/DOI_RESOLUTION_REPORT.md,new
2026-07-06T08:51:11+00:00,P1,doi:10.1192/bjp.bp.110.088922,broken-link,DOI 10.1192/bjp.bp.110.088922 citation issue (broken-link) — https://doi.org/10.1192/bjp.bp.110.088922,https://doi.org/10.1192/bjp.bp.110.088922,00_START_HERE/notebooklm_upload_2026-07-01/08_CASES_OSCE_SHELF_EXAM.md; 08_Cases_and_Simulation/_source/DOI_RESOLUTION_REPORT.md,new
2026-07-06T08:51:15+00:00,P1,doi:10.1192/bjp.bp.113.126367,broken-link,DOI 10.1192/bjp.bp.113.126367 citation issue (broken-link) — https://doi.org/10.1192/bjp.bp.113.126367,https://doi.org/10.1192/bjp.bp.113.126367,00_START_HERE/notebooklm_upload_2026-07-01/08_CASES_OSCE_SHELF_EXAM.md; 08_Cases_and_Simulation/_source/DOI_RESOLUTION_REPORT.md,new
2026-07-06T08:51:20+00:00,P1,doi:10.1196/annals.1440.010,broken-link,DOI 10.1196/annals.1440.010 citation issue (broken-link) — https://doi.org/10.1196/annals.1440.010,https://doi.org/10.1196/annals.1440.010,00_START_HERE/notebooklm_upload_2026-07-01/08_CASES_OSCE_SHELF_EXAM.md; 08_Cases_and_Simulation/_source/DOI_RESOLUTION_REPORT.md,new
2026-07-06T08:51:21+00:00,P1,doi:10.1207/s15327108ijap0902_2,broken-link,DOI 10.1207/s15327108ijap0902_2 citation issue (broken-link) — https://doi.org/10.1207/s15327108ijap0902_2,https://doi.org/10.1207/s15327108ijap0902_2,00_START_HERE/notebooklm_upload_2026-07-01/08_CASES_OSCE_SHELF_EXAM.md; 08_Cases_and_Simulation/_source/DOI_RESOLUTION_REPORT.md,new
2026-07-06T08:51:22+00:00,P1,doi:10.1212/WNL.0000000000005555,broken-link,DOI 10.1212/WNL.0000000000005555 citation issue (broken-link) — https://doi.org/10.1212/WNL.0000000000005555,https://doi.org/10.1212/WNL.0000000000005555,00_START_HERE/notebooklm_upload_2026-07-01/07_EVIDENCE_LANDMARKS_ROUNDS.md; 00_START_HERE/notebooklm_upload_2026-07-01/14_OFFICE_EXTRACTS_EVIDENCE_AND_FACULTY.md; 07_Evidence_and_Reading/Inpatient_Evidence/evidence_inpatient.md,new
2026-07-06T08:51:22+00:00,P1,doi:10.1212/WNL.0000000000012079,broken-link,DOI 10.1212/WNL.0000000000012079 citation issue (broken-link) — https://doi.org/10.1212/WNL.0000000000012079,https://doi.org/10.1212/WNL.0000000000012079,00_START_HERE/notebooklm_upload_2026-07-01/07_EVIDENCE_LANDMARKS_ROUNDS.md; 00_START_HERE/notebooklm_upload_2026-07-01/14_OFFICE_EXTRACTS_EVIDENCE_AND_FACULTY.md; 00_START_HERE/notebooklm_upload_2026-07-01/14_OFFICE_EXTRACTS_EVIDENCE_AND_FACULTY.md; 00_START_HERE/notebooklm_upload_2026-07-01/14_OFFICE_EXTRACTS_EVIDENCE_AND_FACULTY.md; 07_Evidence_and_Reading/Inpatient_Evidence/evidence_inpatient.md,new
2026-07-06T08:51:23+00:00,P1,doi:10.1212/WNL.0000000000213786,broken-link,DOI 10.1212/WNL.0000000000213786 citation issue (broken-link) — https://doi.org/10.1212/WNL.0000000000213786,https://doi.org/10.1212/WNL.0000000000213786,00_START_HERE/notebooklm_upload_2026-07-01/14_OFFICE_EXTRACTS_EVIDENCE_AND_FACULTY.md,new
2026-07-06T08:51:24+00:00,P1,doi:10.1212/WNL.0b013e3181a1d44c,broken-link,DOI 10.1212/WNL.0b013e3181a1d44c citation issue (broken-link) — https://doi.org/10.1212/WNL.0b013e3181a1d44c,https://doi.org/10.1212/WNL.0b013e3181a1d44c,00_START_HERE/notebooklm_upload_2026-07-01/14_OFFICE_EXTRACTS_EVIDENCE_AND_FACULTY.md,new
2026-07-06T08:51:28+00:00,P1,doi:10.1287/mnsc.1090.1095,broken-link,DOI 10.1287/mnsc.1090.1095 citation issue (broken-link) — https://doi.org/10.1287/mnsc.1090.1095,https://doi.org/10.1287/mnsc.1090.1095,00_START_HERE/notebooklm_upload_2026-07-01/08_CASES_OSCE_SHELF_EXAM.md; 08_Cases_and_Simulation/_source/DOI_RESOLUTION_REPORT.md,new
2026-07-06T08:51:49+00:00,P1,doi:10.1377/hlthaff.2023.00263,broken-link,DOI 10.1377/hlthaff.2023.00263 citation issue (broken-link) — https://doi.org/10.1377/hlthaff.2023.00263,https://doi.org/10.1377/hlthaff.2023.00263,00_START_HERE/notebooklm_upload_2026-07-01/14_OFFICE_EXTRACTS_EVIDENCE_AND_FACULTY.md,new
2026-07-06T08:51:50+00:00,P1,doi:10.14309/ajg.0000000000002572,broken-link,DOI 10.14309/ajg.0000000000002572 citation issue (broken-link) — https://doi.org/10.14309/ajg.0000000000002572,https://doi.org/10.14309/ajg.0000000000002572,00_START_HERE/notebooklm_upload_2026-07-01/14_OFFICE_EXTRACTS_EVIDENCE_AND_FACULTY.md; 00_START_HERE/notebooklm_upload_2026-07-01/14_OFFICE_EXTRACTS_EVIDENCE_AND_FACULTY.md,new
2026-07-06T08:51:51+00:00,P1,doi:10.1521/pedi.2005.19.5.505,broken-link,DOI 10.1521/pedi.2005.19.5.505 citation issue (broken-link) — https://doi.org/10.1521/pedi.2005.19.5.505,https://doi.org/10.1521/pedi.2005.19.5.505,00_START_HERE/notebooklm_upload_2026-07-01/07_EVIDENCE_LANDMARKS_ROUNDS.md; 00_START_HERE/notebooklm_upload_2026-07-01/09_FACULTY_QA_ATTESTATION_AND_ROADMAP.md; 07_Evidence_and_Reading/Landmark_Trials/landmark_trials_page.md,new
2026-07-06T08:51:52+00:00,P1,doi:10.1521/pedi.2011.25.6.806,broken-link,DOI 10.1521/pedi.2011.25.6.806 citation issue (broken-link) — https://doi.org/10.1521/pedi.2011.25.6.806,https://doi.org/10.1521/pedi.2011.25.6.806,00_START_HERE/notebooklm_upload_2026-07-01/14_OFFICE_EXTRACTS_EVIDENCE_AND_FACULTY.md; 00_START_HERE/notebooklm_upload_2026-07-01/14_OFFICE_EXTRACTS_EVIDENCE_AND_FACULTY.md; 00_START_HERE/notebooklm_upload_2026-07-01/14_OFFICE_EXTRACTS_EVIDENCE_AND_FACULTY.md; 00_START_HERE/notebooklm_upload_2026-07-01/14_OFFICE_EXTRACTS_EVIDENCE_AND_FACULTY.md,new
2026-07-06T08:51:53+00:00,P1,doi:10.1521/pedi.2024.38.1.87,broken-link,DOI 10.1521/pedi.2024.38.1.87 citation issue (broken-link) — https://doi.org/10.1521/pedi.2024.38.1.87,https://doi.org/10.1521/pedi.2024.38.1.87,00_START_HERE/notebooklm_upload_2026-07-01/14_OFFICE_EXTRACTS_EVIDENCE_AND_FACULTY.md; 00_START_HERE/notebooklm_upload_2026-07-01/14_OFFICE_EXTRACTS_EVIDENCE_AND_FACULTY.md; 00_START_HERE/notebooklm_upload_2026-07-01/14_OFFICE_EXTRACTS_EVIDENCE_AND_FACULTY.md; 00_START_HERE/notebooklm_upload_2026-07-01/14_OFFICE_EXTRACTS_EVIDENCE_AND_FACULTY.md,new
2026-07-06T08:51:54+00:00,P1,doi:10.1521/pedi_2019_33_405,broken-link,DOI 10.1521/pedi_2019_33_405 citation issue (broken-link) — https://doi.org/10.1521/pedi_2019_33_405,https://doi.org/10.1521/pedi_2019_33_405,00_START_HERE/notebooklm_upload_2026-07-01/14_OFFICE_EXTRACTS_EVIDENCE_AND_FACULTY.md; 00_START_HERE/notebooklm_upload_2026-07-01/14_OFFICE_EXTRACTS_EVIDENCE_AND_FACULTY.md; 00_START_HERE/notebooklm_upload_2026-07-01/14_OFFICE_EXTRACTS_EVIDENCE_AND_FACULTY.md; 00_START_HERE/notebooklm_upload_2026-07-01/14_OFFICE_EXTRACTS_EVIDENCE_AND_FACULTY.md,new
2026-07-06T08:51:55+00:00,P1,doi:10.1521/pedi_2019_33_458,broken-link,DOI 10.1521/pedi_2019_33_458 citation issue (broken-link) — https://doi.org/10.1521/pedi_2019_33_458,https://doi.org/10.1521/pedi_2019_33_458,00_START_HERE/notebooklm_upload_2026-07-01/14_OFFICE_EXTRACTS_EVIDENCE_AND_FACULTY.md; 00_START_HERE/notebooklm_upload_2026-07-01/14_OFFICE_EXTRACTS_EVIDENCE_AND_FACULTY.md; 00_START_HERE/notebooklm_upload_2026-07-01/14_OFFICE_EXTRACTS_EVIDENCE_AND_FACULTY.md; 00_START_HERE/notebooklm_upload_2026-07-01/14_OFFICE_EXTRACTS_EVIDENCE_AND_FACULTY.md,new
2026-07-06T08:51:56+00:00,P1,doi:10.1542/peds.2007-3524,broken-link,DOI 10.1542/peds.2007-3524 citation issue (broken-link) — https://doi.org/10.1542/peds.2007-3524,https://doi.org/10.1542/peds.2007-3524,00_START_HERE/notebooklm_upload_2026-07-01/08_CASES_OSCE_SHELF_EXAM.md; 08_Cases_and_Simulation/_source/DOI_RESOLUTION_REPORT.md,new
2026-07-06T08:51:56+00:00,P1,doi:10.1542/peds.2019-2528,broken-link,DOI 10.1542/peds.2019-2528 citation issue (broken-link) — https://doi.org/10.1542/peds.2019-2528,https://doi.org/10.1542/peds.2019-2528,00_START_HERE/notebooklm_upload_2026-07-01/14_OFFICE_EXTRACTS_EVIDENCE_AND_FACULTY.md; 00_START_HERE/notebooklm_upload_2026-07-01/14_OFFICE_EXTRACTS_EVIDENCE_AND_FACULTY.md; 00_START_HERE/notebooklm_upload_2026-07-01/14_OFFICE_EXTRACTS_EVIDENCE_AND_FACULTY.md,new
2026-07-06T08:51:57+00:00,P1,doi:10.1542/peds.2020-040279,broken-link,DOI 10.1542/peds.2020-040279 citation issue (broken-link) — https://doi.org/10.1542/peds.2020-040279,https://doi.org/10.1542/peds.2020-040279,00_START_HERE/notebooklm_upload_2026-07-01/14_OFFICE_EXTRACTS_EVIDENCE_AND_FACULTY.md,new
2026-07-06T08:51:58+00:00,P1,doi:10.1542/peds.2020-1174,broken-link,DOI 10.1542/peds.2020-1174 citation issue (broken-link) — https://doi.org/10.1542/peds.2020-1174,https://doi.org/10.1542/peds.2020-1174,00_START_HERE/notebooklm_upload_2026-07-01/14_OFFICE_EXTRACTS_EVIDENCE_AND_FACULTY.md,new
2026-07-06T08:51:59+00:00,P1,doi:10.1542/peds.2021-051486,broken-link,DOI 10.1542/peds.2021-051486 citation issue (broken-link) — https://doi.org/10.1542/peds.2021-051486,https://doi.org/10.1542/peds.2021-051486,00_START_HERE/notebooklm_upload_2026-07-01/14_OFFICE_EXTRACTS_EVIDENCE_AND_FACULTY.md; 00_START_HERE/notebooklm_upload_2026-07-01/14_OFFICE_EXTRACTS_EVIDENCE_AND_FACULTY.md; 00_START_HERE/notebooklm_upload_2026-07-01/14_OFFICE_EXTRACTS_EVIDENCE_AND_FACULTY.md,new
2026-07-06T08:52:00+00:00,P1,doi:10.1542/peds.2022-057267K,broken-link,DOI 10.1542/peds.2022-057267K citation issue (broken-link) — https://doi.org/10.1542/peds.2022-057267K,https://doi.org/10.1542/peds.2022-057267K,00_START_HERE/notebooklm_upload_2026-07-01/14_OFFICE_EXTRACTS_EVIDENCE_AND_FACULTY.md,new
2026-07-06T08:52:01+00:00,P1,doi:10.1542/peds.2022-059674,broken-link,DOI 10.1542/peds.2022-059674 citation issue (broken-link) — https://doi.org/10.1542/peds.2022-059674,https://doi.org/10.1542/peds.2022-059674,00_START_HERE/notebooklm_upload_2026-07-01/14_OFFICE_EXTRACTS_EVIDENCE_AND_FACULTY.md,new
2026-07-06T08:52:02+00:00,P1,doi:10.1542/peds.2022-060071,broken-link,DOI 10.1542/peds.2022-060071 citation issue (broken-link) — https://doi.org/10.1542/peds.2022-060071,https://doi.org/10.1542/peds.2022-060071,00_START_HERE/notebooklm_upload_2026-07-01/14_OFFICE_EXTRACTS_EVIDENCE_AND_FACULTY.md,new
2026-07-06T08:52:03+00:00,P1,doi:10.1542/peds.2022-060646,broken-link,DOI 10.1542/peds.2022-060646 citation issue (broken-link) — https://doi.org/10.1542/peds.2022-060646,https://doi.org/10.1542/peds.2022-060646,00_START_HERE/notebooklm_upload_2026-07-01/14_OFFICE_EXTRACTS_EVIDENCE_AND_FACULTY.md,new
2026-07-06T08:52:04+00:00,P1,doi:10.1542/peds.2023-063256,broken-link,DOI 10.1542/peds.2023-063256 citation issue (broken-link) — https://doi.org/10.1542/peds.2023-063256,https://doi.org/10.1542/peds.2023-063256,00_START_HERE/notebooklm_upload_2026-07-01/14_OFFICE_EXTRACTS_EVIDENCE_AND_FACULTY.md; 00_START_HERE/notebooklm_upload_2026-07-01/14_OFFICE_EXTRACTS_EVIDENCE_AND_FACULTY.md,new
2026-07-06T08:52:05+00:00,P1,doi:10.1542/peds.2023-063262,broken-link,DOI 10.1542/peds.2023-063262 citation issue (broken-link) — https://doi.org/10.1542/peds.2023-063262,https://doi.org/10.1542/peds.2023-063262,00_START_HERE/notebooklm_upload_2026-07-01/14_OFFICE_EXTRACTS_EVIDENCE_AND_FACULTY.md,new
2026-07-06T08:52:05+00:00,P1,doi:10.1542/peds.2023-064800,broken-link,DOI 10.1542/peds.2023-064800 citation issue (broken-link) — https://doi.org/10.1542/peds.2023-064800,https://doi.org/10.1542/peds.2023-064800,00_START_HERE/notebooklm_upload_2026-07-01/14_OFFICE_EXTRACTS_EVIDENCE_AND_FACULTY.md; 00_START_HERE/notebooklm_upload_2026-07-01/14_OFFICE_EXTRACTS_EVIDENCE_AND_FACULTY.md; 00_START_HERE/notebooklm_upload_2026-07-01/14_OFFICE_EXTRACTS_EVIDENCE_AND_FACULTY.md; 00_START_HERE/notebooklm_upload_2026-07-01/14_OFFICE_EXTRACTS_EVIDENCE_AND_FACULTY.md; 00_START_HERE/notebooklm_upload_2026-07-01/14_OFFICE_EXTRACTS_EVIDENCE_AND_FACULTY.md,new
2026-07-06T08:52:06+00:00,P1,doi:10.1542/peds.2024-066327,broken-link,DOI 10.1542/peds.2024-066327 citation issue (broken-link) — https://doi.org/10.1542/peds.2024-066327,https://doi.org/10.1542/peds.2024-066327,00_START_HERE/notebooklm_upload_2026-07-01/14_OFFICE_EXTRACTS_EVIDENCE_AND_FACULTY.md,new
2026-07-06T08:52:07+00:00,P1,doi:10.1542/peds.2024-070304,broken-link,DOI 10.1542/peds.2024-070304 citation issue (broken-link) — https://doi.org/10.1542/peds.2024-070304,https://doi.org/10.1542/peds.2024-070304,00_START_HERE/notebooklm_upload_2026-07-01/14_OFFICE_EXTRACTS_EVIDENCE_AND_FACULTY.md; 00_START_HERE/notebooklm_upload_2026-07-01/14_OFFICE_EXTRACTS_EVIDENCE_AND_FACULTY.md,new
2026-07-06T08:52:08+00:00,P1,doi:10.1542/peds.2025-070849,broken-link,DOI 10.1542/peds.2025-070849 citation issue (broken-link) — https://doi.org/10.1542/peds.2025-070849,https://doi.org/10.1542/peds.2025-070849,00_START_HERE/notebooklm_upload_2026-07-01/14_OFFICE_EXTRACTS_EVIDENCE_AND_FACULTY.md,new
2026-07-06T08:52:09+00:00,P1,doi:10.1542/peds.2026-076622,broken-link,DOI 10.1542/peds.2026-076622 citation issue (broken-link) — https://doi.org/10.1542/peds.2026-076622,https://doi.org/10.1542/peds.2026-076622,00_START_HERE/notebooklm_upload_2026-07-01/14_OFFICE_EXTRACTS_EVIDENCE_AND_FACULTY.md,new
2026-07-06T08:52:12+00:00,P1,doi:10.15766/mep_2374-8265.10040,broken-link,DOI 10.15766/mep_2374-8265.10040 citation issue (broken-link) — https://doi.org/10.15766/mep_2374-8265.10040,https://doi.org/10.15766/mep_2374-8265.10040,00_START_HERE/notebooklm_upload_2026-07-01/13_OFFICE_EXTRACTS_CORE_TEACHING.md,new
2026-07-06T08:52:13+00:00,P1,doi:10.15766/mep_2374-8265.10068,broken-link,DOI 10.15766/mep_2374-8265.10068 citation issue (broken-link) — https://doi.org/10.15766/mep_2374-8265.10068,https://doi.org/10.15766/mep_2374-8265.10068,00_START_HERE/notebooklm_upload_2026-07-01/13_OFFICE_EXTRACTS_CORE_TEACHING.md,new
2026-07-06T08:52:14+00:00,P1,doi:10.15766/mep_2374-8265.10189,broken-link,DOI 10.15766/mep_2374-8265.10189 citation issue (broken-link) — https://doi.org/10.15766/mep_2374-8265.10189,https://doi.org/10.15766/mep_2374-8265.10189,00_START_HERE/notebooklm_upload_2026-07-01/13_OFFICE_EXTRACTS_CORE_TEACHING.md,new
2026-07-06T08:52:15+00:00,P1,doi:10.15766/mep_2374-8265.10300,broken-link,DOI 10.15766/mep_2374-8265.10300 citation issue (broken-link) — https://doi.org/10.15766/mep_2374-8265.10300,https://doi.org/10.15766/mep_2374-8265.10300,00_START_HERE/notebooklm_upload_2026-07-01/13_OFFICE_EXTRACTS_CORE_TEACHING.md,new
2026-07-06T08:52:15+00:00,P1,doi:10.15766/mep_2374-8265.10422,broken-link,DOI 10.15766/mep_2374-8265.10422 citation issue (broken-link) — https://doi.org/10.15766/mep_2374-8265.10422,https://doi.org/10.15766/mep_2374-8265.10422,00_START_HERE/notebooklm_upload_2026-07-01/13_OFFICE_EXTRACTS_CORE_TEACHING.md,new
2026-07-06T08:52:16+00:00,P1,doi:10.15766/mep_2374-8265.10449,broken-link,DOI 10.15766/mep_2374-8265.10449 citation issue (broken-link) — https://doi.org/10.15766/mep_2374-8265.10449,https://doi.org/10.15766/mep_2374-8265.10449,00_START_HERE/notebooklm_upload_2026-07-01/13_OFFICE_EXTRACTS_CORE_TEACHING.md,new
2026-07-06T08:52:17+00:00,P1,doi:10.15766/mep_2374-8265.10518,broken-link,DOI 10.15766/mep_2374-8265.10518 citation issue (broken-link) — https://doi.org/10.15766/mep_2374-8265.10518,https://doi.org/10.15766/mep_2374-8265.10518,00_START_HERE/notebooklm_upload_2026-07-01/13_OFFICE_EXTRACTS_CORE_TEACHING.md,new
2026-07-06T08:52:18+00:00,P1,doi:10.15766/mep_2374-8265.10536,broken-link,DOI 10.15766/mep_2374-8265.10536 citation issue (broken-link) — https://doi.org/10.15766/mep_2374-8265.10536,https://doi.org/10.15766/mep_2374-8265.10536,00_START_HERE/notebooklm_upload_2026-07-01/13_OFFICE_EXTRACTS_CORE_TEACHING.md,new
2026-07-06T08:52:19+00:00,P1,doi:10.15766/mep_2374-8265.10551,broken-link,DOI 10.15766/mep_2374-8265.10551 citation issue (broken-link) — https://doi.org/10.15766/mep_2374-8265.10551,https://doi.org/10.15766/mep_2374-8265.10551,00_START_HERE/notebooklm_upload_2026-07-01/13_OFFICE_EXTRACTS_CORE_TEACHING.md,new
2026-07-06T08:52:20+00:00,P1,doi:10.15766/mep_2374-8265.10597,broken-link,DOI 10.15766/mep_2374-8265.10597 citation issue (broken-link) — https://doi.org/10.15766/mep_2374-8265.10597,https://doi.org/10.15766/mep_2374-8265.10597,00_START_HERE/notebooklm_upload_2026-07-01/13_OFFICE_EXTRACTS_CORE_TEACHING.md,new
2026-07-06T08:52:21+00:00,P1,doi:10.15766/mep_2374-8265.10615,broken-link,DOI 10.15766/mep_2374-8265.10615 citation issue (broken-link) — https://doi.org/10.15766/mep_2374-8265.10615,https://doi.org/10.15766/mep_2374-8265.10615,00_START_HERE/notebooklm_upload_2026-07-01/13_OFFICE_EXTRACTS_CORE_TEACHING.md,new
2026-07-06T08:52:21+00:00,P1,doi:10.15766/mep_2374-8265.10634,broken-link,DOI 10.15766/mep_2374-8265.10634 citation issue (broken-link) — https://doi.org/10.15766/mep_2374-8265.10634,https://doi.org/10.15766/mep_2374-8265.10634,00_START_HERE/notebooklm_upload_2026-07-01/13_OFFICE_EXTRACTS_CORE_TEACHING.md,new
2026-07-06T08:52:22+00:00,P1,doi:10.15766/mep_2374-8265.10772,broken-link,DOI 10.15766/mep_2374-8265.10772 citation issue (broken-link) — https://doi.org/10.15766/mep_2374-8265.10772,https://doi.org/10.15766/mep_2374-8265.10772,00_START_HERE/notebooklm_upload_2026-07-01/13_OFFICE_EXTRACTS_CORE_TEACHING.md,new
2026-07-06T08:52:23+00:00,P1,doi:10.15766/mep_2374-8265.10781,broken-link,DOI 10.15766/mep_2374-8265.10781 citation issue (broken-link) — https://doi.org/10.15766/mep_2374-8265.10781,https://doi.org/10.15766/mep_2374-8265.10781,00_START_HERE/notebooklm_upload_2026-07-01/13_OFFICE_EXTRACTS_CORE_TEACHING.md; 00_START_HERE/notebooklm_upload_2026-07-01/13_OFFICE_EXTRACTS_CORE_TEACHING.md,new
2026-07-06T08:52:24+00:00,P1,doi:10.15766/mep_2374-8265.10828,broken-link,DOI 10.15766/mep_2374-8265.10828 citation issue (broken-link) — https://doi.org/10.15766/mep_2374-8265.10828,https://doi.org/10.15766/mep_2374-8265.10828,00_START_HERE/notebooklm_upload_2026-07-01/13_OFFICE_EXTRACTS_CORE_TEACHING.md; 00_START_HERE/notebooklm_upload_2026-07-01/13_OFFICE_EXTRACTS_CORE_TEACHING.md,new
2026-07-06T08:52:25+00:00,P1,doi:10.15766/mep_2374-8265.10861,broken-link,DOI 10.15766/mep_2374-8265.10861 citation issue (broken-link) — https://doi.org/10.15766/mep_2374-8265.10861,https://doi.org/10.15766/mep_2374-8265.10861,00_START_HERE/notebooklm_upload_2026-07-01/13_OFFICE_EXTRACTS_CORE_TEACHING.md,new
2026-07-06T08:52:25+00:00,P1,doi:10.15766/mep_2374-8265.10915,broken-link,DOI 10.15766/mep_2374-8265.10915 citation issue (broken-link) — https://doi.org/10.15766/mep_2374-8265.10915,https://doi.org/10.15766/mep_2374-8265.10915,00_START_HERE/notebooklm_upload_2026-07-01/13_OFFICE_EXTRACTS_CORE_TEACHING.md,new
2026-07-06T08:52:26+00:00,P1,doi:10.15766/mep_2374-8265.10970,broken-link,DOI 10.15766/mep_2374-8265.10970 citation issue (broken-link) — https://doi.org/10.15766/mep_2374-8265.10970,https://doi.org/10.15766/mep_2374-8265.10970,00_START_HERE/notebooklm_upload_2026-07-01/13_OFFICE_EXTRACTS_CORE_TEACHING.md,new
2026-07-06T08:52:27+00:00,P1,doi:10.15766/mep_2374-8265.11013,broken-link,DOI 10.15766/mep_2374-8265.11013 citation issue (broken-link) — https://doi.org/10.15766/mep_2374-8265.11013,https://doi.org/10.15766/mep_2374-8265.11013,00_START_HERE/notebooklm_upload_2026-07-01/13_OFFICE_EXTRACTS_CORE_TEACHING.md,new
2026-07-06T08:52:28+00:00,P1,doi:10.15766/mep_2374-8265.11072,broken-link,DOI 10.15766/mep_2374-8265.11072 citation issue (broken-link) — https://doi.org/10.15766/mep_2374-8265.11072,https://doi.org/10.15766/mep_2374-8265.11072,00_START_HERE/notebooklm_upload_2026-07-01/13_OFFICE_EXTRACTS_CORE_TEACHING.md,new
2026-07-06T08:52:29+00:00,P1,doi:10.15766/mep_2374-8265.11105,broken-link,DOI 10.15766/mep_2374-8265.11105 citation issue (broken-link) — https://doi.org/10.15766/mep_2374-8265.11105,https://doi.org/10.15766/mep_2374-8265.11105,00_START_HERE/notebooklm_upload_2026-07-01/13_OFFICE_EXTRACTS_CORE_TEACHING.md,new
2026-07-06T08:52:30+00:00,P1,doi:10.15766/mep_2374-8265.11137,broken-link,DOI 10.15766/mep_2374-8265.11137 citation issue (broken-link) — https://doi.org/10.15766/mep_2374-8265.11137,https://doi.org/10.15766/mep_2374-8265.11137,00_START_HERE/notebooklm_upload_2026-07-01/13_OFFICE_EXTRACTS_CORE_TEACHING.md,new
2026-07-06T08:52:30+00:00,P1,doi:10.15766/mep_2374-8265.11145,broken-link,DOI 10.15766/mep_2374-8265.11145 citation issue (broken-link) — https://doi.org/10.15766/mep_2374-8265.11145,https://doi.org/10.15766/mep_2374-8265.11145,00_START_HERE/notebooklm_upload_2026-07-01/13_OFFICE_EXTRACTS_CORE_TEACHING.md,new
2026-07-06T08:52:31+00:00,P1,doi:10.15766/mep_2374-8265.9218,broken-link,DOI 10.15766/mep_2374-8265.9218 citation issue (broken-link) — https://doi.org/10.15766/mep_2374-8265.9218,https://doi.org/10.15766/mep_2374-8265.9218,00_START_HERE/notebooklm_upload_2026-07-01/13_OFFICE_EXTRACTS_CORE_TEACHING.md,new
2026-07-06T08:52:32+00:00,P1,doi:10.15766/mep_2374-8265.9342,broken-link,DOI 10.15766/mep_2374-8265.9342 citation issue (broken-link) — https://doi.org/10.15766/mep_2374-8265.9342,https://doi.org/10.15766/mep_2374-8265.9342,00_START_HERE/notebooklm_upload_2026-07-01/13_OFFICE_EXTRACTS_CORE_TEACHING.md,new
2026-07-06T08:52:33+00:00,P1,doi:10.15766/mep_2374-8265.9349,broken-link,DOI 10.15766/mep_2374-8265.9349 citation issue (broken-link) — https://doi.org/10.15766/mep_2374-8265.9349,https://doi.org/10.15766/mep_2374-8265.9349,00_START_HERE/notebooklm_upload_2026-07-01/13_OFFICE_EXTRACTS_CORE_TEACHING.md,new
2026-07-06T08:52:34+00:00,P1,doi:10.15766/mep_2374-8265.9542,broken-link,DOI 10.15766/mep_2374-8265.9542 citation issue (broken-link) — https://doi.org/10.15766/mep_2374-8265.9542,https://doi.org/10.15766/mep_2374-8265.9542,00_START_HERE/notebooklm_upload_2026-07-01/13_OFFICE_EXTRACTS_CORE_TEACHING.md,new
2026-07-06T08:52:35+00:00,P1,doi:10.15766/mep_2374-8265.9759,broken-link,DOI 10.15766/mep_2374-8265.9759 citation issue (broken-link) — https://doi.org/10.15766/mep_2374-8265.9759,https://doi.org/10.15766/mep_2374-8265.9759,00_START_HERE/notebooklm_upload_2026-07-01/13_OFFICE_EXTRACTS_CORE_TEACHING.md,new
2026-07-06T08:52:35+00:00,P1,doi:10.15766/mep_2374-8265.9856,broken-link,DOI 10.15766/mep_2374-8265.9856 citation issue (broken-link) — https://doi.org/10.15766/mep_2374-8265.9856,https://doi.org/10.15766/mep_2374-8265.9856,00_START_HERE/notebooklm_upload_2026-07-01/13_OFFICE_EXTRACTS_CORE_TEACHING.md,new
2026-07-06T08:52:36+00:00,P1,doi:10.15766/mep_2374-8265.9876,broken-link,DOI 10.15766/mep_2374-8265.9876 citation issue (broken-link) — https://doi.org/10.15766/mep_2374-8265.9876,https://doi.org/10.15766/mep_2374-8265.9876,00_START_HERE/notebooklm_upload_2026-07-01/13_OFFICE_EXTRACTS_CORE_TEACHING.md,new
2026-07-06T08:52:37+00:00,P1,doi:10.1586/14737175.2013.738089,broken-link,DOI 10.1586/14737175.2013.738089 citation issue (broken-link) — https://doi.org/10.1586/14737175.2013.738089,https://doi.org/10.1586/14737175.2013.738089,00_START_HERE/notebooklm_upload_2026-07-01/08_CASES_OSCE_SHELF_EXAM.md; 08_Cases_and_Simulation/_source/DOI_RESOLUTION_REPORT.md,new
2026-07-06T08:52:38+00:00,P1,doi:10.1586/14737175.2016.1126181,broken-link,DOI 10.1586/14737175.2016.1126181 citation issue (broken-link) — https://doi.org/10.1586/14737175.2016.1126181,https://doi.org/10.1586/14737175.2016.1126181,00_START_HERE/notebooklm_upload_2026-07-01/08_CASES_OSCE_SHELF_EXAM.md; 08_Cases_and_Simulation/_source/DOI_RESOLUTION_REPORT.md,new
2026-07-06T08:52:39+00:00,P1,doi:10.1681/ASN.2018101032,broken-link,DOI 10.1681/ASN.2018101032 citation issue (broken-link) — https://doi.org/10.1681/ASN.2018101032,https://doi.org/10.1681/ASN.2018101032,00_START_HERE/notebooklm_upload_2026-07-01/14_OFFICE_EXTRACTS_EVIDENCE_AND_FACULTY.md,new
2026-07-06T08:52:49+00:00,P1,doi:10.2174/1389200023338017,broken-link,DOI 10.2174/1389200023338017 citation issue (broken-link) — https://doi.org/10.2174/1389200023338017,https://doi.org/10.2174/1389200023338017,00_START_HERE/notebooklm_upload_2026-07-01/14_OFFICE_EXTRACTS_EVIDENCE_AND_FACULTY.md,new
2026-07-06T08:52:50+00:00,P1,doi:10.2337/diacare.27.2.596,broken-link,DOI 10.2337/diacare.27.2.596 citation issue (broken-link) — https://doi.org/10.2337/diacare.27.2.596,https://doi.org/10.2337/diacare.27.2.596,00_START_HERE/notebooklm_upload_2026-07-01/07_EVIDENCE_LANDMARKS_ROUNDS.md; 07_Evidence_and_Reading/Landmark_Trials/LM_crosswalk.md,new
2026-07-06T08:52:51+00:00,P1,doi:10.3109/15622975.2015.1132007,broken-link,DOI 10.3109/15622975.2015.1132007 citation issue (broken-link) — https://doi.org/10.3109/15622975.2015.1132007,https://doi.org/10.3109/15622975.2015.1132007,00_START_HERE/notebooklm_upload_2026-07-01/07_EVIDENCE_LANDMARKS_ROUNDS.md; 00_START_HERE/notebooklm_upload_2026-07-01/14_OFFICE_EXTRACTS_EVIDENCE_AND_FACULTY.md; 07_Evidence_and_Reading/Inpatient_Evidence/evidence_inpatient.md,new
2026-07-06T08:52:52+00:00,P1,doi:10.3233/JAD-215082,broken-link,DOI 10.3233/JAD-215082 citation issue (broken-link) — https://doi.org/10.3233/JAD-215082,https://doi.org/10.3233/JAD-215082,00_START_HERE/notebooklm_upload_2026-07-01/14_OFFICE_EXTRACTS_EVIDENCE_AND_FACULTY.md,new
2026-07-06T08:53:02+00:00,P1,doi:10.3389/fmed.2024.1358529/full,broken-link,DOI 10.3389/fmed.2024.1358529/full citation issue (broken-link) — https://doi.org/10.3389/fmed.2024.1358529/full,https://doi.org/10.3389/fmed.2024.1358529/full,00_START_HERE/notebooklm_upload_2026-07-01/03_CORE_TOPICS.md; 00_START_HERE/notebooklm_upload_2026-07-01/03_CORE_TOPICS.md; 03_Core_Topics/OMM_Resources/omm_in_psychiatry_resources.md; 03_Core_Topics/OMM_Resources/omm_in_psychiatry_resources.md,new
2026-07-06T08:54:00+00:00,P1,doi:10.3390/biom14091128,broken-link,DOI 10.3390/biom14091128 citation issue (broken-link) — https://doi.org/10.3390/biom14091128,https://doi.org/10.3390/biom14091128,00_START_HERE/notebooklm_upload_2026-07-01/10_TRACKS_AND_AUDIENCE_OVERLAYS.md; 00_START_HERE/notebooklm_upload_2026-07-01/14_OFFICE_EXTRACTS_EVIDENCE_AND_FACULTY.md; 14_Tracks/Resident/canon_200.md,new
2026-07-06T08:54:00+00:00,P1,doi:10.3390/ijerph18168429,broken-link,DOI 10.3390/ijerph18168429 citation issue (broken-link) — https://doi.org/10.3390/ijerph18168429,https://doi.org/10.3390/ijerph18168429,00_START_HERE/notebooklm_upload_2026-07-01/13_OFFICE_EXTRACTS_CORE_TEACHING.md; 00_START_HERE/notebooklm_upload_2026-07-01/13_OFFICE_EXTRACTS_CORE_TEACHING.md,new
2026-07-06T08:54:01+00:00,P1,doi:10.3390/ijerph19159717,broken-link,DOI 10.3390/ijerph19159717 citation issue (broken-link) — https://doi.org/10.3390/ijerph19159717,https://doi.org/10.3390/ijerph19159717,00_START_HERE/notebooklm_upload_2026-07-01/14_OFFICE_EXTRACTS_EVIDENCE_AND_FACULTY.md,new
2026-07-06T08:54:02+00:00,P1,doi:10.3390/jcm11143979,broken-link,DOI 10.3390/jcm11143979 citation issue (broken-link) — https://doi.org/10.3390/jcm11143979,https://doi.org/10.3390/jcm11143979,00_START_HERE/notebooklm_upload_2026-07-01/14_OFFICE_EXTRACTS_EVIDENCE_AND_FACULTY.md,new
2026-07-06T08:54:03+00:00,P1,doi:10.3390/jcm14020339,broken-link,DOI 10.3390/jcm14020339 citation issue (broken-link) — https://doi.org/10.3390/jcm14020339,https://doi.org/10.3390/jcm14020339,00_START_HERE/notebooklm_upload_2026-07-01/14_OFFICE_EXTRACTS_EVIDENCE_AND_FACULTY.md,new
2026-07-06T08:54:04+00:00,P1,doi:10.3390/jcm9082406,broken-link,DOI 10.3390/jcm9082406 citation issue (broken-link) — https://doi.org/10.3390/jcm9082406,https://doi.org/10.3390/jcm9082406,00_START_HERE/notebooklm_upload_2026-07-01/08_CASES_OSCE_SHELF_EXAM.md; 08_Cases_and_Simulation/_source/DOI_RESOLUTION_REPORT.md,new
2026-07-06T08:54:40+00:00,P1,doi:10.4088/JCP.15m10222,broken-link,DOI 10.4088/JCP.15m10222 citation issue (broken-link) — https://doi.org/10.4088/JCP.15m10222,https://doi.org/10.4088/JCP.15m10222,00_START_HERE/notebooklm_upload_2026-07-01/08_CASES_OSCE_SHELF_EXAM.md; 08_Cases_and_Simulation/_source/DOI_RESOLUTION_REPORT.md,new
2026-07-06T08:55:07+00:00,P1,doi:10.5811/westjem.2011.9.6864,broken-link,DOI 10.5811/westjem.2011.9.6864 citation issue (broken-link) — https://doi.org/10.5811/westjem.2011.9.6864,https://doi.org/10.5811/westjem.2011.9.6864,00_START_HERE/notebooklm_upload_2026-07-01/07_EVIDENCE_LANDMARKS_ROUNDS.md; 00_START_HERE/notebooklm_upload_2026-07-01/14_OFFICE_EXTRACTS_EVIDENCE_AND_FACULTY.md; 00_START_HERE/notebooklm_upload_2026-07-01/14_OFFICE_EXTRACTS_EVIDENCE_AND_FACULTY.md; 07_Evidence_and_Reading/Inpatient_Evidence/evidence_inpatient.md; _prototypes/agitation-trainer/agitation-trainer.preview.html; _prototypes/agitation-trainer/rp-agitation.preview.html,new
2026-07-06T08:55:08+00:00,P1,doi:10.5811/westjem.2011.9.6866,broken-link,DOI 10.5811/westjem.2011.9.6866 citation issue (broken-link) — https://doi.org/10.5811/westjem.2011.9.6866,https://doi.org/10.5811/westjem.2011.9.6866,00_START_HERE/notebooklm_upload_2026-07-01/14_OFFICE_EXTRACTS_EVIDENCE_AND_FACULTY.md,new
2026-07-06T08:55:09+00:00,P1,doi:10.5811/westjem.2019.1.41344,broken-link,DOI 10.5811/westjem.2019.1.41344 citation issue (broken-link) — https://doi.org/10.5811/westjem.2019.1.41344,https://doi.org/10.5811/westjem.2019.1.41344,00_START_HERE/notebooklm_upload_2026-07-01/14_OFFICE_EXTRACTS_EVIDENCE_AND_FACULTY.md,new
2026-07-06T08:55:10+00:00,P1,doi:10.7326/0003-4819-113-12-941,broken-link,DOI 10.7326/0003-4819-113-12-941 citation issue (broken-link) — https://doi.org/10.7326/0003-4819-113-12-941,https://doi.org/10.7326/0003-4819-113-12-941,00_START_HERE/notebooklm_upload_2026-07-01/07_EVIDENCE_LANDMARKS_ROUNDS.md; 07_Evidence_and_Reading/Landmark_Trials/LM_crosswalk.md,new
2026-07-06T08:55:11+00:00,P1,doi:10.7326/M15-2175,broken-link,DOI 10.7326/M15-2175 citation issue (broken-link) — https://doi.org/10.7326/M15-2175,https://doi.org/10.7326/M15-2175,00_START_HERE/notebooklm_upload_2026-07-01/14_OFFICE_EXTRACTS_EVIDENCE_AND_FACULTY.md,new
2026-07-06T08:55:12+00:00,P1,doi:10.7326/M19-0687,broken-link,DOI 10.7326/M19-0687 citation issue (broken-link) — https://doi.org/10.7326/M19-0687,https://doi.org/10.7326/M19-0687,00_START_HERE/notebooklm_upload_2026-07-01/14_OFFICE_EXTRACTS_EVIDENCE_AND_FACULTY.md; 00_START_HERE/notebooklm_upload_2026-07-01/14_OFFICE_EXTRACTS_EVIDENCE_AND_FACULTY.md; 00_START_HERE/notebooklm_upload_2026-07-01/14_OFFICE_EXTRACTS_EVIDENCE_AND_FACULTY.md; 00_START_HERE/notebooklm_upload_2026-07-01/14_OFFICE_EXTRACTS_EVIDENCE_AND_FACULTY.md; 00_START_HERE/notebooklm_upload_2026-07-01/14_OFFICE_EXTRACTS_EVIDENCE_AND_FACULTY.md; 00_START_HERE/notebooklm_upload_2026-07-01/14_OFFICE_EXTRACTS_EVIDENCE_AND_FACULTY.md,new
2026-07-06T08:55:13+00:00,P1,doi:10.7326/M19-1860,broken-link,DOI 10.7326/M19-1860 citation issue (broken-link) — https://doi.org/10.7326/M19-1860,https://doi.org/10.7326/M19-1860,00_START_HERE/notebooklm_upload_2026-07-01/14_OFFICE_EXTRACTS_EVIDENCE_AND_FACULTY.md,new
2026-07-06T08:55:13+00:00,P1,doi:10.7326/M19-3575,broken-link,DOI 10.7326/M19-3575 citation issue (broken-link) — https://doi.org/10.7326/M19-3575,https://doi.org/10.7326/M19-3575,00_START_HERE/notebooklm_upload_2026-07-01/14_OFFICE_EXTRACTS_EVIDENCE_AND_FACULTY.md,new
2026-07-06T08:55:14+00:00,P1,doi:10.7326/M21-4011,broken-link,DOI 10.7326/M21-4011 citation issue (broken-link) — https://doi.org/10.7326/M21-4011,https://doi.org/10.7326/M21-4011,00_START_HERE/notebooklm_upload_2026-07-01/14_OFFICE_EXTRACTS_EVIDENCE_AND_FACULTY.md; 00_START_HERE/notebooklm_upload_2026-07-01/14_OFFICE_EXTRACTS_EVIDENCE_AND_FACULTY.md; 00_START_HERE/notebooklm_upload_2026-07-01/14_OFFICE_EXTRACTS_EVIDENCE_AND_FACULTY.md; 00_START_HERE/notebooklm_upload_2026-07-01/14_OFFICE_EXTRACTS_EVIDENCE_AND_FACULTY.md,new
2026-07-06T08:55:15+00:00,P1,doi:10.7326/M22-1603,broken-link,DOI 10.7326/M22-1603 citation issue (broken-link) — https://doi.org/10.7326/M22-1603,https://doi.org/10.7326/M22-1603,00_START_HERE/notebooklm_upload_2026-07-01/14_OFFICE_EXTRACTS_EVIDENCE_AND_FACULTY.md; 00_START_HERE/notebooklm_upload_2026-07-01/14_OFFICE_EXTRACTS_EVIDENCE_AND_FACULTY.md,new
2026-07-06T08:55:16+00:00,P1,doi:10.7326/M23-2757,broken-link,DOI 10.7326/M23-2757 citation issue (broken-link) — https://doi.org/10.7326/M23-2757,https://doi.org/10.7326/M23-2757,00_START_HERE/notebooklm_upload_2026-07-01/10_TRACKS_AND_AUDIENCE_OVERLAYS.md; 00_START_HERE/notebooklm_upload_2026-07-01/14_OFFICE_EXTRACTS_EVIDENCE_AND_FACULTY.md; 00_START_HERE/notebooklm_upload_2026-07-01/14_OFFICE_EXTRACTS_EVIDENCE_AND_FACULTY.md; 14_Tracks/Resident/canon_200.md,new
2026-07-06T08:55:18+00:00,P1,doi:10.7759/cureus.17425,broken-link,DOI 10.7759/cureus.17425 citation issue (broken-link) — https://doi.org/10.7759/cureus.17425,https://doi.org/10.7759/cureus.17425,00_START_HERE/notebooklm_upload_2026-07-01/13_OFFICE_EXTRACTS_CORE_TEACHING.md,new
